{"authorDailyContributionsMap":{"syamfarh":[{"date":"2023-08-20","commitResults":[{"hash":"c6845c97b9de4701fb81d5622d8b1c88b3c0aadb","isMergeCommit":false,"messageTitle":"First commit add name, greeting and exit","messageBody":"","tags":["Level-0"],"fileTypesAndContributionMap":{"java":{"insertions":17,"deletions":6}}},{"hash":"036dcdc58385371c27f83dcacd0b9c668cb14139","isMergeCommit":false,"messageTitle":"Added Echo function to Duke","messageBody":"","tags":["Level-1"],"fileTypesAndContributionMap":{"java":{"insertions":34,"deletions":2}}},{"hash":"1edd96aa8e3ed595b7d6c3026eba92262d52f6eb","isMergeCommit":false,"messageTitle":"Added ability to store user input","messageBody":"","tags":["Level-2"],"fileTypesAndContributionMap":{"java":{"insertions":42,"deletions":7}}},{"hash":"ff03d747b5c0edcd802f5c38654fb55eff426de3","isMergeCommit":false,"messageTitle":"added Task class. added ability to mark task as done/undone.","messageBody":"","tags":["Level-3"],"fileTypesAndContributionMap":{"java":{"insertions":62,"deletions":6}}},{"hash":"9d03faaab1b7b090871db9f1d4c664e10179da46","isMergeCommit":false,"messageTitle":"added ToDos, Events, Deadlines","messageBody":"","tags":["Level-4"],"fileTypesAndContributionMap":{"java":{"insertions":80,"deletions":5}}},{"hash":"1b3c67d6b706f5ced63aa238a60a07846b163a88","isMergeCommit":false,"messageTitle":"added automated text ui Testing.","messageBody":"","tags":["A-TextUiTesting"],"fileTypesAndContributionMap":{"txt":{"insertions":11,"deletions":0}}},{"hash":"5e931e91e612a090e3e167148700f60ef7d0c6cf","isMergeCommit":false,"messageTitle":"added error handling for todo, deadline, event, invalid input","messageBody":"","tags":["Level-5"],"fileTypesAndContributionMap":{"java":{"insertions":56,"deletions":22}}},{"hash":"95a6099fc7adf3a2fb386994c6737c987004e541","isMergeCommit":false,"messageTitle":"added delete function from list.","messageBody":"","tags":["Level-6"],"fileTypesAndContributionMap":{"java":{"insertions":13,"deletions":0}}}]},{"date":"2023-08-26","commitResults":[{"hash":"26f763f81e0bffd0f4e834b91148067a601675f3","isMergeCommit":false,"messageTitle":"Add method to read task from file","messageBody":"","fileTypesAndContributionMap":{"java":{"insertions":44,"deletions":0}}}]},{"date":"2023-08-27","commitResults":[{"hash":"1345627c550ecd9a2bbe726b5201b076f7b817bc","isMergeCommit":false,"messageTitle":"Add method to save tasks to file","messageBody":"","fileTypesAndContributionMap":{"java":{"insertions":44,"deletions":4}}},{"hash":"0364d7646bb3eae77e766cb9de00a1eadbac29e4","isMergeCommit":false,"messageTitle":"Add JavaDoc to fileFormat method","messageBody":"","fileTypesAndContributionMap":{"java":{"insertions":6,"deletions":0}}},{"hash":"a59e0f10030e3450bdb97c7235c9642f75ec2c8a","isMergeCommit":true,"messageTitle":"Merge branch \u0027branch-Level-7\u0027","messageBody":"","tags":["Level-7"],"fileTypesAndContributionMap":{}},{"hash":"5f4358086724696c43f6d536a12ffb2ba38ab6da","isMergeCommit":false,"messageTitle":"Add Date and Time Recognition.","messageBody":"currently only recognize dateTime format: dd/MM/yyyy HHmm\n","fileTypesAndContributionMap":{"java":{"insertions":86,"deletions":3}}},{"hash":"1581671ae539664b53ed8b51e0ef283fa6cdf2b8","isMergeCommit":true,"messageTitle":"Merge branch \u0027branch-Level-8\u0027","messageBody":"","tags":["Level-8"],"fileTypesAndContributionMap":{}}]},{"date":"2023-08-28","commitResults":[{"hash":"38d09fd88ee87bc8ea66ff19c9d22300ed444df6","isMergeCommit":false,"messageTitle":"Abstract file processing into Storage class","messageBody":"","fileTypesAndContributionMap":{"java":{"insertions":87,"deletions":62}}},{"hash":"6a488b88ee32f453a3e7ff651f31be3feecfb53f","isMergeCommit":false,"messageTitle":"Abstract Arraylist Tasks into a TaskList class","messageBody":"","fileTypesAndContributionMap":{"java":{"insertions":81,"deletions":35}}},{"hash":"b4370f18578ba955d929da6e1483d5578805afa3","isMergeCommit":false,"messageTitle":"Abstract parsing of userInput to Parse class","messageBody":"","fileTypesAndContributionMap":{"java":{"insertions":197,"deletions":188}}}]},{"date":"2023-08-29","commitResults":[{"hash":"0dc625ff5b504c5feec6ca081ca9ecbdb227b74d","isMergeCommit":false,"messageTitle":"Abstract Ui from parser class","messageBody":"","fileTypesAndContributionMap":{"java":{"insertions":150,"deletions":88}}},{"hash":"498a3092ef1aafa43bd7a0aa0cce6b2f67f9322f","isMergeCommit":true,"messageTitle":"Merge branch \u0027branch-A-MoreOOP\u0027","messageBody":"","tags":["A-MoreOOP"],"fileTypesAndContributionMap":{}},{"hash":"10ab3ffb5e31c13705ec4e05a9c637934588df07","isMergeCommit":false,"messageTitle":"Refactor classes into different package","messageBody":"","fileTypesAndContributionMap":{"java":{"insertions":49,"deletions":9},"md":{"insertions":2,"deletions":2}}},{"hash":"1f3a98e35be7607ac1800ed487eb7f20f5e07e67","isMergeCommit":true,"messageTitle":"Merge branch \u0027branch-A-Packages\u0027","messageBody":"","tags":["A-Packages"],"fileTypesAndContributionMap":{}},{"hash":"60e5c838eab1edc68aabbc558c86ada634acdf8a","isMergeCommit":true,"messageTitle":"Merge remote-tracking branch \u0027origin/add-gradle-support\u0027 into branch-A-Gradle","messageBody":"","fileTypesAndContributionMap":{}},{"hash":"3247240cde2c7a942a7febe9550f1846b995755b","isMergeCommit":false,"messageTitle":"Add Gradle support","messageBody":"","fileTypesAndContributionMap":{"gradle":{"insertions":1,"deletions":1},"java":{"insertions":2,"deletions":0}}},{"hash":"976f2d27e1a2d34d17ebb20e6aa5822c63836775","isMergeCommit":true,"messageTitle":"Merge branch \u0027branch-A-Gradle\u0027","messageBody":"","tags":["A-Gradle"],"fileTypesAndContributionMap":{}},{"hash":"82a63f66c682d8b292f2f9a6bfe4ade15cfd2d3c","isMergeCommit":false,"messageTitle":"Add JUnit testing","messageBody":"","fileTypesAndContributionMap":{"gradle":{"insertions":1,"deletions":1},"java":{"insertions":149,"deletions":1}}},{"hash":"039f34ff3067692a16c2e3463b46274aae65e58f","isMergeCommit":true,"messageTitle":"Merge branch \u0027branch-A-JUnit\u0027","messageBody":"","tags":["A-Jar","A-JUnit"],"fileTypesAndContributionMap":{}},{"hash":"ab05b1aee6b432b9a0437bbd1e00ab8ab799438e","isMergeCommit":false,"messageTitle":"Fix outputList method not outputting DIVIDER lines","messageBody":"","fileTypesAndContributionMap":{"gradle":{"insertions":1,"deletions":0},"java":{"insertions":2,"deletions":1}}},{"hash":"cbd5571c250d32e3da634c57eb4c92def2a9f9d3","isMergeCommit":false,"messageTitle":"Add javaDoc to methods in duke package","messageBody":"","fileTypesAndContributionMap":{"java":{"insertions":124,"deletions":4}}},{"hash":"fba5daeef341d5eda2a786b11d5f189f85ca6440","isMergeCommit":false,"messageTitle":"Fix coding standards to all classes","messageBody":"","fileTypesAndContributionMap":{"gradle":{"insertions":5,"deletions":0},"java":{"insertions":121,"deletions":62}}},{"hash":"f9b340d998396f1d0d2e3f86eac346e1cf021f03","isMergeCommit":false,"messageTitle":"Add find function","messageBody":"","fileTypesAndContributionMap":{"java":{"insertions":35,"deletions":0}}},{"hash":"627c18d96c6efbe73a1e7034157369a25a156dc0","isMergeCommit":true,"messageTitle":"Merge branch \u0027branch-A-JavaDoc\u0027","messageBody":"","tags":["A-JavaDoc"],"fileTypesAndContributionMap":{}},{"hash":"cc0a2f7bd3c1a669228d3e1c69749cd5b25c53c2","isMergeCommit":true,"messageTitle":"fix merge Conflict","messageBody":"","tags":["A-CodingStandard"],"fileTypesAndContributionMap":{}},{"hash":"e7a59d34efe227a07a3aebbc32e1b3114bd4bb32","isMergeCommit":true,"messageTitle":"Merge branch \u0027branch-Level-9\u0027","messageBody":"","tags":["Level-9"],"fileTypesAndContributionMap":{}}]}]},"authorFileTypeContributionMap":{"syamfarh":{"java":981,"md":2,"fxml":0,"sh":0,"bat":0,"gradle":7,"txt":11}},"authorContributionVariance":{"syamfarh":74780.414},"authorDisplayNameMap":{"syamfarh":"CS2103T-W09-1 MUHA..IZAL"}}
