[{"path":"src/main/java/Deadline.java","fileType":"java","lines":[{"lineNumber":1,"author":{"gitId":"limjunxian1"},"content":"/**","lastModifiedDate":"2023-08-22"},{"lineNumber":2,"author":{"gitId":"limjunxian1"},"content":" * This class is a subclass of Task which defines tasks with deadline.","lastModifiedDate":"2023-08-22"},{"lineNumber":3,"author":{"gitId":"limjunxian1"},"content":" */","lastModifiedDate":"2023-08-22"},{"lineNumber":4,"author":{"gitId":"limjunxian1"},"content":"public class Deadline extends Task {","lastModifiedDate":"2023-08-22"},{"lineNumber":5,"author":{"gitId":"limjunxian1"},"content":"    /** A String that indicates deadline of task. */","lastModifiedDate":"2023-08-22"},{"lineNumber":6,"author":{"gitId":"limjunxian1"},"content":"    private String by;","lastModifiedDate":"2023-08-22"},{"lineNumber":7,"author":{"gitId":"limjunxian1"},"content":"","lastModifiedDate":"2023-08-22"},{"lineNumber":8,"author":{"gitId":"limjunxian1"},"content":"    /**","lastModifiedDate":"2023-08-22"},{"lineNumber":9,"author":{"gitId":"limjunxian1"},"content":"     * A constructor for tasks with deadline","lastModifiedDate":"2023-08-22"},{"lineNumber":10,"author":{"gitId":"limjunxian1"},"content":"     * @param description Name of task","lastModifiedDate":"2023-08-22"},{"lineNumber":11,"author":{"gitId":"limjunxian1"},"content":"     * @param by Deadline of task to be completed by.","lastModifiedDate":"2023-08-22"},{"lineNumber":12,"author":{"gitId":"limjunxian1"},"content":"     * @throws HelpBuddyException If description or deadline is empty.","lastModifiedDate":"2023-08-23"},{"lineNumber":13,"author":{"gitId":"limjunxian1"},"content":"     */","lastModifiedDate":"2023-08-22"},{"lineNumber":14,"author":{"gitId":"limjunxian1"},"content":"    public Deadline(String description, String by) throws HelpBuddyException {","lastModifiedDate":"2023-08-23"},{"lineNumber":15,"author":{"gitId":"limjunxian1"},"content":"        super(description);","lastModifiedDate":"2023-08-22"},{"lineNumber":16,"author":{"gitId":"limjunxian1"},"content":"        this.by \u003d by;","lastModifiedDate":"2023-08-22"},{"lineNumber":17,"author":{"gitId":"limjunxian1"},"content":"        if (description.isBlank()) {","lastModifiedDate":"2023-08-23"},{"lineNumber":18,"author":{"gitId":"limjunxian1"},"content":"            throw new HelpBuddyException(\"The description of a deadline cannot be empty.\\n\");","lastModifiedDate":"2023-08-23"},{"lineNumber":19,"author":{"gitId":"limjunxian1"},"content":"        } else if (by.isBlank()) {","lastModifiedDate":"2023-08-23"},{"lineNumber":20,"author":{"gitId":"limjunxian1"},"content":"            throw new HelpBuddyException(\"Please enter a deadline.\\n\");","lastModifiedDate":"2023-08-23"},{"lineNumber":21,"author":{"gitId":"limjunxian1"},"content":"        }","lastModifiedDate":"2023-08-23"},{"lineNumber":22,"author":{"gitId":"limjunxian1"},"content":"    }","lastModifiedDate":"2023-08-22"},{"lineNumber":23,"author":{"gitId":"limjunxian1"},"content":"","lastModifiedDate":"2023-08-22"},{"lineNumber":24,"author":{"gitId":"limjunxian1"},"content":"    /**","lastModifiedDate":"2023-08-22"},{"lineNumber":25,"author":{"gitId":"limjunxian1"},"content":"     *","lastModifiedDate":"2023-08-22"},{"lineNumber":26,"author":{"gitId":"limjunxian1"},"content":"     * @return String representation of task with deadline","lastModifiedDate":"2023-08-22"},{"lineNumber":27,"author":{"gitId":"limjunxian1"},"content":"     */","lastModifiedDate":"2023-08-22"},{"lineNumber":28,"author":{"gitId":"limjunxian1"},"content":"    @Override","lastModifiedDate":"2023-08-22"},{"lineNumber":29,"author":{"gitId":"limjunxian1"},"content":"    public String toString() {","lastModifiedDate":"2023-08-22"},{"lineNumber":30,"author":{"gitId":"limjunxian1"},"content":"        return \"[D]\" + super.toString() + \"(by:\" + by + \")\";","lastModifiedDate":"2023-08-22"},{"lineNumber":31,"author":{"gitId":"limjunxian1"},"content":"    }","lastModifiedDate":"2023-08-22"},{"lineNumber":32,"author":{"gitId":"limjunxian1"},"content":"}","lastModifiedDate":"2023-08-22"}],"authorContributionMap":{"limjunxian1":32}},{"path":"src/main/java/Event.java","fileType":"java","lines":[{"lineNumber":1,"author":{"gitId":"limjunxian1"},"content":"/**","lastModifiedDate":"2023-08-22"},{"lineNumber":2,"author":{"gitId":"limjunxian1"},"content":" * This class is a subclass of Task which defines an event task.","lastModifiedDate":"2023-08-22"},{"lineNumber":3,"author":{"gitId":"limjunxian1"},"content":" */","lastModifiedDate":"2023-08-22"},{"lineNumber":4,"author":{"gitId":"limjunxian1"},"content":"public class Event extends Task {","lastModifiedDate":"2023-08-22"},{"lineNumber":5,"author":{"gitId":"limjunxian1"},"content":"    /** A String containing start of event. */","lastModifiedDate":"2023-08-22"},{"lineNumber":6,"author":{"gitId":"limjunxian1"},"content":"    private String from;","lastModifiedDate":"2023-08-22"},{"lineNumber":7,"author":{"gitId":"limjunxian1"},"content":"    /** A String containing end of event. */","lastModifiedDate":"2023-08-22"},{"lineNumber":8,"author":{"gitId":"limjunxian1"},"content":"    private String to;","lastModifiedDate":"2023-08-22"},{"lineNumber":9,"author":{"gitId":"limjunxian1"},"content":"","lastModifiedDate":"2023-08-22"},{"lineNumber":10,"author":{"gitId":"limjunxian1"},"content":"    /**","lastModifiedDate":"2023-08-22"},{"lineNumber":11,"author":{"gitId":"limjunxian1"},"content":"     * A constructor of event","lastModifiedDate":"2023-08-22"},{"lineNumber":12,"author":{"gitId":"limjunxian1"},"content":"     * @param description Name of event","lastModifiedDate":"2023-08-22"},{"lineNumber":13,"author":{"gitId":"limjunxian1"},"content":"     * @param from Start of event","lastModifiedDate":"2023-08-22"},{"lineNumber":14,"author":{"gitId":"limjunxian1"},"content":"     * @param to End of event","lastModifiedDate":"2023-08-22"},{"lineNumber":15,"author":{"gitId":"limjunxian1"},"content":"     * @throws HelpBuddyException If description, start and end time of event is empty.","lastModifiedDate":"2023-08-23"},{"lineNumber":16,"author":{"gitId":"limjunxian1"},"content":"     */","lastModifiedDate":"2023-08-22"},{"lineNumber":17,"author":{"gitId":"limjunxian1"},"content":"    public Event(String description, String from, String to) throws HelpBuddyException {","lastModifiedDate":"2023-08-23"},{"lineNumber":18,"author":{"gitId":"limjunxian1"},"content":"        super(description);","lastModifiedDate":"2023-08-22"},{"lineNumber":19,"author":{"gitId":"limjunxian1"},"content":"        this.from \u003d from;","lastModifiedDate":"2023-08-22"},{"lineNumber":20,"author":{"gitId":"limjunxian1"},"content":"        this.to \u003d to;","lastModifiedDate":"2023-08-22"},{"lineNumber":21,"author":{"gitId":"limjunxian1"},"content":"        if (description.isBlank()) {","lastModifiedDate":"2023-08-23"},{"lineNumber":22,"author":{"gitId":"limjunxian1"},"content":"            throw new HelpBuddyException(\"The description of a event cannot be empty.\\n\");","lastModifiedDate":"2023-08-23"},{"lineNumber":23,"author":{"gitId":"limjunxian1"},"content":"        } else if (from.isBlank()) {","lastModifiedDate":"2023-08-23"},{"lineNumber":24,"author":{"gitId":"limjunxian1"},"content":"            throw new HelpBuddyException(\"Please enter a start time of event.\\n\");","lastModifiedDate":"2023-08-23"},{"lineNumber":25,"author":{"gitId":"limjunxian1"},"content":"        } else if (to.isBlank()) {","lastModifiedDate":"2023-08-23"},{"lineNumber":26,"author":{"gitId":"limjunxian1"},"content":"            throw new HelpBuddyException(\"Please enter an end time of event.\\n\");","lastModifiedDate":"2023-08-23"},{"lineNumber":27,"author":{"gitId":"limjunxian1"},"content":"        }","lastModifiedDate":"2023-08-23"},{"lineNumber":28,"author":{"gitId":"limjunxian1"},"content":"    }","lastModifiedDate":"2023-08-22"},{"lineNumber":29,"author":{"gitId":"limjunxian1"},"content":"","lastModifiedDate":"2023-08-22"},{"lineNumber":30,"author":{"gitId":"limjunxian1"},"content":"    /**","lastModifiedDate":"2023-08-22"},{"lineNumber":31,"author":{"gitId":"limjunxian1"},"content":"     *","lastModifiedDate":"2023-08-22"},{"lineNumber":32,"author":{"gitId":"limjunxian1"},"content":"     * @return String representation of event object","lastModifiedDate":"2023-08-22"},{"lineNumber":33,"author":{"gitId":"limjunxian1"},"content":"     */","lastModifiedDate":"2023-08-22"},{"lineNumber":34,"author":{"gitId":"limjunxian1"},"content":"    @Override","lastModifiedDate":"2023-08-22"},{"lineNumber":35,"author":{"gitId":"limjunxian1"},"content":"    public String toString() {","lastModifiedDate":"2023-08-22"},{"lineNumber":36,"author":{"gitId":"limjunxian1"},"content":"        return \"[E]\" + super.toString() + \"(from:\" + this.from + \"to:\" + this.to + \")\";","lastModifiedDate":"2023-08-22"},{"lineNumber":37,"author":{"gitId":"limjunxian1"},"content":"    }","lastModifiedDate":"2023-08-22"},{"lineNumber":38,"author":{"gitId":"limjunxian1"},"content":"}","lastModifiedDate":"2023-08-22"}],"authorContributionMap":{"limjunxian1":38}},{"path":"src/main/java/HelpBuddy.java","fileType":"java","lines":[{"lineNumber":1,"author":{"gitId":"limjunxian1"},"content":"import java.util.ArrayList;","lastModifiedDate":"2023-08-22"},{"lineNumber":2,"author":{"gitId":"limjunxian1"},"content":"import java.util.Scanner;","lastModifiedDate":"2023-08-22"},{"lineNumber":3,"author":{"gitId":"limjunxian1"},"content":"","lastModifiedDate":"2023-08-22"},{"lineNumber":4,"author":{"gitId":"limjunxian1"},"content":"/**","lastModifiedDate":"2023-08-22"},{"lineNumber":5,"author":{"gitId":"limjunxian1"},"content":" * A HelpBuddy class that produces messages to user.","lastModifiedDate":"2023-08-22"},{"lineNumber":6,"author":{"gitId":"limjunxian1"},"content":" */","lastModifiedDate":"2023-08-22"},{"lineNumber":7,"author":{"gitId":"limjunxian1"},"content":"","lastModifiedDate":"2023-08-22"},{"lineNumber":8,"author":{"gitId":"limjunxian1"},"content":"public class HelpBuddy {","lastModifiedDate":"2023-08-22"},{"lineNumber":9,"author":{"gitId":"limjunxian1"},"content":"    /** A string that produces a line to segment messages produced. */","lastModifiedDate":"2023-08-22"},{"lineNumber":10,"author":{"gitId":"limjunxian1"},"content":"    private final static String horizontal \u003d \"    ____________________________________________________________\";","lastModifiedDate":"2023-08-22"},{"lineNumber":11,"author":{"gitId":"limjunxian1"},"content":"    /** An ArrayList that holds everything the user has typed into the chatbot. */","lastModifiedDate":"2023-08-22"},{"lineNumber":12,"author":{"gitId":"limjunxian1"},"content":"    private ArrayList\u003cTask\u003e userInput \u003d new ArrayList\u003c\u003e(100);","lastModifiedDate":"2023-08-22"},{"lineNumber":13,"author":{"gitId":"limjunxian1"},"content":"","lastModifiedDate":"2023-08-22"},{"lineNumber":14,"author":{"gitId":"limjunxian1"},"content":"    /**","lastModifiedDate":"2023-08-22"},{"lineNumber":15,"author":{"gitId":"limjunxian1"},"content":"     * @return hello message.","lastModifiedDate":"2023-08-22"},{"lineNumber":16,"author":{"gitId":"limjunxian1"},"content":"     */","lastModifiedDate":"2023-08-22"},{"lineNumber":17,"author":{"gitId":"limjunxian1"},"content":"    public static String printHelloMessage() {","lastModifiedDate":"2023-08-22"},{"lineNumber":18,"author":{"gitId":"limjunxian1"},"content":"        return \"Hello! I\u0027m HelpBuddy.\\n\" + \"    What can I do for you?\\n\";","lastModifiedDate":"2023-08-22"},{"lineNumber":19,"author":{"gitId":"limjunxian1"},"content":"    }","lastModifiedDate":"2023-08-22"},{"lineNumber":20,"author":{"gitId":"limjunxian1"},"content":"","lastModifiedDate":"2023-08-22"},{"lineNumber":21,"author":{"gitId":"limjunxian1"},"content":"    /**","lastModifiedDate":"2023-08-22"},{"lineNumber":22,"author":{"gitId":"limjunxian1"},"content":"     * @return bye message.","lastModifiedDate":"2023-08-22"},{"lineNumber":23,"author":{"gitId":"limjunxian1"},"content":"     */","lastModifiedDate":"2023-08-22"},{"lineNumber":24,"author":{"gitId":"limjunxian1"},"content":"    public static String printByeMessage() {","lastModifiedDate":"2023-08-22"},{"lineNumber":25,"author":{"gitId":"limjunxian1"},"content":"        return \"Bye. Hope to see you again soon!\\n\";","lastModifiedDate":"2023-08-22"},{"lineNumber":26,"author":{"gitId":"limjunxian1"},"content":"    }","lastModifiedDate":"2023-08-22"},{"lineNumber":27,"author":{"gitId":"limjunxian1"},"content":"","lastModifiedDate":"2023-08-22"},{"lineNumber":28,"author":{"gitId":"limjunxian1"},"content":"    /**","lastModifiedDate":"2023-08-22"},{"lineNumber":29,"author":{"gitId":"limjunxian1"},"content":"     * A method that segments replies from HelpBuddy.","lastModifiedDate":"2023-08-22"},{"lineNumber":30,"author":{"gitId":"limjunxian1"},"content":"     *","lastModifiedDate":"2023-08-22"},{"lineNumber":31,"author":{"gitId":"limjunxian1"},"content":"     * @param s The string that HelpBuddy replies.","lastModifiedDate":"2023-08-22"},{"lineNumber":32,"author":{"gitId":"limjunxian1"},"content":"     */","lastModifiedDate":"2023-08-22"},{"lineNumber":33,"author":{"gitId":"limjunxian1"},"content":"    private void printMessageBlock(String s) {","lastModifiedDate":"2023-08-23"},{"lineNumber":34,"author":{"gitId":"limjunxian1"},"content":"         System.out.println(horizontal + \"\\n\" + \"    \" + s + horizontal + \"\\n\");","lastModifiedDate":"2023-08-23"},{"lineNumber":35,"author":{"gitId":"limjunxian1"},"content":"    }","lastModifiedDate":"2023-08-22"},{"lineNumber":36,"author":{"gitId":"limjunxian1"},"content":"","lastModifiedDate":"2023-08-22"},{"lineNumber":37,"author":{"gitId":"limjunxian1"},"content":"    /**","lastModifiedDate":"2023-08-22"},{"lineNumber":38,"author":{"gitId":"limjunxian1"},"content":"     * A method that prints the response for command mark.","lastModifiedDate":"2023-08-23"},{"lineNumber":39,"author":{"gitId":"limjunxian1"},"content":"     * @param i The value keyed in by user.","lastModifiedDate":"2023-08-23"},{"lineNumber":40,"author":{"gitId":"limjunxian1"},"content":"     * @throws HelpBuddyException If the input value by user is invalid.","lastModifiedDate":"2023-08-23"},{"lineNumber":41,"author":{"gitId":"limjunxian1"},"content":"     */","lastModifiedDate":"2023-08-23"},{"lineNumber":42,"author":{"gitId":"limjunxian1"},"content":"    public void printMarkOutput(int i) throws HelpBuddyException {","lastModifiedDate":"2023-08-23"},{"lineNumber":43,"author":{"gitId":"limjunxian1"},"content":"        int numOfTasks \u003d userInput.size();","lastModifiedDate":"2023-08-23"},{"lineNumber":44,"author":{"gitId":"limjunxian1"},"content":"        if (numOfTasks \u003d\u003d 0 || i \u003c 0 || i \u003e numOfTasks - 1) {","lastModifiedDate":"2023-08-23"},{"lineNumber":45,"author":{"gitId":"limjunxian1"},"content":"            throw new HelpBuddyException(\"Invalid task number.\\n\");","lastModifiedDate":"2023-08-23"},{"lineNumber":46,"author":{"gitId":"limjunxian1"},"content":"        } else {","lastModifiedDate":"2023-08-23"},{"lineNumber":47,"author":{"gitId":"limjunxian1"},"content":"            Task t \u003d this.userInput.get(i);","lastModifiedDate":"2023-08-23"},{"lineNumber":48,"author":{"gitId":"limjunxian1"},"content":"            String status \u003d t.getStatusIcon();","lastModifiedDate":"2023-08-23"},{"lineNumber":49,"author":{"gitId":"limjunxian1"},"content":"            if (status \u003d\u003d \"X\") {","lastModifiedDate":"2023-08-23"},{"lineNumber":50,"author":{"gitId":"limjunxian1"},"content":"                throw new HelpBuddyException(\"Task is already marked as done.\\n\");","lastModifiedDate":"2023-08-23"},{"lineNumber":51,"author":{"gitId":"limjunxian1"},"content":"            } else {","lastModifiedDate":"2023-08-23"},{"lineNumber":52,"author":{"gitId":"limjunxian1"},"content":"                t.updateDone();","lastModifiedDate":"2023-08-23"},{"lineNumber":53,"author":{"gitId":"limjunxian1"},"content":"                printMessageBlock(\"Nice! I\u0027ve marked this task as done:\\n      \" + t + \"\\n\");","lastModifiedDate":"2023-08-23"},{"lineNumber":54,"author":{"gitId":"limjunxian1"},"content":"            }","lastModifiedDate":"2023-08-23"},{"lineNumber":55,"author":{"gitId":"limjunxian1"},"content":"        }","lastModifiedDate":"2023-08-23"},{"lineNumber":56,"author":{"gitId":"limjunxian1"},"content":"    }","lastModifiedDate":"2023-08-23"},{"lineNumber":57,"author":{"gitId":"limjunxian1"},"content":"","lastModifiedDate":"2023-08-23"},{"lineNumber":58,"author":{"gitId":"limjunxian1"},"content":"    /**","lastModifiedDate":"2023-08-23"},{"lineNumber":59,"author":{"gitId":"limjunxian1"},"content":"     * A method that prints the response for command unmark.","lastModifiedDate":"2023-08-23"},{"lineNumber":60,"author":{"gitId":"limjunxian1"},"content":"     * @param i The value keyed in by user.","lastModifiedDate":"2023-08-23"},{"lineNumber":61,"author":{"gitId":"limjunxian1"},"content":"     * @throws HelpBuddyException If the input value by user is invalid.","lastModifiedDate":"2023-08-23"},{"lineNumber":62,"author":{"gitId":"limjunxian1"},"content":"     */","lastModifiedDate":"2023-08-23"},{"lineNumber":63,"author":{"gitId":"limjunxian1"},"content":"    public void printUnmarkOutput(int i) throws HelpBuddyException {","lastModifiedDate":"2023-08-23"},{"lineNumber":64,"author":{"gitId":"limjunxian1"},"content":"        int numOfTasks \u003d userInput.size();","lastModifiedDate":"2023-08-23"},{"lineNumber":65,"author":{"gitId":"limjunxian1"},"content":"        if (numOfTasks \u003d\u003d 0 || i \u003c 0 || i \u003e numOfTasks - 1) {","lastModifiedDate":"2023-08-23"},{"lineNumber":66,"author":{"gitId":"limjunxian1"},"content":"            throw new HelpBuddyException(\"Invalid task number.\\n\");","lastModifiedDate":"2023-08-23"},{"lineNumber":67,"author":{"gitId":"limjunxian1"},"content":"        } else {","lastModifiedDate":"2023-08-23"},{"lineNumber":68,"author":{"gitId":"limjunxian1"},"content":"            Task t \u003d this.userInput.get(i);","lastModifiedDate":"2023-08-23"},{"lineNumber":69,"author":{"gitId":"limjunxian1"},"content":"            String status \u003d t.getStatusIcon();","lastModifiedDate":"2023-08-23"},{"lineNumber":70,"author":{"gitId":"limjunxian1"},"content":"            if (status \u003d\u003d \" \") {","lastModifiedDate":"2023-08-23"},{"lineNumber":71,"author":{"gitId":"limjunxian1"},"content":"                throw new HelpBuddyException(\"Task is not marked as done.\\n\");","lastModifiedDate":"2023-08-23"},{"lineNumber":72,"author":{"gitId":"limjunxian1"},"content":"            } else {","lastModifiedDate":"2023-08-23"},{"lineNumber":73,"author":{"gitId":"limjunxian1"},"content":"                t.updateDone();","lastModifiedDate":"2023-08-23"},{"lineNumber":74,"author":{"gitId":"limjunxian1"},"content":"                printMessageBlock(\"OK, I\u0027ve marked this task as not done yet:\\n      \" + t + \"\\n\");","lastModifiedDate":"2023-08-23"},{"lineNumber":75,"author":{"gitId":"limjunxian1"},"content":"            }","lastModifiedDate":"2023-08-23"},{"lineNumber":76,"author":{"gitId":"limjunxian1"},"content":"        }","lastModifiedDate":"2023-08-23"},{"lineNumber":77,"author":{"gitId":"limjunxian1"},"content":"    }","lastModifiedDate":"2023-08-23"},{"lineNumber":78,"author":{"gitId":"limjunxian1"},"content":"","lastModifiedDate":"2023-08-23"},{"lineNumber":79,"author":{"gitId":"limjunxian1"},"content":"    /**","lastModifiedDate":"2023-08-23"},{"lineNumber":80,"author":{"gitId":"limjunxian1"},"content":"     * A method that prints response for command delete.","lastModifiedDate":"2023-08-23"},{"lineNumber":81,"author":{"gitId":"limjunxian1"},"content":"     * @param i The value keyed in by user","lastModifiedDate":"2023-08-23"},{"lineNumber":82,"author":{"gitId":"limjunxian1"},"content":"     * @throws HelpBuddyException If the input value by user is invalid.","lastModifiedDate":"2023-08-23"},{"lineNumber":83,"author":{"gitId":"limjunxian1"},"content":"     */","lastModifiedDate":"2023-08-23"},{"lineNumber":84,"author":{"gitId":"limjunxian1"},"content":"    public void printDeleteOutput(int i) throws HelpBuddyException {","lastModifiedDate":"2023-08-23"},{"lineNumber":85,"author":{"gitId":"limjunxian1"},"content":"        int numOfTasks \u003d userInput.size();","lastModifiedDate":"2023-08-23"},{"lineNumber":86,"author":{"gitId":"limjunxian1"},"content":"        if (numOfTasks \u003d\u003d 0 || i \u003c 0 || i \u003e numOfTasks - 1) {","lastModifiedDate":"2023-08-23"},{"lineNumber":87,"author":{"gitId":"limjunxian1"},"content":"            throw new HelpBuddyException(\"Invalid task number.\\n\");","lastModifiedDate":"2023-08-23"},{"lineNumber":88,"author":{"gitId":"limjunxian1"},"content":"        } else {","lastModifiedDate":"2023-08-23"},{"lineNumber":89,"author":{"gitId":"limjunxian1"},"content":"            String output \u003d \"Noted. I\u0027ve removed this task:\\n      \";","lastModifiedDate":"2023-08-23"},{"lineNumber":90,"author":{"gitId":"limjunxian1"},"content":"            Task deletedTask \u003d this.userInput.get(i);","lastModifiedDate":"2023-08-23"},{"lineNumber":91,"author":{"gitId":"limjunxian1"},"content":"            this.userInput.remove(i);","lastModifiedDate":"2023-08-23"},{"lineNumber":92,"author":{"gitId":"limjunxian1"},"content":"            numOfTasks--;","lastModifiedDate":"2023-08-23"},{"lineNumber":93,"author":{"gitId":"limjunxian1"},"content":"            printMessageBlock(output + deletedTask + \"\\n    Now you have \" + numOfTasks + \" tasks in this list.\\n\");","lastModifiedDate":"2023-08-23"},{"lineNumber":94,"author":{"gitId":"limjunxian1"},"content":"        }","lastModifiedDate":"2023-08-23"},{"lineNumber":95,"author":{"gitId":"limjunxian1"},"content":"    }","lastModifiedDate":"2023-08-23"},{"lineNumber":96,"author":{"gitId":"limjunxian1"},"content":"","lastModifiedDate":"2023-08-23"},{"lineNumber":97,"author":{"gitId":"limjunxian1"},"content":"    /**","lastModifiedDate":"2023-08-23"},{"lineNumber":98,"author":{"gitId":"limjunxian1"},"content":"     * A method that displays error messages from HelpBuddy.","lastModifiedDate":"2023-08-23"},{"lineNumber":99,"author":{"gitId":"limjunxian1"},"content":"     *","lastModifiedDate":"2023-08-22"},{"lineNumber":100,"author":{"gitId":"limjunxian1"},"content":"     * @param error A String that contains error details.","lastModifiedDate":"2023-08-23"},{"lineNumber":101,"author":{"gitId":"limjunxian1"},"content":"     */","lastModifiedDate":"2023-08-22"},{"lineNumber":102,"author":{"gitId":"limjunxian1"},"content":"    private void printErrorMessage(String error) {","lastModifiedDate":"2023-08-23"},{"lineNumber":103,"author":{"gitId":"limjunxian1"},"content":"        printMessageBlock(error);","lastModifiedDate":"2023-08-23"},{"lineNumber":104,"author":{"gitId":"limjunxian1"},"content":"    }","lastModifiedDate":"2023-08-23"},{"lineNumber":105,"author":{"gitId":"limjunxian1"},"content":"","lastModifiedDate":"2023-08-23"},{"lineNumber":106,"author":{"gitId":"limjunxian1"},"content":"    /**","lastModifiedDate":"2023-08-23"},{"lineNumber":107,"author":{"gitId":"limjunxian1"},"content":"     * A method that displays to users HelpBuddy\u0027s response to their input.","lastModifiedDate":"2023-08-23"},{"lineNumber":108,"author":{"gitId":"limjunxian1"},"content":"     *","lastModifiedDate":"2023-08-23"},{"lineNumber":109,"author":{"gitId":"limjunxian1"},"content":"     * @param sc A scanner to read user inputs","lastModifiedDate":"2023-08-23"},{"lineNumber":110,"author":{"gitId":"limjunxian1"},"content":"     * @throws HelpBuddyException If the command entered by user is invalid","lastModifiedDate":"2023-08-23"},{"lineNumber":111,"author":{"gitId":"limjunxian1"},"content":"     */","lastModifiedDate":"2023-08-23"},{"lineNumber":112,"author":{"gitId":"limjunxian1"},"content":"    public void outputMessage(Scanner sc) throws HelpBuddyException {","lastModifiedDate":"2023-08-23"},{"lineNumber":113,"author":{"gitId":"limjunxian1"},"content":"        printMessageBlock(HelpBuddy.printHelloMessage());","lastModifiedDate":"2023-08-23"},{"lineNumber":114,"author":{"gitId":"limjunxian1"},"content":"","lastModifiedDate":"2023-08-22"},{"lineNumber":115,"author":{"gitId":"limjunxian1"},"content":"        String markPattern \u003d \"^mark.*\";","lastModifiedDate":"2023-08-23"},{"lineNumber":116,"author":{"gitId":"limjunxian1"},"content":"        String unmarkPattern \u003d \"^unmark.*\";","lastModifiedDate":"2023-08-23"},{"lineNumber":117,"author":{"gitId":"limjunxian1"},"content":"        String toDoPattern \u003d \"^todo.*\";","lastModifiedDate":"2023-08-23"},{"lineNumber":118,"author":{"gitId":"limjunxian1"},"content":"        String deadlinePattern \u003d \"^deadline.*\";","lastModifiedDate":"2023-08-23"},{"lineNumber":119,"author":{"gitId":"limjunxian1"},"content":"        String eventPattern \u003d \"^event.*\";","lastModifiedDate":"2023-08-23"},{"lineNumber":120,"author":{"gitId":"limjunxian1"},"content":"        String deletePattern \u003d \"^delete.*\";","lastModifiedDate":"2023-08-23"},{"lineNumber":121,"author":{"gitId":"limjunxian1"},"content":"        String inputMessage \u003d sc.nextLine();","lastModifiedDate":"2023-08-22"},{"lineNumber":122,"author":{"gitId":"limjunxian1"},"content":"","lastModifiedDate":"2023-08-22"},{"lineNumber":123,"author":{"gitId":"limjunxian1"},"content":"        while(inputMessage !\u003d \"\") {","lastModifiedDate":"2023-08-22"},{"lineNumber":124,"author":{"gitId":"limjunxian1"},"content":"            try {","lastModifiedDate":"2023-08-23"},{"lineNumber":125,"author":{"gitId":"limjunxian1"},"content":"                if (inputMessage.matches(markPattern)) {","lastModifiedDate":"2023-08-22"},{"lineNumber":126,"author":{"gitId":"limjunxian1"},"content":"                    if (inputMessage.matches(\"mark\")) {","lastModifiedDate":"2023-08-23"},{"lineNumber":127,"author":{"gitId":"limjunxian1"},"content":"                        throw new HelpBuddyException(\"Please enter a task number.\\n\");","lastModifiedDate":"2023-08-23"},{"lineNumber":128,"author":{"gitId":"limjunxian1"},"content":"                    }","lastModifiedDate":"2023-08-23"},{"lineNumber":129,"author":{"gitId":"limjunxian1"},"content":"                    String taskIndex \u003d inputMessage.replaceAll(\"mark\\\\s+\", \"\");","lastModifiedDate":"2023-08-22"},{"lineNumber":130,"author":{"gitId":"limjunxian1"},"content":"                    if (!taskIndex.isBlank()) {","lastModifiedDate":"2023-08-23"},{"lineNumber":131,"author":{"gitId":"limjunxian1"},"content":"                        int intTaskValue \u003d Integer.valueOf(taskIndex) - 1;","lastModifiedDate":"2023-08-22"},{"lineNumber":132,"author":{"gitId":"limjunxian1"},"content":"                        printMarkOutput(intTaskValue);","lastModifiedDate":"2023-08-23"},{"lineNumber":133,"author":{"gitId":"limjunxian1"},"content":"                    } else {","lastModifiedDate":"2023-08-23"},{"lineNumber":134,"author":{"gitId":"limjunxian1"},"content":"                        throw new HelpBuddyException(\"Please enter a task number.\\n\");","lastModifiedDate":"2023-08-23"},{"lineNumber":135,"author":{"gitId":"limjunxian1"},"content":"                    }","lastModifiedDate":"2023-08-23"},{"lineNumber":136,"author":{"gitId":"limjunxian1"},"content":"                } else if (inputMessage.matches(unmarkPattern)) {","lastModifiedDate":"2023-08-22"},{"lineNumber":137,"author":{"gitId":"limjunxian1"},"content":"                    if (inputMessage.matches(\"unmark\")) {","lastModifiedDate":"2023-08-23"},{"lineNumber":138,"author":{"gitId":"limjunxian1"},"content":"                        throw new HelpBuddyException(\"Please enter a task number.\\n\");","lastModifiedDate":"2023-08-23"},{"lineNumber":139,"author":{"gitId":"limjunxian1"},"content":"                    }","lastModifiedDate":"2023-08-23"},{"lineNumber":140,"author":{"gitId":"limjunxian1"},"content":"                    String taskIndex \u003d inputMessage.replaceAll(\"unmark\\\\s+\", \"\");","lastModifiedDate":"2023-08-22"},{"lineNumber":141,"author":{"gitId":"limjunxian1"},"content":"                    if (!taskIndex.isBlank()) {","lastModifiedDate":"2023-08-23"},{"lineNumber":142,"author":{"gitId":"limjunxian1"},"content":"                        int intTaskValue \u003d Integer.valueOf(taskIndex) - 1;","lastModifiedDate":"2023-08-22"},{"lineNumber":143,"author":{"gitId":"limjunxian1"},"content":"                        printUnmarkOutput(intTaskValue);","lastModifiedDate":"2023-08-23"},{"lineNumber":144,"author":{"gitId":"limjunxian1"},"content":"                    } else {","lastModifiedDate":"2023-08-23"},{"lineNumber":145,"author":{"gitId":"limjunxian1"},"content":"                        throw new HelpBuddyException(\"Please enter a task number.\\n\");","lastModifiedDate":"2023-08-23"},{"lineNumber":146,"author":{"gitId":"limjunxian1"},"content":"                    }","lastModifiedDate":"2023-08-23"},{"lineNumber":147,"author":{"gitId":"limjunxian1"},"content":"                } else if (inputMessage.matches(deletePattern)) {","lastModifiedDate":"2023-08-23"},{"lineNumber":148,"author":{"gitId":"limjunxian1"},"content":"                    if (inputMessage.matches(\"delete\")) {","lastModifiedDate":"2023-08-23"},{"lineNumber":149,"author":{"gitId":"limjunxian1"},"content":"                        throw new HelpBuddyException(\"Please enter a task number.\\n\");","lastModifiedDate":"2023-08-23"},{"lineNumber":150,"author":{"gitId":"limjunxian1"},"content":"                    }","lastModifiedDate":"2023-08-23"},{"lineNumber":151,"author":{"gitId":"limjunxian1"},"content":"                    String taskIndex \u003d inputMessage.replaceAll(\"delete\\\\s+\", \"\");","lastModifiedDate":"2023-08-23"},{"lineNumber":152,"author":{"gitId":"limjunxian1"},"content":"                    if (!taskIndex.isBlank()) {","lastModifiedDate":"2023-08-23"},{"lineNumber":153,"author":{"gitId":"limjunxian1"},"content":"                        int intTaskValue \u003d Integer.valueOf(taskIndex) - 1;","lastModifiedDate":"2023-08-23"},{"lineNumber":154,"author":{"gitId":"limjunxian1"},"content":"                        printDeleteOutput(intTaskValue);","lastModifiedDate":"2023-08-23"},{"lineNumber":155,"author":{"gitId":"limjunxian1"},"content":"                    } else {","lastModifiedDate":"2023-08-23"},{"lineNumber":156,"author":{"gitId":"limjunxian1"},"content":"                        throw new HelpBuddyException(\"Please enter a task number.\\n\");","lastModifiedDate":"2023-08-23"},{"lineNumber":157,"author":{"gitId":"limjunxian1"},"content":"                    }","lastModifiedDate":"2023-08-23"},{"lineNumber":158,"author":{"gitId":"limjunxian1"},"content":"                } else if (inputMessage.equalsIgnoreCase(\"list\")){","lastModifiedDate":"2023-08-22"},{"lineNumber":159,"author":{"gitId":"limjunxian1"},"content":"                    Object[] inputArray \u003d this.userInput.toArray();","lastModifiedDate":"2023-08-22"},{"lineNumber":160,"author":{"gitId":"limjunxian1"},"content":"                    String outputMessage \u003d \"Here are the tasks in your list:\\n\";","lastModifiedDate":"2023-08-22"},{"lineNumber":161,"author":{"gitId":"limjunxian1"},"content":"                    for (int i \u003d 0; i \u003c inputArray.length; i++) {","lastModifiedDate":"2023-08-22"},{"lineNumber":162,"author":{"gitId":"limjunxian1"},"content":"                        int index \u003d i + 1;","lastModifiedDate":"2023-08-22"},{"lineNumber":163,"author":{"gitId":"limjunxian1"},"content":"                        Task curr \u003d (Task) inputArray[i];","lastModifiedDate":"2023-08-22"},{"lineNumber":164,"author":{"gitId":"limjunxian1"},"content":"                        outputMessage +\u003d  \"    \" + index + \".\" + curr + \"\\n\";","lastModifiedDate":"2023-08-23"},{"lineNumber":165,"author":{"gitId":"limjunxian1"},"content":"                    }","lastModifiedDate":"2023-08-22"},{"lineNumber":166,"author":{"gitId":"limjunxian1"},"content":"                    printMessageBlock(outputMessage);","lastModifiedDate":"2023-08-23"},{"lineNumber":167,"author":{"gitId":"limjunxian1"},"content":"                } else if (inputMessage.equalsIgnoreCase(\"bye\")) {","lastModifiedDate":"2023-08-22"},{"lineNumber":168,"author":{"gitId":"limjunxian1"},"content":"                    printMessageBlock(HelpBuddy.printByeMessage());","lastModifiedDate":"2023-08-23"},{"lineNumber":169,"author":{"gitId":"limjunxian1"},"content":"                    break;","lastModifiedDate":"2023-08-22"},{"lineNumber":170,"author":{"gitId":"limjunxian1"},"content":"                } else {","lastModifiedDate":"2023-08-22"},{"lineNumber":171,"author":{"gitId":"limjunxian1"},"content":"                    Task t \u003d null;","lastModifiedDate":"2023-08-22"},{"lineNumber":172,"author":{"gitId":"limjunxian1"},"content":"                    if (inputMessage.matches(deadlinePattern)) {","lastModifiedDate":"2023-08-22"},{"lineNumber":173,"author":{"gitId":"limjunxian1"},"content":"                        String taskDetails \u003d inputMessage.replaceAll(\"deadline\", \"\");","lastModifiedDate":"2023-08-23"},{"lineNumber":174,"author":{"gitId":"limjunxian1"},"content":"                        if (taskDetails.isBlank()) {","lastModifiedDate":"2023-08-23"},{"lineNumber":175,"author":{"gitId":"limjunxian1"},"content":"                            t \u003d new Deadline(\"\", \"\");","lastModifiedDate":"2023-08-23"},{"lineNumber":176,"author":{"gitId":"limjunxian1"},"content":"                        }","lastModifiedDate":"2023-08-23"},{"lineNumber":177,"author":{"gitId":"limjunxian1"},"content":"                        String[] taskDetailArray \u003d taskDetails.split(\"/by\");","lastModifiedDate":"2023-08-22"},{"lineNumber":178,"author":{"gitId":"limjunxian1"},"content":"                        if (taskDetailArray.length \u003d\u003d 1) {","lastModifiedDate":"2023-08-23"},{"lineNumber":179,"author":{"gitId":"limjunxian1"},"content":"                            String[] taskDetailErrorArray \u003d taskDetailArray[0].split(\"/\");","lastModifiedDate":"2023-08-23"},{"lineNumber":180,"author":{"gitId":"limjunxian1"},"content":"                            if (taskDetailErrorArray.length \u003d\u003d 1) {","lastModifiedDate":"2023-08-23"},{"lineNumber":181,"author":{"gitId":"limjunxian1"},"content":"                                t \u003d new Deadline(taskDetails, \"\");","lastModifiedDate":"2023-08-23"},{"lineNumber":182,"author":{"gitId":"limjunxian1"},"content":"                            } else {","lastModifiedDate":"2023-08-23"},{"lineNumber":183,"author":{"gitId":"limjunxian1"},"content":"                                throw new HelpBuddyException(\"Please use /by to indicate deadline.\\n\");","lastModifiedDate":"2023-08-23"},{"lineNumber":184,"author":{"gitId":"limjunxian1"},"content":"                            }","lastModifiedDate":"2023-08-23"},{"lineNumber":185,"author":{"gitId":"limjunxian1"},"content":"                        }","lastModifiedDate":"2023-08-23"},{"lineNumber":186,"author":{"gitId":"limjunxian1"},"content":"                        t \u003d new Deadline(taskDetailArray[0], taskDetailArray[1]);","lastModifiedDate":"2023-08-22"},{"lineNumber":187,"author":{"gitId":"limjunxian1"},"content":"                    } else if (inputMessage.matches(toDoPattern)) {","lastModifiedDate":"2023-08-22"},{"lineNumber":188,"author":{"gitId":"limjunxian1"},"content":"                        String taskDetails \u003d inputMessage.replaceAll(\"todo\", \"\");","lastModifiedDate":"2023-08-23"},{"lineNumber":189,"author":{"gitId":"limjunxian1"},"content":"                        t \u003d new ToDo(taskDetails);","lastModifiedDate":"2023-08-22"},{"lineNumber":190,"author":{"gitId":"limjunxian1"},"content":"                    } else if (inputMessage.matches(eventPattern)) {","lastModifiedDate":"2023-08-22"},{"lineNumber":191,"author":{"gitId":"limjunxian1"},"content":"                        String taskDetails \u003d inputMessage.replaceAll(\"event\", \"\");","lastModifiedDate":"2023-08-23"},{"lineNumber":192,"author":{"gitId":"limjunxian1"},"content":"                        if (taskDetails.isBlank()) {","lastModifiedDate":"2023-08-23"},{"lineNumber":193,"author":{"gitId":"limjunxian1"},"content":"                            t \u003d new Event(\"\", \"\", \"\");","lastModifiedDate":"2023-08-23"},{"lineNumber":194,"author":{"gitId":"limjunxian1"},"content":"                        }","lastModifiedDate":"2023-08-23"},{"lineNumber":195,"author":{"gitId":"limjunxian1"},"content":"                        String[] taskDetailArray \u003d taskDetails.split(\"/from\");","lastModifiedDate":"2023-08-22"},{"lineNumber":196,"author":{"gitId":"limjunxian1"},"content":"                        String[] taskDetailErrorArray \u003d taskDetails.split(\"/\");","lastModifiedDate":"2023-08-23"},{"lineNumber":197,"author":{"gitId":"limjunxian1"},"content":"                        if (taskDetailArray.length \u003d\u003d 1) {","lastModifiedDate":"2023-08-23"},{"lineNumber":198,"author":{"gitId":"limjunxian1"},"content":"                            if (taskDetailErrorArray.length \u003d\u003d 1) {","lastModifiedDate":"2023-08-23"},{"lineNumber":199,"author":{"gitId":"limjunxian1"},"content":"                                t \u003d new Event(taskDetails, \"\", \"\");","lastModifiedDate":"2023-08-23"},{"lineNumber":200,"author":{"gitId":"limjunxian1"},"content":"                            } else {","lastModifiedDate":"2023-08-23"},{"lineNumber":201,"author":{"gitId":"limjunxian1"},"content":"                                throw new HelpBuddyException(\"Please enter and use /from for start time first then\\n    /to for end time for event.\\n\");","lastModifiedDate":"2023-08-23"},{"lineNumber":202,"author":{"gitId":"limjunxian1"},"content":"                            }","lastModifiedDate":"2023-08-23"},{"lineNumber":203,"author":{"gitId":"limjunxian1"},"content":"                        }","lastModifiedDate":"2023-08-23"},{"lineNumber":204,"author":{"gitId":"limjunxian1"},"content":"                        String[] timeFromTo \u003d taskDetailArray[1].split(\"/to\");","lastModifiedDate":"2023-08-22"},{"lineNumber":205,"author":{"gitId":"limjunxian1"},"content":"                        if (timeFromTo.length \u003d\u003d 1) {","lastModifiedDate":"2023-08-23"},{"lineNumber":206,"author":{"gitId":"limjunxian1"},"content":"                            t \u003d new Event(taskDetails, timeFromTo[0], \"\");","lastModifiedDate":"2023-08-23"},{"lineNumber":207,"author":{"gitId":"limjunxian1"},"content":"                        }","lastModifiedDate":"2023-08-23"},{"lineNumber":208,"author":{"gitId":"limjunxian1"},"content":"                        t \u003d new Event(taskDetailArray[0], timeFromTo[0], timeFromTo[1]);","lastModifiedDate":"2023-08-22"},{"lineNumber":209,"author":{"gitId":"limjunxian1"},"content":"                    } else {","lastModifiedDate":"2023-08-23"},{"lineNumber":210,"author":{"gitId":"limjunxian1"},"content":"                        throw new HelpBuddyException(\"I\u0027m sorry, but I don\u0027t know what that means.\\n\");","lastModifiedDate":"2023-08-23"},{"lineNumber":211,"author":{"gitId":"limjunxian1"},"content":"                    }","lastModifiedDate":"2023-08-22"},{"lineNumber":212,"author":{"gitId":"limjunxian1"},"content":"                    String output \u003d \"Got it. I\u0027ve added this task:\\n      \";","lastModifiedDate":"2023-08-23"},{"lineNumber":213,"author":{"gitId":"limjunxian1"},"content":"                    int numOfTasks \u003d userInput.size() + 1;","lastModifiedDate":"2023-08-23"},{"lineNumber":214,"author":{"gitId":"limjunxian1"},"content":"                    this.userInput.add(t);","lastModifiedDate":"2023-08-22"},{"lineNumber":215,"author":{"gitId":"limjunxian1"},"content":"                    output +\u003d t + \"\\n    Now you have \" + numOfTasks + \" tasks in this list.\\n\";","lastModifiedDate":"2023-08-22"},{"lineNumber":216,"author":{"gitId":"limjunxian1"},"content":"                    printMessageBlock(output);","lastModifiedDate":"2023-08-23"},{"lineNumber":217,"author":{"gitId":"limjunxian1"},"content":"                }","lastModifiedDate":"2023-08-23"},{"lineNumber":218,"author":{"gitId":"limjunxian1"},"content":"            }","lastModifiedDate":"2023-08-23"},{"lineNumber":219,"author":{"gitId":"limjunxian1"},"content":"            catch (HelpBuddyException e) {","lastModifiedDate":"2023-08-23"},{"lineNumber":220,"author":{"gitId":"limjunxian1"},"content":"                printErrorMessage(e.getMessage());","lastModifiedDate":"2023-08-23"},{"lineNumber":221,"author":{"gitId":"limjunxian1"},"content":"            }","lastModifiedDate":"2023-08-22"},{"lineNumber":222,"author":{"gitId":"limjunxian1"},"content":"            inputMessage \u003d sc.nextLine();","lastModifiedDate":"2023-08-22"},{"lineNumber":223,"author":{"gitId":"limjunxian1"},"content":"        }","lastModifiedDate":"2023-08-22"},{"lineNumber":224,"author":{"gitId":"limjunxian1"},"content":"    }","lastModifiedDate":"2023-08-22"},{"lineNumber":225,"author":{"gitId":"limjunxian1"},"content":"}","lastModifiedDate":"2023-08-22"}],"authorContributionMap":{"limjunxian1":225}},{"path":"src/main/java/HelpBuddyException.java","fileType":"java","lines":[{"lineNumber":1,"author":{"gitId":"limjunxian1"},"content":"/**","lastModifiedDate":"2023-08-23"},{"lineNumber":2,"author":{"gitId":"limjunxian1"},"content":" * A class that handles errors for invalid inputs to HelpBuddy.","lastModifiedDate":"2023-08-23"},{"lineNumber":3,"author":{"gitId":"limjunxian1"},"content":" */","lastModifiedDate":"2023-08-23"},{"lineNumber":4,"author":{"gitId":"limjunxian1"},"content":"public class HelpBuddyException extends Exception {","lastModifiedDate":"2023-08-23"},{"lineNumber":5,"author":{"gitId":"limjunxian1"},"content":"    /**","lastModifiedDate":"2023-08-23"},{"lineNumber":6,"author":{"gitId":"limjunxian1"},"content":"     * A constructor for the HelpBuddyException.","lastModifiedDate":"2023-08-23"},{"lineNumber":7,"author":{"gitId":"limjunxian1"},"content":"     * @param message Error message to be displayed to users.","lastModifiedDate":"2023-08-23"},{"lineNumber":8,"author":{"gitId":"limjunxian1"},"content":"     */","lastModifiedDate":"2023-08-23"},{"lineNumber":9,"author":{"gitId":"limjunxian1"},"content":"    public HelpBuddyException(String message) {","lastModifiedDate":"2023-08-23"},{"lineNumber":10,"author":{"gitId":"limjunxian1"},"content":"        super(message);","lastModifiedDate":"2023-08-23"},{"lineNumber":11,"author":{"gitId":"limjunxian1"},"content":"    }","lastModifiedDate":"2023-08-23"},{"lineNumber":12,"author":{"gitId":"limjunxian1"},"content":"","lastModifiedDate":"2023-08-23"},{"lineNumber":13,"author":{"gitId":"limjunxian1"},"content":"    /**","lastModifiedDate":"2023-08-23"},{"lineNumber":14,"author":{"gitId":"limjunxian1"},"content":"     * @return The error message.","lastModifiedDate":"2023-08-23"},{"lineNumber":15,"author":{"gitId":"limjunxian1"},"content":"     */","lastModifiedDate":"2023-08-23"},{"lineNumber":16,"author":{"gitId":"limjunxian1"},"content":"    @Override","lastModifiedDate":"2023-08-23"},{"lineNumber":17,"author":{"gitId":"limjunxian1"},"content":"    public String getMessage() {","lastModifiedDate":"2023-08-23"},{"lineNumber":18,"author":{"gitId":"limjunxian1"},"content":"        return \"OOPS! \" + super.getMessage();","lastModifiedDate":"2023-08-23"},{"lineNumber":19,"author":{"gitId":"limjunxian1"},"content":"    }","lastModifiedDate":"2023-08-23"},{"lineNumber":20,"author":{"gitId":"limjunxian1"},"content":"}","lastModifiedDate":"2023-08-23"}],"authorContributionMap":{"limjunxian1":20}},{"path":"src/main/java/Main.java","fileType":"java","lines":[{"lineNumber":1,"author":{"gitId":"limjunxian1"},"content":"import java.util.Scanner;","lastModifiedDate":"2023-08-22"},{"lineNumber":2,"author":{"gitId":"limjunxian1"},"content":"","lastModifiedDate":"2023-08-22"},{"lineNumber":3,"author":{"gitId":"limjunxian1"},"content":"/**","lastModifiedDate":"2023-08-22"},{"lineNumber":4,"author":{"gitId":"limjunxian1"},"content":" * A class which runs the HelpBuddy chatbot.","lastModifiedDate":"2023-08-22"},{"lineNumber":5,"author":{"gitId":"limjunxian1"},"content":" */","lastModifiedDate":"2023-08-22"},{"lineNumber":6,"author":{"gitId":"limjunxian1"},"content":"public class Main {","lastModifiedDate":"2023-08-22"},{"lineNumber":7,"author":{"gitId":"limjunxian1"},"content":"    public static void main(String[] args) throws HelpBuddyException {","lastModifiedDate":"2023-08-23"},{"lineNumber":8,"author":{"gitId":"limjunxian1"},"content":"        /** Create a scanner to read from standard input. */","lastModifiedDate":"2023-08-22"},{"lineNumber":9,"author":{"gitId":"limjunxian1"},"content":"        Scanner sc \u003d new Scanner(System.in);","lastModifiedDate":"2023-08-22"},{"lineNumber":10,"author":{"gitId":"limjunxian1"},"content":"        /** Create a new chatbot to activate its service. */","lastModifiedDate":"2023-08-23"},{"lineNumber":11,"author":{"gitId":"limjunxian1"},"content":"        HelpBuddy chatBot \u003d new HelpBuddy();","lastModifiedDate":"2023-08-23"},{"lineNumber":12,"author":{"gitId":"limjunxian1"},"content":"        /** Chatbot will reply according to user input. */","lastModifiedDate":"2023-08-22"},{"lineNumber":13,"author":{"gitId":"limjunxian1"},"content":"        chatBot.outputMessage(sc);","lastModifiedDate":"2023-08-22"},{"lineNumber":14,"author":{"gitId":"limjunxian1"},"content":"        /** Clean up the scanner. */","lastModifiedDate":"2023-08-22"},{"lineNumber":15,"author":{"gitId":"limjunxian1"},"content":"        sc.close();","lastModifiedDate":"2023-08-22"},{"lineNumber":16,"author":{"gitId":"limjunxian1"},"content":"    }","lastModifiedDate":"2023-08-22"},{"lineNumber":17,"author":{"gitId":"limjunxian1"},"content":"}","lastModifiedDate":"2023-08-22"}],"authorContributionMap":{"limjunxian1":17}},{"path":"src/main/java/Task.java","fileType":"java","lines":[{"lineNumber":1,"author":{"gitId":"limjunxian1"},"content":"/**","lastModifiedDate":"2023-08-22"},{"lineNumber":2,"author":{"gitId":"limjunxian1"},"content":" * A class that defines task objects written by users.","lastModifiedDate":"2023-08-22"},{"lineNumber":3,"author":{"gitId":"limjunxian1"},"content":" */","lastModifiedDate":"2023-08-22"},{"lineNumber":4,"author":{"gitId":"limjunxian1"},"content":"public class Task {","lastModifiedDate":"2023-08-22"},{"lineNumber":5,"author":{"gitId":"limjunxian1"},"content":"    /** A string that indicates task name. */","lastModifiedDate":"2023-08-22"},{"lineNumber":6,"author":{"gitId":"limjunxian1"},"content":"    private String name;","lastModifiedDate":"2023-08-22"},{"lineNumber":7,"author":{"gitId":"limjunxian1"},"content":"    /** A boolean that indicates whether task is completed by user. */","lastModifiedDate":"2023-08-22"},{"lineNumber":8,"author":{"gitId":"limjunxian1"},"content":"    private boolean isDone;","lastModifiedDate":"2023-08-22"},{"lineNumber":9,"author":{"gitId":"limjunxian1"},"content":"","lastModifiedDate":"2023-08-22"},{"lineNumber":10,"author":{"gitId":"limjunxian1"},"content":"    /**","lastModifiedDate":"2023-08-22"},{"lineNumber":11,"author":{"gitId":"limjunxian1"},"content":"     * A constructor of a task object.","lastModifiedDate":"2023-08-22"},{"lineNumber":12,"author":{"gitId":"limjunxian1"},"content":"     * @param name A string that indicates task name.","lastModifiedDate":"2023-08-22"},{"lineNumber":13,"author":{"gitId":"limjunxian1"},"content":"     */","lastModifiedDate":"2023-08-22"},{"lineNumber":14,"author":{"gitId":"limjunxian1"},"content":"    public Task(String name) {","lastModifiedDate":"2023-08-22"},{"lineNumber":15,"author":{"gitId":"limjunxian1"},"content":"        this.name \u003d name;","lastModifiedDate":"2023-08-22"},{"lineNumber":16,"author":{"gitId":"limjunxian1"},"content":"        this.isDone \u003d false;","lastModifiedDate":"2023-08-22"},{"lineNumber":17,"author":{"gitId":"limjunxian1"},"content":"    }","lastModifiedDate":"2023-08-22"},{"lineNumber":18,"author":{"gitId":"limjunxian1"},"content":"","lastModifiedDate":"2023-08-22"},{"lineNumber":19,"author":{"gitId":"limjunxian1"},"content":"    /**","lastModifiedDate":"2023-08-22"},{"lineNumber":20,"author":{"gitId":"limjunxian1"},"content":"     * @return the icon status of task","lastModifiedDate":"2023-08-22"},{"lineNumber":21,"author":{"gitId":"limjunxian1"},"content":"     */","lastModifiedDate":"2023-08-22"},{"lineNumber":22,"author":{"gitId":"limjunxian1"},"content":"    public String getStatusIcon() {","lastModifiedDate":"2023-08-22"},{"lineNumber":23,"author":{"gitId":"limjunxian1"},"content":"        return (isDone ? \"X\" : \" \"); // mark done task with X","lastModifiedDate":"2023-08-22"},{"lineNumber":24,"author":{"gitId":"limjunxian1"},"content":"    }","lastModifiedDate":"2023-08-22"},{"lineNumber":25,"author":{"gitId":"limjunxian1"},"content":"","lastModifiedDate":"2023-08-22"},{"lineNumber":26,"author":{"gitId":"limjunxian1"},"content":"    /**","lastModifiedDate":"2023-08-22"},{"lineNumber":27,"author":{"gitId":"limjunxian1"},"content":"     * Updates the status of task.","lastModifiedDate":"2023-08-22"},{"lineNumber":28,"author":{"gitId":"limjunxian1"},"content":"     */","lastModifiedDate":"2023-08-22"},{"lineNumber":29,"author":{"gitId":"limjunxian1"},"content":"    public void updateDone() {","lastModifiedDate":"2023-08-22"},{"lineNumber":30,"author":{"gitId":"limjunxian1"},"content":"        this.isDone \u003d !this.isDone;","lastModifiedDate":"2023-08-22"},{"lineNumber":31,"author":{"gitId":"limjunxian1"},"content":"    }","lastModifiedDate":"2023-08-22"},{"lineNumber":32,"author":{"gitId":"limjunxian1"},"content":"","lastModifiedDate":"2023-08-22"},{"lineNumber":33,"author":{"gitId":"limjunxian1"},"content":"    /**","lastModifiedDate":"2023-08-22"},{"lineNumber":34,"author":{"gitId":"limjunxian1"},"content":"     * @return string representation of task object.","lastModifiedDate":"2023-08-22"},{"lineNumber":35,"author":{"gitId":"limjunxian1"},"content":"     */","lastModifiedDate":"2023-08-22"},{"lineNumber":36,"author":{"gitId":"limjunxian1"},"content":"    @Override","lastModifiedDate":"2023-08-22"},{"lineNumber":37,"author":{"gitId":"limjunxian1"},"content":"    public String toString() {","lastModifiedDate":"2023-08-22"},{"lineNumber":38,"author":{"gitId":"limjunxian1"},"content":"        return \"[\" + this.getStatusIcon() + \"] \" + this.name;","lastModifiedDate":"2023-08-22"},{"lineNumber":39,"author":{"gitId":"limjunxian1"},"content":"    }","lastModifiedDate":"2023-08-22"},{"lineNumber":40,"author":{"gitId":"limjunxian1"},"content":"","lastModifiedDate":"2023-08-22"},{"lineNumber":41,"author":{"gitId":"limjunxian1"},"content":"    /**","lastModifiedDate":"2023-08-22"},{"lineNumber":42,"author":{"gitId":"limjunxian1"},"content":"     *","lastModifiedDate":"2023-08-22"},{"lineNumber":43,"author":{"gitId":"limjunxian1"},"content":"     * @param obj The object that is compared against this task.","lastModifiedDate":"2023-08-22"},{"lineNumber":44,"author":{"gitId":"limjunxian1"},"content":"     * @return true if the tasks\u0027 names are equal; otherwise false.","lastModifiedDate":"2023-08-22"},{"lineNumber":45,"author":{"gitId":"limjunxian1"},"content":"     */","lastModifiedDate":"2023-08-22"},{"lineNumber":46,"author":{"gitId":"limjunxian1"},"content":"    @Override","lastModifiedDate":"2023-08-22"},{"lineNumber":47,"author":{"gitId":"limjunxian1"},"content":"    public boolean equals(Object obj) {","lastModifiedDate":"2023-08-22"},{"lineNumber":48,"author":{"gitId":"limjunxian1"},"content":"        if (obj \u003d\u003d this) {","lastModifiedDate":"2023-08-22"},{"lineNumber":49,"author":{"gitId":"limjunxian1"},"content":"            return true;","lastModifiedDate":"2023-08-22"},{"lineNumber":50,"author":{"gitId":"limjunxian1"},"content":"        }","lastModifiedDate":"2023-08-22"},{"lineNumber":51,"author":{"gitId":"limjunxian1"},"content":"","lastModifiedDate":"2023-08-22"},{"lineNumber":52,"author":{"gitId":"limjunxian1"},"content":"        if (obj instanceof Task) {","lastModifiedDate":"2023-08-22"},{"lineNumber":53,"author":{"gitId":"limjunxian1"},"content":"            Task t \u003d (Task) obj;","lastModifiedDate":"2023-08-22"},{"lineNumber":54,"author":{"gitId":"limjunxian1"},"content":"            return this.name \u003d\u003d t.name;","lastModifiedDate":"2023-08-22"},{"lineNumber":55,"author":{"gitId":"limjunxian1"},"content":"        }","lastModifiedDate":"2023-08-22"},{"lineNumber":56,"author":{"gitId":"limjunxian1"},"content":"","lastModifiedDate":"2023-08-22"},{"lineNumber":57,"author":{"gitId":"limjunxian1"},"content":"        return false;","lastModifiedDate":"2023-08-22"},{"lineNumber":58,"author":{"gitId":"limjunxian1"},"content":"    }","lastModifiedDate":"2023-08-22"},{"lineNumber":59,"author":{"gitId":"limjunxian1"},"content":"}","lastModifiedDate":"2023-08-22"}],"authorContributionMap":{"limjunxian1":59}},{"path":"src/main/java/ToDo.java","fileType":"java","lines":[{"lineNumber":1,"author":{"gitId":"limjunxian1"},"content":"/**","lastModifiedDate":"2023-08-22"},{"lineNumber":2,"author":{"gitId":"limjunxian1"},"content":" * This class is a subclass of Task which defines a todo task.","lastModifiedDate":"2023-08-22"},{"lineNumber":3,"author":{"gitId":"limjunxian1"},"content":" */","lastModifiedDate":"2023-08-22"},{"lineNumber":4,"author":{"gitId":"limjunxian1"},"content":"public class ToDo extends Task {","lastModifiedDate":"2023-08-22"},{"lineNumber":5,"author":{"gitId":"limjunxian1"},"content":"    /**","lastModifiedDate":"2023-08-22"},{"lineNumber":6,"author":{"gitId":"limjunxian1"},"content":"     * A constructor for todo task object.","lastModifiedDate":"2023-08-22"},{"lineNumber":7,"author":{"gitId":"limjunxian1"},"content":"     * @param description Name of todo task","lastModifiedDate":"2023-08-22"},{"lineNumber":8,"author":{"gitId":"limjunxian1"},"content":"     * @throws HelpBuddyException If the description is empty","lastModifiedDate":"2023-08-23"},{"lineNumber":9,"author":{"gitId":"limjunxian1"},"content":"     */","lastModifiedDate":"2023-08-22"},{"lineNumber":10,"author":{"gitId":"limjunxian1"},"content":"    public ToDo(String description) throws HelpBuddyException {","lastModifiedDate":"2023-08-23"},{"lineNumber":11,"author":{"gitId":"limjunxian1"},"content":"        super(description);","lastModifiedDate":"2023-08-22"},{"lineNumber":12,"author":{"gitId":"limjunxian1"},"content":"        if (description.isBlank()) {","lastModifiedDate":"2023-08-23"},{"lineNumber":13,"author":{"gitId":"limjunxian1"},"content":"            throw new HelpBuddyException(\"The description of a todo cannot be empty.\\n\");","lastModifiedDate":"2023-08-23"},{"lineNumber":14,"author":{"gitId":"limjunxian1"},"content":"        }","lastModifiedDate":"2023-08-23"},{"lineNumber":15,"author":{"gitId":"limjunxian1"},"content":"    }","lastModifiedDate":"2023-08-22"},{"lineNumber":16,"author":{"gitId":"limjunxian1"},"content":"","lastModifiedDate":"2023-08-22"},{"lineNumber":17,"author":{"gitId":"limjunxian1"},"content":"    /**","lastModifiedDate":"2023-08-22"},{"lineNumber":18,"author":{"gitId":"limjunxian1"},"content":"     *","lastModifiedDate":"2023-08-22"},{"lineNumber":19,"author":{"gitId":"limjunxian1"},"content":"     * @return String representation of todo task.","lastModifiedDate":"2023-08-22"},{"lineNumber":20,"author":{"gitId":"limjunxian1"},"content":"     */","lastModifiedDate":"2023-08-22"},{"lineNumber":21,"author":{"gitId":"limjunxian1"},"content":"    @Override","lastModifiedDate":"2023-08-22"},{"lineNumber":22,"author":{"gitId":"limjunxian1"},"content":"    public String toString() {","lastModifiedDate":"2023-08-22"},{"lineNumber":23,"author":{"gitId":"limjunxian1"},"content":"        return \"[T]\" + super.toString();","lastModifiedDate":"2023-08-22"},{"lineNumber":24,"author":{"gitId":"limjunxian1"},"content":"    }","lastModifiedDate":"2023-08-22"},{"lineNumber":25,"author":{"gitId":"limjunxian1"},"content":"}","lastModifiedDate":"2023-08-22"}],"authorContributionMap":{"limjunxian1":25}},{"path":"text-ui-test/input.txt","fileType":"txt","lines":[{"lineNumber":1,"author":{"gitId":"limjunxian1"},"content":"mark 1","lastModifiedDate":"2023-08-23"},{"lineNumber":2,"author":{"gitId":"limjunxian1"},"content":"list","lastModifiedDate":"2023-08-23"},{"lineNumber":3,"author":{"gitId":"limjunxian1"},"content":"todo","lastModifiedDate":"2023-08-23"},{"lineNumber":4,"author":{"gitId":"limjunxian1"},"content":"todo read book","lastModifiedDate":"2023-08-23"},{"lineNumber":5,"author":{"gitId":"limjunxian1"},"content":"deadline","lastModifiedDate":"2023-08-23"},{"lineNumber":6,"author":{"gitId":"limjunxian1"},"content":"deadline return book","lastModifiedDate":"2023-08-23"},{"lineNumber":7,"author":{"gitId":"limjunxian1"},"content":"deadline return book /on","lastModifiedDate":"2023-08-23"},{"lineNumber":8,"author":{"gitId":"limjunxian1"},"content":"deadline return book /by","lastModifiedDate":"2023-08-23"},{"lineNumber":9,"author":{"gitId":"limjunxian1"},"content":"deadline return book /by Sun","lastModifiedDate":"2023-08-23"},{"lineNumber":10,"author":{"gitId":"limjunxian1"},"content":"event","lastModifiedDate":"2023-08-23"},{"lineNumber":11,"author":{"gitId":"limjunxian1"},"content":"event meeting","lastModifiedDate":"2023-08-23"},{"lineNumber":12,"author":{"gitId":"limjunxian1"},"content":"event meeting /start 4pm /end 6pm","lastModifiedDate":"2023-08-23"},{"lineNumber":13,"author":{"gitId":"limjunxian1"},"content":"event meeting /from /to 6pm","lastModifiedDate":"2023-08-23"},{"lineNumber":14,"author":{"gitId":"limjunxian1"},"content":"event meeting /from 4pm /to","lastModifiedDate":"2023-08-23"},{"lineNumber":15,"author":{"gitId":"limjunxian1"},"content":"event meeting /from 4pm /to 6pm","lastModifiedDate":"2023-08-23"},{"lineNumber":16,"author":{"gitId":"limjunxian1"},"content":"mark","lastModifiedDate":"2023-08-23"},{"lineNumber":17,"author":{"gitId":"limjunxian1"},"content":"mark -1","lastModifiedDate":"2023-08-23"},{"lineNumber":18,"author":{"gitId":"limjunxian1"},"content":"mark 4","lastModifiedDate":"2023-08-23"},{"lineNumber":19,"author":{"gitId":"limjunxian1"},"content":"mark 1","lastModifiedDate":"2023-08-23"},{"lineNumber":20,"author":{"gitId":"limjunxian1"},"content":"list","lastModifiedDate":"2023-08-23"},{"lineNumber":21,"author":{"gitId":"limjunxian1"},"content":"mark 1","lastModifiedDate":"2023-08-23"},{"lineNumber":22,"author":{"gitId":"limjunxian1"},"content":"unmark","lastModifiedDate":"2023-08-23"},{"lineNumber":23,"author":{"gitId":"limjunxian1"},"content":"unmark 1","lastModifiedDate":"2023-08-23"},{"lineNumber":24,"author":{"gitId":"limjunxian1"},"content":"unmark 1","lastModifiedDate":"2023-08-23"},{"lineNumber":25,"author":{"gitId":"limjunxian1"},"content":"delete","lastModifiedDate":"2023-08-23"},{"lineNumber":26,"author":{"gitId":"limjunxian1"},"content":"delete -1","lastModifiedDate":"2023-08-23"},{"lineNumber":27,"author":{"gitId":"limjunxian1"},"content":"delete 4","lastModifiedDate":"2023-08-23"},{"lineNumber":28,"author":{"gitId":"limjunxian1"},"content":"delete 1","lastModifiedDate":"2023-08-23"},{"lineNumber":29,"author":{"gitId":"limjunxian1"},"content":"list","lastModifiedDate":"2023-08-23"},{"lineNumber":30,"author":{"gitId":"limjunxian1"},"content":"bye","lastModifiedDate":"2023-08-23"}],"authorContributionMap":{"limjunxian1":30}},{"path":"text-ui-test/runtest.bat","fileType":"bat","lines":[{"lineNumber":1,"author":{"gitId":"-"},"content":"@ECHO OFF","lastModifiedDate":"2020-05-25"},{"lineNumber":2,"author":{"gitId":"-"},"content":"","lastModifiedDate":"2020-05-25"},{"lineNumber":3,"author":{"gitId":"-"},"content":"REM create bin directory if it doesn\u0027t exist","lastModifiedDate":"2020-05-25"},{"lineNumber":4,"author":{"gitId":"-"},"content":"if not exist ..\\bin mkdir ..\\bin","lastModifiedDate":"2020-05-25"},{"lineNumber":5,"author":{"gitId":"-"},"content":"","lastModifiedDate":"2020-05-25"},{"lineNumber":6,"author":{"gitId":"-"},"content":"REM delete output from previous run","lastModifiedDate":"2020-05-25"},{"lineNumber":7,"author":{"gitId":"-"},"content":"if exist ACTUAL.TXT del ACTUAL.TXT","lastModifiedDate":"2020-08-25"},{"lineNumber":8,"author":{"gitId":"-"},"content":"","lastModifiedDate":"2020-05-25"},{"lineNumber":9,"author":{"gitId":"-"},"content":"REM compile the code into the bin folder","lastModifiedDate":"2020-05-25"},{"lineNumber":10,"author":{"gitId":"-"},"content":"javac  -cp ..\\src\\main\\java -Xlint:none -d ..\\bin ..\\src\\main\\java\\*.java","lastModifiedDate":"2020-08-25"},{"lineNumber":11,"author":{"gitId":"-"},"content":"IF ERRORLEVEL 1 (","lastModifiedDate":"2020-05-25"},{"lineNumber":12,"author":{"gitId":"-"},"content":"    echo ********** BUILD FAILURE **********","lastModifiedDate":"2020-05-25"},{"lineNumber":13,"author":{"gitId":"-"},"content":"    exit /b 1","lastModifiedDate":"2020-05-25"},{"lineNumber":14,"author":{"gitId":"-"},"content":")","lastModifiedDate":"2020-05-25"},{"lineNumber":15,"author":{"gitId":"-"},"content":"REM no error here, errorlevel \u003d\u003d 0","lastModifiedDate":"2020-05-25"},{"lineNumber":16,"author":{"gitId":"-"},"content":"","lastModifiedDate":"2020-05-25"},{"lineNumber":17,"author":{"gitId":"-"},"content":"REM run the program, feed commands from input.txt file and redirect the output to the ACTUAL.TXT","lastModifiedDate":"2020-05-25"},{"lineNumber":18,"author":{"gitId":"limjunxian1"},"content":"java -classpath ..\\bin Main \u003c input.txt \u003e ACTUAL.TXT","lastModifiedDate":"2023-08-23"},{"lineNumber":19,"author":{"gitId":"-"},"content":"","lastModifiedDate":"2020-05-25"},{"lineNumber":20,"author":{"gitId":"-"},"content":"REM compare the output to the expected output","lastModifiedDate":"2020-05-25"},{"lineNumber":21,"author":{"gitId":"-"},"content":"FC ACTUAL.TXT EXPECTED.TXT","lastModifiedDate":"2020-05-25"}],"authorContributionMap":{"limjunxian1":1,"-":20}}]
