{"authorDailyContributionsMap":{"spatuly":[{"date":"2023-08-24","commitResults":[{"hash":"3e748224c9ccc7ce8b129454424f0e8d694de1ff","isMergeCommit":false,"messageTitle":"Level-0","messageBody":"","fileTypesAndContributionMap":{"java":{"insertions":3,"deletions":6}}},{"hash":"d31476098c3311a68a104598df4b2655101899f8","isMergeCommit":false,"messageTitle":"Level-0 v2 New Name","messageBody":"","tags":["Level-0"],"fileTypesAndContributionMap":{"java":{"insertions":1,"deletions":1}}},{"hash":"55531712385295d7a9c51d04b9629e996a134abc","isMergeCommit":false,"messageTitle":"Level-1","messageBody":"","tags":["Level-1"],"fileTypesAndContributionMap":{"java":{"insertions":28,"deletions":3}}},{"hash":"9661dc860645b48a7c9f5301bf924559d4ec85f9","isMergeCommit":false,"messageTitle":"Level-2","messageBody":"","tags":["Level-2"],"fileTypesAndContributionMap":{"java":{"insertions":22,"deletions":3}}},{"hash":"c978289e4855b64d010a2a2a84c76730995c289b","isMergeCommit":false,"messageTitle":"Level-3","messageBody":"","tags":["Level-3"],"fileTypesAndContributionMap":{"java":{"insertions":75,"deletions":6}}},{"hash":"e303e4f16da2d37f25c167f243c5a1cac58a791b","isMergeCommit":false,"messageTitle":"Level-4","messageBody":"","tags":["Level-4"],"fileTypesAndContributionMap":{"java":{"insertions":92,"deletions":4}}},{"hash":"4f4d498a9925929de35a4cb4dc75e1fc22299250","isMergeCommit":false,"messageTitle":"A-TextUiTesting","messageBody":"","tags":["A-TextUiTesting"],"fileTypesAndContributionMap":{"txt":{"insertions":12,"deletions":0}}},{"hash":"837305314d153bbc7a3b8c93a1d0b4a46976fae4","isMergeCommit":false,"messageTitle":"Level-5","messageBody":"","tags":["Level-5"],"fileTypesAndContributionMap":{"java":{"insertions":81,"deletions":28}}},{"hash":"85b012d4b540b546fad0907d5e10c067c43c8199","isMergeCommit":false,"messageTitle":"Level-6","messageBody":"","tags":["Level-6"],"fileTypesAndContributionMap":{"txt":{"insertions":3,"deletions":0},"java":{"insertions":58,"deletions":13}}}]},{"date":"2023-09-01","commitResults":[{"hash":"61ba22bf32f452c20b82ffc7eb0ebdb030b11c31","isMergeCommit":false,"messageTitle":"Implement saving and loading tasks","messageBody":"","fileTypesAndContributionMap":{"txt":{"insertions":4,"deletions":0},"java":{"insertions":142,"deletions":14}}},{"hash":"e84feed57beac561044a33767b48599302e0d2f6","isMergeCommit":true,"messageTitle":"Merge branch \u0027branch-Level-7\u0027","messageBody":"","tags":["Level-7"],"fileTypesAndContributionMap":{}}]},{"date":"2023-09-02","commitResults":[{"hash":"2ed6fdfa01a8e82df54340163179db55ceec7135","isMergeCommit":false,"messageTitle":"Implement LocalDateTime in Deadline and Event tasks","messageBody":"","fileTypesAndContributionMap":{"txt":{"insertions":0,"deletions":4},"java":{"insertions":88,"deletions":52}}},{"hash":"9741574cd839941a8003744b332c341c67831a18","isMergeCommit":true,"messageTitle":"Merge branch \u0027branch-Level-8\u0027","messageBody":"","tags":["Level-8"],"fileTypesAndContributionMap":{}},{"hash":"baed97eabad8ddeb92b81a572986343af39847da","isMergeCommit":false,"messageTitle":"Integrate OOP principles","messageBody":"","tags":["A-MoreOOP"],"fileTypesAndContributionMap":{"txt":{"insertions":2,"deletions":0},"java":{"insertions":289,"deletions":199}}},{"hash":"6d93fea6184f59d39348a0eea0a6acb414213c2a","isMergeCommit":false,"messageTitle":"Put all classes into one package","messageBody":"","tags":["A-Packages"],"fileTypesAndContributionMap":{"txt":{"insertions":0,"deletions":2},"java":{"insertions":37,"deletions":3}}}]}]},"authorFileTypeContributionMap":{"spatuly":{"java":591,"md":0,"fxml":0,"sh":0,"bat":0,"gradle":0,"txt":15}},"authorContributionVariance":{"spatuly":35855.965},"authorDisplayNameMap":{"spatuly":"CS2103T-T09-4 TAN ..IYAN"}}
