{"authorDailyContributionsMap":{"awhb":[{"date":"2023-08-23","commitResults":[{"hash":"e3c248c809987c4488f6c9d74abe2ff31c882eec","isMergeCommit":false,"messageTitle":"Week 2 - Duke Level-0","messageBody":"","tags":["Level-0"],"fileTypesAndContributionMap":{"java":{"insertions":9,"deletions":10}}},{"hash":"7d9be1ea5e7c67c3965a59d533b354f58f523bc4","isMergeCommit":false,"messageTitle":"Week 2 - Duke Level-1","messageBody":"","tags":["Level-1"],"fileTypesAndContributionMap":{"java":{"insertions":12,"deletions":1}}},{"hash":"dd92c27076aa6d5417d31ac1e252ce499737a19f","isMergeCommit":false,"messageTitle":"Week 2 - Duke Level-2","messageBody":"","tags":["Level-2"],"fileTypesAndContributionMap":{"java":{"insertions":10,"deletions":1}}},{"hash":"2c64fc6ebb90d155c03e8ac116f01f9da23d2608","isMergeCommit":false,"messageTitle":"Week 2 - Duke Level-3","messageBody":"","tags":["Level-3"],"fileTypesAndContributionMap":{"java":{"insertions":84,"deletions":21}}},{"hash":"594de9b258c1dc2793a6f033fe9e7e88ad07ebc8","isMergeCommit":false,"messageTitle":"Week 2 - Duke Level-4","messageBody":"","tags":["Level-4"],"fileTypesAndContributionMap":{"java":{"insertions":81,"deletions":10}}}]},{"date":"2023-08-24","commitResults":[{"hash":"c26706f0fb201999981a04ab8fffeea475f4d934","isMergeCommit":false,"messageTitle":"Week 2 - Duke A-TextUiTesting","messageBody":"","tags":["A-TextUiTesting"],"fileTypesAndContributionMap":{"txt":{"insertions":9,"deletions":0},"java":{"insertions":1,"deletions":1},"sh":{"insertions":1,"deletions":1}}},{"hash":"5cc3a9e3884bd9517655cf80a39cd8ae203de6d0","isMergeCommit":false,"messageTitle":"Week 2 - Duke Level-5","messageBody":"","tags":["Level-5"],"fileTypesAndContributionMap":{"java":{"insertions":128,"deletions":58}}},{"hash":"e1d75e39aaccbc6dedd289b224ca5c479507d026","isMergeCommit":false,"messageTitle":"Week 2 - Duke Level-6","messageBody":"","tags":["Level-6"],"fileTypesAndContributionMap":{"java":{"insertions":18,"deletions":2}}},{"hash":"cc4fc2891773ebee164c469f0693e8d8398c3fd6","isMergeCommit":false,"messageTitle":"Week 2 - A-Enums","messageBody":"","tags":["A-Enums"],"fileTypesAndContributionMap":{"java":{"insertions":142,"deletions":138}}}]},{"date":"2023-08-31","commitResults":[{"hash":"0cafbd0b3eb63f8671b573f5f2a69aeea81738df","isMergeCommit":false,"messageTitle":"Week 3 - Duke Level-7","messageBody":"","tags":["Level-7"],"fileTypesAndContributionMap":{"txt":{"insertions":10,"deletions":0},"java":{"insertions":111,"deletions":4}}}]},{"date":"2023-09-01","commitResults":[{"hash":"723f8efd192dca893dd35fce78f1e29dd95870cd","isMergeCommit":true,"messageTitle":"Merge branch \u0027branch-Level-7\u0027","messageBody":"","fileTypesAndContributionMap":{}},{"hash":"831d007473ec2adcb516716989b59540a3edbe57","isMergeCommit":false,"messageTitle":"Week 3 - Duke Level-8","messageBody":"","tags":["Level-8"],"fileTypesAndContributionMap":{"txt":{"insertions":4,"deletions":9},"java":{"insertions":41,"deletions":13}}},{"hash":"b25c8f5db03415d4d73d77a55d74f12da089504f","isMergeCommit":true,"messageTitle":"Merge branch \u0027branch-Level-8\u0027","messageBody":"","fileTypesAndContributionMap":{}},{"hash":"6bb26d5db1922a18aa409d0468071f7572a9f9e0","isMergeCommit":false,"messageTitle":"Duke A-MoreOOP","messageBody":"","fileTypesAndContributionMap":{"java":{"insertions":10,"deletions":0}}},{"hash":"f3f6f1d780efcd7a822e20e3c8d1a7fbf63a09cb","isMergeCommit":false,"messageTitle":"Week 3 - Duke A-MoreOOP","messageBody":"","tags":["A-MoreOOP"],"fileTypesAndContributionMap":{"java":{"insertions":300,"deletions":180}}},{"hash":"ba58c376ed0e793fd62bfd1a151cb19dd42674a9","isMergeCommit":true,"messageTitle":"Merge branch \u0027add-gradle-support\u0027","messageBody":"","fileTypesAndContributionMap":{}},{"hash":"f0742d3dceb32864136060895a7a65c10854e695","isMergeCommit":false,"messageTitle":"Week 3 - Duke A-Gradle","messageBody":"","tags":["A-Packages","A-Gradle"],"fileTypesAndContributionMap":{"gradle":{"insertions":3,"deletions":2},"java":{"insertions":15,"deletions":16},"sh":{"insertions":1,"deletions":1}}},{"hash":"824209000bf69b55aa70c10dca8881c251e61bb3","isMergeCommit":false,"messageTitle":"Week 3 - A-JUnit","messageBody":"","tags":["A-JUnit"],"fileTypesAndContributionMap":{"gradle":{"insertions":1,"deletions":1},"java":{"insertions":55,"deletions":1}}},{"hash":"21c669543b493d7caf47363b5cf99c23aad4bd40","isMergeCommit":false,"messageTitle":"Week 3 - Duke A-JavaDoc","messageBody":"","tags":["A-JavaDoc"],"fileTypesAndContributionMap":{"java":{"insertions":127,"deletions":50}}},{"hash":"7e5ad642aa33d0a93d7c332f62434597932786de","isMergeCommit":false,"messageTitle":"Week 3 - Duke A-CodingStandard","messageBody":"","tags":["A-CodingStandard"],"fileTypesAndContributionMap":{"java":{"insertions":6,"deletions":6}}},{"hash":"85bd868a57983f2d89b1e13827692ab5c2db91db","isMergeCommit":false,"messageTitle":"Week 3 - Duke Level-9","messageBody":"","tags":["Level-9"],"fileTypesAndContributionMap":{"java":{"insertions":20,"deletions":1}}},{"hash":"9acc8f088b1460bde008a6832ea91913e36a795b","isMergeCommit":true,"messageTitle":"Merge branch \u0027branch-A-JavaDoc\u0027","messageBody":"","fileTypesAndContributionMap":{}},{"hash":"57db60b8a16c83e448c3375cbe24ab10a55539a1","isMergeCommit":true,"messageTitle":"Merge branch \u0027branch-A-CodingStandard\u0027","messageBody":"","fileTypesAndContributionMap":{}},{"hash":"f1ebf32c61bab10129c8dbae4fc2717201e12e26","isMergeCommit":true,"messageTitle":"Merge branch \u0027branch-Level-9\u0027","messageBody":"","fileTypesAndContributionMap":{}}]}]},"authorFileTypeContributionMap":{"awhb":{"java":667,"md":0,"fxml":0,"sh":2,"bat":0,"gradle":3,"txt":14}},"authorContributionVariance":{"awhb":57860.734},"authorDisplayNameMap":{"awhb":"CS2103T-T08-2 AW H.. BIN"}}
