{"authorDailyContributionsMap":{"kwangthiag":[{"date":"2023-08-24","commitResults":[{"hash":"1d54df59f55480f26d52b4128c76259d8b5c9a2d","isMergeCommit":false,"messageTitle":"l0 done","messageBody":"","tags":["Level-0"],"fileTypesAndContributionMap":{"java":{"insertions":6,"deletions":6}}},{"hash":"4d24671febcf1905cffd325928d24001e9815dd5","isMergeCommit":false,"messageTitle":"l1 done","messageBody":"","fileTypesAndContributionMap":{"java":{"insertions":20,"deletions":1}}},{"hash":"70d92cd6d5a1dbdfe9118202378d07b015f56d52","isMergeCommit":false,"messageTitle":"l1 done","messageBody":"","fileTypesAndContributionMap":{"java":{"insertions":29,"deletions":12}}},{"hash":"bf1ef67c761d772d43ef98d90c9ea5c9155fc644","isMergeCommit":false,"messageTitle":"l1 done","messageBody":"","tags":["Level-1"],"fileTypesAndContributionMap":{"java":{"insertions":1,"deletions":1}}},{"hash":"5f1b21b72cef30812978defa9c75f81ab0645b18","isMergeCommit":false,"messageTitle":"l2 done","messageBody":"","tags":["Level-2"],"fileTypesAndContributionMap":{"java":{"insertions":18,"deletions":6}}},{"hash":"28435ca9a0f922cd92df439bff267dd5504b7945","isMergeCommit":false,"messageTitle":"l3 done","messageBody":"","tags":["Level-3"],"fileTypesAndContributionMap":{"java":{"insertions":42,"deletions":2}}},{"hash":"cd7f53ebbbc2f7926fe3afd163c53cb5833bfe78","isMergeCommit":false,"messageTitle":"l3 done","messageBody":"","fileTypesAndContributionMap":{"java":{"insertions":8,"deletions":0}}},{"hash":"832574c9246b6f03f5e90f32aef229df0e3b3293","isMergeCommit":false,"messageTitle":"l4 done","messageBody":"","tags":["Level-4"],"fileTypesAndContributionMap":{"java":{"insertions":96,"deletions":35}}},{"hash":"1160f9ec5332a485d2ce603e56e365efe8fc788c","isMergeCommit":false,"messageTitle":"atextuitesting  done","messageBody":"","tags":["A-TextUiTesting"],"fileTypesAndContributionMap":{"txt":{"insertions":4,"deletions":0},"java":{"insertions":1,"deletions":0}}},{"hash":"be69c8db0e4c8c511d13e4b79c37100cf2151469","isMergeCommit":false,"messageTitle":"l5 done","messageBody":"","tags":["Level-5"],"fileTypesAndContributionMap":{"txt":{"insertions":2,"deletions":4},"java":{"insertions":62,"deletions":23}}},{"hash":"abe8ba7eeb0d4f742d67b789a02e8506630acf56","isMergeCommit":false,"messageTitle":"l6 done","messageBody":"","tags":["Level-6"],"fileTypesAndContributionMap":{"txt":{"insertions":3,"deletions":2},"java":{"insertions":11,"deletions":1}}}]},{"date":"2023-08-30","commitResults":[{"hash":"06a26f73b3bd561d25cb9b87ed6537ddbabc6ea8","isMergeCommit":false,"messageTitle":"Added Save function","messageBody":"","fileTypesAndContributionMap":{"txt":{"insertions":0,"deletions":0}}},{"hash":"ef2cccfb6dc6dda1571225a6fcfc7ba278258483","isMergeCommit":false,"messageTitle":"Added Save function","messageBody":"","fileTypesAndContributionMap":{"txt":{"insertions":2,"deletions":0},"java":{"insertions":82,"deletions":21}}},{"hash":"59cd1f08df805071295f6254af2ddfb5f1efd282","isMergeCommit":true,"messageTitle":"Merge branch \u0027branch-level-7\u0027","messageBody":"","tags":["Level-7"],"fileTypesAndContributionMap":{}},{"hash":"6de85de2c07511614bfe9853b93e2035975c0975","isMergeCommit":false,"messageTitle":"Fixed Error Handling and added Date and Time support","messageBody":"","fileTypesAndContributionMap":{"txt":{"insertions":1,"deletions":2},"java":{"insertions":96,"deletions":28}}},{"hash":"f4caefc6763667eacb8f32e06f20f4059f182a0b","isMergeCommit":true,"messageTitle":"Merge branch-Level-8","messageBody":"","tags":["Level-8"],"fileTypesAndContributionMap":{}},{"hash":"cc10ee6d57772086d4601e8cf1a8a2cd60245384","isMergeCommit":false,"messageTitle":"Added OOP","messageBody":"","tags":["A-MoreOOP"],"fileTypesAndContributionMap":{"java":{"insertions":253,"deletions":134}}},{"hash":"2bd0094784672775a66dfeda8e43f0b411618776","isMergeCommit":false,"messageTitle":"Added OOP","messageBody":"","fileTypesAndContributionMap":{"txt":{"insertions":12,"deletions":4},"java":{"insertions":185,"deletions":142}}},{"hash":"900d821a78488b41b11e4e5ba2a0b508628c2e3f","isMergeCommit":true,"messageTitle":"Merge branch-AOOP","messageBody":"","fileTypesAndContributionMap":{}}]},{"date":"2023-08-31","commitResults":[{"hash":"3ec718ad55012f4f30fd3c5cb7523776f5cc7d74","isMergeCommit":false,"messageTitle":"Added packages","messageBody":"","tags":["A-Packages"],"fileTypesAndContributionMap":{"java":{"insertions":51,"deletions":15},"bat":{"insertions":1,"deletions":1},"md":{"insertions":2,"deletions":2}}},{"hash":"a245beb8ef461e3bf69d3a2e3fb47cc8f0e58cb1","isMergeCommit":true,"messageTitle":"Merge branch-Package","messageBody":"","fileTypesAndContributionMap":{}},{"hash":"2011dca18cc9f5c7b1e51423ec71573a587f0303","isMergeCommit":true,"messageTitle":"Merge remote-tracking branch \u0027origin/add-gradle-support\u0027","messageBody":"","tags":["A-Gradle"],"fileTypesAndContributionMap":{}},{"hash":"574787d26a60dd84d9c42edc9f013d446c02ef61","isMergeCommit":false,"messageTitle":"JUnit Tests Added","messageBody":"","tags":["A-Jar","A-JUnit"],"fileTypesAndContributionMap":{"gradle":{"insertions":1,"deletions":0},"java":{"insertions":81,"deletions":2}}},{"hash":"634b279cd63b9d3f316f86b5a5a046a44ba7c214","isMergeCommit":false,"messageTitle":"Fixed Coding standards","messageBody":"","tags":["A-CodingStandard"],"fileTypesAndContributionMap":{"java":{"insertions":379,"deletions":79}}},{"hash":"1cd344175914deb071310bab5c42f81bd300cb54","isMergeCommit":false,"messageTitle":"Added Find","messageBody":"","tags":["Level-9"],"fileTypesAndContributionMap":{"txt":{"insertions":3,"deletions":3},"java":{"insertions":70,"deletions":0}}},{"hash":"6a423e06e2da9c6c2529c1cad81c8fcd1868afbd","isMergeCommit":true,"messageTitle":"Merge branch \u0027branch-Level-9\u0027","messageBody":"","fileTypesAndContributionMap":{}},{"hash":"1e16b7cc47259979edf8742301ad1c957520a539","isMergeCommit":true,"messageTitle":"Deconflicted the merges","messageBody":"","fileTypesAndContributionMap":{}},{"hash":"ccaaaaa99df953a1081da357adc679aed61ec578","isMergeCommit":false,"messageTitle":"Fixed find and some conflicts","messageBody":"","fileTypesAndContributionMap":{"txt":{"insertions":3,"deletions":2},"java":{"insertions":8,"deletions":29}}}]},{"date":"2023-09-08","commitResults":[{"hash":"cacca6ed1616c10fb70ca08195357d70d89e5baa","isMergeCommit":false,"messageTitle":"Added GUI Support","messageBody":"","fileTypesAndContributionMap":{"fxml":{"insertions":28,"deletions":0},"java":{"insertions":8,"deletions":0}}},{"hash":"40b5b5a9180a9f303706f275f5eef6a6b07992bd","isMergeCommit":false,"messageTitle":"Added GUI Support","messageBody":"","fileTypesAndContributionMap":{"gradle":{"insertions":15,"deletions":0},"txt":{"insertions":2,"deletions":2},"fxml":{"insertions":29,"deletions":22},"java":{"insertions":265,"deletions":73}}},{"hash":"50264f829105fca460b8c6e6895b3657e97e333e","isMergeCommit":true,"messageTitle":"Merge tag \u0027branch-Level-10\u0027","messageBody":"","tags":["Level-10"],"fileTypesAndContributionMap":{}}]},{"date":"2023-09-16","commitResults":[{"hash":"48525c26a8e57057177b50e1997645d522d67fc3","isMergeCommit":false,"messageTitle":"Add assertions.","messageBody":"Add assert.isRunning to exit method in Duke.java.\n","tags":["A-Assertions"],"fileTypesAndContributionMap":{"java":{"insertions":4,"deletions":0}}},{"hash":"e93f072677c65b338fcdbc3e1a92d2b57ac35e0a","isMergeCommit":true,"messageTitle":"Merge pull request #2 from kwangthiag/branch-A-Assertions","messageBody":"Add assertions.","fileTypesAndContributionMap":{}},{"hash":"a2277ecc7c6a808615f9f7636a5da0880bf510b0","isMergeCommit":false,"messageTitle":"Fix Code Quality","messageBody":"Abstract out addToList method in Task.java into addTodo, addEvent and\naddDeadline methods. Change boolean name done to isDone\n","fileTypesAndContributionMap":{"gradle":{"insertions":2,"deletions":1},"java":{"insertions":54,"deletions":51}}},{"hash":"bd2e08365f8cf40e5364e583bf25fb5bd575e0e8","isMergeCommit":false,"messageTitle":"Fix Code Quality","messageBody":"Abstract out addToList method in Task.java into addTodo, addEvent and addDeadline methods. Change boolean name done to isDone\n","tags":["A-FullCommitMessage","A-CodeQuality"],"fileTypesAndContributionMap":{"gradle":{"insertions":1,"deletions":2}}},{"hash":"b1ca3bc7fb6094ad661dce52d3a50824b0ccff91","isMergeCommit":true,"messageTitle":"Merge pull request #3 from kwangthiag/branch-A-CodeQuality","messageBody":"Fix Code Quality","fileTypesAndContributionMap":{}}]},{"date":"2023-09-17","commitResults":[{"hash":"93ca051fb0d1bae0b5b49e2ac37a8ff4eb611dda","isMergeCommit":false,"messageTitle":"Add Detect Duplicate Support","messageBody":"","tags":["BCD-Extension"],"fileTypesAndContributionMap":{"java":{"insertions":24,"deletions":0}}},{"hash":"d2079305f2ecc2be97a3d7d2a06c97a86fc240f0","isMergeCommit":true,"messageTitle":"Merge pull request #4 from kwangthiag/branch-C-DetectDuplicates","messageBody":"Add Detect Duplicate Support","fileTypesAndContributionMap":{}}]},{"date":"2023-09-22","commitResults":[{"hash":"e32ecf628c4c2e3213c311737d5e633026a2c04b","isMergeCommit":false,"messageTitle":"Add User Guide and ui.png","messageBody":"","tags":["A-UserGuide"],"fileTypesAndContributionMap":{"md":{"insertions":128,"deletions":14}}},{"hash":"bb63b00fb78683c55c8d299e853022a3aca3c95e","isMergeCommit":true,"messageTitle":"Merge branch \u0027master\u0027 of https://github.com/kwangthiag/ip","messageBody":"","tags":["A-Release"],"fileTypesAndContributionMap":{}},{"hash":"a88793ee1280f2552b2090371228df7983536f01","isMergeCommit":false,"messageTitle":"Fix Ui.png","messageBody":"","fileTypesAndContributionMap":{"gradle":{"insertions":3,"deletions":2}}}]}]},"authorFileTypeContributionMap":{"kwangthiag":{"java":1212,"md":127,"fxml":35,"sh":0,"bat":1,"gradle":19,"txt":12}},"authorContributionVariance":{"kwangthiag":45270.29},"authorDisplayNameMap":{"kwangthiag":"CS2103T-T08-4 TAN ..HIAG"}}
