[{"path":"src/main/java/Actions.java","fileType":"java","lines":[{"lineNumber":1,"author":{"gitId":"RB9823"},"content":"import java.util.ArrayList;","lastModifiedDate":"2023-08-21"},{"lineNumber":2,"author":{"gitId":"RB9823"},"content":"import java.util.List;","lastModifiedDate":"2023-08-24"},{"lineNumber":3,"author":{"gitId":"RB9823"},"content":"","lastModifiedDate":"2023-08-21"},{"lineNumber":4,"author":{"gitId":"RB9823"},"content":"public class Actions {","lastModifiedDate":"2023-08-21"},{"lineNumber":5,"author":{"gitId":"RB9823"},"content":"    private final ArrayList\u003cTask\u003e actions \u003d new ArrayList\u003c\u003e();","lastModifiedDate":"2023-08-23"},{"lineNumber":6,"author":{"gitId":"RB9823"},"content":"","lastModifiedDate":"2023-08-24"},{"lineNumber":7,"author":{"gitId":"RB9823"},"content":"    public void add(Task input) {","lastModifiedDate":"2023-08-24"},{"lineNumber":8,"author":{"gitId":"RB9823"},"content":"        actions.add(input);","lastModifiedDate":"2023-08-24"},{"lineNumber":9,"author":{"gitId":"RB9823"},"content":"    }","lastModifiedDate":"2023-08-21"},{"lineNumber":10,"author":{"gitId":"RB9823"},"content":"","lastModifiedDate":"2023-08-24"},{"lineNumber":11,"author":{"gitId":"RB9823"},"content":"    public void add(List\u003cTask\u003e tasks) {","lastModifiedDate":"2023-09-02"},{"lineNumber":12,"author":{"gitId":"RB9823"},"content":"        actions.addAll(tasks);","lastModifiedDate":"2023-09-02"},{"lineNumber":13,"author":{"gitId":"RB9823"},"content":"    }","lastModifiedDate":"2023-09-02"},{"lineNumber":14,"author":{"gitId":"RB9823"},"content":"","lastModifiedDate":"2023-09-02"},{"lineNumber":15,"author":{"gitId":"RB9823"},"content":"    public ArrayList\u003cTask\u003e list() {","lastModifiedDate":"2023-08-23"},{"lineNumber":16,"author":{"gitId":"RB9823"},"content":"        return actions;","lastModifiedDate":"2023-08-21"},{"lineNumber":17,"author":{"gitId":"RB9823"},"content":"    }","lastModifiedDate":"2023-08-21"},{"lineNumber":18,"author":{"gitId":"RB9823"},"content":"","lastModifiedDate":"2023-08-24"},{"lineNumber":19,"author":{"gitId":"RB9823"},"content":"    public String stringList() {","lastModifiedDate":"2023-08-23"},{"lineNumber":20,"author":{"gitId":"RB9823"},"content":"        List\u003cString\u003e formattedTasks \u003d new ArrayList\u003c\u003e();","lastModifiedDate":"2023-08-24"},{"lineNumber":21,"author":{"gitId":"RB9823"},"content":"        for (int i \u003d 0; i \u003c actions.size(); i++) {","lastModifiedDate":"2023-08-24"},{"lineNumber":22,"author":{"gitId":"RB9823"},"content":"            String formattedIndex \u003d String.format(\"%2d\", i + 1);","lastModifiedDate":"2023-08-24"},{"lineNumber":23,"author":{"gitId":"RB9823"},"content":"            formattedTasks.add(formattedIndex + \". \" + actions.get(i));","lastModifiedDate":"2023-08-24"},{"lineNumber":24,"author":{"gitId":"RB9823"},"content":"        } return String.join(\"\\n\", formattedTasks);","lastModifiedDate":"2023-08-24"},{"lineNumber":25,"author":{"gitId":"RB9823"},"content":"    }","lastModifiedDate":"2023-08-23"},{"lineNumber":26,"author":{"gitId":"RB9823"},"content":"","lastModifiedDate":"2023-08-24"},{"lineNumber":27,"author":{"gitId":"RB9823"},"content":"    public Task getAction(int idx) throws DukeException {","lastModifiedDate":"2023-08-24"},{"lineNumber":28,"author":{"gitId":"RB9823"},"content":"        if (idx \u003c actions.size() \u0026\u0026 idx \u003e -1) {","lastModifiedDate":"2023-08-24"},{"lineNumber":29,"author":{"gitId":"RB9823"},"content":"            return actions.get(idx);","lastModifiedDate":"2023-08-23"},{"lineNumber":30,"author":{"gitId":"RB9823"},"content":"        } throw new DukeException(\" Task number invalid; please re-examine input.\");","lastModifiedDate":"2023-08-24"},{"lineNumber":31,"author":{"gitId":"RB9823"},"content":"    }","lastModifiedDate":"2023-08-23"},{"lineNumber":32,"author":{"gitId":"RB9823"},"content":"","lastModifiedDate":"2023-08-24"},{"lineNumber":33,"author":{"gitId":"RB9823"},"content":"    public Task mark(int idx) throws DukeException {","lastModifiedDate":"2023-08-24"},{"lineNumber":34,"author":{"gitId":"RB9823"},"content":"        Task toMark \u003d getAction(idx);","lastModifiedDate":"2023-08-24"},{"lineNumber":35,"author":{"gitId":"RB9823"},"content":"        toMark.markAsDone();","lastModifiedDate":"2023-08-24"},{"lineNumber":36,"author":{"gitId":"RB9823"},"content":"        return toMark;","lastModifiedDate":"2023-08-24"},{"lineNumber":37,"author":{"gitId":"RB9823"},"content":"    }","lastModifiedDate":"2023-08-23"},{"lineNumber":38,"author":{"gitId":"RB9823"},"content":"","lastModifiedDate":"2023-08-24"},{"lineNumber":39,"author":{"gitId":"RB9823"},"content":"    public Task unmark(int idx) throws DukeException {","lastModifiedDate":"2023-08-24"},{"lineNumber":40,"author":{"gitId":"RB9823"},"content":"        Task toUnmark \u003d getAction(idx);","lastModifiedDate":"2023-08-24"},{"lineNumber":41,"author":{"gitId":"RB9823"},"content":"        toUnmark.markAsDone();","lastModifiedDate":"2023-08-24"},{"lineNumber":42,"author":{"gitId":"RB9823"},"content":"        return toUnmark;","lastModifiedDate":"2023-08-24"},{"lineNumber":43,"author":{"gitId":"RB9823"},"content":"    }","lastModifiedDate":"2023-08-23"},{"lineNumber":44,"author":{"gitId":"RB9823"},"content":"","lastModifiedDate":"2023-08-24"},{"lineNumber":45,"author":{"gitId":"RB9823"},"content":"    public int size(){","lastModifiedDate":"2023-08-24"},{"lineNumber":46,"author":{"gitId":"RB9823"},"content":"        return actions.size();","lastModifiedDate":"2023-08-24"},{"lineNumber":47,"author":{"gitId":"RB9823"},"content":"    }","lastModifiedDate":"2023-08-24"},{"lineNumber":48,"author":{"gitId":"RB9823"},"content":"","lastModifiedDate":"2023-08-24"},{"lineNumber":49,"author":{"gitId":"RB9823"},"content":"    public Task delete(int idx) throws DukeException{","lastModifiedDate":"2023-08-24"},{"lineNumber":50,"author":{"gitId":"RB9823"},"content":"        getAction(idx);","lastModifiedDate":"2023-08-24"},{"lineNumber":51,"author":{"gitId":"RB9823"},"content":"        return actions.remove(idx);","lastModifiedDate":"2023-08-24"},{"lineNumber":52,"author":{"gitId":"RB9823"},"content":"    }","lastModifiedDate":"2023-08-24"},{"lineNumber":53,"author":{"gitId":"RB9823"},"content":"}","lastModifiedDate":"2023-08-21"}],"authorContributionMap":{"RB9823":53}},{"path":"src/main/java/Deadline.java","fileType":"java","lines":[{"lineNumber":1,"author":{"gitId":"RB9823"},"content":"public class Deadline extends Task {","lastModifiedDate":"2023-08-24"},{"lineNumber":2,"author":{"gitId":"RB9823"},"content":"    protected String by;","lastModifiedDate":"2023-08-24"},{"lineNumber":3,"author":{"gitId":"RB9823"},"content":"    public Deadline(String description, String by) {","lastModifiedDate":"2023-08-24"},{"lineNumber":4,"author":{"gitId":"RB9823"},"content":"        super(description);","lastModifiedDate":"2023-08-24"},{"lineNumber":5,"author":{"gitId":"RB9823"},"content":"        this.by \u003d by;","lastModifiedDate":"2023-08-24"},{"lineNumber":6,"author":{"gitId":"RB9823"},"content":"    }","lastModifiedDate":"2023-08-24"},{"lineNumber":7,"author":{"gitId":"RB9823"},"content":"","lastModifiedDate":"2023-08-24"},{"lineNumber":8,"author":{"gitId":"RB9823"},"content":"    public String getBy() {","lastModifiedDate":"2023-09-02"},{"lineNumber":9,"author":{"gitId":"RB9823"},"content":"        return this.by;","lastModifiedDate":"2023-09-02"},{"lineNumber":10,"author":{"gitId":"RB9823"},"content":"    }","lastModifiedDate":"2023-09-02"},{"lineNumber":11,"author":{"gitId":"RB9823"},"content":"","lastModifiedDate":"2023-09-02"},{"lineNumber":12,"author":{"gitId":"RB9823"},"content":"    @Override","lastModifiedDate":"2023-08-24"},{"lineNumber":13,"author":{"gitId":"RB9823"},"content":"    public String toString() {","lastModifiedDate":"2023-08-24"},{"lineNumber":14,"author":{"gitId":"RB9823"},"content":"        return \"[D]\" + super.toString() + \"(by:\" + by + \")\";","lastModifiedDate":"2023-08-24"},{"lineNumber":15,"author":{"gitId":"RB9823"},"content":"    }","lastModifiedDate":"2023-08-24"},{"lineNumber":16,"author":{"gitId":"RB9823"},"content":"}","lastModifiedDate":"2023-08-24"}],"authorContributionMap":{"RB9823":16}},{"path":"src/main/java/Duke.java","fileType":"java","lines":[{"lineNumber":1,"author":{"gitId":"RB9823"},"content":"import java.util.ArrayList;","lastModifiedDate":"2023-09-02"},{"lineNumber":2,"author":{"gitId":"RB9823"},"content":"import java.util.Scanner;","lastModifiedDate":"2023-08-21"},{"lineNumber":3,"author":{"gitId":"-"},"content":"public class Duke {","lastModifiedDate":"2019-07-29"},{"lineNumber":4,"author":{"gitId":"RB9823"},"content":"    private final UI ui \u003d new UI();","lastModifiedDate":"2023-08-21"},{"lineNumber":5,"author":{"gitId":"RB9823"},"content":"    private final Actions actionList \u003d new Actions();","lastModifiedDate":"2023-08-23"},{"lineNumber":6,"author":{"gitId":"RB9823"},"content":"    private final Parser parser \u003d new Parser();","lastModifiedDate":"2023-08-24"},{"lineNumber":7,"author":{"gitId":"RB9823"},"content":"    private final Save savior \u003d new Save();","lastModifiedDate":"2023-09-02"},{"lineNumber":8,"author":{"gitId":"RB9823"},"content":"","lastModifiedDate":"2023-09-02"},{"lineNumber":9,"author":{"gitId":"RB9823"},"content":"    public Duke() {","lastModifiedDate":"2023-09-02"},{"lineNumber":10,"author":{"gitId":"RB9823"},"content":"        ArrayList\u003cTask\u003e loadedTasks \u003d savior.loadTasks();","lastModifiedDate":"2023-09-02"},{"lineNumber":11,"author":{"gitId":"RB9823"},"content":"        actionList.add(loadedTasks);","lastModifiedDate":"2023-09-02"},{"lineNumber":12,"author":{"gitId":"RB9823"},"content":"    }","lastModifiedDate":"2023-09-02"},{"lineNumber":13,"author":{"gitId":"RB9823"},"content":"","lastModifiedDate":"2023-09-02"},{"lineNumber":14,"author":{"gitId":"RB9823"},"content":"    public void initiateChatbot() {","lastModifiedDate":"2023-08-21"},{"lineNumber":15,"author":{"gitId":"RB9823"},"content":"        ui.openingMessage();","lastModifiedDate":"2023-08-23"},{"lineNumber":16,"author":{"gitId":"RB9823"},"content":"        String input \u003d ui.readInput();","lastModifiedDate":"2023-08-21"},{"lineNumber":17,"author":{"gitId":"RB9823"},"content":"        Parser.Command command \u003d parser.getCommand(input);","lastModifiedDate":"2023-08-24"},{"lineNumber":18,"author":{"gitId":"RB9823"},"content":"        while (command !\u003d Parser.Command.BYE) {","lastModifiedDate":"2023-08-24"},{"lineNumber":19,"author":{"gitId":"RB9823"},"content":"            try {","lastModifiedDate":"2023-08-24"},{"lineNumber":20,"author":{"gitId":"RB9823"},"content":"                String[] inputParts \u003d parser.splitInput(input);","lastModifiedDate":"2023-08-24"},{"lineNumber":21,"author":{"gitId":"RB9823"},"content":"                switch (command) {","lastModifiedDate":"2023-08-24"},{"lineNumber":22,"author":{"gitId":"RB9823"},"content":"                case LIST:","lastModifiedDate":"2023-08-24"},{"lineNumber":23,"author":{"gitId":"RB9823"},"content":"                    ui.lineSandwich(actionList.stringList());","lastModifiedDate":"2023-08-23"},{"lineNumber":24,"author":{"gitId":"RB9823"},"content":"                    break;","lastModifiedDate":"2023-08-24"},{"lineNumber":25,"author":{"gitId":"RB9823"},"content":"                case MARK:","lastModifiedDate":"2023-08-24"},{"lineNumber":26,"author":{"gitId":"RB9823"},"content":"                case UNMARK:","lastModifiedDate":"2023-08-24"},{"lineNumber":27,"author":{"gitId":"RB9823"},"content":"                    if (inputParts.length \u003c 2) {","lastModifiedDate":"2023-08-24"},{"lineNumber":28,"author":{"gitId":"RB9823"},"content":"                        throw new DukeException(\" Provide the task number.\");","lastModifiedDate":"2023-09-02"},{"lineNumber":29,"author":{"gitId":"RB9823"},"content":"                    }","lastModifiedDate":"2023-08-24"},{"lineNumber":30,"author":{"gitId":"RB9823"},"content":"                    int taskNumber \u003d Integer.parseInt(inputParts[1].split(\" \")[0]) - 1;","lastModifiedDate":"2023-08-24"},{"lineNumber":31,"author":{"gitId":"RB9823"},"content":"                    Task resultingTask;","lastModifiedDate":"2023-08-24"},{"lineNumber":32,"author":{"gitId":"RB9823"},"content":"                    String message;","lastModifiedDate":"2023-08-24"},{"lineNumber":33,"author":{"gitId":"RB9823"},"content":"                    if (command \u003d\u003d Parser.Command.MARK) {","lastModifiedDate":"2023-08-24"},{"lineNumber":34,"author":{"gitId":"RB9823"},"content":"                        resultingTask \u003d actionList.mark(taskNumber);","lastModifiedDate":"2023-08-24"},{"lineNumber":35,"author":{"gitId":"RB9823"},"content":"                        message \u003d \" Fine. Marked this task as done, you better not change your mind:\\n\";","lastModifiedDate":"2023-08-24"},{"lineNumber":36,"author":{"gitId":"RB9823"},"content":"                    } else {","lastModifiedDate":"2023-08-21"},{"lineNumber":37,"author":{"gitId":"RB9823"},"content":"                        resultingTask \u003d actionList.unmark(taskNumber);","lastModifiedDate":"2023-08-24"},{"lineNumber":38,"author":{"gitId":"RB9823"},"content":"                        message \u003d \" Well, you changed your mind :(. Just this once:\\n\";","lastModifiedDate":"2023-08-24"},{"lineNumber":39,"author":{"gitId":"RB9823"},"content":"                    }","lastModifiedDate":"2023-08-24"},{"lineNumber":40,"author":{"gitId":"RB9823"},"content":"                    if (resultingTask !\u003d null) {","lastModifiedDate":"2023-08-24"},{"lineNumber":41,"author":{"gitId":"RB9823"},"content":"                        ui.lineSandwich(message + resultingTask);","lastModifiedDate":"2023-08-24"},{"lineNumber":42,"author":{"gitId":"RB9823"},"content":"                    } else {","lastModifiedDate":"2023-08-23"},{"lineNumber":43,"author":{"gitId":"RB9823"},"content":"                        ui.lineSandwich(\" Task number does not exist, please review input.\");","lastModifiedDate":"2023-08-24"},{"lineNumber":44,"author":{"gitId":"RB9823"},"content":"                    }","lastModifiedDate":"2023-08-21"},{"lineNumber":45,"author":{"gitId":"RB9823"},"content":"                    break;","lastModifiedDate":"2023-08-24"},{"lineNumber":46,"author":{"gitId":"RB9823"},"content":"                case TODO:","lastModifiedDate":"2023-08-24"},{"lineNumber":47,"author":{"gitId":"RB9823"},"content":"                    if (inputParts.length \u003c 2 || inputParts[1].isEmpty()) {","lastModifiedDate":"2023-08-24"},{"lineNumber":48,"author":{"gitId":"RB9823"},"content":"                        throw new DukeException(\" Provide the description. \" +","lastModifiedDate":"2023-09-02"},{"lineNumber":49,"author":{"gitId":"RB9823"},"content":"                                \"Format: todo task\");","lastModifiedDate":"2023-08-24"},{"lineNumber":50,"author":{"gitId":"RB9823"},"content":"                    }","lastModifiedDate":"2023-08-24"},{"lineNumber":51,"author":{"gitId":"RB9823"},"content":"                    Todo task \u003d new Todo(inputParts[1]);","lastModifiedDate":"2023-08-24"},{"lineNumber":52,"author":{"gitId":"RB9823"},"content":"                    actionList.add(task);","lastModifiedDate":"2023-08-24"},{"lineNumber":53,"author":{"gitId":"RB9823"},"content":"                    ui.lineSandwich(\" Got it. I\u0027ve added this task:\\n  \" + task + \"\\n Now you have \" + actionList.size() + \" tasks in the list.\");","lastModifiedDate":"2023-08-24"},{"lineNumber":54,"author":{"gitId":"RB9823"},"content":"                    break;","lastModifiedDate":"2023-08-24"},{"lineNumber":55,"author":{"gitId":"RB9823"},"content":"                case DEADLINE:","lastModifiedDate":"2023-08-24"},{"lineNumber":56,"author":{"gitId":"RB9823"},"content":"                    if (inputParts.length \u003c 2 || !inputParts[1].contains(\"/by\")) {","lastModifiedDate":"2023-08-24"},{"lineNumber":57,"author":{"gitId":"RB9823"},"content":"                        throw new DukeException(\" Event format incorrect. \" +","lastModifiedDate":"2023-08-24"},{"lineNumber":58,"author":{"gitId":"RB9823"},"content":"                                \"Format: deadline task /by date|time\");","lastModifiedDate":"2023-08-24"},{"lineNumber":59,"author":{"gitId":"RB9823"},"content":"                    }","lastModifiedDate":"2023-08-24"},{"lineNumber":60,"author":{"gitId":"RB9823"},"content":"                    String[] deadlineParts \u003d parser.splitByKeyword(inputParts[1], \"/by\");","lastModifiedDate":"2023-08-24"},{"lineNumber":61,"author":{"gitId":"RB9823"},"content":"                    Deadline deadline \u003d new Deadline(deadlineParts[0], deadlineParts[1]);","lastModifiedDate":"2023-08-24"},{"lineNumber":62,"author":{"gitId":"RB9823"},"content":"                    actionList.add(deadline);","lastModifiedDate":"2023-08-24"},{"lineNumber":63,"author":{"gitId":"RB9823"},"content":"                    ui.lineSandwich(\" Got it. I\u0027ve added this task:\\n  \" + deadline + \"\\n Now you have \" + actionList.size() + \" tasks in the list.\");","lastModifiedDate":"2023-08-24"},{"lineNumber":64,"author":{"gitId":"RB9823"},"content":"                    break;","lastModifiedDate":"2023-08-24"},{"lineNumber":65,"author":{"gitId":"RB9823"},"content":"                case EVENT:","lastModifiedDate":"2023-08-24"},{"lineNumber":66,"author":{"gitId":"RB9823"},"content":"                    if (inputParts.length \u003c 2 || !inputParts[1].contains(\"/from\") || !inputParts[1].contains(\"/to\")) {","lastModifiedDate":"2023-08-24"},{"lineNumber":67,"author":{"gitId":"RB9823"},"content":"                        throw new DukeException(\" Event format incorrect. \" +","lastModifiedDate":"2023-08-24"},{"lineNumber":68,"author":{"gitId":"RB9823"},"content":"                                \"Format: event task /from date|time /to date|time\");","lastModifiedDate":"2023-08-24"},{"lineNumber":69,"author":{"gitId":"RB9823"},"content":"                    }","lastModifiedDate":"2023-08-24"},{"lineNumber":70,"author":{"gitId":"RB9823"},"content":"                    String[] commandParts \u003d parser.splitByKeyword(inputParts[1], \"/from\");","lastModifiedDate":"2023-08-24"},{"lineNumber":71,"author":{"gitId":"RB9823"},"content":"                    String[] eventParts \u003d parser.splitByKeyword(commandParts[1], \"/to\");","lastModifiedDate":"2023-08-24"},{"lineNumber":72,"author":{"gitId":"RB9823"},"content":"                    Event event \u003d new Event(commandParts[0], eventParts[0], eventParts[1]);","lastModifiedDate":"2023-08-24"},{"lineNumber":73,"author":{"gitId":"RB9823"},"content":"                    actionList.add(event);","lastModifiedDate":"2023-08-24"},{"lineNumber":74,"author":{"gitId":"RB9823"},"content":"                    ui.lineSandwich(\" Got it. I\u0027ve added this task:\\n  \" + event + \"\\n Now you have \" + actionList.size() + \" tasks in the list.\");","lastModifiedDate":"2023-08-24"},{"lineNumber":75,"author":{"gitId":"RB9823"},"content":"                    break;","lastModifiedDate":"2023-08-24"},{"lineNumber":76,"author":{"gitId":"RB9823"},"content":"                case DELETE:","lastModifiedDate":"2023-08-24"},{"lineNumber":77,"author":{"gitId":"RB9823"},"content":"                    if (inputParts.length \u003c 2) {","lastModifiedDate":"2023-08-24"},{"lineNumber":78,"author":{"gitId":"RB9823"},"content":"                        throw new DukeException(\" Please provide a task number. \" +","lastModifiedDate":"2023-08-24"},{"lineNumber":79,"author":{"gitId":"RB9823"},"content":"                                \"Format: delete task_number\");","lastModifiedDate":"2023-08-24"},{"lineNumber":80,"author":{"gitId":"RB9823"},"content":"                    }","lastModifiedDate":"2023-08-24"},{"lineNumber":81,"author":{"gitId":"RB9823"},"content":"                    int taskNumberToDelete \u003d Integer.parseInt(inputParts[1].split(\" \")[0]) - 1;","lastModifiedDate":"2023-08-24"},{"lineNumber":82,"author":{"gitId":"RB9823"},"content":"                    Task deletedTask \u003d actionList.delete(taskNumberToDelete);","lastModifiedDate":"2023-08-24"},{"lineNumber":83,"author":{"gitId":"RB9823"},"content":"                    if (deletedTask !\u003d null) {","lastModifiedDate":"2023-08-24"},{"lineNumber":84,"author":{"gitId":"RB9823"},"content":"                        ui.lineSandwich(\" Noted. I\u0027ve removed this task:\\n  \" + deletedTask + \"\\n Now you have \" + actionList.size() + \" tasks in the list.\");","lastModifiedDate":"2023-08-24"},{"lineNumber":85,"author":{"gitId":"RB9823"},"content":"                    } else {","lastModifiedDate":"2023-08-24"},{"lineNumber":86,"author":{"gitId":"RB9823"},"content":"                        throw new DukeException(\" Task does not exist, please review input\");","lastModifiedDate":"2023-08-24"},{"lineNumber":87,"author":{"gitId":"RB9823"},"content":"                    } break;","lastModifiedDate":"2023-08-24"},{"lineNumber":88,"author":{"gitId":"RB9823"},"content":"                default:","lastModifiedDate":"2023-08-24"},{"lineNumber":89,"author":{"gitId":"RB9823"},"content":"                    ui.lineSandwich(\" ☹ OOPS!!! I\u0027m sorry, but I don\u0027t know what that means :-(\");","lastModifiedDate":"2023-08-24"},{"lineNumber":90,"author":{"gitId":"RB9823"},"content":"                    break;","lastModifiedDate":"2023-08-24"},{"lineNumber":91,"author":{"gitId":"RB9823"},"content":"                }","lastModifiedDate":"2023-08-24"},{"lineNumber":92,"author":{"gitId":"RB9823"},"content":"            } catch (DukeException ohno) {","lastModifiedDate":"2023-08-24"},{"lineNumber":93,"author":{"gitId":"RB9823"},"content":"                ui.lineSandwich(ohno.getMessage());","lastModifiedDate":"2023-08-24"},{"lineNumber":94,"author":{"gitId":"RB9823"},"content":"            }","lastModifiedDate":"2023-08-24"},{"lineNumber":95,"author":{"gitId":"RB9823"},"content":"            input \u003d ui.readInput();","lastModifiedDate":"2023-08-24"},{"lineNumber":96,"author":{"gitId":"RB9823"},"content":"            command \u003d parser.getCommand(input);","lastModifiedDate":"2023-08-24"},{"lineNumber":97,"author":{"gitId":"RB9823"},"content":"        }","lastModifiedDate":"2023-09-02"},{"lineNumber":98,"author":{"gitId":"RB9823"},"content":"        savior.saveTasks(actionList.list());","lastModifiedDate":"2023-09-02"},{"lineNumber":99,"author":{"gitId":"RB9823"},"content":"        ui.lineSandwich(\" Finally, I can rest.\");","lastModifiedDate":"2023-09-02"},{"lineNumber":100,"author":{"gitId":"RB9823"},"content":"    }","lastModifiedDate":"2023-08-21"},{"lineNumber":101,"author":{"gitId":"RB9823"},"content":"","lastModifiedDate":"2023-08-23"},{"lineNumber":102,"author":{"gitId":"-"},"content":"    public static void main(String[] args) {","lastModifiedDate":"2019-07-29"},{"lineNumber":103,"author":{"gitId":"RB9823"},"content":"        Duke Whelmed \u003d new Duke();","lastModifiedDate":"2023-08-21"},{"lineNumber":104,"author":{"gitId":"RB9823"},"content":"        Whelmed.initiateChatbot();","lastModifiedDate":"2023-08-21"},{"lineNumber":105,"author":{"gitId":"-"},"content":"    }","lastModifiedDate":"2019-07-29"},{"lineNumber":106,"author":{"gitId":"-"},"content":"}","lastModifiedDate":"2019-07-29"}],"authorContributionMap":{"RB9823":102,"-":4}},{"path":"src/main/java/DukeException.java","fileType":"java","lines":[{"lineNumber":1,"author":{"gitId":"RB9823"},"content":"public class DukeException extends Exception {","lastModifiedDate":"2023-08-24"},{"lineNumber":2,"author":{"gitId":"RB9823"},"content":"    public DukeException(String exception) {","lastModifiedDate":"2023-08-24"},{"lineNumber":3,"author":{"gitId":"RB9823"},"content":"        super(exception);","lastModifiedDate":"2023-08-24"},{"lineNumber":4,"author":{"gitId":"RB9823"},"content":"    }","lastModifiedDate":"2023-08-24"},{"lineNumber":5,"author":{"gitId":"RB9823"},"content":"}","lastModifiedDate":"2023-08-24"}],"authorContributionMap":{"RB9823":5}},{"path":"src/main/java/Event.java","fileType":"java","lines":[{"lineNumber":1,"author":{"gitId":"RB9823"},"content":"public class Event extends Task {","lastModifiedDate":"2023-08-24"},{"lineNumber":2,"author":{"gitId":"RB9823"},"content":"    protected String from;","lastModifiedDate":"2023-08-24"},{"lineNumber":3,"author":{"gitId":"RB9823"},"content":"    protected String to;","lastModifiedDate":"2023-08-24"},{"lineNumber":4,"author":{"gitId":"RB9823"},"content":"    public Event(String description, String from, String to) {","lastModifiedDate":"2023-08-24"},{"lineNumber":5,"author":{"gitId":"RB9823"},"content":"        super(description);","lastModifiedDate":"2023-08-24"},{"lineNumber":6,"author":{"gitId":"RB9823"},"content":"        this.from \u003d from;","lastModifiedDate":"2023-08-24"},{"lineNumber":7,"author":{"gitId":"RB9823"},"content":"        this.to \u003d to;","lastModifiedDate":"2023-08-24"},{"lineNumber":8,"author":{"gitId":"RB9823"},"content":"    }","lastModifiedDate":"2023-08-24"},{"lineNumber":9,"author":{"gitId":"RB9823"},"content":"","lastModifiedDate":"2023-08-24"},{"lineNumber":10,"author":{"gitId":"RB9823"},"content":"    public String getFrom() {","lastModifiedDate":"2023-09-02"},{"lineNumber":11,"author":{"gitId":"RB9823"},"content":"        return this.from;","lastModifiedDate":"2023-09-02"},{"lineNumber":12,"author":{"gitId":"RB9823"},"content":"    }","lastModifiedDate":"2023-09-02"},{"lineNumber":13,"author":{"gitId":"RB9823"},"content":"","lastModifiedDate":"2023-09-02"},{"lineNumber":14,"author":{"gitId":"RB9823"},"content":"    public String getTo() {","lastModifiedDate":"2023-09-02"},{"lineNumber":15,"author":{"gitId":"RB9823"},"content":"        return this.to;","lastModifiedDate":"2023-09-02"},{"lineNumber":16,"author":{"gitId":"RB9823"},"content":"    }","lastModifiedDate":"2023-09-02"},{"lineNumber":17,"author":{"gitId":"RB9823"},"content":"","lastModifiedDate":"2023-09-02"},{"lineNumber":18,"author":{"gitId":"RB9823"},"content":"    @Override","lastModifiedDate":"2023-08-24"},{"lineNumber":19,"author":{"gitId":"RB9823"},"content":"    public String toString() {","lastModifiedDate":"2023-08-24"},{"lineNumber":20,"author":{"gitId":"RB9823"},"content":"        return \"[E]\" + super.toString() + \" (from:\" + from + \"to:\" + to + \")\";","lastModifiedDate":"2023-08-24"},{"lineNumber":21,"author":{"gitId":"RB9823"},"content":"    }","lastModifiedDate":"2023-08-24"},{"lineNumber":22,"author":{"gitId":"RB9823"},"content":"}","lastModifiedDate":"2023-08-24"}],"authorContributionMap":{"RB9823":22}},{"path":"src/main/java/Parser.java","fileType":"java","lines":[{"lineNumber":1,"author":{"gitId":"RB9823"},"content":"public class Parser {","lastModifiedDate":"2023-08-24"},{"lineNumber":2,"author":{"gitId":"RB9823"},"content":"    public enum Command {","lastModifiedDate":"2023-08-24"},{"lineNumber":3,"author":{"gitId":"RB9823"},"content":"        BYE, LIST, MARK, UNMARK, TODO, DEADLINE, EVENT, DELETE, UNKNOWN;","lastModifiedDate":"2023-08-24"},{"lineNumber":4,"author":{"gitId":"RB9823"},"content":"        public static Command translate(String input) {","lastModifiedDate":"2023-08-24"},{"lineNumber":5,"author":{"gitId":"RB9823"},"content":"            String lowerInput \u003d input.toLowerCase();","lastModifiedDate":"2023-08-24"},{"lineNumber":6,"author":{"gitId":"RB9823"},"content":"            String command \u003d lowerInput.split(\" \")[0];","lastModifiedDate":"2023-08-24"},{"lineNumber":7,"author":{"gitId":"RB9823"},"content":"            switch (command) {","lastModifiedDate":"2023-08-24"},{"lineNumber":8,"author":{"gitId":"RB9823"},"content":"                case \"bye\":","lastModifiedDate":"2023-08-24"},{"lineNumber":9,"author":{"gitId":"RB9823"},"content":"                    return BYE;","lastModifiedDate":"2023-08-24"},{"lineNumber":10,"author":{"gitId":"RB9823"},"content":"                case \"list\":","lastModifiedDate":"2023-08-24"},{"lineNumber":11,"author":{"gitId":"RB9823"},"content":"                    return LIST;","lastModifiedDate":"2023-08-24"},{"lineNumber":12,"author":{"gitId":"RB9823"},"content":"                case \"mark\":","lastModifiedDate":"2023-08-24"},{"lineNumber":13,"author":{"gitId":"RB9823"},"content":"                    return MARK;","lastModifiedDate":"2023-08-24"},{"lineNumber":14,"author":{"gitId":"RB9823"},"content":"                case \"unmark\":","lastModifiedDate":"2023-08-24"},{"lineNumber":15,"author":{"gitId":"RB9823"},"content":"                    return UNMARK;","lastModifiedDate":"2023-08-24"},{"lineNumber":16,"author":{"gitId":"RB9823"},"content":"                case \"todo\":","lastModifiedDate":"2023-08-24"},{"lineNumber":17,"author":{"gitId":"RB9823"},"content":"                    return TODO;","lastModifiedDate":"2023-08-24"},{"lineNumber":18,"author":{"gitId":"RB9823"},"content":"                case \"deadline\":","lastModifiedDate":"2023-08-24"},{"lineNumber":19,"author":{"gitId":"RB9823"},"content":"                    return DEADLINE;","lastModifiedDate":"2023-08-24"},{"lineNumber":20,"author":{"gitId":"RB9823"},"content":"                case \"event\":","lastModifiedDate":"2023-08-24"},{"lineNumber":21,"author":{"gitId":"RB9823"},"content":"                    return EVENT;","lastModifiedDate":"2023-08-24"},{"lineNumber":22,"author":{"gitId":"RB9823"},"content":"                case \"delete\":","lastModifiedDate":"2023-08-24"},{"lineNumber":23,"author":{"gitId":"RB9823"},"content":"                    return DELETE;","lastModifiedDate":"2023-08-24"},{"lineNumber":24,"author":{"gitId":"RB9823"},"content":"                default:","lastModifiedDate":"2023-08-24"},{"lineNumber":25,"author":{"gitId":"RB9823"},"content":"                    return UNKNOWN;","lastModifiedDate":"2023-08-24"},{"lineNumber":26,"author":{"gitId":"RB9823"},"content":"            }","lastModifiedDate":"2023-08-24"},{"lineNumber":27,"author":{"gitId":"RB9823"},"content":"        }","lastModifiedDate":"2023-08-24"},{"lineNumber":28,"author":{"gitId":"RB9823"},"content":"    }","lastModifiedDate":"2023-08-24"},{"lineNumber":29,"author":{"gitId":"RB9823"},"content":"","lastModifiedDate":"2023-08-24"},{"lineNumber":30,"author":{"gitId":"RB9823"},"content":"    public Command getCommand(String input) {","lastModifiedDate":"2023-08-24"},{"lineNumber":31,"author":{"gitId":"RB9823"},"content":"        return Command.translate(input);","lastModifiedDate":"2023-08-24"},{"lineNumber":32,"author":{"gitId":"RB9823"},"content":"    }","lastModifiedDate":"2023-08-24"},{"lineNumber":33,"author":{"gitId":"RB9823"},"content":"","lastModifiedDate":"2023-08-24"},{"lineNumber":34,"author":{"gitId":"RB9823"},"content":"    public String[] splitInput(String input) {","lastModifiedDate":"2023-08-24"},{"lineNumber":35,"author":{"gitId":"RB9823"},"content":"        return input.split(\" \", 2);","lastModifiedDate":"2023-08-24"},{"lineNumber":36,"author":{"gitId":"RB9823"},"content":"    }","lastModifiedDate":"2023-08-24"},{"lineNumber":37,"author":{"gitId":"RB9823"},"content":"","lastModifiedDate":"2023-08-24"},{"lineNumber":38,"author":{"gitId":"RB9823"},"content":"    public String[] splitByKeyword(String input, String keyword) {","lastModifiedDate":"2023-08-24"},{"lineNumber":39,"author":{"gitId":"RB9823"},"content":"        return input.split(keyword, 2);","lastModifiedDate":"2023-08-24"},{"lineNumber":40,"author":{"gitId":"RB9823"},"content":"    }","lastModifiedDate":"2023-08-24"},{"lineNumber":41,"author":{"gitId":"RB9823"},"content":"}","lastModifiedDate":"2023-08-24"}],"authorContributionMap":{"RB9823":41}},{"path":"src/main/java/Save.java","fileType":"java","lines":[{"lineNumber":1,"author":{"gitId":"RB9823"},"content":"import java.util.ArrayList;","lastModifiedDate":"2023-09-02"},{"lineNumber":2,"author":{"gitId":"RB9823"},"content":"import java.io.File;","lastModifiedDate":"2023-09-02"},{"lineNumber":3,"author":{"gitId":"RB9823"},"content":"import java.io.BufferedWriter;","lastModifiedDate":"2023-09-02"},{"lineNumber":4,"author":{"gitId":"RB9823"},"content":"import java.io.FileWriter;","lastModifiedDate":"2023-09-02"},{"lineNumber":5,"author":{"gitId":"RB9823"},"content":"import java.io.IOException;","lastModifiedDate":"2023-09-02"},{"lineNumber":6,"author":{"gitId":"RB9823"},"content":"import java.util.Scanner;","lastModifiedDate":"2023-09-02"},{"lineNumber":7,"author":{"gitId":"RB9823"},"content":"","lastModifiedDate":"2023-09-02"},{"lineNumber":8,"author":{"gitId":"RB9823"},"content":"public class Save {","lastModifiedDate":"2023-09-02"},{"lineNumber":9,"author":{"gitId":"RB9823"},"content":"    private static final String DIRECTORY_PATH \u003d \"./data\";","lastModifiedDate":"2023-09-02"},{"lineNumber":10,"author":{"gitId":"RB9823"},"content":"    private static final String FILE_PATH \u003d DIRECTORY_PATH + \"/duke.txt\";","lastModifiedDate":"2023-09-02"},{"lineNumber":11,"author":{"gitId":"RB9823"},"content":"","lastModifiedDate":"2023-09-02"},{"lineNumber":12,"author":{"gitId":"RB9823"},"content":"    public void saveTasks(ArrayList\u003cTask\u003e tasks) {","lastModifiedDate":"2023-09-02"},{"lineNumber":13,"author":{"gitId":"RB9823"},"content":"        try {","lastModifiedDate":"2023-09-02"},{"lineNumber":14,"author":{"gitId":"RB9823"},"content":"            File directory \u003d new File(DIRECTORY_PATH);","lastModifiedDate":"2023-09-02"},{"lineNumber":15,"author":{"gitId":"RB9823"},"content":"            if (!directory.exists()) {","lastModifiedDate":"2023-09-02"},{"lineNumber":16,"author":{"gitId":"RB9823"},"content":"                directory.mkdirs();","lastModifiedDate":"2023-09-02"},{"lineNumber":17,"author":{"gitId":"RB9823"},"content":"            } try (BufferedWriter writer \u003d new BufferedWriter(new FileWriter(FILE_PATH))) {","lastModifiedDate":"2023-09-02"},{"lineNumber":18,"author":{"gitId":"RB9823"},"content":"                for (Task task : tasks) {","lastModifiedDate":"2023-09-02"},{"lineNumber":19,"author":{"gitId":"RB9823"},"content":"                    writer.write(task.format());","lastModifiedDate":"2023-09-02"},{"lineNumber":20,"author":{"gitId":"RB9823"},"content":"                    writer.newLine();","lastModifiedDate":"2023-09-02"},{"lineNumber":21,"author":{"gitId":"RB9823"},"content":"                }","lastModifiedDate":"2023-09-02"},{"lineNumber":22,"author":{"gitId":"RB9823"},"content":"            }","lastModifiedDate":"2023-09-02"},{"lineNumber":23,"author":{"gitId":"RB9823"},"content":"        } catch (IOException e) {","lastModifiedDate":"2023-09-02"},{"lineNumber":24,"author":{"gitId":"RB9823"},"content":"            System.out.println(\"Well, the bad news is that the Tasks could not be saved: \" + e.getMessage());","lastModifiedDate":"2023-09-02"},{"lineNumber":25,"author":{"gitId":"RB9823"},"content":"        }","lastModifiedDate":"2023-09-02"},{"lineNumber":26,"author":{"gitId":"RB9823"},"content":"    }","lastModifiedDate":"2023-09-02"},{"lineNumber":27,"author":{"gitId":"RB9823"},"content":"","lastModifiedDate":"2023-09-02"},{"lineNumber":28,"author":{"gitId":"RB9823"},"content":"    public ArrayList\u003cTask\u003e loadTasks() {","lastModifiedDate":"2023-09-02"},{"lineNumber":29,"author":{"gitId":"RB9823"},"content":"        ArrayList\u003cTask\u003e tasks \u003d new ArrayList\u003c\u003e();","lastModifiedDate":"2023-09-02"},{"lineNumber":30,"author":{"gitId":"RB9823"},"content":"        try {","lastModifiedDate":"2023-09-02"},{"lineNumber":31,"author":{"gitId":"RB9823"},"content":"            File file \u003d new File(FILE_PATH);","lastModifiedDate":"2023-09-02"},{"lineNumber":32,"author":{"gitId":"RB9823"},"content":"            if (!file.exists()) {","lastModifiedDate":"2023-09-02"},{"lineNumber":33,"author":{"gitId":"RB9823"},"content":"                return tasks;","lastModifiedDate":"2023-09-02"},{"lineNumber":34,"author":{"gitId":"RB9823"},"content":"            } try (Scanner scanner \u003d new Scanner(file)) {","lastModifiedDate":"2023-09-02"},{"lineNumber":35,"author":{"gitId":"RB9823"},"content":"                while (scanner.hasNextLine()) {","lastModifiedDate":"2023-09-02"},{"lineNumber":36,"author":{"gitId":"RB9823"},"content":"                    String line \u003d scanner.nextLine();","lastModifiedDate":"2023-09-02"},{"lineNumber":37,"author":{"gitId":"RB9823"},"content":"                    Task task \u003d parseLineToTask(line);","lastModifiedDate":"2023-09-02"},{"lineNumber":38,"author":{"gitId":"RB9823"},"content":"                    if (task !\u003d null) {","lastModifiedDate":"2023-09-02"},{"lineNumber":39,"author":{"gitId":"RB9823"},"content":"                        tasks.add(task);","lastModifiedDate":"2023-09-02"},{"lineNumber":40,"author":{"gitId":"RB9823"},"content":"                    }","lastModifiedDate":"2023-09-02"},{"lineNumber":41,"author":{"gitId":"RB9823"},"content":"                }","lastModifiedDate":"2023-09-02"},{"lineNumber":42,"author":{"gitId":"RB9823"},"content":"            }","lastModifiedDate":"2023-09-02"},{"lineNumber":43,"author":{"gitId":"RB9823"},"content":"        } catch (IOException e) {","lastModifiedDate":"2023-09-02"},{"lineNumber":44,"author":{"gitId":"RB9823"},"content":"            System.out.println(\"Well, the bad news is that the Tasks could not be saved: \" + e.getMessage());","lastModifiedDate":"2023-09-02"},{"lineNumber":45,"author":{"gitId":"RB9823"},"content":"        } return tasks;","lastModifiedDate":"2023-09-02"},{"lineNumber":46,"author":{"gitId":"RB9823"},"content":"    }","lastModifiedDate":"2023-09-02"},{"lineNumber":47,"author":{"gitId":"RB9823"},"content":"","lastModifiedDate":"2023-09-02"},{"lineNumber":48,"author":{"gitId":"RB9823"},"content":"    private static Task parseLineToTask(String line) {","lastModifiedDate":"2023-09-02"},{"lineNumber":49,"author":{"gitId":"RB9823"},"content":"        String[] parts \u003d line.split(\" \\\\| \");","lastModifiedDate":"2023-09-02"},{"lineNumber":50,"author":{"gitId":"RB9823"},"content":"        switch (parts[0]) {","lastModifiedDate":"2023-09-02"},{"lineNumber":51,"author":{"gitId":"RB9823"},"content":"            case \"T\":","lastModifiedDate":"2023-09-02"},{"lineNumber":52,"author":{"gitId":"RB9823"},"content":"                Todo todo \u003d new Todo(parts[2]);","lastModifiedDate":"2023-09-02"},{"lineNumber":53,"author":{"gitId":"RB9823"},"content":"                if (parts[1].equals(\"1\")) todo.markAsDone();","lastModifiedDate":"2023-09-02"},{"lineNumber":54,"author":{"gitId":"RB9823"},"content":"                return todo;","lastModifiedDate":"2023-09-02"},{"lineNumber":55,"author":{"gitId":"RB9823"},"content":"            case \"D\":","lastModifiedDate":"2023-09-02"},{"lineNumber":56,"author":{"gitId":"RB9823"},"content":"                Deadline deadline \u003d new Deadline(parts[2], parts[3]);","lastModifiedDate":"2023-09-02"},{"lineNumber":57,"author":{"gitId":"RB9823"},"content":"                if (parts[1].equals(\"1\")) deadline.markAsDone();","lastModifiedDate":"2023-09-02"},{"lineNumber":58,"author":{"gitId":"RB9823"},"content":"                return deadline;","lastModifiedDate":"2023-09-02"},{"lineNumber":59,"author":{"gitId":"RB9823"},"content":"            case \"E\":","lastModifiedDate":"2023-09-02"},{"lineNumber":60,"author":{"gitId":"RB9823"},"content":"                String[] timeParts \u003d parts[3].split(\"-\");","lastModifiedDate":"2023-09-02"},{"lineNumber":61,"author":{"gitId":"RB9823"},"content":"                Event event \u003d new Event(parts[2], timeParts[0].trim(), timeParts[1].trim());","lastModifiedDate":"2023-09-02"},{"lineNumber":62,"author":{"gitId":"RB9823"},"content":"                if (parts[1].equals(\"1\")) event.markAsDone();","lastModifiedDate":"2023-09-02"},{"lineNumber":63,"author":{"gitId":"RB9823"},"content":"                return event;","lastModifiedDate":"2023-09-02"},{"lineNumber":64,"author":{"gitId":"RB9823"},"content":"            default:","lastModifiedDate":"2023-09-02"},{"lineNumber":65,"author":{"gitId":"RB9823"},"content":"                return null;","lastModifiedDate":"2023-09-02"},{"lineNumber":66,"author":{"gitId":"RB9823"},"content":"        }","lastModifiedDate":"2023-09-02"},{"lineNumber":67,"author":{"gitId":"RB9823"},"content":"    }","lastModifiedDate":"2023-09-02"},{"lineNumber":68,"author":{"gitId":"RB9823"},"content":"}","lastModifiedDate":"2023-09-02"}],"authorContributionMap":{"RB9823":68}},{"path":"src/main/java/Task.java","fileType":"java","lines":[{"lineNumber":1,"author":{"gitId":"RB9823"},"content":"public class Task {","lastModifiedDate":"2023-08-23"},{"lineNumber":2,"author":{"gitId":"RB9823"},"content":"    protected String description;","lastModifiedDate":"2023-08-23"},{"lineNumber":3,"author":{"gitId":"RB9823"},"content":"    protected boolean isDone;","lastModifiedDate":"2023-08-23"},{"lineNumber":4,"author":{"gitId":"RB9823"},"content":"    public Task(String description) {","lastModifiedDate":"2023-08-23"},{"lineNumber":5,"author":{"gitId":"RB9823"},"content":"        this.description \u003d description;","lastModifiedDate":"2023-08-23"},{"lineNumber":6,"author":{"gitId":"RB9823"},"content":"        this.isDone \u003d false;","lastModifiedDate":"2023-08-23"},{"lineNumber":7,"author":{"gitId":"RB9823"},"content":"    }","lastModifiedDate":"2023-08-23"},{"lineNumber":8,"author":{"gitId":"RB9823"},"content":"","lastModifiedDate":"2023-08-23"},{"lineNumber":9,"author":{"gitId":"RB9823"},"content":"    public String getStatusIcon() {","lastModifiedDate":"2023-08-23"},{"lineNumber":10,"author":{"gitId":"RB9823"},"content":"        return (isDone ? \"X\" : \" \"); // mark done task with X","lastModifiedDate":"2023-08-23"},{"lineNumber":11,"author":{"gitId":"RB9823"},"content":"    }","lastModifiedDate":"2023-08-23"},{"lineNumber":12,"author":{"gitId":"RB9823"},"content":"","lastModifiedDate":"2023-08-23"},{"lineNumber":13,"author":{"gitId":"RB9823"},"content":"    public String getDescription() {","lastModifiedDate":"2023-08-23"},{"lineNumber":14,"author":{"gitId":"RB9823"},"content":"        return description;","lastModifiedDate":"2023-08-23"},{"lineNumber":15,"author":{"gitId":"RB9823"},"content":"    }","lastModifiedDate":"2023-08-23"},{"lineNumber":16,"author":{"gitId":"RB9823"},"content":"","lastModifiedDate":"2023-08-23"},{"lineNumber":17,"author":{"gitId":"RB9823"},"content":"    public void markAsDone() {","lastModifiedDate":"2023-08-23"},{"lineNumber":18,"author":{"gitId":"RB9823"},"content":"        this.isDone \u003d true;","lastModifiedDate":"2023-08-23"},{"lineNumber":19,"author":{"gitId":"RB9823"},"content":"    }","lastModifiedDate":"2023-08-23"},{"lineNumber":20,"author":{"gitId":"RB9823"},"content":"","lastModifiedDate":"2023-08-23"},{"lineNumber":21,"author":{"gitId":"RB9823"},"content":"    public void unMark() {","lastModifiedDate":"2023-08-23"},{"lineNumber":22,"author":{"gitId":"RB9823"},"content":"        this.isDone \u003d false;","lastModifiedDate":"2023-08-23"},{"lineNumber":23,"author":{"gitId":"RB9823"},"content":"    }","lastModifiedDate":"2023-08-23"},{"lineNumber":24,"author":{"gitId":"RB9823"},"content":"","lastModifiedDate":"2023-08-23"},{"lineNumber":25,"author":{"gitId":"RB9823"},"content":"    public String format() {","lastModifiedDate":"2023-09-02"},{"lineNumber":26,"author":{"gitId":"RB9823"},"content":"        if (this instanceof Todo) {","lastModifiedDate":"2023-09-02"},{"lineNumber":27,"author":{"gitId":"RB9823"},"content":"            return String.format(\"T | %s | %s\", isDone ? \"1\" : \"0\", getDescription());","lastModifiedDate":"2023-09-02"},{"lineNumber":28,"author":{"gitId":"RB9823"},"content":"        } else if (this instanceof Deadline) {","lastModifiedDate":"2023-09-02"},{"lineNumber":29,"author":{"gitId":"RB9823"},"content":"            Deadline deadline \u003d (Deadline) this;","lastModifiedDate":"2023-09-02"},{"lineNumber":30,"author":{"gitId":"RB9823"},"content":"            return String.format(\"D | %s | %s | %s\", isDone ? \"1\" : \"0\", getDescription(), deadline.getBy());","lastModifiedDate":"2023-09-02"},{"lineNumber":31,"author":{"gitId":"RB9823"},"content":"        } else if (this instanceof Event) {","lastModifiedDate":"2023-09-02"},{"lineNumber":32,"author":{"gitId":"RB9823"},"content":"            Event event \u003d (Event) this;","lastModifiedDate":"2023-09-02"},{"lineNumber":33,"author":{"gitId":"RB9823"},"content":"            return String.format(\"E | %s | %s | %s - %s\", isDone ? \"1\" : \"0\", getDescription(), event.getFrom(), event.getTo());","lastModifiedDate":"2023-09-02"},{"lineNumber":34,"author":{"gitId":"RB9823"},"content":"        }","lastModifiedDate":"2023-09-02"},{"lineNumber":35,"author":{"gitId":"RB9823"},"content":"        return \"\";","lastModifiedDate":"2023-09-02"},{"lineNumber":36,"author":{"gitId":"RB9823"},"content":"    }","lastModifiedDate":"2023-09-02"},{"lineNumber":37,"author":{"gitId":"RB9823"},"content":"","lastModifiedDate":"2023-09-02"},{"lineNumber":38,"author":{"gitId":"RB9823"},"content":"    @Override","lastModifiedDate":"2023-08-23"},{"lineNumber":39,"author":{"gitId":"RB9823"},"content":"    public String toString() {","lastModifiedDate":"2023-08-23"},{"lineNumber":40,"author":{"gitId":"RB9823"},"content":"        return \"[\" + getStatusIcon() + \"] \" + getDescription();","lastModifiedDate":"2023-08-23"},{"lineNumber":41,"author":{"gitId":"RB9823"},"content":"    }","lastModifiedDate":"2023-08-23"},{"lineNumber":42,"author":{"gitId":"RB9823"},"content":"}","lastModifiedDate":"2023-08-23"}],"authorContributionMap":{"RB9823":42}},{"path":"src/main/java/Todo.java","fileType":"java","lines":[{"lineNumber":1,"author":{"gitId":"RB9823"},"content":"public class Todo extends Task {","lastModifiedDate":"2023-08-24"},{"lineNumber":2,"author":{"gitId":"RB9823"},"content":"    public Todo(String description) {","lastModifiedDate":"2023-08-24"},{"lineNumber":3,"author":{"gitId":"RB9823"},"content":"        super(description);","lastModifiedDate":"2023-08-24"},{"lineNumber":4,"author":{"gitId":"RB9823"},"content":"    }","lastModifiedDate":"2023-08-24"},{"lineNumber":5,"author":{"gitId":"RB9823"},"content":"","lastModifiedDate":"2023-08-24"},{"lineNumber":6,"author":{"gitId":"RB9823"},"content":"    @Override","lastModifiedDate":"2023-08-24"},{"lineNumber":7,"author":{"gitId":"RB9823"},"content":"    public String toString() {","lastModifiedDate":"2023-08-24"},{"lineNumber":8,"author":{"gitId":"RB9823"},"content":"        return \"[T]\" + super.toString();","lastModifiedDate":"2023-08-24"},{"lineNumber":9,"author":{"gitId":"RB9823"},"content":"    }","lastModifiedDate":"2023-08-24"},{"lineNumber":10,"author":{"gitId":"RB9823"},"content":"}","lastModifiedDate":"2023-08-24"}],"authorContributionMap":{"RB9823":10}},{"path":"src/main/java/UI.java","fileType":"java","lines":[{"lineNumber":1,"author":{"gitId":"RB9823"},"content":"import java.util.Scanner;","lastModifiedDate":"2023-08-21"},{"lineNumber":2,"author":{"gitId":"RB9823"},"content":"public class UI {","lastModifiedDate":"2023-08-21"},{"lineNumber":3,"author":{"gitId":"RB9823"},"content":"    private final Scanner scanner \u003d new Scanner(System.in);","lastModifiedDate":"2023-08-21"},{"lineNumber":4,"author":{"gitId":"RB9823"},"content":"    public void horizontalLines() {","lastModifiedDate":"2023-08-21"},{"lineNumber":5,"author":{"gitId":"RB9823"},"content":"        System.out.println(\"____________________________________________________________\"); //length taken from sample","lastModifiedDate":"2023-08-21"},{"lineNumber":6,"author":{"gitId":"RB9823"},"content":"    }","lastModifiedDate":"2023-08-21"},{"lineNumber":7,"author":{"gitId":"RB9823"},"content":"","lastModifiedDate":"2023-08-24"},{"lineNumber":8,"author":{"gitId":"RB9823"},"content":"    public void lineSandwich(String message) {","lastModifiedDate":"2023-08-23"},{"lineNumber":9,"author":{"gitId":"RB9823"},"content":"        horizontalLines();","lastModifiedDate":"2023-08-23"},{"lineNumber":10,"author":{"gitId":"RB9823"},"content":"        display(message);","lastModifiedDate":"2023-08-23"},{"lineNumber":11,"author":{"gitId":"RB9823"},"content":"        horizontalLines();","lastModifiedDate":"2023-08-23"},{"lineNumber":12,"author":{"gitId":"RB9823"},"content":"    }","lastModifiedDate":"2023-08-23"},{"lineNumber":13,"author":{"gitId":"RB9823"},"content":"","lastModifiedDate":"2023-08-24"},{"lineNumber":14,"author":{"gitId":"RB9823"},"content":"    public String readInput() {","lastModifiedDate":"2023-08-21"},{"lineNumber":15,"author":{"gitId":"RB9823"},"content":"        return scanner.nextLine();","lastModifiedDate":"2023-08-21"},{"lineNumber":16,"author":{"gitId":"RB9823"},"content":"    }","lastModifiedDate":"2023-08-21"},{"lineNumber":17,"author":{"gitId":"RB9823"},"content":"","lastModifiedDate":"2023-08-24"},{"lineNumber":18,"author":{"gitId":"RB9823"},"content":"    public void display(String message) {","lastModifiedDate":"2023-08-21"},{"lineNumber":19,"author":{"gitId":"RB9823"},"content":"        System.out.println(message);","lastModifiedDate":"2023-08-21"},{"lineNumber":20,"author":{"gitId":"RB9823"},"content":"    }","lastModifiedDate":"2023-08-21"},{"lineNumber":21,"author":{"gitId":"RB9823"},"content":"","lastModifiedDate":"2023-08-24"},{"lineNumber":22,"author":{"gitId":"RB9823"},"content":"    public void openingMessage() {","lastModifiedDate":"2023-08-23"},{"lineNumber":23,"author":{"gitId":"RB9823"},"content":"        lineSandwich(\" Hello there. I\u0027m Whelmed.\\n What do you want?\");","lastModifiedDate":"2023-08-24"},{"lineNumber":24,"author":{"gitId":"RB9823"},"content":"    }","lastModifiedDate":"2023-08-21"},{"lineNumber":25,"author":{"gitId":"RB9823"},"content":"}","lastModifiedDate":"2023-08-21"}],"authorContributionMap":{"RB9823":25}},{"path":"text-ui-test/input.txt","fileType":"txt","lines":[{"lineNumber":1,"author":{"gitId":"RB9823"},"content":"read book","lastModifiedDate":"2023-08-24"},{"lineNumber":2,"author":{"gitId":"RB9823"},"content":"return book","lastModifiedDate":"2023-08-24"},{"lineNumber":3,"author":{"gitId":"RB9823"},"content":"list","lastModifiedDate":"2023-08-24"},{"lineNumber":4,"author":{"gitId":"RB9823"},"content":"todo borrow book","lastModifiedDate":"2023-08-24"},{"lineNumber":5,"author":{"gitId":"RB9823"},"content":"deadline return book /by Sunday","lastModifiedDate":"2023-08-24"},{"lineNumber":6,"author":{"gitId":"RB9823"},"content":"event project meeting /from Mon 2pm /to 4pm","lastModifiedDate":"2023-08-24"},{"lineNumber":7,"author":{"gitId":"RB9823"},"content":"list","lastModifiedDate":"2023-08-24"},{"lineNumber":8,"author":{"gitId":"RB9823"},"content":"bye","lastModifiedDate":"2023-08-24"}],"authorContributionMap":{"RB9823":8}}]
