{"authorDailyContributionsMap":{"RB9823":[{"date":"2023-08-21","commitResults":[{"hash":"7c79432a3099a9fe5cd7c873db8f2e93c23cf5f7","isMergeCommit":false,"messageTitle":"Level-0","messageBody":"","tags":["Level-0"],"fileTypesAndContributionMap":{"java":{"insertions":17,"deletions":7}}},{"hash":"19fe59b4b6c3d7c4270d2f0ca892e352f65ca919","isMergeCommit":false,"messageTitle":"Level-1","messageBody":"","tags":["Level-1"],"fileTypesAndContributionMap":{"java":{"insertions":11,"deletions":0}}},{"hash":"0d501a727ee9832729d1071769f1fa7518836f03","isMergeCommit":false,"messageTitle":"Level-2","messageBody":"","tags":["Level-2"],"fileTypesAndContributionMap":{"java":{"insertions":54,"deletions":18}}}]},{"date":"2023-08-23","commitResults":[{"hash":"ab769888c376339ad01c00ed96031676ee33a362","isMergeCommit":false,"messageTitle":"Level-3","messageBody":"","tags":["Level-3"],"fileTypesAndContributionMap":{"java":{"insertions":90,"deletions":31}}}]},{"date":"2023-08-24","commitResults":[{"hash":"afb4528848b3696f58de4bc14c0aed26003810f0","isMergeCommit":false,"messageTitle":"Level-4","messageBody":"","tags":["Level-4"],"fileTypesAndContributionMap":{"java":{"insertions":144,"deletions":36}}},{"hash":"7889ee7827c1d77df9e2049d0b800a45b9f3e272","isMergeCommit":false,"messageTitle":"A-TextUiTesting","messageBody":"","tags":["A-TextUiTesting"],"fileTypesAndContributionMap":{"txt":{"insertions":8,"deletions":0},"java":{"insertions":21,"deletions":14}}},{"hash":"1379dbcec4e8e499948303875f0a1e5e490c62e9","isMergeCommit":false,"messageTitle":"Level-5","messageBody":"","tags":["Level-6","Level-5","A-Enums"],"fileTypesAndContributionMap":{"java":{"insertions":97,"deletions":57}}}]},{"date":"2023-09-02","commitResults":[{"hash":"14697559dcaf498e71a1948bae39fee9e7070d13","isMergeCommit":false,"messageTitle":"Level-7","messageBody":"","tags":["Level-7"],"fileTypesAndContributionMap":{"java":{"insertions":177,"deletions":70}}}]},{"date":"2023-09-21","commitResults":[{"hash":"cea43ea1f457e359cfb61e147ad93898755f9d17","isMergeCommit":false,"messageTitle":"Level-8","messageBody":"","tags":["Level-8"],"fileTypesAndContributionMap":{"txt":{"insertions":6,"deletions":0},"java":{"insertions":151,"deletions":87}}}]},{"date":"2023-09-22","commitResults":[{"hash":"ba341beeaf80f2862bd608c2b4d49fb48028357d","isMergeCommit":false,"messageTitle":"A-MoreOOP","messageBody":"","tags":["A-MoreOOP"],"fileTypesAndContributionMap":{"java":{"insertions":225,"deletions":131}}},{"hash":"b712ba16d8b5e57cd98bd927094dc995f78a7436","isMergeCommit":false,"messageTitle":"A-Packages","messageBody":"","tags":["A-Packages"],"fileTypesAndContributionMap":{"java":{"insertions":144,"deletions":30}}},{"hash":"2234d8fd670b4edfccc929570b18acbb49e97436","isMergeCommit":false,"messageTitle":"Extra","messageBody":"","fileTypesAndContributionMap":{"txt":{"insertions":2,"deletions":1},"bat":{"insertions":1,"deletions":1},"md":{"insertions":2,"deletions":2}}},{"hash":"fe9c7c8ea08000e5ea6b52c8c951a7667cc3441f","isMergeCommit":true,"messageTitle":"Merge branch \u0027master\u0027 into add-gradle-support","messageBody":"","fileTypesAndContributionMap":{}},{"hash":"73b16fa5b1a1d4b0f5633889b77a833b79c07421","isMergeCommit":false,"messageTitle":"gradle support fixed","messageBody":"","tags":["A-Gradle"],"fileTypesAndContributionMap":{"gradle":{"insertions":1,"deletions":1}}},{"hash":"2e876d0e04e500e3608eae0c2f1a23dae13b7bd1","isMergeCommit":false,"messageTitle":"JUnit Tests Added","messageBody":"","tags":["A-Jar","A-JUnit"],"fileTypesAndContributionMap":{"java":{"insertions":110,"deletions":0}}},{"hash":"b7ea8d06fad773b9cb967faf520cdb5ded4d422e","isMergeCommit":false,"messageTitle":"A-CodingStandard","messageBody":"","tags":["A-CodingStandard"],"fileTypesAndContributionMap":{"gradle":{"insertions":5,"deletions":0},"java":{"insertions":211,"deletions":159}}},{"hash":"e0326351962b52f5ae2536b6d1a210039d0d7715","isMergeCommit":false,"messageTitle":"Level-9 fixed","messageBody":"","tags":["Level-9"],"fileTypesAndContributionMap":{"txt":{"insertions":1,"deletions":0}}}]},{"date":"2023-09-23","commitResults":[{"hash":"d7bdf08873f1d84c7f829014231b142bb19d428e","isMergeCommit":false,"messageTitle":"JavaDocs and Exception Handling for all Methods","messageBody":"","fileTypesAndContributionMap":{"gradle":{"insertions":15,"deletions":0},"java":{"insertions":566,"deletions":38}}},{"hash":"1ee8b251e0cce8a27cd6c013cefa72a4f5aea67d","isMergeCommit":false,"messageTitle":"All classes: Add JavaDocs and Exception Handling","messageBody":"JavaDocs provide summary of method functionality and input/return\nparameters for easier identification.\n\nException handling allows for more defined program behaviour, with\nproper responses for unintended inputs by the user. It also enables the\nuser to better use the application.\n","fileTypesAndContributionMap":{"java":{"insertions":28,"deletions":24}}},{"hash":"4d3f9a38e67cb06010ddcd86500f72c97ac769bc","isMergeCommit":true,"messageTitle":"Merge branch \u0027branch-A-CodingStandard\u0027","messageBody":"","tags":["A-JavaDoc"],"fileTypesAndContributionMap":{}},{"hash":"c53071c298d0e1be750799bdc2a4160535f4e0c0","isMergeCommit":false,"messageTitle":"Rectify Exception Messages and JavaDoc Formatting","messageBody":"","tags":["A-CheckStyle"],"fileTypesAndContributionMap":{"java":{"insertions":38,"deletions":43}}}]},{"date":"2023-09-24","commitResults":[{"hash":"412c1f0b1bf336a4fd1d9c0b8e0bff6c1b5180b5","isMergeCommit":false,"messageTitle":"Add GUI","messageBody":"","fileTypesAndContributionMap":{"fxml":{"insertions":35,"deletions":0},"java":{"insertions":286,"deletions":1}}},{"hash":"5804ccb9f2a2c260fdd0c80459d4fb3d64c31d14","isMergeCommit":false,"messageTitle":"Modify GUI parameters","messageBody":"","fileTypesAndContributionMap":{"txt":{"insertions":1,"deletions":0},"fxml":{"insertions":2,"deletions":2},"java":{"insertions":51,"deletions":47}}}]},{"date":"2023-09-25","commitResults":[{"hash":"d99ef9b47c0b1931a013916dd78194205eef187f","isMergeCommit":false,"messageTitle":"Modify CLI Functionality","messageBody":"","tags":["Level-10"],"fileTypesAndContributionMap":{"txt":{"insertions":1,"deletions":0},"fxml":{"insertions":1,"deletions":1},"java":{"insertions":18,"deletions":75}}},{"hash":"141af719318b1d6d2b503ebcde649b759cf341ac","isMergeCommit":false,"messageTitle":"Add assert statements.","messageBody":"Assert statements help prevent errors by ensuring input / output\nconditions are met.\n","fileTypesAndContributionMap":{"java":{"insertions":67,"deletions":40}}},{"hash":"402fb24b5cc5a4484397daa6faf05e27156e74ec","isMergeCommit":true,"messageTitle":"Merge pull request #2 from RB9823/branch-A-Assertions","messageBody":"Add assert statements.","tags":["A-FullCommitMessage","A-Assertions"],"fileTypesAndContributionMap":{}},{"hash":"7a9e15179978ca6aa469f09061c4d989093510e6","isMergeCommit":false,"messageTitle":"Improve Code Quality.","messageBody":"Aids in understanding the code fucntionality, which enables easier\nadditions / modifications.\n","fileTypesAndContributionMap":{"java":{"insertions":41,"deletions":0}}},{"hash":"5b5b4c146cbc929d314122766445b6aec4903f76","isMergeCommit":false,"messageTitle":"Improve Code Quality","messageBody":"Handling of GUI improved with consistent output for list and schedule\ncommands.\n\nFix text wrapping for longer messages\n","fileTypesAndContributionMap":{"java":{"insertions":36,"deletions":49}}},{"hash":"ef2adbfb508e8678d5748dac03d4b3d94125b92b","isMergeCommit":true,"messageTitle":"Merge pull request #3 from RB9823/branch-A-CodeQuality","messageBody":"Update Code Quality","fileTypesAndContributionMap":{}},{"hash":"3d4f9a124a001013364e466ce8375a0694b00c36","isMergeCommit":false,"messageTitle":"More Changes","messageBody":"","fileTypesAndContributionMap":{"txt":{"insertions":2,"deletions":0},"fxml":{"insertions":22,"deletions":7},"java":{"insertions":2,"deletions":82}}},{"hash":"90e1a1654e742542b20256466e7a3780ac4b3cc8","isMergeCommit":true,"messageTitle":"Merge pull request #4 from RB9823/branch-A-CodeQuality","messageBody":"More Changes","tags":["A-Streams","A-CodeQuality"],"fileTypesAndContributionMap":{}}]}]},"authorFileTypeContributionMap":{"RB9823":{"java":1555,"md":2,"fxml":50,"sh":0,"bat":1,"gradle":21,"txt":20}},"authorContributionVariance":{"RB9823":49418.82},"authorDisplayNameMap":{"RB9823":"CS2103T-F10-1 BAHL..OHAN"}}
