{"authorDailyContributionsMap":{"RB9823":[{"date":"2023-08-21","commitResults":[{"hash":"7c79432a3099a9fe5cd7c873db8f2e93c23cf5f7","isMergeCommit":false,"messageTitle":"Level-0","messageBody":"","tags":["Level-0"],"fileTypesAndContributionMap":{"java":{"insertions":17,"deletions":7}}},{"hash":"19fe59b4b6c3d7c4270d2f0ca892e352f65ca919","isMergeCommit":false,"messageTitle":"Level-1","messageBody":"","tags":["Level-1"],"fileTypesAndContributionMap":{"java":{"insertions":11,"deletions":0}}},{"hash":"0d501a727ee9832729d1071769f1fa7518836f03","isMergeCommit":false,"messageTitle":"Level-2","messageBody":"","tags":["Level-2"],"fileTypesAndContributionMap":{"java":{"insertions":54,"deletions":18}}}]},{"date":"2023-08-23","commitResults":[{"hash":"ab769888c376339ad01c00ed96031676ee33a362","isMergeCommit":false,"messageTitle":"Level-3","messageBody":"","tags":["Level-3"],"fileTypesAndContributionMap":{"java":{"insertions":90,"deletions":31}}}]},{"date":"2023-08-24","commitResults":[{"hash":"afb4528848b3696f58de4bc14c0aed26003810f0","isMergeCommit":false,"messageTitle":"Level-4","messageBody":"","tags":["Level-4"],"fileTypesAndContributionMap":{"java":{"insertions":144,"deletions":36}}},{"hash":"7889ee7827c1d77df9e2049d0b800a45b9f3e272","isMergeCommit":false,"messageTitle":"A-TextUiTesting","messageBody":"","tags":["A-TextUiTesting"],"fileTypesAndContributionMap":{"txt":{"insertions":8,"deletions":0},"java":{"insertions":21,"deletions":14}}},{"hash":"1379dbcec4e8e499948303875f0a1e5e490c62e9","isMergeCommit":false,"messageTitle":"Level-5","messageBody":"","tags":["Level-6","Level-5","A-Enums"],"fileTypesAndContributionMap":{"java":{"insertions":97,"deletions":57}}}]},{"date":"2023-09-02","commitResults":[{"hash":"14697559dcaf498e71a1948bae39fee9e7070d13","isMergeCommit":false,"messageTitle":"Level-7","messageBody":"","tags":["Level-7"],"fileTypesAndContributionMap":{"java":{"insertions":177,"deletions":70}}}]}]},"authorFileTypeContributionMap":{"RB9823":{"java":384,"md":0,"fxml":0,"sh":0,"bat":0,"gradle":0,"txt":8}},"authorContributionVariance":{"RB9823":11491.1875},"authorDisplayNameMap":{"RB9823":"CS2103T-F10-1 BAHL..OHAN"}}
