{"authorDailyContributionsMap":{"kayabuttertoastt":[{"date":"2023-08-24","commitResults":[{"hash":"e74fdbae701d3f7defe37a9a0034ae0e2da245a8","isMergeCommit":false,"messageTitle":"Level 0","messageBody":"","tags":["Level-0"],"fileTypesAndContributionMap":{"java":{"insertions":4,"deletions":6}}},{"hash":"a4dcac727f1aa096f7ffbf6e645bf8851cd35235","isMergeCommit":false,"messageTitle":"Level 1","messageBody":"","tags":["Level-1"],"fileTypesAndContributionMap":{"java":{"insertions":12,"deletions":3}}},{"hash":"8c07c1d5ecabda57023267329fe5a736397f711f","isMergeCommit":false,"messageTitle":"Level 2","messageBody":"","tags":["Level-2"],"fileTypesAndContributionMap":{"java":{"insertions":14,"deletions":3}}},{"hash":"6479eddd69413d955544863a1bb22331fc1b9877","isMergeCommit":false,"messageTitle":"Level 3","messageBody":"","tags":["Level-3"],"fileTypesAndContributionMap":{"java":{"insertions":58,"deletions":11}}},{"hash":"d3b9c41acd12857058782ae693831631fcd46317","isMergeCommit":false,"messageTitle":"Level 4","messageBody":"","tags":["Level-4"],"fileTypesAndContributionMap":{"java":{"insertions":68,"deletions":1}}},{"hash":"a0344303c69fcdde7cbda669d4e2e76338d2e25e","isMergeCommit":false,"messageTitle":"A-TextUiTesting","messageBody":"","tags":["A-TextUiTesting"],"fileTypesAndContributionMap":{"txt":{"insertions":12,"deletions":0}}},{"hash":"768a8dbb63e4b900c5c5e11596ce958b8e52f181","isMergeCommit":false,"messageTitle":"Level 5","messageBody":"","tags":["Level-5"],"fileTypesAndContributionMap":{"java":{"insertions":34,"deletions":20}}},{"hash":"c8ebd187881aeb2413995bfea549009b0b2339f6","isMergeCommit":false,"messageTitle":"Level 6","messageBody":"","tags":["Level-6"],"fileTypesAndContributionMap":{"java":{"insertions":10,"deletions":3}}}]},{"date":"2023-08-31","commitResults":[{"hash":"2645ee7b5627812c9b0dc2badcbc189ae733fb58","isMergeCommit":false,"messageTitle":"Add task list save and load functionality from disk","messageBody":"","tags":["Level-7"],"fileTypesAndContributionMap":{"txt":{"insertions":1,"deletions":0},"java":{"insertions":92,"deletions":10}}}]},{"date":"2023-09-01","commitResults":[{"hash":"5c939b3522d3d3dcebfbd1450b8fd4ec6c8c0f65","isMergeCommit":false,"messageTitle":"Improve date handling","messageBody":"","tags":["Level-8"],"fileTypesAndContributionMap":{"java":{"insertions":66,"deletions":14}}}]},{"date":"2023-09-02","commitResults":[{"hash":"e135cd749472f34afe35efde8a450114d778f828","isMergeCommit":false,"messageTitle":"Incorporate OOP","messageBody":"","tags":["A-MoreOOP"],"fileTypesAndContributionMap":{"java":{"insertions":365,"deletions":166}}},{"hash":"fffa30d31b613cfbdf32085f74b6674924949ba8","isMergeCommit":false,"messageTitle":"Add Packages","messageBody":"","tags":["A-Packages"],"fileTypesAndContributionMap":{"java":{"insertions":90,"deletions":2}}},{"hash":"2033c16102088351ece50deb57f56bca76810bb6","isMergeCommit":false,"messageTitle":"Revert \"Add Packages\"","messageBody":"This reverts commit fffa30d31b613cfbdf32085f74b6674924949ba8.\n","fileTypesAndContributionMap":{"java":{"insertions":2,"deletions":90}}},{"hash":"d78e09d92ba33b741597f1b60c7700b7da141289","isMergeCommit":false,"messageTitle":"Add Packages","messageBody":"","fileTypesAndContributionMap":{"java":{"insertions":90,"deletions":5}}},{"hash":"2f5db1c5da6266799f073cb97b0a8013c6ea35ab","isMergeCommit":true,"messageTitle":"Merge pull request #1 from kayabuttertoastt/add-gradle-support","messageBody":"Add gradle support","tags":["A-Gradle"],"fileTypesAndContributionMap":{}},{"hash":"5ff028152d562dd91a3f48ab15d6792dc2264818","isMergeCommit":true,"messageTitle":"Merge branch \u0027master\u0027 of https://github.com/kayabuttertoastt/ip","messageBody":"* \u0027master\u0027 of https://github.com/kayabuttertoastt/ip:\n  Bump gradle and lib version\n  Add Gradle support\n","fileTypesAndContributionMap":{}},{"hash":"d99bd5680c9362874e5977acacce6a607d7a7a6b","isMergeCommit":false,"messageTitle":"Add JUnit tests","messageBody":"","tags":["A-JUnit"],"fileTypesAndContributionMap":{"java":{"insertions":69,"deletions":1}}},{"hash":"34e2c7658fec91ef4e72ee8379c06fb949f4f15c","isMergeCommit":false,"messageTitle":"Add JavaDocs","messageBody":"","tags":["A-JavaDoc","A-Jar"],"fileTypesAndContributionMap":{"gradle":{"insertions":2,"deletions":1},"java":{"insertions":381,"deletions":1}}},{"hash":"ca08980b42821e8eeb3ea69bbdd5d884936e0123","isMergeCommit":false,"messageTitle":"Edit code to follow the Coding Standard","messageBody":"","tags":["A-CodingStandard"],"fileTypesAndContributionMap":{"java":{"insertions":60,"deletions":59}}},{"hash":"38ac5553908e2dca176ed2f01ddcbf13f322cc7c","isMergeCommit":false,"messageTitle":"Add find feature","messageBody":"","tags":["Level-9"],"fileTypesAndContributionMap":{"txt":{"insertions":2,"deletions":1},"java":{"insertions":72,"deletions":8}}}]},{"date":"2023-09-07","commitResults":[{"hash":"a6877e9d5d98c47e08784ede678aa09dba55e80c","isMergeCommit":false,"messageTitle":"Set up Checkstyle","messageBody":"","tags":["A-Checkstyle"],"fileTypesAndContributionMap":{"gradle":{"insertions":5,"deletions":0},"java":{"insertions":115,"deletions":59}}}]},{"date":"2023-09-13","commitResults":[{"hash":"256e0e9e77a296f754f4111d721abc2ceb005d44","isMergeCommit":false,"messageTitle":"Add GUI","messageBody":"","tags":["Level-10"],"fileTypesAndContributionMap":{"gradle":{"insertions":16,"deletions":1},"txt":{"insertions":1,"deletions":2},"java":{"insertions":338,"deletions":80}}}]}]},"authorFileTypeContributionMap":{"kayabuttertoastt":{"java":1406,"md":0,"fxml":0,"sh":0,"bat":0,"gradle":22,"txt":13}},"authorContributionVariance":{"kayabuttertoastt":82360.84},"authorDisplayNameMap":{"kayabuttertoastt":"CS2103T-F08-4 KIRT..THAM"}}
