{"authorDailyContributionsMap":{"sp4ce-cowboy":[{"date":"2023-08-24","commitResults":[{"hash":"97418aff406ee88e2b4664127b510aec59609ac6","isMergeCommit":false,"messageTitle":"Implement an initial skeletal version of the ChatBot. Duke Level-0, first commit","messageBody":"","tags":["Level-0"],"fileTypesAndContributionMap":{"java":{"insertions":18,"deletions":0}}},{"hash":"d5a375d0088c02c3481abb88775c710d06926d79","isMergeCommit":false,"messageTitle":"Delete Duke.java","messageBody":"","fileTypesAndContributionMap":{"java":{"insertions":0,"deletions":10}}},{"hash":"7c84a9f76cbc0bb6d66b29e985f8be5c6d12e46c","isMergeCommit":false,"messageTitle":"Improve ChatBot to echo every input","messageBody":"","tags":["Level-1"],"fileTypesAndContributionMap":{"java":{"insertions":22,"deletions":2}}},{"hash":"1163a5b7c2d8caf8b01a5cb0b77b89789a11523d","isMergeCommit":false,"messageTitle":"Add ability to read, store, and retrieve tasks upon request","messageBody":"","tags":["Level-2"],"fileTypesAndContributionMap":{"java":{"insertions":10,"deletions":1}}},{"hash":"2cf74516018400a78e13743dd542f3f7f0b0c3c6","isMergeCommit":false,"messageTitle":"Add ability to mark and unmark tasks","messageBody":"","tags":["Level-3","A-Classes"],"fileTypesAndContributionMap":{"java":{"insertions":67,"deletions":9}}},{"hash":"b1349f311fdcb28bb124f8558b6c597022539474","isMergeCommit":false,"messageTitle":"Add ability to add todos, deadlines and event, in addition to tasks","messageBody":"","tags":["Level-4","A-Inheritance"],"fileTypesAndContributionMap":{"java":{"insertions":119,"deletions":14}}},{"hash":"f918e2357d18f070e91b65594bec1969fdb199b6","isMergeCommit":false,"messageTitle":"Use the input/output redirection technique to semi-automate the testing of Duke","messageBody":"","tags":["A-TextUiTesting"],"fileTypesAndContributionMap":{"txt":{"insertions":4,"deletions":0},"java":{"insertions":1,"deletions":1},"sh":{"insertions":2,"deletions":2}}},{"hash":"b361ffc43981fd8c7d9f14e3405f4d36a3233b5e","isMergeCommit":false,"messageTitle":"Teach the chatbot to deal with errors such as incorrect inputs entered by the user","messageBody":"","tags":["Level-5","A-Exceptions"],"fileTypesAndContributionMap":{"java":{"insertions":43,"deletions":5}}},{"hash":"fd540f2ac693c91d7d0c601780b4f7816ab0c103","isMergeCommit":false,"messageTitle":"Add support for deleting tasks from the list","messageBody":"","tags":["Level-6","A-Collections"],"fileTypesAndContributionMap":{"java":{"insertions":11,"deletions":2}}}]},{"date":"2023-09-01","commitResults":[{"hash":"520da679a4b23ac10b5d6c61f17494093dfb3b17","isMergeCommit":false,"messageTitle":"Fix formatting errors.","messageBody":"","fileTypesAndContributionMap":{"java":{"insertions":1,"deletions":1}}},{"hash":"d8f39f77675b95163d1bb7b814229d9dae76d792","isMergeCommit":false,"messageTitle":"Add support for file storage","messageBody":"","fileTypesAndContributionMap":{"java":{"insertions":3,"deletions":0}}}]},{"date":"2023-09-02","commitResults":[{"hash":"be71f3f03bd8b660509459b7d666cee3ee058bd8","isMergeCommit":false,"messageTitle":"Remove empty FileReader file.","messageBody":"","fileTypesAndContributionMap":{"java":{"insertions":0,"deletions":3}}}]},{"date":"2023-09-03","commitResults":[{"hash":"ef471460700af11dbeae4ce5ee3253fd50517941","isMergeCommit":false,"messageTitle":"Fixed support for file storage","messageBody":"","tags":["Level-7"],"fileTypesAndContributionMap":{"java":{"insertions":122,"deletions":8}}},{"hash":"1f55f2706ccd15db8625a7307fe918d85cbf88f6","isMergeCommit":false,"messageTitle":"Add LocalDate functionality to Deadline Objects","messageBody":"","fileTypesAndContributionMap":{"java":{"insertions":19,"deletions":3}}},{"hash":"5c282b16887560e76160f1516f1df204dfdc25db","isMergeCommit":false,"messageTitle":"Clean up code in Storage.java","messageBody":"","fileTypesAndContributionMap":{"java":{"insertions":0,"deletions":1}}},{"hash":"afbe00b220d3ec9f691e27c29878daad53742c32","isMergeCommit":false,"messageTitle":"Add UI class to deal with User Interface","messageBody":"","fileTypesAndContributionMap":{"java":{"insertions":73,"deletions":63}}},{"hash":"2a73579651a19bdb4e49b4b819e67a9997092672","isMergeCommit":false,"messageTitle":"Add more UI functionality and Storage class","messageBody":"","fileTypesAndContributionMap":{"java":{"insertions":201,"deletions":94}}},{"hash":"585c0ca59c9618114ba7edadf35b5f5cf16b1af4","isMergeCommit":false,"messageTitle":"Add more TaskList functionality and simplify main Class","messageBody":"","fileTypesAndContributionMap":{"java":{"insertions":46,"deletions":49}}},{"hash":"81571089dbebf5dff1e4bc7afd572153283206b3","isMergeCommit":false,"messageTitle":"Add more Parser Functionality","messageBody":"","fileTypesAndContributionMap":{"java":{"insertions":127,"deletions":67}}},{"hash":"de9b6bb8a52ee62851c712585bae1538539e893e","isMergeCommit":false,"messageTitle":"Add final OOP Functionalities","messageBody":"","tags":["A-MoreOOP"],"fileTypesAndContributionMap":{"java":{"insertions":32,"deletions":32}}},{"hash":"a96f3981c039ac8a4f87bc5b128e409b12ddec13","isMergeCommit":false,"messageTitle":"Package all classes into a single duke package.","messageBody":"","fileTypesAndContributionMap":{"java":{"insertions":1,"deletions":1}}},{"hash":"1ee118dbe225cfb7b8303d56303b56860f3251c1","isMergeCommit":false,"messageTitle":"Package more file into duke folder","messageBody":"","tags":["A-Packages"],"fileTypesAndContributionMap":{"java":{"insertions":17,"deletions":8}}},{"hash":"efefc694af53d2272e0c6216d1fb8eab3a2d99d7","isMergeCommit":true,"messageTitle":"Merge branch \u0027add-gradle-support\u0027","messageBody":"","fileTypesAndContributionMap":{}},{"hash":"ea16abae629f9fe52fd79c84aed3ff509947cdf1","isMergeCommit":false,"messageTitle":"Edit main file and add gradle support","messageBody":"","fileTypesAndContributionMap":{"java":{"insertions":1,"deletions":1}}},{"hash":"2f93528d35f326049367f7b9228cb6435cc4cd2e","isMergeCommit":false,"messageTitle":"Configure Gradle to run the ChatBot class","messageBody":"","tags":["A-Gradle"],"fileTypesAndContributionMap":{"gradle":{"insertions":1,"deletions":1}}},{"hash":"ae117f9871acca369ce152b3b3186d37d6cb09d1","isMergeCommit":false,"messageTitle":"Add JUnit tests for 3 classes","messageBody":"","tags":["A-JUnit"],"fileTypesAndContributionMap":{"java":{"insertions":128,"deletions":1}}},{"hash":"b20c2a6f6e6ca98377e68651822a9ac4d2707ece","isMergeCommit":false,"messageTitle":"Modify build.gradle file to support making of Jar file","messageBody":"","tags":["Release-1","A-Jar"],"fileTypesAndContributionMap":{"gradle":{"insertions":2,"deletions":0}}},{"hash":"a31547256b7f40b23f7411c9769b03f127e5d0f7","isMergeCommit":false,"messageTitle":"Add JavaDoc comments to all classes","messageBody":"","tags":["A-JavaDoc"],"fileTypesAndContributionMap":{"java":{"insertions":326,"deletions":23}}},{"hash":"be2d41f28e2cb6fd4788afd2bf34de0b55d8bd7d","isMergeCommit":false,"messageTitle":"Format all code to conform to coding standards.","messageBody":"","tags":["A-CodingStandard"],"fileTypesAndContributionMap":{"java":{"insertions":19,"deletions":15}}},{"hash":"cc04b172cb87a6002c9041192ac9603fd638d79f","isMergeCommit":false,"messageTitle":"Add some changes to TaskList to accodomate Find functionality.","messageBody":"","fileTypesAndContributionMap":{"java":{"insertions":7,"deletions":0}}},{"hash":"4456a75d1d26af36b174fa68c76531adeb9e4f27","isMergeCommit":true,"messageTitle":"Merge branch \u0027branch-A-CodingStandard\u0027","messageBody":"","fileTypesAndContributionMap":{}},{"hash":"855b6a739f85b1c0800c42f3e7db844d43364019","isMergeCommit":false,"messageTitle":"Add completed Find task functionality","messageBody":"","tags":["Level-9"],"fileTypesAndContributionMap":{"java":{"insertions":20,"deletions":2}}},{"hash":"d3eae81f066f0ed0cbe81d1747e8e0245d9e3df1","isMergeCommit":true,"messageTitle":"Merge branch \u0027branch-Level-9\u0027","messageBody":"# Conflicts:\n#\tsrc/main/java/duke/Parser.java\n#\tsrc/main/java/duke/Ui.java\n","fileTypesAndContributionMap":{}},{"hash":"dbf3625953c24dd10941b9b3489429e9829a506f","isMergeCommit":false,"messageTitle":"Merge more conflicts","messageBody":"","fileTypesAndContributionMap":{"java":{"insertions":7,"deletions":0}}}]},{"date":"2023-09-04","commitResults":[{"hash":"c85e37350c063f7191218a78ec94daa7aa3069b2","isMergeCommit":false,"messageTitle":"Clean up code","messageBody":"","fileTypesAndContributionMap":{"java":{"insertions":1,"deletions":1}}},{"hash":"5c566475eb0a6a7fd5424e2019e0b514a740484a","isMergeCommit":false,"messageTitle":"Edit some code for creation of Level-8 branch","messageBody":"","fileTypesAndContributionMap":{"java":{"insertions":1,"deletions":0}}}]},{"date":"2023-09-08","commitResults":[{"hash":"1b1de57ab36b55ce64ed9b661fe2bd471ffb5cc4","isMergeCommit":false,"messageTitle":"Modify gradle build file and java files to prepare for JavaFX implementation","messageBody":"","fileTypesAndContributionMap":{"gradle":{"insertions":17,"deletions":0},"java":{"insertions":33,"deletions":2}}},{"hash":"4f95247f52b935e9ac462fdbdfa216a7e046cbe6","isMergeCommit":false,"messageTitle":"Add GUI functionality to ChatterBox","messageBody":"","tags":["Level-10"],"fileTypesAndContributionMap":{"java":{"insertions":405,"deletions":125}}},{"hash":"4aa4248e52033db106b31047901c4daab3f0a5ad","isMergeCommit":false,"messageTitle":"Modify JUnit tests to accomodate new GUI functionality","messageBody":"","fileTypesAndContributionMap":{"java":{"insertions":2,"deletions":2}}},{"hash":"f396e17c1879ad27f4620acfbef1ebbeb10207d9","isMergeCommit":false,"messageTitle":"Clean up some code in Main class","messageBody":"","fileTypesAndContributionMap":{"java":{"insertions":0,"deletions":2}}}]},{"date":"2023-09-15","commitResults":[{"hash":"23ab6a4fa76c905dac379a77b3d32cd965337e6f","isMergeCommit":false,"messageTitle":"Modify gradle build file","messageBody":"The gradle build file contains references to the previous default duke\nproject.\n\nModifying this build file to convert all these references and the name\nof the jar file to chatterbox will unify the working environment.\n","tags":["A-FullCommitMessage"],"fileTypesAndContributionMap":{"gradle":{"insertions":1,"deletions":1}}},{"hash":"4b8aaa048cb86a8a23cc41231d11c3cb9d6351dd","isMergeCommit":false,"messageTitle":"Add assertions functionality","messageBody":"Until now, it has been assumed that all interacting methods correctly\nprovide the data required by the calling method.\n\nTo address any possible programmer errors and oversight, assertions have\nbeen inserted at appropriate junctures in the code for all relevant\nclasses.\n\nThis will make the application run more safely and errors will be\nexplicitly highlighted instead of being suppressed when the app is run.\n","tags":["A-Assertions"],"fileTypesAndContributionMap":{"gradle":{"insertions":1,"deletions":0},"java":{"insertions":25,"deletions":3}}},{"hash":"7f84f1d6e059dd69469c8c41dd669d3159dcad52","isMergeCommit":false,"messageTitle":"Clean up code","messageBody":"The codebase up until this point did not entire fit in with the required\nCoding Quality requirements.\n\nAll Magic Numbers are replaced with final class constants, and other\nminor code quality issues are fixed.\n","tags":["A-CodeQuality"],"fileTypesAndContributionMap":{"java":{"insertions":39,"deletions":28}}},{"hash":"0ff13d1415e5ed218e4a035bafa13b3f954eb3ef","isMergeCommit":true,"messageTitle":"Merge pull request #1 from sp4ce-cowboy/branch-A-Assertions","messageBody":"Merge commit to add assertions functionality","fileTypesAndContributionMap":{}},{"hash":"edbb8943965f2d2dbbab0bbcce5a4a5f41b1f644","isMergeCommit":true,"messageTitle":"Merge branch \u0027master\u0027 into branch-A-CodeQuality","messageBody":"* master:\n  Add assertions functionality\n","tags":["Merge-PRs"],"fileTypesAndContributionMap":{}},{"hash":"9fa7b0143a61a7e29b4e46ac479ac7e18c177084","isMergeCommit":true,"messageTitle":"Merge PRs","messageBody":"Clean up code, merge pull request #2 from sp4ce-cowboy/branch-A-CodeQuality","fileTypesAndContributionMap":{}},{"hash":"5a5d68298c1196f2cb6f95e0e81ddb1ae16ce207","isMergeCommit":false,"messageTitle":"Initialize ability to Update items","messageBody":"","tags":["BCD-Extension"],"fileTypesAndContributionMap":{"java":{"insertions":4,"deletions":0}}}]},{"date":"2023-09-17","commitResults":[{"hash":"9e07e3b2810a3f0142f90832992b2742c25fec3d","isMergeCommit":false,"messageTitle":"Add support for mass deletion","messageBody":"","fileTypesAndContributionMap":{"java":{"insertions":22,"deletions":2}}}]}]},"authorFileTypeContributionMap":{"sp4ce-cowboy":{"java":1409,"md":0,"fxml":0,"sh":1,"bat":0,"gradle":22,"txt":4}},"authorContributionVariance":{"sp4ce-cowboy":82677.98},"authorDisplayNameMap":{"sp4ce-cowboy":"CS2103-T16-3 SURE..BESH"}}
