{"authorDailyContributionsMap":{"Khaleelur-Rahman":[{"date":"2023-08-19","commitResults":[{"hash":"34984a70a7042e20ea1ad01156ea09c2af48ed34","isMergeCommit":false,"messageTitle":"Add salutations.","messageBody":"Greet the person Hi and goodbye when the person runs the code or exits from it.\n","tags":["Level-0"],"fileTypesAndContributionMap":{"java":{"insertions":6,"deletions":1}}},{"hash":"a33f21b8f67688de10d051f4c674a5d565b90c04","isMergeCommit":false,"messageTitle":"Echo","messageBody":"Chatbot echos whatever the user inputs and leaves when the user inputs \"Bye\"\n","tags":["Level-1"],"fileTypesAndContributionMap":{"java":{"insertions":32,"deletions":11}}}]},{"date":"2023-08-20","commitResults":[{"hash":"85764b4579aa30a7792f88bae66742c5e278cb6c","isMergeCommit":false,"messageTitle":"Add, List","messageBody":"Lets user add todos and to display them.\n","tags":["Level-2"],"fileTypesAndContributionMap":{"java":{"insertions":40,"deletions":3}}},{"hash":"f9dc96cc1d0c6365ebf3953dd5d4441619dff817","isMergeCommit":false,"messageTitle":"Mark as Done","messageBody":"Enabled users to mark tasksasd done and to undone tasks.\nRenamed ToDoList class as Task class to encapsulate task info.\n","tags":["Level-3"],"fileTypesAndContributionMap":{"java":{"insertions":89,"deletions":23}}},{"hash":"f983e75b20b5222fdee6edd4e907062d5ec48238","isMergeCommit":false,"messageTitle":"Mark as done update","messageBody":"Updated the code to include return statements in task list instead of inside Duke class to make enforce abstraction.\n","fileTypesAndContributionMap":{"java":{"insertions":24,"deletions":20}}}]},{"date":"2023-08-22","commitResults":[{"hash":"03832f6a9aa6c951a64fab028e73a22b3691fc32","isMergeCommit":false,"messageTitle":"Todo, Deadline, Event tasks","messageBody":"Created 2 subclasses that inherit from task class to encapsulate the info related to each task in each class.\n","tags":["Level-4"],"fileTypesAndContributionMap":{"java":{"insertions":208,"deletions":34}}},{"hash":"f2b76276a70881ded9e38e95a207535aa7870e25","isMergeCommit":false,"messageTitle":"Add I/O redirection technique.","messageBody":"Added automated testing to check if the the expected and actual output is correct thus far.\n","tags":["A-TextUiTesting"],"fileTypesAndContributionMap":{"txt":{"insertions":5,"deletions":0},"java":{"insertions":0,"deletions":23}}},{"hash":"df7f9b28a4902798d3f094760d0b8e809c91e9e3","isMergeCommit":false,"messageTitle":"Add automated text UI testing and error handling","messageBody":"Added some inputs to verify actual and expected output.\nHandled errors for mark/unmark, list, deadline,event,todo commands.\n","fileTypesAndContributionMap":{"java":{"insertions":86,"deletions":34},"bat":{"insertions":7,"deletions":0}}},{"hash":"d38cee3a73c6ef31942253f1c33d8cca000271cb","isMergeCommit":false,"messageTitle":"More exceptions","messageBody":"Handle mark and unmarked states.\n","tags":["Level-5"],"fileTypesAndContributionMap":{"java":{"insertions":21,"deletions":9}}},{"hash":"df517c2060a7a28e9a9ffb7f08f88dde3b2b2790","isMergeCommit":false,"messageTitle":"Add delete functionality","messageBody":"Support delete of tasks using arraylists. Added exceptions for the delete operation.\n","tags":["Level-6"],"fileTypesAndContributionMap":{"java":{"insertions":71,"deletions":35}}}]},{"date":"2023-08-23","commitResults":[{"hash":"26fe545c0c8ee866176c3fec6f6a60d110d15f8b","isMergeCommit":false,"messageTitle":"Added enums","messageBody":"Created enums for all the 3 subtasks and edited toString in task class.\n","tags":["A-Enums"],"fileTypesAndContributionMap":{"java":{"insertions":2,"deletions":0}}},{"hash":"a7d87107dc6c2abd2db5b263f85a78a1359c67a2","isMergeCommit":false,"messageTitle":"Add enums","messageBody":"Added enums class for the 3 subtasks and edited toString accordingly.\n","fileTypesAndContributionMap":{"java":{"insertions":31,"deletions":17}}},{"hash":"4ad6105ed17486db6091e7b47690064665743fcf","isMergeCommit":false,"messageTitle":"Add javadocs for all methods","messageBody":"","fileTypesAndContributionMap":{"java":{"insertions":115,"deletions":25}}},{"hash":"93e559cf4dd40df97ced30cc7d81c227bdec4029","isMergeCommit":false,"messageTitle":"Adjusted Automated Text UI Testing","messageBody":"","fileTypesAndContributionMap":{"java":{"insertions":22,"deletions":16},"bat":{"insertions":0,"deletions":7}}},{"hash":"d0731534cc915b456461d3bae4ad9d38a8ead896","isMergeCommit":false,"messageTitle":"Reduced code complexity","messageBody":"Reduced the number of functions.\nUsed startsWith() to ease code readability.\nAdded javadocs for modified methods.\nSimplified main() method.\n","fileTypesAndContributionMap":{"java":{"insertions":226,"deletions":202}}},{"hash":"d551c733dfcc8130df745ef10c012b1b09efbff5","isMergeCommit":false,"messageTitle":"Moved scanner object above while loop.","messageBody":"","fileTypesAndContributionMap":{"java":{"insertions":1,"deletions":2}}}]},{"date":"2023-08-30","commitResults":[{"hash":"31ae32dd6883781edb70255c6c1a32e57603e1d1","isMergeCommit":false,"messageTitle":"Add save to harddisk feature","messageBody":"Used file write and read functions to save data to harddisk.\n","tags":["Level-7"],"fileTypesAndContributionMap":{"txt":{"insertions":2,"deletions":0},"java":{"insertions":127,"deletions":17}}},{"hash":"c8f58ff42063fa5f96c1603dbfa22df7b5f96e5d","isMergeCommit":false,"messageTitle":"Delete src/main/storage directory","messageBody":"","fileTypesAndContributionMap":{"txt":{"insertions":0,"deletions":2}}},{"hash":"3d21403fb1657999208c09c652e9a5388c5a6f64","isMergeCommit":false,"messageTitle":"Handle dates for deadline tasks","messageBody":"","fileTypesAndContributionMap":{"txt":{"insertions":1,"deletions":0},"java":{"insertions":43,"deletions":11}}},{"hash":"5981a0e4cb8d4aea5e985ec3b851c59cc7bd13b5","isMergeCommit":false,"messageTitle":"Completed Level-8","messageBody":"Handled both date and time inputs for tasks.\n","tags":["Level-8"],"fileTypesAndContributionMap":{"txt":{"insertions":2,"deletions":3},"java":{"insertions":118,"deletions":53}}},{"hash":"f5ecb5361113574a10cdecfd122b57d8c9c00e02","isMergeCommit":false,"messageTitle":"Revert \"Completed Level-8\"","messageBody":"This reverts commit 5981a0e4cb8d4aea5e985ec3b851c59cc7bd13b5.\n","fileTypesAndContributionMap":{"txt":{"insertions":3,"deletions":2},"java":{"insertions":53,"deletions":118}}},{"hash":"c5a81361986370e92c287ee2e2155de9fb992a7e","isMergeCommit":false,"messageTitle":"Revert \"Revert \"Completed Level-8\"\"","messageBody":"This reverts commit f5ecb5361113574a10cdecfd122b57d8c9c00e02.\n","fileTypesAndContributionMap":{"txt":{"insertions":2,"deletions":3},"java":{"insertions":118,"deletions":53}}},{"hash":"63c19505f80450aeea852084e4b3a640438416e5","isMergeCommit":true,"messageTitle":"Merge branch \u0027add-gradle-support\u0027 of https://github.com/Khaleelur-Rahman/ip","messageBody":"","fileTypesAndContributionMap":{}},{"hash":"93cc3c7f4709c44b4c0ddbc482ffb4863470a6bd","isMergeCommit":false,"messageTitle":"Delete duke.txt","messageBody":"","fileTypesAndContributionMap":{"txt":{"insertions":0,"deletions":2}}},{"hash":"2ffbb55d9295a59afcacbad8b3eb7a4c770feeca","isMergeCommit":true,"messageTitle":"Merge pull request #1 from Khaleelur-Rahman/branch-Level-8","messageBody":"Branch level 8","fileTypesAndContributionMap":{}},{"hash":"87188e44764fb244eccb593a0a116de656eb8d7e","isMergeCommit":true,"messageTitle":"Merge branch \u0027master\u0027 of https://github.com/Khaleelur-Rahman/ip","messageBody":"","fileTypesAndContributionMap":{}},{"hash":"28b1863effc81219088efcba4c32ffd07e6ab464","isMergeCommit":false,"messageTitle":"Completed A-MoreOOPs level.","messageBody":"","fileTypesAndContributionMap":{"txt":{"insertions":0,"deletions":0},"java":{"insertions":601,"deletions":495}}},{"hash":"2885f95e322964e2aa6393c894c757f15d52b44e","isMergeCommit":true,"messageTitle":"Merge branch \u0027branch-A-MoreOOP\u0027","messageBody":"* branch-A-MoreOOP:\n  Completed A-MoreOOPs level.\n","tags":["A-Packages","A-MoreOOP"],"fileTypesAndContributionMap":{}},{"hash":"23090e89e2798e83c248f825c94ebacc5228d6e9","isMergeCommit":false,"messageTitle":"merge","messageBody":"","fileTypesAndContributionMap":{"txt":{"insertions":0,"deletions":0},"java":{"insertions":49,"deletions":17}}},{"hash":"dfe8080e25e5b95f9cecdcdd905392dbe280da99","isMergeCommit":false,"messageTitle":"Added test files for TaskList and Todo","messageBody":"","tags":["A-Jar","A-JUnit","A-Gradle"],"fileTypesAndContributionMap":{"java":{"insertions":76,"deletions":9}}},{"hash":"a6b08368ebd6263cf2ff36a8a2abf78f85bde0f5","isMergeCommit":false,"messageTitle":"Added javaDocs","messageBody":"","tags":["A-JavaDoc"],"fileTypesAndContributionMap":{"java":{"insertions":47,"deletions":3}}},{"hash":"486cbda92e96c9c8dc3b10540dcf69ce2bd45a2b","isMergeCommit":false,"messageTitle":"Edited to comply with coding standard convention","messageBody":"","fileTypesAndContributionMap":{"java":{"insertions":94,"deletions":115}}},{"hash":"c2831f73193d7d9271b77e764b6c138dc4b31e5d","isMergeCommit":true,"messageTitle":"Merge branch \u0027A-CodingStandard\u0027","messageBody":"","tags":["A-CodingStandard"],"fileTypesAndContributionMap":{}},{"hash":"357a3eeb2e89441d5c361a1e4e38a48cc2e03374","isMergeCommit":false,"messageTitle":"Completed Level-9","messageBody":"","fileTypesAndContributionMap":{"txt":{"insertions":0,"deletions":0},"java":{"insertions":101,"deletions":88},"bat":{"insertions":1,"deletions":1},"md":{"insertions":2,"deletions":2}}},{"hash":"0feae2f5618804634d3af6240d484b838dbf6c4c","isMergeCommit":false,"messageTitle":"Edited branch-Level-9","messageBody":"","fileTypesAndContributionMap":{"java":{"insertions":1,"deletions":2}}},{"hash":"bb8fb47485c3698d7585d0203531bd93366cdf9c","isMergeCommit":true,"messageTitle":"Merge branch \u0027Branch-Level-9\u0027","messageBody":"# Conflicts:\n#\tsrc/main/java/duke/TaskList.java\n","tags":["Level-9"],"fileTypesAndContributionMap":{}}]},{"date":"2023-09-05","commitResults":[{"hash":"11e16c4fa8e6eefe2c0df87ea895771f47d1e49d","isMergeCommit":false,"messageTitle":"Update coding standards of code after adding stylechecks","messageBody":"","tags":["A-CheckStyle"],"fileTypesAndContributionMap":{"gradle":{"insertions":5,"deletions":0},"java":{"insertions":175,"deletions":80}}}]}]},"authorFileTypeContributionMap":{"Khaleelur-Rahman":{"java":1069,"md":2,"fxml":0,"sh":0,"bat":1,"gradle":5,"txt":5}},"authorContributionVariance":{"Khaleelur-Rahman":309055.3},"authorDisplayNameMap":{"Khaleelur-Rahman":"CS2103T-T09-1 KHAL..HMAN"}}
