{"authorDailyContributionsMap":{"ravern":[{"date":"2023-08-22","commitResults":[{"hash":"ac6eff5f562bb5fef20929f48e8a39596f465d53","isMergeCommit":false,"messageTitle":"Rename chatbot to Ekud","messageBody":"","tags":["Level-0"],"fileTypesAndContributionMap":{"java":{"insertions":9,"deletions":10}}},{"hash":"712ed9441a90db370e5ad5f87036ef66288b6017","isMergeCommit":false,"messageTitle":"Add echo functionality","messageBody":"","tags":["Level-1"],"fileTypesAndContributionMap":{"java":{"insertions":24,"deletions":5}}},{"hash":"fda2240e0300bed7389f105fd37973f6e8b2abcd","isMergeCommit":false,"messageTitle":"Add adding and listing functionality","messageBody":"","tags":["Level-2"],"fileTypesAndContributionMap":{"java":{"insertions":44,"deletions":9}}},{"hash":"74da177367379d205f50c2be137244b42b32a6f6","isMergeCommit":false,"messageTitle":"Add (un)marking functionality","messageBody":"","tags":["Level-3"],"fileTypesAndContributionMap":{"java":{"insertions":63,"deletions":2}}},{"hash":"022062dd47bb79efcdb9ad2ae8ab5cf773fb24cb","isMergeCommit":false,"messageTitle":"Refactor line processing and split tasks","messageBody":"","fileTypesAndContributionMap":{"java":{"insertions":118,"deletions":47}}},{"hash":"d48b93da4408f4c9d09849f54ea9e367730cb717","isMergeCommit":false,"messageTitle":"Refactor command parsing and add different task types","messageBody":"","fileTypesAndContributionMap":{"java":{"insertions":352,"deletions":96}}}]},{"date":"2023-08-23","commitResults":[{"hash":"6e2e871cfe53b757b81ac7989c61b97669fcdde4","isMergeCommit":false,"messageTitle":"Refactor to improve Store abstraction","messageBody":"","tags":["Level-4"],"fileTypesAndContributionMap":{"java":{"insertions":24,"deletions":23}}},{"hash":"30eedde628d74094cbca77a50d43ab3e5362fe32","isMergeCommit":false,"messageTitle":"Refine main file","messageBody":"","fileTypesAndContributionMap":{"java":{"insertions":7,"deletions":18}}},{"hash":"0f3bb833f14fd88541147f42e198e89abe20709b","isMergeCommit":false,"messageTitle":"Update tests to latest","messageBody":"","tags":["A-TextUiTesting"],"fileTypesAndContributionMap":{"txt":{"insertions":11,"deletions":0},"bat":{"insertions":0,"deletions":21},"sh":{"insertions":3,"deletions":7}}},{"hash":"e4a654c0a6101abc87c2da94bbe2543d1d7d61bc","isMergeCommit":false,"messageTitle":"Improve and simplify error handling","messageBody":"","tags":["Level-5"],"fileTypesAndContributionMap":{"java":{"insertions":34,"deletions":17}}},{"hash":"60958d461d3c0facef994773cdbb47498449c1a4","isMergeCommit":false,"messageTitle":"Add delete feature","messageBody":"","tags":["Level-6"],"fileTypesAndContributionMap":{"txt":{"insertions":1,"deletions":0},"java":{"insertions":42,"deletions":11}}}]},{"date":"2023-08-28","commitResults":[{"hash":"c7fb5a232200f38bdf420b5c1903d5196ec14cc4","isMergeCommit":false,"messageTitle":"Refactor program into state machine","messageBody":"","fileTypesAndContributionMap":{"java":{"insertions":596,"deletions":359}}},{"hash":"5fd3cf352ae4878ed3f74437270cf892eb9ee8e2","isMergeCommit":false,"messageTitle":"Add ability to save to a file","messageBody":"","tags":["Level-7"],"fileTypesAndContributionMap":{"txt":{"insertions":15,"deletions":0},"java":{"insertions":59,"deletions":6}}},{"hash":"e9e24ac52d586c5ec8d63e6ef141ebb3ea1b5d27","isMergeCommit":false,"messageTitle":"Fix option slash to be forward not backward","messageBody":"Add ignore for data files\n","fileTypesAndContributionMap":{"txt":{"insertions":2,"deletions":17},"java":{"insertions":5,"deletions":4}}},{"hash":"8df90abe25711a88fb762482fca9a843fce1ac34","isMergeCommit":false,"messageTitle":"Add basic DateTime parsing","messageBody":"","fileTypesAndContributionMap":{"java":{"insertions":60,"deletions":20}}},{"hash":"428337b1f990365c9638d751ef98b8d70def17c0","isMergeCommit":false,"messageTitle":"Add DateTime util to handle parsing and formatting","messageBody":"","tags":["Level-8"],"fileTypesAndContributionMap":{"txt":{"insertions":2,"deletions":2},"java":{"insertions":85,"deletions":43}}}]},{"date":"2023-08-30","commitResults":[{"hash":"e693712ac1e15e75d73c1946598959d16c57b767","isMergeCommit":false,"messageTitle":"Refactor with Ui, Storage, TaskList, Parser class","messageBody":"","tags":["A-Packages","A-MoreOOP"],"fileTypesAndContributionMap":{"java":{"insertions":528,"deletions":455},"sh":{"insertions":1,"deletions":1}}},{"hash":"eaa10a7a81bda53a3ccf130a01fc161e6b025880","isMergeCommit":true,"messageTitle":"Merge branch \u0027master\u0027 into add-gradle-support","messageBody":"","fileTypesAndContributionMap":{}},{"hash":"92efce4fc2bdde14f56ca2e64487897f772f6805","isMergeCommit":false,"messageTitle":"Modify build.gradle for renamed app","messageBody":"","fileTypesAndContributionMap":{"gradle":{"insertions":4,"deletions":4}}},{"hash":"eee665f5dffc8e3cbe39060c2fa7319e00c98b05","isMergeCommit":false,"messageTitle":"Add tests for Task class","messageBody":"","fileTypesAndContributionMap":{"java":{"insertions":43,"deletions":0}}},{"hash":"b34cb38a0d52e0b319ae642184a5c6826f072df4","isMergeCommit":false,"messageTitle":"Fix to only write mutating commands","messageBody":"","fileTypesAndContributionMap":{"java":{"insertions":6,"deletions":1}}},{"hash":"827745eb80257648e9351ffd8387259e5c97dbb3","isMergeCommit":true,"messageTitle":"Merge branch \u0027add-gradle-support\u0027","messageBody":"","tags":["A-Jar","A-Gradle"],"fileTypesAndContributionMap":{}},{"hash":"4d0355813178a4e01c779f8aff065a6f911e2688","isMergeCommit":false,"messageTitle":"Add DateTime getters and test","messageBody":"","fileTypesAndContributionMap":{"java":{"insertions":83,"deletions":1}}},{"hash":"4d25156f23e777800e57147697061f0b59063587","isMergeCommit":false,"messageTitle":"Add test for Parser","messageBody":"","tags":["A-JUnit","A-CodingStandard"],"fileTypesAndContributionMap":{"java":{"insertions":94,"deletions":0}}}]},{"date":"2023-08-31","commitResults":[{"hash":"0a6da97c66ffdd5c21f7f69c230e1387776f48fb","isMergeCommit":false,"messageTitle":"Add Javadoc for command","messageBody":"","fileTypesAndContributionMap":{"java":{"insertions":168,"deletions":0}}},{"hash":"299134e54e14c183e1eae1609129227f7b3d218a","isMergeCommit":false,"messageTitle":"Add Javadoc for handler","messageBody":"","fileTypesAndContributionMap":{"java":{"insertions":18,"deletions":2}}},{"hash":"b68d3e2cd7cb0be996df5287e04bc3879621aaa9","isMergeCommit":false,"messageTitle":"Add Javadoc for state","messageBody":"","fileTypesAndContributionMap":{"java":{"insertions":130,"deletions":18}}},{"hash":"0a0a02f652a885350cd599d3dde3fff6b239c816","isMergeCommit":false,"messageTitle":"Add Javadoc for remaining classes","messageBody":"","tags":["A-JavaDoc"],"fileTypesAndContributionMap":{"java":{"insertions":193,"deletions":0}}},{"hash":"21a76fa6702bb21d423898ec82df1533ae4ec072","isMergeCommit":false,"messageTitle":"Add find command","messageBody":"","fileTypesAndContributionMap":{"java":{"insertions":68,"deletions":0}}},{"hash":"e0be2b1d6f37c442cd893d0e51f02e88d44db2e6","isMergeCommit":false,"messageTitle":"Update text ui tests","messageBody":"","fileTypesAndContributionMap":{"txt":{"insertions":1,"deletions":0},"sh":{"insertions":9,"deletions":9}}},{"hash":"cdf8360b53348aa8f4d71abebb364f54dfafca8d","isMergeCommit":true,"messageTitle":"Merge branch \u0027branch-Level-9\u0027","messageBody":"# Conflicts:\n#\tsrc/main/java/ekud/state/TaskList.java\n#\tsrc/main/java/ekud/ui/Ui.java\n","tags":["Level-9"],"fileTypesAndContributionMap":{}}]},{"date":"2023-09-07","commitResults":[{"hash":"2b1f4c5c324ba251ac013fc51737a3482cc817d2","isMergeCommit":false,"messageTitle":"add basic gui impl","messageBody":"","fileTypesAndContributionMap":{"java":{"insertions":240,"deletions":72}}},{"hash":"01a3f3af5e8f60d5700f81857035cc8b79767404","isMergeCommit":false,"messageTitle":"add bot and human images","messageBody":"","fileTypesAndContributionMap":{"java":{"insertions":48,"deletions":7}}},{"hash":"79162f2d514aac892fc609b95b5ec10959ad6ece","isMergeCommit":false,"messageTitle":"refine bot and human messages","messageBody":"","tags":["Level-10"],"fileTypesAndContributionMap":{"java":{"insertions":26,"deletions":35}}},{"hash":"6757efad1db3a973e5b3a0e186eda4d79de4a711","isMergeCommit":false,"messageTitle":"remove text-ui-testing","messageBody":"","fileTypesAndContributionMap":{"txt":{"insertions":0,"deletions":13},"sh":{"insertions":0,"deletions":34}}}]},{"date":"2023-09-12","commitResults":[{"hash":"694f4fcd003b32f2753e969cc307449dde11d776","isMergeCommit":false,"messageTitle":"Fix gradle build issues for uber jar file","messageBody":"","fileTypesAndContributionMap":{"gradle":{"insertions":6,"deletions":0}}}]}]},"authorFileTypeContributionMap":{"ravern":{"java":1929,"md":0,"fxml":0,"sh":0,"bat":0,"gradle":8,"txt":0}},"authorContributionVariance":{"ravern":137143.12},"authorDisplayNameMap":{"ravern":"CS2103T-W10-1 KOH ..HONG"}}
