{"authorDailyContributionsMap":{"raydenlim":[{"date":"2023-08-23","commitResults":[{"hash":"6144cb3146f50743cdb2cb22ba699d6641ea628d","isMergeCommit":false,"messageTitle":"Level-0","messageBody":"","tags":["Level-0"],"fileTypesAndContributionMap":{"java":{"insertions":13,"deletions":13}}},{"hash":"494fce3ee1fab51b375e3bedb0655a527618b037","isMergeCommit":false,"messageTitle":"Level-1","messageBody":"","tags":["Level-1"],"fileTypesAndContributionMap":{"java":{"insertions":12,"deletions":12}}},{"hash":"39a9af9fb8e44682b171519a6d98bab33a9f156f","isMergeCommit":false,"messageTitle":"Level-2","messageBody":"","tags":["Level-2"],"fileTypesAndContributionMap":{"java":{"insertions":49,"deletions":15}}},{"hash":"25fb1044f56d154e4e21a09dd677bb6a2c49ed9c","isMergeCommit":false,"messageTitle":"Level-3","messageBody":"","fileTypesAndContributionMap":{"java":{"insertions":4,"deletions":0}}},{"hash":"37c13b3d624f32dcd959cf11655068cd9911650b","isMergeCommit":false,"messageTitle":"Level-3","messageBody":"","tags":["Level-3"],"fileTypesAndContributionMap":{"java":{"insertions":112,"deletions":30}}},{"hash":"e38b156cfc575a2f97e9e9a29bf9e3f47aa9d28f","isMergeCommit":false,"messageTitle":"Level-4","messageBody":"","tags":["Level-4"],"fileTypesAndContributionMap":{"java":{"insertions":108,"deletions":6}}}]},{"date":"2023-08-24","commitResults":[{"hash":"9882dbe44daad8fec3d90f23e5f233c9973eccb0","isMergeCommit":false,"messageTitle":"A-TextUiTesting","messageBody":"","tags":["A-TextUiTesting"],"fileTypesAndContributionMap":{"txt":{"insertions":12,"deletions":0},"java":{"insertions":3,"deletions":11},"sh":{"insertions":1,"deletions":0}}},{"hash":"122638c4d5691cd909393ad84a42ba42b97431bd","isMergeCommit":false,"messageTitle":"Level-5","messageBody":"","tags":["Level-5"],"fileTypesAndContributionMap":{"java":{"insertions":2,"deletions":0}}},{"hash":"9895ab7a3b158283fffd65fc8e00e6fd3191354d","isMergeCommit":false,"messageTitle":"Level-6","messageBody":"","tags":["Level-6"],"fileTypesAndContributionMap":{"java":{"insertions":99,"deletions":66}}},{"hash":"743728c2498cf41acf03202e5bd4b0a705defcbe","isMergeCommit":false,"messageTitle":"A-Enums","messageBody":"","tags":["A-Enums"],"fileTypesAndContributionMap":{"txt":{"insertions":4,"deletions":1},"java":{"insertions":65,"deletions":36}}}]}]},"authorFileTypeContributionMap":{"raydenlim":{"java":303,"md":0,"fxml":0,"sh":1,"bat":0,"gradle":0,"txt":15}},"authorContributionVariance":{"raydenlim":23568.49},"authorDisplayNameMap":{"raydenlim":"LIM ..SONG"}}
