{"authorDailyContributionsMap":{"wesho1107":[{"date":"2023-08-23","commitResults":[{"hash":"3b1d0065c6014fd70ebc11c423a07f0671a4f21c","isMergeCommit":false,"messageTitle":"greet skeletal","messageBody":"","tags":["Level-0"],"fileTypesAndContributionMap":{"java":{"insertions":12,"deletions":1}}},{"hash":"25de10bef57e88f45213fc37d68ec76a5b343ff7","isMergeCommit":false,"messageTitle":"added echo method and abstraction","messageBody":"","tags":["Level-1"],"fileTypesAndContributionMap":{"java":{"insertions":38,"deletions":17}}},{"hash":"f6e71eeff62f1129ebaec0efd3b55afb05177d10","isMergeCommit":false,"messageTitle":"added new list method, use ArrayList","messageBody":"","tags":["Level-2"],"fileTypesAndContributionMap":{"java":{"insertions":24,"deletions":1}}},{"hash":"ae1edb5a3fb947505d3f23278cb875718baec454","isMergeCommit":false,"messageTitle":"new Task class in package, mark and unmark","messageBody":"","tags":["Level-3"],"fileTypesAndContributionMap":{"java":{"insertions":43,"deletions":5}}},{"hash":"ab5b34ceeab5510dd51abe4ddb2c527e1df1a67c","isMergeCommit":false,"messageTitle":"new task classes, overriding tostring","messageBody":"","tags":["Level-4"],"fileTypesAndContributionMap":{"java":{"insertions":93,"deletions":21}}}]},{"date":"2023-08-24","commitResults":[{"hash":"86d1229c1720ddfd737fba99b69b59c84936a9c9","isMergeCommit":false,"messageTitle":"new classes for Exceptions","messageBody":"","tags":["Level-5"],"fileTypesAndContributionMap":{"java":{"insertions":106,"deletions":42},"sh":{"insertions":3,"deletions":7}}},{"hash":"ce9990ef3b7a59f84a02124856e7eb3bef778ff7","isMergeCommit":false,"messageTitle":"automated test input/output","messageBody":"","tags":["A-TextUiTesting"],"fileTypesAndContributionMap":{"txt":{"insertions":26,"deletions":0},"bat":{"insertions":1,"deletions":1}}},{"hash":"f7f0aaacec0e6f440df27844787f8a0b3c949f32","isMergeCommit":false,"messageTitle":"Delete diff_report.txt","messageBody":"","fileTypesAndContributionMap":{"txt":{"insertions":0,"deletions":16}}},{"hash":"91b3d9167ab996e8d70dee708cfdee9c4f60bc8c","isMergeCommit":false,"messageTitle":"added delete case","messageBody":"","tags":["Level-6"],"fileTypesAndContributionMap":{"java":{"insertions":12,"deletions":4}}},{"hash":"b327ee21729cad592c1010d80e7664f782836a67","isMergeCommit":true,"messageTitle":"Merge branch \u0027master\u0027  f github.com:wesho1107/ip","messageBody":"merge\n","fileTypesAndContributionMap":{}}]},{"date":"2023-08-30","commitResults":[{"hash":"15e8fda02428ecc904994981be3fd4a65906ae0f","isMergeCommit":false,"messageTitle":"add Read and Write functions","messageBody":"","tags":["Level-7"],"fileTypesAndContributionMap":{"java":{"insertions":146,"deletions":77}}},{"hash":"4f9502fc098aab22645d5ba6f65d2306e3b7e434","isMergeCommit":false,"messageTitle":"add rewrite for Delete and Mark","messageBody":"","tags":["Level-7-continued"],"fileTypesAndContributionMap":{"java":{"insertions":15,"deletions":0}}},{"hash":"557a4564d563cdbfcbfa04cf12cbf94aafcff18a","isMergeCommit":false,"messageTitle":"add LocalDateTime and functions","messageBody":"","tags":["Level-8"],"fileTypesAndContributionMap":{"java":{"insertions":119,"deletions":18}}}]},{"date":"2023-08-31","commitResults":[{"hash":"ca7bdf2fcabe3379e9b743bbd2cf162ae43d9337","isMergeCommit":false,"messageTitle":"add DukeExceptions and Commands, OOP","messageBody":"","tags":["A-MoreOOP"],"fileTypesAndContributionMap":{"java":{"insertions":412,"deletions":87}}},{"hash":"e1442b61dc36238285be2bd6e4d8b74f3d1f49b6","isMergeCommit":false,"messageTitle":"add packages","messageBody":"","tags":["A-Packages"],"fileTypesAndContributionMap":{"java":{"insertions":96,"deletions":12}}},{"hash":"48f9b4fe0bfc6033cce437baf141902df799e99a","isMergeCommit":false,"messageTitle":"add README and tests","messageBody":"","fileTypesAndContributionMap":{"java":{"insertions":0,"deletions":183},"bat":{"insertions":1,"deletions":1},"md":{"insertions":2,"deletions":2}}}]},{"date":"2023-09-01","commitResults":[{"hash":"3f0642f26471213bb7e1f9a23fb81bdfc73a3c2e","isMergeCommit":true,"messageTitle":"Merge branch \u0027add-gradle-support\u0027","messageBody":"add gradle support\n","tags":["A-Gradle"],"fileTypesAndContributionMap":{}},{"hash":"98a02317b80bd01fce3d8d96656e8e5a3da5ea8a","isMergeCommit":false,"messageTitle":"change build.gradle mainClass","messageBody":"","fileTypesAndContributionMap":{"gradle":{"insertions":1,"deletions":1}}},{"hash":"eac6da32ca541d0ae179b2fa36e5db64d01ac307","isMergeCommit":false,"messageTitle":"add tests for task classes","messageBody":"","tags":["A-JUnit"],"fileTypesAndContributionMap":{"txt":{"insertions":3,"deletions":0},"java":{"insertions":75,"deletions":61}}}]}]},"authorFileTypeContributionMap":{"wesho1107":{"java":670,"md":2,"fxml":0,"sh":3,"bat":1,"gradle":1,"txt":13}},"authorContributionVariance":{"wesho1107":46283.734},"authorDisplayNameMap":{"wesho1107":"CS2103T-T15-1 HO J..HENG"}}
