{"authorDailyContributionsMap":{"ricketytoc":[{"date":"2023-08-24","commitResults":[{"hash":"41d1a8ce17fbf72d5034613b68b0938925fcfd5e","isMergeCommit":false,"messageTitle":"Renamed Chat bot from Duke to Richie and implemented an initial skeletal version of the chatbot (ie. greeting the user and exit)","messageBody":"","tags":["Level-0"],"fileTypesAndContributionMap":{"java":{"insertions":8,"deletions":10}}},{"hash":"4fc07c1eb59059fef45006814ed7543501879328","isMergeCommit":false,"messageTitle":"Allows chatbot to echo user commands and detects the \"bye\" command to exit","messageBody":"","tags":["Level-1"],"fileTypesAndContributionMap":{"java":{"insertions":7,"deletions":0}}},{"hash":"91bf8982667518dd328d46c4b337b544be6981b7","isMergeCommit":false,"messageTitle":"added ability to store whatever text entered by the user and display them back to the user when required","messageBody":"","tags":["Level-2"],"fileTypesAndContributionMap":{"java":{"insertions":22,"deletions":3}}},{"hash":"4577a69df44c10746ca06208ffeca7ad6074aabf","isMergeCommit":false,"messageTitle":"Added a task class","messageBody":"","fileTypesAndContributionMap":{"java":{"insertions":21,"deletions":0}}},{"hash":"a19886b2d0f0db9c504044d4308dd9da93a91419","isMergeCommit":false,"messageTitle":"Added the ability to mark tasks as done","messageBody":"","tags":["Level-3"],"fileTypesAndContributionMap":{"java":{"insertions":13,"deletions":4}}},{"hash":"45e11f62afb9a70c90ccd6d5cbda2eb102a0fd65","isMergeCommit":false,"messageTitle":"Added support for tracking three types of tasks : ToDos, Deadlines, Events","messageBody":"","tags":["Level-4"],"fileTypesAndContributionMap":{"java":{"insertions":66,"deletions":4}}},{"hash":"0cb073384745b6c3818ada0be1c3781bd7569490","isMergeCommit":false,"messageTitle":"Added in a set of inputs and the expected outputs (ie. added a test case)","messageBody":"","tags":["A-TextUiTesting"],"fileTypesAndContributionMap":{"txt":{"insertions":7,"deletions":0},"sh":{"insertions":1,"deletions":1}}},{"hash":"383590ae85daaec82b76e873dab4e888005a94b6","isMergeCommit":false,"messageTitle":"Allowed the bot to handle errors or incorrect inputs by adding a InvalidInputException class and a few try catch blocks","messageBody":"","tags":["Level-5"],"fileTypesAndContributionMap":{"java":{"insertions":53,"deletions":24}}},{"hash":"39e88808e2d70473b6b7e28199bf22a11fc41d26","isMergeCommit":false,"messageTitle":"Added support for deleting task from the list and also adding a try catch block for marking and deleting to handle errors","messageBody":"","tags":["Level-6"],"fileTypesAndContributionMap":{"java":{"insertions":22,"deletions":5}}}]},{"date":"2023-08-31","commitResults":[{"hash":"2dff6ce0b86f3d8f0a9d0dd11be7afd18944c4ca","isMergeCommit":false,"messageTitle":"Add javadocs","messageBody":"","fileTypesAndContributionMap":{"java":{"insertions":90,"deletions":15}}}]},{"date":"2023-09-01","commitResults":[{"hash":"bb2e3056e0fcb189badc99c3e0d71b31e1576d10","isMergeCommit":false,"messageTitle":"Adds the ability to save the tasks in a text file whenever the task list changes.","messageBody":"","fileTypesAndContributionMap":{"txt":{"insertions":2,"deletions":0},"java":{"insertions":126,"deletions":0}}},{"hash":"bfc08dbbe49ac08d62cfa97e37f67fdbbcf4d7c1","isMergeCommit":false,"messageTitle":"Handle case where data file does not exist","messageBody":"","fileTypesAndContributionMap":{"txt":{"insertions":1,"deletions":2},"java":{"insertions":6,"deletions":0}}},{"hash":"57b0c56750d0c1f7e0c3d9bb8a03da9a0ac8bc8a","isMergeCommit":false,"messageTitle":"Add data file and Richie Exception class","messageBody":"","fileTypesAndContributionMap":{"txt":{"insertions":1,"deletions":0},"java":{"insertions":21,"deletions":0}}},{"hash":"4e89aea80c4cbe0f6e81475edf282b16143c89bb","isMergeCommit":true,"messageTitle":"Merge branch \u0027branch-Level-7\u0027","messageBody":"* branch-Level-7:\n  Handle case where data file does not exist\n  Adds the ability to save the tasks in a text file whenever the task list changes.\n  Add javadocs\n","tags":["Level-7"],"fileTypesAndContributionMap":{}},{"hash":"768d293696ffd809fb0d3fc8869bff6f2e153919","isMergeCommit":false,"messageTitle":"Teach ChatBot how to understand date and time","messageBody":"","fileTypesAndContributionMap":{"txt":{"insertions":4,"deletions":0},"java":{"insertions":100,"deletions":28}}},{"hash":"c16fe57c07873abbbdca0a61d4eeb28b9bb87108","isMergeCommit":true,"messageTitle":"Merge branch \u0027branch-Level-8\u0027","messageBody":"* branch-Level-8:\n  Teach ChatBot how to understand date and time\n","tags":["Level-8"],"fileTypesAndContributionMap":{}}]},{"date":"2023-09-02","commitResults":[{"hash":"265f06cc43836cd3c1b3f687cf0064d2f1f55e6e","isMergeCommit":false,"messageTitle":"organise the code into different classes (Storage, Parser, TaskList) and also organised the code into different packages","messageBody":"","fileTypesAndContributionMap":{"java":{"insertions":478,"deletions":0}}},{"hash":"f57852fc140eec348f73906acbd7e5aa675a6ce9","isMergeCommit":true,"messageTitle":"Merge branch \u0027branch-A-MoreOOP\u0027","messageBody":"* branch-A-MoreOOP:\n  organise the code into different classes (Storage, Parser, TaskList) and also organised the code into different packages\n","fileTypesAndContributionMap":{}},{"hash":"5dd0370a28923f6dee81a4abd88200b84538da6f","isMergeCommit":false,"messageTitle":"Restore some changes that were not in the version control.","messageBody":"","fileTypesAndContributionMap":{"java":{"insertions":507,"deletions":0}}},{"hash":"2fdd2d90874883ee376935582bfeeb573c958efc","isMergeCommit":false,"messageTitle":"Fix programmme printing the bye message twice when exiting","messageBody":"","fileTypesAndContributionMap":{"java":{"insertions":3,"deletions":245}}},{"hash":"c38282c25b292679828a4febc6404a35210c5e67","isMergeCommit":true,"messageTitle":"Merge branch \u0027branch-A-MoreOOP\u0027","messageBody":"* branch-A-MoreOOP:\n  Fix programmme printing the bye message twice when exiting\n  Restore some changes that were not in the version control.\n","tags":["A-Packages","A-MoreOOP"],"fileTypesAndContributionMap":{}},{"hash":"e43cbf2a84bbf5713e020c6abec90d16ad4ef0c5","isMergeCommit":false,"messageTitle":"Removed extra files","messageBody":"","fileTypesAndContributionMap":{"java":{"insertions":0,"deletions":451}}}]},{"date":"2023-09-03","commitResults":[{"hash":"598de8d152b7953d19baab8b5859c2907d7a6dc9","isMergeCommit":false,"messageTitle":"Automate project builds using Gradle","messageBody":"","tags":["A-Gradle"],"fileTypesAndContributionMap":{"gradle":{"insertions":19,"deletions":0},"java":{"insertions":296,"deletions":0}}},{"hash":"196c1d01b6becc4da13fab409d1572a136369aea","isMergeCommit":false,"messageTitle":"Add Junit tests for Storage and Parser classes.","messageBody":"","tags":["A-JUnit"],"fileTypesAndContributionMap":{"txt":{"insertions":9,"deletions":5},"java":{"insertions":470,"deletions":6}}},{"hash":"1dac515341b5c59c1722c36cc975f0b29fe84d79","isMergeCommit":false,"messageTitle":"Create JAR file","messageBody":"","tags":["A-Jar"],"fileTypesAndContributionMap":{"gradle":{"insertions":22,"deletions":0},"txt":{"insertions":0,"deletions":0},"java":{"insertions":4,"deletions":3}}},{"hash":"7b2822935ea08520b9d587bc4feb60132dabc3c5","isMergeCommit":false,"messageTitle":"Add javadoc to the classes in the duke and the duke.task packages","messageBody":"","fileTypesAndContributionMap":{"java":{"insertions":91,"deletions":2}}},{"hash":"0bed512a24756bb50de6e4302e4dc6c93b437800","isMergeCommit":false,"messageTitle":"Adhere to coding standard","messageBody":"","fileTypesAndContributionMap":{"java":{"insertions":57,"deletions":56}}},{"hash":"0c4a23b995ccaa75a5ae917571dae9ca0c472a59","isMergeCommit":false,"messageTitle":"Find a task by searching for a keyword.","messageBody":"","fileTypesAndContributionMap":{"txt":{"insertions":1,"deletions":0},"java":{"insertions":51,"deletions":0}}},{"hash":"9a42313e624f4e68b4417a1c413875a6c4f0ba48","isMergeCommit":true,"messageTitle":"Merge branch \u0027branch-A-JavaDoc\u0027","messageBody":"* branch-A-JavaDoc:\n  Add javadoc to the classes in the duke and the duke.task packages\n","fileTypesAndContributionMap":{}},{"hash":"bb463fd129033a42f10f3b8c298f19a7fc7c1ff8","isMergeCommit":true,"messageTitle":"Merge branch \u0027branch-Level-9\u0027","messageBody":"* branch-Level-9:\n  Find a task by searching for a keyword.\n","fileTypesAndContributionMap":{}},{"hash":"c63734ec60d6f571bbf9acd6d38fd49077ad7801","isMergeCommit":true,"messageTitle":"Merge branch \u0027branch-A-CodingStandard\u0027","messageBody":"* branch-A-CodingStandard:\n  Adhere to coding standard\n","fileTypesAndContributionMap":{}},{"hash":"2f3a80bd82714c83c038ee417e1be8fed3088e17","isMergeCommit":false,"messageTitle":"Add javadocs for new public methods associated with the find functionality","messageBody":"","tags":["Level-9","A-JavaDoc","A-CodingStandard"],"fileTypesAndContributionMap":{"java":{"insertions":10,"deletions":1}}}]},{"date":"2023-09-08","commitResults":[{"hash":"ca7d08177be372e5943ed1bf7635c763c00b5070","isMergeCommit":false,"messageTitle":"Update build.gradle file","messageBody":"","fileTypesAndContributionMap":{"gradle":{"insertions":14,"deletions":0},"txt":{"insertions":2,"deletions":2}}}]},{"date":"2023-09-09","commitResults":[{"hash":"c33a6ac55c24b5eea242c63166199e7146d61285","isMergeCommit":false,"messageTitle":"Add a GUI to the chat bot","messageBody":"","tags":["Level-10"],"fileTypesAndContributionMap":{"gradle":{"insertions":24,"deletions":17},"txt":{"insertions":3,"deletions":4},"fxml":{"insertions":54,"deletions":0},"java":{"insertions":168,"deletions":26}}}]},{"date":"2023-09-13","commitResults":[{"hash":"379b25b254f92f416b3c86d4e3d01ae5487d4c42","isMergeCommit":false,"messageTitle":"Rename produced jar file produced to duke-1.jar from duke.jar","messageBody":"","fileTypesAndContributionMap":{"gradle":{"insertions":1,"deletions":0},"txt":{"insertions":1,"deletions":0}}}]},{"date":"2023-09-14","commitResults":[{"hash":"9ab2fc28e350de3d0d0c70ac28b0bd01ff67c2bf","isMergeCommit":false,"messageTitle":"Abstract the conversion of a task to its data string to be stored in the data text file.","messageBody":"Storage saveCurrentTask() method gets the task description and boolean about whether it is done and converts them into data string to be stored in data text file.\n\nThere are multiple levels of abstraction in the saveCurrentTask() method  making it difficult to read. There is also a lot of code duplication.\n\nCreating a new abstract method toDataString() into the Task class ensures that all instances of classes that inherit from Task class will have its own adoption of a toDataString() method.\n\nLet\u0027s create an abstract method in Task class called toDataString() and add the toDataString() method adaptation into all classes that inherit from Task, such as Deadline, Todo and Event.\n\nLet\u0027s reduce the code duplication in the saveCurrentTask() method in the Storage class and remove the if else statements that differentiate the different types of tasks using instanceof operator.\n","tags":["A-FullCommitMessage"],"fileTypesAndContributionMap":{"java":{"insertions":26,"deletions":19}}},{"hash":"fdf5c9d766c624ed6dc0c767662f45bcfc06a1bb","isMergeCommit":false,"messageTitle":"Improve readability of all methods in the Parser class.","messageBody":"1. convertInputDateAndTimeIntoLocalDateTime()\n\nYear is represented by Integer.parseInt(dayMonthYearArray[2]) without any indication that it is equal to year. Same with month, day, hours and minutes.\n\nconvertInputDataAndTimeIntoLocalDateTime() method is difficult to read because of Integer.parseInt(dayMonthYearArray[i]). It is not clear what each element in dayMonthYearArray refers to immediately. Same with month, day, hours and minutes.\n\nMake the code look simpler by assigning a variable year, month, day etc. to Integer.parseInt(dayMonthYearArray[i]).\n\n2. Extra level of nesting due to  String[] stringArray \u003d userInput.split(\" \", 2); being out of each possible command else if section.\n\nLeads to worse readability due to greater amount unnecessary nesting, moreover the line String[] stringArray \u003d userInput.split(\" \", 2); is not clear what it does.\n\nAdd a comment line above the line to explain what it does and also put it into the else if sections for commands that need to use the line so as to remove one layer of nesting.\n","fileTypesAndContributionMap":{"java":{"insertions":112,"deletions":82}}},{"hash":"6002b091924e19156cab4ba9acca3af3d80176ae","isMergeCommit":false,"messageTitle":"Improve readability of Richie and TaskList methods.","messageBody":"Confusing lines of code.\n\nConfuses the reader what those lines of code mean and do\n\nAdd comments above lines of confusing code so as to help readers understand the flow better\n","tags":["A-CodeQuality"],"fileTypesAndContributionMap":{"txt":{"insertions":2,"deletions":0},"java":{"insertions":10,"deletions":9}}},{"hash":"23d6c145d76857a1f9fa561ea1ce409a83ab897b","isMergeCommit":false,"messageTitle":"Add assertions in convertInputDateAndTimeIntoLocalDateTime() method in Parser class.","messageBody":"User input day, month, year, hours and minutes are directly fed into the LocalDate.of() method.\n\nThe inputs go to the .of() method without being checked whether they are valid time inputs which might throw DateTimeException which gives a generic error message stating that there is a problem with the date time format in general.\n\nAdd assertions to check whether the time inputs are valid being passed into the .of() method.\n\nThis can give the user more specific error messages regarding their inputs which will be more useful to the user in correcting their user input.\n","tags":["A-Assertions"],"fileTypesAndContributionMap":{"java":{"insertions":12,"deletions":5}}},{"hash":"fcd1bf2da0edd439c614f1dd1a75ff8d6a830276","isMergeCommit":true,"messageTitle":"Merge pull request #2 from ricketytoc/branch-A-CodeQuality","messageBody":"Improve code quality","fileTypesAndContributionMap":{}},{"hash":"bc1790988fed76c97334dc3e5e9798bc514f951b","isMergeCommit":true,"messageTitle":"Merge branch \u0027master\u0027 of https://github.com/ricketytoc/ip","messageBody":"* \u0027master\u0027 of https://github.com/ricketytoc/ip:\n  Improve readability of Richie and TaskList methods.\n  Improve readability of all methods in the Parser class.\n  Abstract the conversion of a task to its data string to be stored in the data text file.\n","fileTypesAndContributionMap":{}},{"hash":"2316dc2dd025b020533494c92ceae982f49f1e3a","isMergeCommit":true,"messageTitle":"Merge branch \u0027master\u0027 into branch-A-Assertions","messageBody":"* master:\n  Improve readability of Richie and TaskList methods.\n  Improve readability of all methods in the Parser class.\n  Abstract the conversion of a task to its data string to be stored in the data text file.\n\n# Conflicts:\n#\tsrc/main/java/duke/Parser.java\n","fileTypesAndContributionMap":{}},{"hash":"3bdc7d7f543b306731ce2d9e2278c9b7a0a7eb4c","isMergeCommit":true,"messageTitle":"Merge pull request #1 from ricketytoc/branch-A-Assertions","messageBody":"Add Assertions","fileTypesAndContributionMap":{}},{"hash":"48b7336e47c9c2071ecfaea52638403d42a66e23","isMergeCommit":true,"messageTitle":"Merge branch \u0027master\u0027 of https://github.com/ricketytoc/ip","messageBody":"* \u0027master\u0027 of https://github.com/ricketytoc/ip:\n  Add assertions in convertInputDateAndTimeIntoLocalDateTime() method in Parser class.\n","fileTypesAndContributionMap":{}},{"hash":"990b749805e510de28a80ad627056ebd4c5d8302","isMergeCommit":false,"messageTitle":"Increase flexibility of the find command.","messageBody":"find command only returns tasks with descriptions that match the keyword exactly.\n\nThis is not flexible as user might want to find a range of tasks that share similar letters.\n\nPrioritises the tasks with descriptions that match more letters of the keyword always starting from the keyword first letter. Loop through the keyword substrings until left with only the first letter of the keyword. If the task description contains the substring of the keyword, then add the task into the result. Use a HashMap to track which tasks have already been added and which have not been added to the result array. If the task description contains the keyword entirely it will definitely be shown in the result, but if the description only contains a substring that is a part of the keyword, then it might not be added to the result if the limit has been reached. The limit can be set in the FindCommand.\n\nGives the user more flexibility when searching for a task.\n","tags":["BCD-Extension"],"fileTypesAndContributionMap":{"txt":{"insertions":3,"deletions":0},"java":{"insertions":23,"deletions":4}}},{"hash":"4016ab765a13403f66b73607c4125a8c419bf729","isMergeCommit":true,"messageTitle":"Merge branch \u0027branch-BCD-Extension\u0027","messageBody":"* branch-BCD-Extension:\n  Increase flexibility of the find command.\n","fileTypesAndContributionMap":{}},{"hash":"d956c041326413e10c18e2f6444f268d4269d446","isMergeCommit":false,"messageTitle":"Improve readability of the filterTaskByKeyword method in TaskList","messageBody":"","fileTypesAndContributionMap":{"java":{"insertions":10,"deletions":10}}},{"hash":"45354707af3540489469f77378f5163145fded97","isMergeCommit":false,"messageTitle":"Add comment to improve readability of filterTaskByKeyword method in TaskList class","messageBody":"","fileTypesAndContributionMap":{"java":{"insertions":1,"deletions":1}}}]}]},"authorFileTypeContributionMap":{"ricketytoc":{"java":1858,"md":0,"fxml":54,"sh":1,"bat":0,"gradle":63,"txt":22}},"authorContributionVariance":{"ricketytoc":136347.56},"authorDisplayNameMap":{"ricketytoc":"CS2103T-T14-1 RICH..IANG"}}
