{"authorDailyContributionsMap":{"phiphi-tan":[{"date":"2023-08-22","commitResults":[{"hash":"90fb8bab85741b25fa27852921b46a16ae815a80","isMergeCommit":false,"messageTitle":"\"Level-0 Commit\"","messageBody":"","tags":["Level-0"],"fileTypesAndContributionMap":{"java":{"insertions":5,"deletions":10}}},{"hash":"1393a7785e18178279367fb703cb90c296c949d0","isMergeCommit":false,"messageTitle":"Level-1: Echo","messageBody":"","tags":["Level-1"],"fileTypesAndContributionMap":{"java":{"insertions":34,"deletions":10}}},{"hash":"b34dc9ec462593efca7c72ce8295e6f601d400d9","isMergeCommit":true,"messageTitle":"Level-1","messageBody":"","fileTypesAndContributionMap":{}},{"hash":"8f8779fac736ae39f29f6511f837b17ce1ed1d57","isMergeCommit":false,"messageTitle":"Level-2: Add, List","messageBody":"","tags":["Level-2"],"fileTypesAndContributionMap":{"java":{"insertions":14,"deletions":4}}}]},{"date":"2023-08-23","commitResults":[{"hash":"c41cd6d4fe9f045d5e2b657a0834a8d55c487ec4","isMergeCommit":false,"messageTitle":"Level-3. Mark as Done","messageBody":"","tags":["Level-3"],"fileTypesAndContributionMap":{"java":{"insertions":83,"deletions":14}}},{"hash":"e18c794b3a9a3a27ef64f5dd46c6dc0a30afa381","isMergeCommit":false,"messageTitle":"Level 4. ToDos, Events, Deadlines","messageBody":"","tags":["Level-4"],"fileTypesAndContributionMap":{"java":{"insertions":85,"deletions":25}}},{"hash":"a1fbcfbc2d3a13d1db827ecda13adc16b1e4ccc6","isMergeCommit":false,"messageTitle":"A-TextUiTesting: Automated Text UI Testing","messageBody":"","tags":["A-TextUiTesting"],"fileTypesAndContributionMap":{"txt":{"insertions":8,"deletions":0},"java":{"insertions":3,"deletions":2},"bat":{"insertions":1,"deletions":1}}},{"hash":"531019e7dbc30b5c3f3254d87e2ece36b5940154","isMergeCommit":false,"messageTitle":"Level-5: Handle Errors","messageBody":"","tags":["Level-5"],"fileTypesAndContributionMap":{"txt":{"insertions":11,"deletions":6},"java":{"insertions":77,"deletions":26}}},{"hash":"e459417fa0de8c144561099ae388e157416a1ccb","isMergeCommit":false,"messageTitle":"Level-6: Delete","messageBody":"","tags":["Level-6"],"fileTypesAndContributionMap":{"txt":{"insertions":4,"deletions":0},"java":{"insertions":35,"deletions":12}}},{"hash":"c79f76cfa11a343c22fd2be00602a592cccd83bf","isMergeCommit":false,"messageTitle":"A-Enums: Use Enums","messageBody":"","tags":["A-Enums"],"fileTypesAndContributionMap":{"txt":{"insertions":4,"deletions":0},"java":{"insertions":38,"deletions":18}}}]},{"date":"2023-08-31","commitResults":[{"hash":"472439bd3fa889bd67e0be5949a9c7392462b6a7","isMergeCommit":false,"messageTitle":"Added ./data/tasklist.txt and read/write functionality","messageBody":"","fileTypesAndContributionMap":{"txt":{"insertions":5,"deletions":0},"java":{"insertions":100,"deletions":10}}},{"hash":"cd203ae84b62cd161c0db9c3e890243c974f0477","isMergeCommit":false,"messageTitle":"Added proper abstraction and support for FileNotFound exceptions","messageBody":"","tags":["Level-7"],"fileTypesAndContributionMap":{"txt":{"insertions":2,"deletions":3},"java":{"insertions":21,"deletions":13}}},{"hash":"017ed8ef4089143f618f892f8f0e9607187ac897","isMergeCommit":false,"messageTitle":"Updated Deadline.java and Event.java for LocalDate handling","messageBody":"","tags":["Level-8"],"fileTypesAndContributionMap":{"txt":{"insertions":2,"deletions":1},"java":{"insertions":56,"deletions":12}}}]},{"date":"2023-09-01","commitResults":[{"hash":"93b405d95cd1e929c14adced941abcb3aa6cc5b3","isMergeCommit":false,"messageTitle":"Added Parser.java, Storage.java, Ui.java for more OOP abstractions","messageBody":"","tags":["A-MoreOOP"],"fileTypesAndContributionMap":{"txt":{"insertions":1,"deletions":1},"java":{"insertions":113,"deletions":86}}},{"hash":"7a6b2134bc8dbc2f420c6bbb98cf29074398de41","isMergeCommit":false,"messageTitle":"Organised classes into a single package and fixed access modifiers","messageBody":"","tags":["A-Packages"],"fileTypesAndContributionMap":{"java":{"insertions":37,"deletions":21}}},{"hash":"7268044d51c644dec581650d114f7f20d525f794","isMergeCommit":false,"messageTitle":"Added gradle support","messageBody":"","tags":["A-Gradle"],"fileTypesAndContributionMap":{"gradle":{"insertions":1,"deletions":1}}},{"hash":"60744b3dba2c16e4903b77776696454de54e4105","isMergeCommit":false,"messageTitle":"Added JUnit tests and fixed code accordingly","messageBody":"","tags":["A-Junit"],"fileTypesAndContributionMap":{"txt":{"insertions":1,"deletions":0},"java":{"insertions":94,"deletions":32}}}]},{"date":"2023-09-02","commitResults":[{"hash":"f0d931daaa1ea973bc0aa393e44ef53ece79a135","isMergeCommit":false,"messageTitle":"Updated code for .jar file","messageBody":"","tags":["A-Jar"],"fileTypesAndContributionMap":{"gradle":{"insertions":1,"deletions":1},"java":{"insertions":47,"deletions":24}}},{"hash":"f97f456390355e6c20c144584042b49b692f3b7e","isMergeCommit":false,"messageTitle":"Updated README.md as a project log","messageBody":"","fileTypesAndContributionMap":{"md":{"insertions":85,"deletions":20}}},{"hash":"2a6c79e16d5f7eea1297f76a9f8f9d494411589f","isMergeCommit":false,"messageTitle":"Added JavaDoc comments to all classes","messageBody":"","tags":["A-JavaDoc"],"fileTypesAndContributionMap":{"java":{"insertions":220,"deletions":51},"md":{"insertions":3,"deletions":0}}},{"hash":"2e9a250dc061e2b3f894757fb4e00f74bb4e0131","isMergeCommit":false,"messageTitle":"Made slight changes to comply with coding standards","messageBody":"","tags":["A-CodingStandard"],"fileTypesAndContributionMap":{"java":{"insertions":53,"deletions":51}}},{"hash":"16426aef941db852af8d62ea7acdbb24bccd76b4","isMergeCommit":false,"messageTitle":"Added basic search functionality","messageBody":"","fileTypesAndContributionMap":{"java":{"insertions":19,"deletions":0}}},{"hash":"54b0d2a70709e6511f94fc3bc4bf7812d7e2fe0d","isMergeCommit":true,"messageTitle":"Merge branch \u0027branch-A-CodingStandard\u0027","messageBody":"# Conflicts:\n#\tsrc/main/java/phi/Storage.java\n#\tsrc/main/java/phi/TaskList.java\n","fileTypesAndContributionMap":{}},{"hash":"78d4966c7cce2efd4462914534add11ade3a9d27","isMergeCommit":true,"messageTitle":"Merge branch \u0027branch-Level-9\u0027","messageBody":"","fileTypesAndContributionMap":{}},{"hash":"41ac67c89a2bbf9d876d5f71b0aabb1dd032782a","isMergeCommit":false,"messageTitle":"Updated README.md and cleaned up code","messageBody":"","tags":["Level-9"],"fileTypesAndContributionMap":{"txt":{"insertions":1,"deletions":1},"java":{"insertions":21,"deletions":15},"md":{"insertions":6,"deletions":0}}}]},{"date":"2023-09-14","commitResults":[{"hash":"a52ef068b50be91b3f0184dfdde48cc1927c94f1","isMergeCommit":false,"messageTitle":"Updated README.md and added the changelog","messageBody":"","fileTypesAndContributionMap":{"java":{"insertions":8,"deletions":7},"md":{"insertions":130,"deletions":92}}},{"hash":"4bbb811486fda35d8ce734dc6fd754c4cf9a4064","isMergeCommit":false,"messageTitle":"Implement checkStyle (with Gradle) and fix styling errors","messageBody":"","tags":["A-CheckStyle"],"fileTypesAndContributionMap":{"gradle":{"insertions":5,"deletions":0},"java":{"insertions":58,"deletions":39},"md":{"insertions":2,"deletions":1}}}]},{"date":"2023-09-16","commitResults":[{"hash":"ca0ed7367183297026473b81390bc995f55e7e5e","isMergeCommit":false,"messageTitle":"Add GUI using JavaFX","messageBody":"","tags":["Level-10"],"fileTypesAndContributionMap":{"gradle":{"insertions":15,"deletions":0},"fxml":{"insertions":35,"deletions":0},"java":{"insertions":216,"deletions":24}}},{"hash":"7769f2b29169ec6f423e76c8017f9d6a05641a5d","isMergeCommit":false,"messageTitle":"Package classes further and tidy code","messageBody":"","fileTypesAndContributionMap":{"fxml":{"insertions":1,"deletions":1},"java":{"insertions":41,"deletions":19}}}]}]},"authorFileTypeContributionMap":{"phiphi-tan":{"java":924,"md":132,"fxml":35,"sh":0,"bat":1,"gradle":22,"txt":27}},"authorContributionVariance":{"phiphi-tan":27842.371},"authorDisplayNameMap":{"phiphi-tan":"CS2103T-W15-4 PHIN.. TAN"}}
