{"authorDailyContributionsMap":{"LINCHENYU2030S":[{"date":"2023-08-24","commitResults":[{"hash":"c712c9a79710aaac1957fb856f46ad1739878a45","isMergeCommit":false,"messageTitle":"Rename, Greet, Exit","messageBody":"","tags":["Level-0"],"fileTypesAndContributionMap":{"java":{"insertions":11,"deletions":10}}},{"hash":"18a18476dd23377e5d0119ddc2bd188f589a1699","isMergeCommit":false,"messageTitle":"Echo","messageBody":"","tags":["Level-1"],"fileTypesAndContributionMap":{"java":{"insertions":25,"deletions":5}}},{"hash":"663930a914d4a11d2f443484d87f2be1c55349af","isMergeCommit":false,"messageTitle":"Add, List","messageBody":"","tags":["Level-2"],"fileTypesAndContributionMap":{"java":{"insertions":25,"deletions":0}}},{"hash":"51749a77340e54180472e98c99d10028fea3fab0","isMergeCommit":false,"messageTitle":"Mark, Unmark","messageBody":"","tags":["Level-3"],"fileTypesAndContributionMap":{"java":{"insertions":68,"deletions":8}}}]},{"date":"2023-08-25","commitResults":[{"hash":"d49842e035f658fb273319b4b701420020cecd82","isMergeCommit":false,"messageTitle":"ToDos, Events, Deadlines","messageBody":"","tags":["Level-4"],"fileTypesAndContributionMap":{"txt":{"insertions":1,"deletions":0},"java":{"insertions":112,"deletions":17}}},{"hash":"8b3e8bfc44faf0d8f5de8d639f39ef38bb2d4c98","isMergeCommit":false,"messageTitle":"Automated Text UI Testing","messageBody":"","tags":["A-TextUiTesting"],"fileTypesAndContributionMap":{"txt":{"insertions":11,"deletions":1},"sh":{"insertions":4,"deletions":4}}},{"hash":"ec091af21f59f8a08425ab2dbac2ed9b03d58a6f","isMergeCommit":false,"messageTitle":"Delete","messageBody":"","tags":["Level-6"],"fileTypesAndContributionMap":{"java":{"insertions":39,"deletions":35}}}]},{"date":"2023-08-26","commitResults":[{"hash":"a69f55563a99ed630afe3121a7809f3a9ff58be4","isMergeCommit":false,"messageTitle":"Handle Errors","messageBody":"","tags":["Level-5"],"fileTypesAndContributionMap":{"java":{"insertions":172,"deletions":55}}}]},{"date":"2023-09-02","commitResults":[{"hash":"9331bc33bcf15149c6703aeb97338d38038a72dc","isMergeCommit":false,"messageTitle":"add saving user data feature","messageBody":"","fileTypesAndContributionMap":{"txt":{"insertions":0,"deletions":0},"java":{"insertions":211,"deletions":2}}},{"hash":"a905dcf6eed019c58d98d38d14846e1c59c59d45","isMergeCommit":false,"messageTitle":"add saving feature","messageBody":"","fileTypesAndContributionMap":{"java":{"insertions":1,"deletions":1}}},{"hash":"f2d1a3f978a82cb1912838ca56acaf9960a6be60","isMergeCommit":false,"messageTitle":"add saving user data features","messageBody":"","fileTypesAndContributionMap":{"java":{"insertions":1,"deletions":1}}},{"hash":"e3002aa794a21aa7e7f0c9a7aa83d1165f8eb1eb","isMergeCommit":true,"messageTitle":"Merge branch \u0027branch-Level-7\u0027","messageBody":"","tags":["Level-7"],"fileTypesAndContributionMap":{}},{"hash":"9fb72fce4f439436387e9e657f91b82155cee7c1","isMergeCommit":false,"messageTitle":"print Dates and Times, print Task on given Date","messageBody":"","fileTypesAndContributionMap":{"java":{"insertions":144,"deletions":24}}},{"hash":"41011b2eced858d69cbb5569b8e1ff24a4b9e851","isMergeCommit":true,"messageTitle":"Merge branch \u0027branch-Level-8\u0027","messageBody":"","tags":["Level-8"],"fileTypesAndContributionMap":{}},{"hash":"38bd9730eff1ff6f0b4dc19e07e1d92619488ea6","isMergeCommit":false,"messageTitle":"More OOP","messageBody":"","fileTypesAndContributionMap":{"java":{"insertions":661,"deletions":437}}},{"hash":"82eb7957081fdc4f98407280da421e9250dd47bc","isMergeCommit":false,"messageTitle":"apply more OOP","messageBody":"","tags":["A-MoreOOP"],"fileTypesAndContributionMap":{"java":{"insertions":2,"deletions":0}}}]},{"date":"2023-09-03","commitResults":[{"hash":"f07437a197ca8acb28a002ede8266465d7fb0d62","isMergeCommit":false,"messageTitle":"optimize code","messageBody":"","fileTypesAndContributionMap":{"java":{"insertions":1,"deletions":1}}},{"hash":"1d79cee7fa05161a15c5bd998c2f022fe8b69e36","isMergeCommit":false,"messageTitle":"Organize classes into packages","messageBody":"","fileTypesAndContributionMap":{"java":{"insertions":35,"deletions":3}}},{"hash":"0584b130e9ca13b61e41583f6900ec6de203e7fe","isMergeCommit":true,"messageTitle":"Merge branch \u0027branch-A-Packages\u0027","messageBody":"","tags":["A-Packages"],"fileTypesAndContributionMap":{}},{"hash":"abfb5439c559a461a5fa59ff9dc57ad52394b13c","isMergeCommit":true,"messageTitle":"Merge branch \u0027add-gradle-support\u0027","messageBody":"","fileTypesAndContributionMap":{}},{"hash":"ed33d9990b91b3c450e6eede168d7dc808b85ad9","isMergeCommit":false,"messageTitle":"set up gradle","messageBody":"","tags":["A-Gradle"],"fileTypesAndContributionMap":{"java":{"insertions":1,"deletions":0}}},{"hash":"d5712225044ab805a880bd76b2e4ecb3afaf78bb","isMergeCommit":false,"messageTitle":"add JUnit Tests","messageBody":"","tags":["A-JUnit"],"fileTypesAndContributionMap":{"java":{"insertions":104,"deletions":0}}},{"hash":"a6493ec72b897c74e4d9b2c8460f038d8581447a","isMergeCommit":false,"messageTitle":"create a JAR File","messageBody":"","tags":["A-Jar"],"fileTypesAndContributionMap":{"java":{"insertions":1,"deletions":0}}},{"hash":"2203a422728e85bd67527dd814cbbad596e9159e","isMergeCommit":false,"messageTitle":"optimize code","messageBody":"","fileTypesAndContributionMap":{"txt":{"insertions":1,"deletions":0},"java":{"insertions":5,"deletions":5}}},{"hash":"26bb3c84b5c8d3ff4d8ebdd729e98ef08bfc5c15","isMergeCommit":false,"messageTitle":"add find matching task(s) feature","messageBody":"","fileTypesAndContributionMap":{"txt":{"insertions":4,"deletions":1},"java":{"insertions":50,"deletions":1}}},{"hash":"173e2be4db574125f6d928153f391985b9f115a8","isMergeCommit":true,"messageTitle":"Merge branch \u0027branch-Level-9\u0027","messageBody":"","tags":["Level-9"],"fileTypesAndContributionMap":{}}]},{"date":"2023-09-09","commitResults":[{"hash":"59f8b7f059afea760127aff9a28648d7ce26970c","isMergeCommit":false,"messageTitle":"testing","messageBody":"","fileTypesAndContributionMap":{"txt":{"insertions":2,"deletions":1}}},{"hash":"4faedf40447acfe2ef8feea6825a3dcb3fb59d07","isMergeCommit":false,"messageTitle":"comply with coding standard","messageBody":"","fileTypesAndContributionMap":{"java":{"insertions":82,"deletions":82}}},{"hash":"7d45b3b116089d4e35123a59d2c459eaf6a742fd","isMergeCommit":true,"messageTitle":"resolve conflict fromm branch-A-CodingStandard","messageBody":"","fileTypesAndContributionMap":{}},{"hash":"7f418e448b14339d12847f7371d8087d40de72dd","isMergeCommit":false,"messageTitle":"add more changes to comply with coding standard","messageBody":"","tags":["A-CodingStandard"],"fileTypesAndContributionMap":{"java":{"insertions":4,"deletions":4}}},{"hash":"17cdc721f938e6f4a057092699a8625e27c26da3","isMergeCommit":false,"messageTitle":"add JavaDoc","messageBody":"","fileTypesAndContributionMap":{"java":{"insertions":342,"deletions":83}}},{"hash":"c4883e427c476c3780433b8e8b1cd5320f7e0e15","isMergeCommit":true,"messageTitle":"resolve conflict when merging branch-A-JavaDoc","messageBody":"","tags":["A-JavaDoc"],"fileTypesAndContributionMap":{}}]}]},"authorFileTypeContributionMap":{"LINCHENYU2030S":{"java":1341,"md":0,"fxml":0,"sh":4,"bat":0,"gradle":0,"txt":14}},"authorContributionVariance":{"LINCHENYU2030S":103021.695},"authorDisplayNameMap":{"LINCHENYU2030S":"CS2103T-W13-2 LIN ..ENYU"}}
