{"authorDailyContributionsMap":{"cheeggered":[{"date":"2023-08-24","commitResults":[{"hash":"d13a479720da860469a5910d9b7804dda3b784d3","isMergeCommit":false,"messageTitle":"Level 0","messageBody":"","tags":["Level-0"],"fileTypesAndContributionMap":{"java":{"insertions":6,"deletions":1}}},{"hash":"bb0761fc09af7e1bbb780ab77d077297a8e8c913","isMergeCommit":false,"messageTitle":"Level 1","messageBody":"","tags":["Level-1"],"fileTypesAndContributionMap":{"java":{"insertions":8,"deletions":0}}},{"hash":"c7194789107829aaced84fd3111123e62291f8d4","isMergeCommit":false,"messageTitle":"Level 2","messageBody":"","tags":["Level-2"],"fileTypesAndContributionMap":{"java":{"insertions":16,"deletions":1}}},{"hash":"c33412f00337f679cf8c51969ae9dfbd1a755a9c","isMergeCommit":false,"messageTitle":"Level 3","messageBody":"","fileTypesAndContributionMap":{"java":{"insertions":59,"deletions":6}}},{"hash":"65258f0f73401a1a95c2931f38bf9bbb895faac3","isMergeCommit":false,"messageTitle":"Level 3","messageBody":"","tags":["Level-3"],"fileTypesAndContributionMap":{"java":{"insertions":3,"deletions":4}}},{"hash":"74ce41debc8a1933723936cc517b492c22e84bf3","isMergeCommit":false,"messageTitle":"Level 4","messageBody":"","tags":["Level-4"],"fileTypesAndContributionMap":{"java":{"insertions":67,"deletions":3}}},{"hash":"aaa4b759de1afd856b8dcec2378aeb8ec4a25669","isMergeCommit":false,"messageTitle":"Level 5","messageBody":"","fileTypesAndContributionMap":{"java":{"insertions":30,"deletions":8}}},{"hash":"19dec21a8c06a8f3fb8c34ceff83074e954afd02","isMergeCommit":false,"messageTitle":"Level 5","messageBody":"","tags":["Level-5"],"fileTypesAndContributionMap":{"java":{"insertions":4,"deletions":4}}},{"hash":"44ea53f2bd65faff08d9166a7672c97600cc47e1","isMergeCommit":false,"messageTitle":"Level 6","messageBody":"","tags":["Level-6"],"fileTypesAndContributionMap":{"java":{"insertions":9,"deletions":0}}},{"hash":"c5181935dc49ca0c9b091c175c2b84ace68e9882","isMergeCommit":false,"messageTitle":"A-TextUiTesting","messageBody":"","fileTypesAndContributionMap":{"txt":{"insertions":6,"deletions":0}}}]},{"date":"2023-08-31","commitResults":[{"hash":"d6fb3174e84110d24a8c1b616cae6cf9d7436694","isMergeCommit":false,"messageTitle":"Level 7","messageBody":"","fileTypesAndContributionMap":{"txt":{"insertions":2,"deletions":0},"java":{"insertions":99,"deletions":0}}},{"hash":"9c2ee9eed7ee92968d47df77fd4e3ea96aadb211","isMergeCommit":false,"messageTitle":"Revert \"Level 7\"","messageBody":"This reverts commit d6fb3174e84110d24a8c1b616cae6cf9d7436694.\n","fileTypesAndContributionMap":{"txt":{"insertions":0,"deletions":2},"java":{"insertions":0,"deletions":99}}},{"hash":"f18d2f850460a0911805eef012f05f9ceaca7965","isMergeCommit":false,"messageTitle":"Implement: save memory to file","messageBody":"","fileTypesAndContributionMap":{"java":{"insertions":99,"deletions":0}}},{"hash":"95323d2950fc7396626ca86f3767b1bb4e98163e","isMergeCommit":false,"messageTitle":"Amendments to implementation of save List locally","messageBody":"","fileTypesAndContributionMap":{"txt":{"insertions":2,"deletions":0},"java":{"insertions":3,"deletions":0}}}]},{"date":"2023-09-01","commitResults":[{"hash":"0fb21a289a55aeee18ae435daa37d89d5bcfe680","isMergeCommit":false,"messageTitle":"Implement load function","messageBody":"","fileTypesAndContributionMap":{"java":{"insertions":14,"deletions":3}}},{"hash":"81243693b3dfd56d4dccf5f3f66bac40351526f0","isMergeCommit":false,"messageTitle":"Add readFile method to load past data","messageBody":"","fileTypesAndContributionMap":{"java":{"insertions":30,"deletions":0}}},{"hash":"b6b3d61048c4afec5997075a75369001256dc417","isMergeCommit":false,"messageTitle":"Update data file","messageBody":"","tags":["Level-7"],"fileTypesAndContributionMap":{"txt":{"insertions":2,"deletions":1}}},{"hash":"8517fa9f8bc82a1bfd79410f55fa062c51308d5d","isMergeCommit":false,"messageTitle":"Update data file","messageBody":"","fileTypesAndContributionMap":{"txt":{"insertions":4,"deletions":2}}},{"hash":"a05e9314715236b326281189a15db306a7b5c6b7","isMergeCommit":false,"messageTitle":"Implement LocalDate","messageBody":"","fileTypesAndContributionMap":{"java":{"insertions":17,"deletions":14}}},{"hash":"cbf9902c0908558aa5c714bd7117d77e00dffdd8","isMergeCommit":false,"messageTitle":"Update Deadline class to store and deal with LocalDate","messageBody":"","fileTypesAndContributionMap":{"java":{"insertions":11,"deletions":3}}},{"hash":"282f81e35481af7dad7021dcf16e65646348aa33","isMergeCommit":false,"messageTitle":"Update Event class to store and deal with LocalDate","messageBody":"","fileTypesAndContributionMap":{"java":{"insertions":11,"deletions":4}}},{"hash":"0991d67d9756735ee1f053706270bfcff7230e02","isMergeCommit":false,"messageTitle":"Update Task class to store and deal with LocalDate","messageBody":"","fileTypesAndContributionMap":{"java":{"insertions":15,"deletions":6}}},{"hash":"a3b9b041a7a8a487f2451b64a55e69b26a011fc6","isMergeCommit":false,"messageTitle":"Update Todo class to store and deal with LocalDate","messageBody":"","tags":["Level-8"],"fileTypesAndContributionMap":{"java":{"insertions":5,"deletions":0}}},{"hash":"25760e7a1c31be3e9ef85b784e24773aea21d8a3","isMergeCommit":false,"messageTitle":"Add AddCommand class","messageBody":"","fileTypesAndContributionMap":{"java":{"insertions":22,"deletions":0}}},{"hash":"3561cdedad6c1b38a90505c6b819f09392926aac","isMergeCommit":false,"messageTitle":"Add Command class","messageBody":"","fileTypesAndContributionMap":{"java":{"insertions":6,"deletions":0}}},{"hash":"0d59c7ec2077d4d34bd11516b41bedd067ae847f","isMergeCommit":false,"messageTitle":"Add DeleteCommand class","messageBody":"","fileTypesAndContributionMap":{"java":{"insertions":22,"deletions":0}}},{"hash":"2f374f0c372e6656803086178159682089644ce2","isMergeCommit":false,"messageTitle":"Add ExitCommand class","messageBody":"","fileTypesAndContributionMap":{"java":{"insertions":12,"deletions":0}}},{"hash":"6054d2f06464bbba0ca9aca1ab3976903507efc3","isMergeCommit":false,"messageTitle":"Add InvalidCommand class","messageBody":"","fileTypesAndContributionMap":{"java":{"insertions":13,"deletions":0}}},{"hash":"a5f68d732d3ca88391f5fa52bd3f9152866870aa","isMergeCommit":false,"messageTitle":"Add ListCommand class","messageBody":"","fileTypesAndContributionMap":{"java":{"insertions":11,"deletions":0}}},{"hash":"d63a30a83ec9b36bb925b0d72fcc53ee23bafe39","isMergeCommit":false,"messageTitle":"Add MarkCommand class","messageBody":"","fileTypesAndContributionMap":{"java":{"insertions":22,"deletions":0}}},{"hash":"2ccd23196ed233d35ec5a9e1cba53802ffaebbe4","isMergeCommit":false,"messageTitle":"Add UnmarkCommand class","messageBody":"","fileTypesAndContributionMap":{"java":{"insertions":21,"deletions":0}}},{"hash":"d2fa711ddebaedd0c2cecdc39814f958d9eb316d","isMergeCommit":false,"messageTitle":"Add Parser class","messageBody":"","fileTypesAndContributionMap":{"java":{"insertions":60,"deletions":0}}},{"hash":"1b2359e55d2c58abbd6be624b7ab2554d25ed05b","isMergeCommit":false,"messageTitle":"Add Storage class","messageBody":"","fileTypesAndContributionMap":{"java":{"insertions":88,"deletions":0}}},{"hash":"6338cc9c953f03d09b18916a7c610944a508984f","isMergeCommit":false,"messageTitle":"Add Ui class","messageBody":"","fileTypesAndContributionMap":{"java":{"insertions":64,"deletions":0}}},{"hash":"312232bc54b9cdfb6da3197e2f44af33dc0fca50","isMergeCommit":false,"messageTitle":"Add TaskList class","messageBody":"","fileTypesAndContributionMap":{"java":{"insertions":52,"deletions":0}}},{"hash":"32bb531ab4967fe3f7dabe9bda1d1e102a0ddd37","isMergeCommit":false,"messageTitle":"Update Task class","messageBody":"","fileTypesAndContributionMap":{"java":{"insertions":3,"deletions":51}}},{"hash":"5fc687e8b2a418da048cecd3eec5842c83821f71","isMergeCommit":false,"messageTitle":"Update CheeChat class","messageBody":"","fileTypesAndContributionMap":{"java":{"insertions":26,"deletions":204}}},{"hash":"b05523d3c15175d39cbbf483a377ce560a95e9a7","isMergeCommit":false,"messageTitle":"Update data file","messageBody":"","tags":["A-MoreOOP"],"fileTypesAndContributionMap":{"txt":{"insertions":3,"deletions":4}}},{"hash":"7f3974dbf5d862173f622ebab5512d8b5573e2f1","isMergeCommit":false,"messageTitle":"Add packages","messageBody":"","tags":["A-Packages"],"fileTypesAndContributionMap":{"java":{"insertions":96,"deletions":3}}},{"hash":"eaf489e361bd86e24bef7f3f83b7f12670bb497a","isMergeCommit":true,"messageTitle":"Merge branch \u0027add-gradle-support\u0027","messageBody":"* add-gradle-support:\n  Bump gradle and lib version\n  Add Gradle support\n","fileTypesAndContributionMap":{}},{"hash":"61bff61742246ab23fe9be7f0710176a72d55e22","isMergeCommit":false,"messageTitle":"Update main class","messageBody":"","fileTypesAndContributionMap":{"gradle":{"insertions":1,"deletions":1}}},{"hash":"e2a1ce791cde9bb278f97317807886c516ecbde4","isMergeCommit":false,"messageTitle":"Update data file","messageBody":"","tags":["A-Gradle"],"fileTypesAndContributionMap":{"txt":{"insertions":4,"deletions":3}}},{"hash":"0d22669e109d8f5f8b5a2415e583ce9251a567ac","isMergeCommit":false,"messageTitle":"Update TaskList class to handle IndexOutOfBound for delete method","messageBody":"","fileTypesAndContributionMap":{"java":{"insertions":3,"deletions":0}}},{"hash":"81da03d8465bdc887cfff0b210bb7a8f96ca6883","isMergeCommit":false,"messageTitle":"Add empty data file for testing","messageBody":"","fileTypesAndContributionMap":{"txt":{"insertions":0,"deletions":0}}},{"hash":"189a8cc3a43a48b74b21d9bdffecb00d03c77f95","isMergeCommit":false,"messageTitle":"Add StorageTest class to test load() with empty file","messageBody":"","fileTypesAndContributionMap":{"java":{"insertions":17,"deletions":0}}},{"hash":"f6191eff5412bcb71530322f04f3726030046c57","isMergeCommit":false,"messageTitle":"Add TaskListTest class to test delete() with indexOutOfBound","messageBody":"","tags":["A-JUnit"],"fileTypesAndContributionMap":{"java":{"insertions":18,"deletions":0}}},{"hash":"97a163cf112bb8377022c58bce4d19bb0258463d","isMergeCommit":false,"messageTitle":"Fix Storage class constructor","messageBody":"","fileTypesAndContributionMap":{"java":{"insertions":15,"deletions":15}}},{"hash":"5bdd1a69a6627314d33b4f64b77e8d6ff3b240b6","isMergeCommit":false,"messageTitle":"Update shadowJar","messageBody":"","tags":["A-Jar"],"fileTypesAndContributionMap":{"gradle":{"insertions":1,"deletions":0}}}]},{"date":"2023-09-02","commitResults":[{"hash":"76913949e78adc5ce6834cfc1ffee502e915774b","isMergeCommit":false,"messageTitle":"Add JavaDoc comments","messageBody":"","fileTypesAndContributionMap":{"java":{"insertions":303,"deletions":3}}},{"hash":"3da3ed5a616c6d099dd1c401d58718523abeb01b","isMergeCommit":false,"messageTitle":"Revert \"Add JavaDoc comments\"","messageBody":"This reverts commit 76913949e78adc5ce6834cfc1ffee502e915774b.\n","fileTypesAndContributionMap":{"java":{"insertions":3,"deletions":303}}},{"hash":"01dc7ff8f40de8754056652144a0370d11896e87","isMergeCommit":false,"messageTitle":"Add JavaDoc comments","messageBody":"","fileTypesAndContributionMap":{"java":{"insertions":288,"deletions":3}}},{"hash":"1f86795b6fcc6d5c820955a36b02205b2e4b8d99","isMergeCommit":true,"messageTitle":"Merge branch \u0027branch-A-JavaDoc\u0027","messageBody":"* branch-A-JavaDoc:\n  Add JavaDoc comments\n","fileTypesAndContributionMap":{}},{"hash":"0f821c93e5dfba3f3efe8222f3b78266e2b00d24","isMergeCommit":false,"messageTitle":"Add JavaDoc comments for AddCommand class","messageBody":"","tags":["A-JavaDoc"],"fileTypesAndContributionMap":{"java":{"insertions":15,"deletions":0}}},{"hash":"44f9decdbb339fb43728ad980a9b0407c4767095","isMergeCommit":false,"messageTitle":"Refactor to comply with the given coding standard","messageBody":"","fileTypesAndContributionMap":{"java":{"insertions":5,"deletions":5}}},{"hash":"cdab05f41462fe85542b2e7d09103b599ba89d51","isMergeCommit":true,"messageTitle":"Refactor to comply with the given coding standard","messageBody":"","tags":["A-CodingStandard"],"fileTypesAndContributionMap":{}}]},{"date":"2023-09-03","commitResults":[{"hash":"ce892a33dc3cd0260f91daf233a64b1dfe108edf","isMergeCommit":false,"messageTitle":"Update data file","messageBody":"","fileTypesAndContributionMap":{"txt":{"insertions":3,"deletions":3}}},{"hash":"3656b0ac398f21c5a3d764975c4af43a36810d92","isMergeCommit":false,"messageTitle":"Add FindCommmand class","messageBody":"","fileTypesAndContributionMap":{"java":{"insertions":25,"deletions":0}}},{"hash":"a6b27caeb68ad8c9c09cf41acba73be764e8b280","isMergeCommit":false,"messageTitle":"Add find command in Parser class","messageBody":"","fileTypesAndContributionMap":{"java":{"insertions":3,"deletions":0}}},{"hash":"e1898feffedcd33663170fa96c005a7fb41799ac","isMergeCommit":false,"messageTitle":"Add find method in TaskList class","messageBody":"","fileTypesAndContributionMap":{"java":{"insertions":10,"deletions":0}}},{"hash":"00c9dfef265a7a8a51018b155ee6d2874336c661","isMergeCommit":false,"messageTitle":"Add printFind method in Ui class to print tasks containing specified keyword","messageBody":"","tags":["Level-9"],"fileTypesAndContributionMap":{"java":{"insertions":9,"deletions":0}}},{"hash":"4954ec69a167b7e81d1fa7af6f5a3974deebf343","isMergeCommit":true,"messageTitle":"Merge branch-Level-9 to master branch","messageBody":"","fileTypesAndContributionMap":{}}]}]},"authorFileTypeContributionMap":{"cheeggered":{"java":1009,"md":0,"fxml":0,"sh":0,"bat":0,"gradle":2,"txt":11}},"authorContributionVariance":{"cheeggered":96695.664},"authorDisplayNameMap":{"cheeggered":"CS2103T-T08-1 MAH ..TENG"}}
