{"authorDailyContributionsMap":{"joeng03":[{"date":"2023-08-21","commitResults":[{"hash":"bc7fb6066924006720a3da5d714419751e3405f6","isMergeCommit":false,"messageTitle":"feat: rename, greet, exit","messageBody":"","tags":["Level-0"],"fileTypesAndContributionMap":{"java":{"insertions":8,"deletions":10}}},{"hash":"bf3d9eef6ffdaff2922fc52e7fcd0ae5ee5f5f1f","isMergeCommit":false,"messageTitle":"feat: Echo","messageBody":"","tags":["Level-1"],"fileTypesAndContributionMap":{"java":{"insertions":35,"deletions":5}}},{"hash":"5efe723daccec969c2ec200aa381a5acad756cdd","isMergeCommit":false,"messageTitle":"feat: Add, List","messageBody":"","tags":["Level-2"],"fileTypesAndContributionMap":{"java":{"insertions":68,"deletions":33}}},{"hash":"dfccfc6c4d87516c4e2158001e9a0f8ccd926f9c","isMergeCommit":false,"messageTitle":"feat: Mark as Done","messageBody":"","tags":["Level-3"],"fileTypesAndContributionMap":{"java":{"insertions":60,"deletions":10}}},{"hash":"dfee85fdc2795ccfa8b01ed5f263d8a801b51f4e","isMergeCommit":false,"messageTitle":"feat: ToDos, Events, Deadlines","messageBody":"","tags":["Level-4"],"fileTypesAndContributionMap":{"java":{"insertions":120,"deletions":43}}},{"hash":"d4ae1e34cdcfcc3de5ae3bf433acaebc701f2427","isMergeCommit":false,"messageTitle":"test: Automated Text UI Testing","messageBody":"","tags":["A-TextUiTesting"],"fileTypesAndContributionMap":{"txt":{"insertions":6,"deletions":0},"java":{"insertions":3,"deletions":4},"bat":{"insertions":1,"deletions":1},"sh":{"insertions":1,"deletions":1}}},{"hash":"bcaa9dc5b71034874177a0a2df7a2d8078f141dd","isMergeCommit":false,"messageTitle":"feat: Handle Errors","messageBody":"","tags":["Level-5"],"fileTypesAndContributionMap":{"java":{"insertions":76,"deletions":46}}},{"hash":"d0d2da9bc29f0d6d0f573a58e39006e34748ae5d","isMergeCommit":false,"messageTitle":"feat: Delete","messageBody":"","tags":["Level-6"],"fileTypesAndContributionMap":{"txt":{"insertions":2,"deletions":1}}}]},{"date":"2023-08-23","commitResults":[{"hash":"7ca87e51f17b797d0a2fe5d3968485c5c69d8357","isMergeCommit":false,"messageTitle":"refactor: Use Enums","messageBody":"","tags":["A-Enums"],"fileTypesAndContributionMap":{"java":{"insertions":66,"deletions":43}}}]},{"date":"2023-08-28","commitResults":[{"hash":"08b04090b2c7522cc46771f406a29df9cf583932","isMergeCommit":false,"messageTitle":"style: Minor adjustmets to comply with the Java coding standard","messageBody":"","fileTypesAndContributionMap":{"java":{"insertions":90,"deletions":83}}},{"hash":"42b6f0f5fd760a8aded8cd92733a19675ffad0d4","isMergeCommit":false,"messageTitle":"refactor: Rename MessagePrint to MessagePrinter","messageBody":"","fileTypesAndContributionMap":{"java":{"insertions":9,"deletions":8}}},{"hash":"99de383e816b680d08bebb35c5c9e4f930123814","isMergeCommit":false,"messageTitle":"feat: Integrate Dates and Times into Deadline and Event","messageBody":"","fileTypesAndContributionMap":{"java":{"insertions":33,"deletions":12}}},{"hash":"51bd5ba077cdecf305b9cecdca3bcf844daa676d","isMergeCommit":true,"messageTitle":"Merge branch \u0027branch-Level-8\u0027","messageBody":"","tags":["Level-8"],"fileTypesAndContributionMap":{}},{"hash":"226aeae4cf564aa210399484e9741559a07a68b6","isMergeCommit":true,"messageTitle":"Merge branch \u0027add-gradle-support\u0027 of https://github.com/joeng03/ip","messageBody":"","tags":["A-Gradle"],"fileTypesAndContributionMap":{}}]},{"date":"2023-08-31","commitResults":[{"hash":"aad061e52f706cdda9ce4c24b67630dcfc889d2b","isMergeCommit":false,"messageTitle":"feat: Add save tasks functionality","messageBody":"","fileTypesAndContributionMap":{"gradle":{"insertions":9,"deletions":2},"txt":{"insertions":1,"deletions":0},"java":{"insertions":185,"deletions":48}}},{"hash":"0f0ab6bedd949984fd317f4e6e4c99366fdc3d1c","isMergeCommit":true,"messageTitle":"Merge branch \u0027branch-Level-7\u0027","messageBody":"","tags":["Level-7"],"fileTypesAndContributionMap":{}},{"hash":"4673351e2b69fcaf47f0a9b46e46770edec95cb6","isMergeCommit":false,"messageTitle":"refactor: Use OOP to refactor the codebase","messageBody":"","fileTypesAndContributionMap":{"java":{"insertions":226,"deletions":191}}},{"hash":"a8facd63f008c7181e9782a9ce274e30b9c33c73","isMergeCommit":true,"messageTitle":"Merge branch \u0027A-MoreOOP\u0027","messageBody":"","tags":["A-MoreOOP"],"fileTypesAndContributionMap":{}},{"hash":"c22c664469575e459d1f934036a3df958d80de31","isMergeCommit":false,"messageTitle":"fix: Gson LocalDate serialization issues","messageBody":"","fileTypesAndContributionMap":{"txt":{"insertions":1,"deletions":1},"java":{"insertions":10,"deletions":0}}},{"hash":"ae4b3f0ff9f7de83b8b8540a30be512bd6af9c55","isMergeCommit":false,"messageTitle":"refactor: Organize classes into packages","messageBody":"","fileTypesAndContributionMap":{"txt":{"insertions":1,"deletions":1},"java":{"insertions":66,"deletions":16}}},{"hash":"1d64de5adb457c572a02ab3030814abb37ce822c","isMergeCommit":true,"messageTitle":"merge branch A-Packages","messageBody":"","tags":["A-Packages"],"fileTypesAndContributionMap":{}},{"hash":"cc8a7602338a0ee182f535120abf780dc96f3b62","isMergeCommit":false,"messageTitle":"refactor: Add parent package linus","messageBody":"","fileTypesAndContributionMap":{"gradle":{"insertions":1,"deletions":1},"txt":{"insertions":1,"deletions":1},"java":{"insertions":47,"deletions":41},"bat":{"insertions":1,"deletions":1}}},{"hash":"0aaf527a90cf5be9507a3988d96efe2bfdd53794","isMergeCommit":false,"messageTitle":"test: Add JUnit tests","messageBody":"","fileTypesAndContributionMap":{"txt":{"insertions":2,"deletions":1},"java":{"insertions":88,"deletions":3}}},{"hash":"2a8beabf8a24a5b09b31004a0413ebf312d41d9b","isMergeCommit":true,"messageTitle":"Merge branch \u0027A-JUnit\u0027","messageBody":"","tags":["A-Jar","A-JUnit"],"fileTypesAndContributionMap":{}},{"hash":"26fff155f84d31c2e2f592051ca4d85641a86ead","isMergeCommit":false,"messageTitle":"docs: Add JavaDoc documentation","messageBody":"","fileTypesAndContributionMap":{"java":{"insertions":159,"deletions":0}}},{"hash":"e7bb91bfc254d79b968f725bf2b92c72284be200","isMergeCommit":false,"messageTitle":"style: Modify code to adhere to coding standard","messageBody":"","fileTypesAndContributionMap":{"java":{"insertions":8,"deletions":2}}},{"hash":"f45eaf4ac0ad5b0d92e78c33395188bbb9c425b9","isMergeCommit":false,"messageTitle":"feat: Add find command and functionality","messageBody":"","fileTypesAndContributionMap":{"java":{"insertions":31,"deletions":8}}},{"hash":"ba123db001861ebc33b092622e180d3853913f59","isMergeCommit":true,"messageTitle":"Merge branch \u0027A-JavaDoc\u0027","messageBody":"","tags":["A-JavaDoc"],"fileTypesAndContributionMap":{}},{"hash":"037151ca22b7fad1c66cd810615992e7b2983b68","isMergeCommit":true,"messageTitle":"merge A-CodingStandard","messageBody":"","tags":["A-CodingStandard"],"fileTypesAndContributionMap":{}},{"hash":"47b5ee81eecb96dc7aff9ed2dfeb5d9b20fe6b5c","isMergeCommit":true,"messageTitle":"Merge branch \u0027Level-9\u0027","messageBody":"","tags":["Level-9"],"fileTypesAndContributionMap":{}}]},{"date":"2023-09-04","commitResults":[{"hash":"1b1a7e3428845c4b3c9cbabb816deda5fd475c5a","isMergeCommit":false,"messageTitle":"style: Add and follow checkstyle","messageBody":"","fileTypesAndContributionMap":{"gradle":{"insertions":5,"deletions":0},"java":{"insertions":162,"deletions":77}}},{"hash":"5813af5ae09b1ff10139f5136ecf42edabc9ed15","isMergeCommit":true,"messageTitle":"merge changes from A-CheckStyle","messageBody":"","tags":["A-CheckStyle"],"fileTypesAndContributionMap":{}},{"hash":"eed5f57fe1c8c94f6c20015bec7058b912add7a6","isMergeCommit":false,"messageTitle":"fix: Checkstyle error for find() method due to absence of JavaDoc","messageBody":"","fileTypesAndContributionMap":{"java":{"insertions":12,"deletions":1}}},{"hash":"f75ccb0c30414ca734a02f6180073d028740c499","isMergeCommit":false,"messageTitle":"fix: Sync the taskList to disk everytime the taskList changes","messageBody":"","fileTypesAndContributionMap":{"java":{"insertions":7,"deletions":1}}}]},{"date":"2023-09-07","commitResults":[{"hash":"1b5fc1b9869f969398aaf2fc8c7f95de9bbaf7bc","isMergeCommit":false,"messageTitle":"fix: index off-by-one error for delete, mark, and unmark","messageBody":"","fileTypesAndContributionMap":{"txt":{"insertions":1,"deletions":1},"java":{"insertions":15,"deletions":35}}},{"hash":"92dd3418b10a1d21d86cf622d2766f7c9f5ede45","isMergeCommit":false,"messageTitle":"feat: Add GUI with JavaFX","messageBody":"","fileTypesAndContributionMap":{"gradle":{"insertions":21,"deletions":1},"txt":{"insertions":1,"deletions":1},"fxml":{"insertions":35,"deletions":0},"java":{"insertions":443,"deletions":156}}},{"hash":"0fa11980c3c326d5952908e7315b134b517d6279","isMergeCommit":true,"messageTitle":"merge changes from branch-Level-10","messageBody":"","tags":["Level-10"],"fileTypesAndContributionMap":{}}]},{"date":"2023-09-08","commitResults":[{"hash":"fb7d15cc83667351decf0c2fa8568f0afbf417fe","isMergeCommit":false,"messageTitle":"refactor: Reorganize folders","messageBody":"","fileTypesAndContributionMap":{"fxml":{"insertions":1,"deletions":1},"java":{"insertions":14,"deletions":6}}},{"hash":"2129512018678ce83f4e0d7b00da956667022ea9","isMergeCommit":false,"messageTitle":"chore: Cleanup redundant code","messageBody":"","fileTypesAndContributionMap":{"txt":{"insertions":1,"deletions":8},"java":{"insertions":25,"deletions":15},"bat":{"insertions":0,"deletions":21},"sh":{"insertions":0,"deletions":38}}},{"hash":"a79a31e8afd0dab33e399a59e62dc52c77d935eb","isMergeCommit":false,"messageTitle":"chore: Cleanup System.out.println","messageBody":"","fileTypesAndContributionMap":{"txt":{"insertions":0,"deletions":2},"java":{"insertions":4,"deletions":1}}}]},{"date":"2023-09-14","commitResults":[{"hash":"c77f472d83e45276bbeea41f09d1625f8e2c5079","isMergeCommit":false,"messageTitle":"test: Add assertions","messageBody":"","fileTypesAndContributionMap":{"txt":{"insertions":2,"deletions":0},"java":{"insertions":11,"deletions":2}}},{"hash":"432de7b59d0adc65e95d6065a7884c4bc7ab60f7","isMergeCommit":true,"messageTitle":"Merge pull request #1 from joeng03/A-Assertions","messageBody":"test: Add assertions","tags":["A-Streams","A-CodeQuality","A-Assertions"],"fileTypesAndContributionMap":{}},{"hash":"ce28a3d655c3fa2ca4b0cb16e5a551a03c98714a","isMergeCommit":false,"messageTitle":"refactor: Improve Code quality","messageBody":"","fileTypesAndContributionMap":{"txt":{"insertions":1,"deletions":1},"java":{"insertions":31,"deletions":20}}},{"hash":"21c6506f0493450714bbe8ca32c22f62907ba178","isMergeCommit":true,"messageTitle":"Merge pull request #2 from joeng03/A-CodeQuality","messageBody":"refactor: Improve Code quality","fileTypesAndContributionMap":{}},{"hash":"c0f9c26a038954e312141442af754279d1ce9dd0","isMergeCommit":true,"messageTitle":"Merge pull request #1 from joeng03/A-Assertions","messageBody":"test: Add assertions\n","fileTypesAndContributionMap":{}},{"hash":"7aa9ce30d27ad2698de24c51a4e901742768713e","isMergeCommit":true,"messageTitle":"Merge branch \u0027master\u0027 of https://github.com/joeng03/ip","messageBody":"","fileTypesAndContributionMap":{}},{"hash":"03e144cf8177649c5f7fb2f6bad0ae1dc5248644","isMergeCommit":false,"messageTitle":"fix: Checkstyle errors","messageBody":"","fileTypesAndContributionMap":{"java":{"insertions":33,"deletions":20}}},{"hash":"cd786cc3464948735ed5eadfeea457f049e185a4","isMergeCommit":false,"messageTitle":"refactor: organize messages as constants","messageBody":"","fileTypesAndContributionMap":{"java":{"insertions":52,"deletions":29}}},{"hash":"ecce58b1c83efa43e1bf11b77adffbf9ba0ca1c2","isMergeCommit":false,"messageTitle":"feat:add exit functionality after user types bye command","messageBody":"","fileTypesAndContributionMap":{"java":{"insertions":11,"deletions":0}}},{"hash":"169f98288e1d4189d8e5812e68d7ab90e407062a","isMergeCommit":false,"messageTitle":"feat:Add exit functionality after user enters bye command","messageBody":"If the user enters the bye command,\nthe MainWindow controller detects it,\nthen responds with the exit message.\nIt then uses JavaFX PauseTransition\nto wait for 1.5 seconds before exiting.\n\nThis ensures that the window exits seamlessly\nwhile also improving user experience,\nas users could read the exit message\nbefore the window exits.\n","tags":["A-FullCommitMessage"],"fileTypesAndContributionMap":{"java":{"insertions":11,"deletions":0}}}]},{"date":"2023-09-16","commitResults":[{"hash":"726f9ac0361cb6d6c78527071c91856446255417","isMergeCommit":false,"messageTitle":"feat: Add statistics functionality for tasks","messageBody":"","fileTypesAndContributionMap":{"txt":{"insertions":1,"deletions":1},"java":{"insertions":122,"deletions":35}}},{"hash":"8a5ae029b7fe5ec828830b5027ba5acbaa411fa9","isMergeCommit":true,"messageTitle":"Merge branch \u0027BCD-Extension\u0027","messageBody":"","tags":["BCD-Extension"],"fileTypesAndContributionMap":{}}]},{"date":"2023-09-20","commitResults":[{"hash":"3fb6e94c5c139a39c7e56e0fc6962650975574ac","isMergeCommit":false,"messageTitle":"test: Add new test cases for tasklist","messageBody":"","tags":["A-Personality","A-MoreTesting","A-MoreErrorHandling","A-BetterGui"],"fileTypesAndContributionMap":{"gradle":{"insertions":2,"deletions":3},"java":{"insertions":182,"deletions":2}}},{"hash":"dcbcdb2e84ac200bd03d698e5f71fad277799ad2","isMergeCommit":false,"messageTitle":"refactor: Abstract commands away","messageBody":"","fileTypesAndContributionMap":{"txt":{"insertions":1,"deletions":1},"java":{"insertions":534,"deletions":108}}},{"hash":"18cfe2bbbe5d35f7303c666bdee33a4857e85789","isMergeCommit":false,"messageTitle":"docs: Add User Guide","messageBody":"","tags":["A-UserGuide"],"fileTypesAndContributionMap":{"txt":{"insertions":1,"deletions":1},"fxml":{"insertions":10,"deletions":3},"java":{"insertions":8,"deletions":15},"md":{"insertions":170,"deletions":12}}},{"hash":"eaae1dcb74121812c221b6d13666704708860b51","isMergeCommit":false,"messageTitle":"docs: Add Product Screenshot","messageBody":"","tags":["A-Release"],"fileTypesAndContributionMap":{"txt":{"insertions":1,"deletions":1},"fxml":{"insertions":5,"deletions":5},"java":{"insertions":3,"deletions":4}}}]},{"date":"2023-09-22","commitResults":[{"hash":"5bf5822e5559398f6a3817623511c64443268081","isMergeCommit":false,"messageTitle":"docs: Fix typos","messageBody":"","fileTypesAndContributionMap":{"txt":{"insertions":1,"deletions":1},"md":{"insertions":1,"deletions":1}}},{"hash":"1e1341cfe75e1004e74f0f9f0a8e4a40f6f14707","isMergeCommit":true,"messageTitle":"Merge branch \u0027branch-A-Assertions\u0027","messageBody":"","tags":["A-Release2"],"fileTypesAndContributionMap":{}}]}]},"authorFileTypeContributionMap":{"joeng03":{"java":1917,"md":165,"fxml":42,"sh":0,"bat":0,"gradle":31,"txt":2}},"authorContributionVariance":{"joeng03":80921.805},"authorDisplayNameMap":{"joeng03":"CS2103T-W08-4 NG Y.. JOE"}}
