[{"path":"src/main/java/ChatBot.java","fileType":"java","lines":[{"lineNumber":1,"author":{"gitId":"owenyeo"},"content":"import java.util.Scanner;","lastModifiedDate":"2023-08-24"},{"lineNumber":2,"author":{"gitId":"owenyeo"},"content":"import java.util.ArrayList;","lastModifiedDate":"2023-08-24"},{"lineNumber":3,"author":{"gitId":"owenyeo"},"content":"","lastModifiedDate":"2023-08-24"},{"lineNumber":4,"author":{"gitId":"owenyeo"},"content":"/*","lastModifiedDate":"2023-08-24"},{"lineNumber":5,"author":{"gitId":"owenyeo"},"content":" * A chat bot that can be renamed, and responds to inputs from users","lastModifiedDate":"2023-08-24"},{"lineNumber":6,"author":{"gitId":"owenyeo"},"content":" * ","lastModifiedDate":"2023-08-24"},{"lineNumber":7,"author":{"gitId":"owenyeo"},"content":" * @author Owen Yeo","lastModifiedDate":"2023-08-24"},{"lineNumber":8,"author":{"gitId":"owenyeo"},"content":" * Version Level-3","lastModifiedDate":"2023-08-24"},{"lineNumber":9,"author":{"gitId":"owenyeo"},"content":" */","lastModifiedDate":"2023-08-24"},{"lineNumber":10,"author":{"gitId":"owenyeo"},"content":"public class ChatBot {","lastModifiedDate":"2023-08-23"},{"lineNumber":11,"author":{"gitId":"owenyeo"},"content":"","lastModifiedDate":"2023-08-24"},{"lineNumber":12,"author":{"gitId":"owenyeo"},"content":"    //Name of the user\u0027s ChatBot.","lastModifiedDate":"2023-08-24"},{"lineNumber":13,"author":{"gitId":"owenyeo"},"content":"    private String name;","lastModifiedDate":"2023-08-23"},{"lineNumber":14,"author":{"gitId":"owenyeo"},"content":"","lastModifiedDate":"2023-08-24"},{"lineNumber":15,"author":{"gitId":"owenyeo"},"content":"    //Scanner used to see user input","lastModifiedDate":"2023-08-24"},{"lineNumber":16,"author":{"gitId":"owenyeo"},"content":"    private static final Scanner sc \u003d new Scanner(System.in);","lastModifiedDate":"2023-08-24"},{"lineNumber":17,"author":{"gitId":"owenyeo"},"content":"","lastModifiedDate":"2023-08-24"},{"lineNumber":18,"author":{"gitId":"owenyeo"},"content":"    //Check if the chat has ended.","lastModifiedDate":"2023-08-24"},{"lineNumber":19,"author":{"gitId":"owenyeo"},"content":"    private boolean hasEnded \u003d false;","lastModifiedDate":"2023-08-24"},{"lineNumber":20,"author":{"gitId":"owenyeo"},"content":"","lastModifiedDate":"2023-08-23"},{"lineNumber":21,"author":{"gitId":"owenyeo"},"content":"    //Array of Tasks to store in the list.","lastModifiedDate":"2023-08-24"},{"lineNumber":22,"author":{"gitId":"owenyeo"},"content":"    private ArrayList\u003cTask\u003e list \u003d new ArrayList\u003c\u003e();","lastModifiedDate":"2023-08-24"},{"lineNumber":23,"author":{"gitId":"owenyeo"},"content":"","lastModifiedDate":"2023-08-24"},{"lineNumber":24,"author":{"gitId":"owenyeo"},"content":"    //String representing a border.","lastModifiedDate":"2023-08-24"},{"lineNumber":25,"author":{"gitId":"owenyeo"},"content":"    private static final String BORDER \u003d \"____________________________________________________________\\n\";","lastModifiedDate":"2023-08-24"},{"lineNumber":26,"author":{"gitId":"owenyeo"},"content":"","lastModifiedDate":"2023-08-24"},{"lineNumber":27,"author":{"gitId":"owenyeo"},"content":"    //Enum Command to make code cleaner and allow for the use of ","lastModifiedDate":"2023-08-24"},{"lineNumber":28,"author":{"gitId":"owenyeo"},"content":"    //switch case statements.","lastModifiedDate":"2023-08-24"},{"lineNumber":29,"author":{"gitId":"owenyeo"},"content":"    private static enum Command {","lastModifiedDate":"2023-08-24"},{"lineNumber":30,"author":{"gitId":"owenyeo"},"content":"        BYE(\"bye\"),","lastModifiedDate":"2023-08-24"},{"lineNumber":31,"author":{"gitId":"owenyeo"},"content":"        DISPLAY_LIST(\"list\"),","lastModifiedDate":"2023-08-24"},{"lineNumber":32,"author":{"gitId":"owenyeo"},"content":"        MARK(\"mark\"),","lastModifiedDate":"2023-08-24"},{"lineNumber":33,"author":{"gitId":"owenyeo"},"content":"        UNMARK(\"unmark\"),","lastModifiedDate":"2023-08-24"},{"lineNumber":34,"author":{"gitId":"owenyeo"},"content":"        ADD_TODO(\"todo\"),","lastModifiedDate":"2023-08-24"},{"lineNumber":35,"author":{"gitId":"owenyeo"},"content":"        ADD_DEADLINE(\"deadline\"),","lastModifiedDate":"2023-08-24"},{"lineNumber":36,"author":{"gitId":"owenyeo"},"content":"        ADD_EVENT(\"event\"),","lastModifiedDate":"2023-08-24"},{"lineNumber":37,"author":{"gitId":"owenyeo"},"content":"        DELETE(\"delete\");","lastModifiedDate":"2023-08-24"},{"lineNumber":38,"author":{"gitId":"owenyeo"},"content":"","lastModifiedDate":"2023-08-24"},{"lineNumber":39,"author":{"gitId":"owenyeo"},"content":"        private final String input;","lastModifiedDate":"2023-08-24"},{"lineNumber":40,"author":{"gitId":"owenyeo"},"content":"","lastModifiedDate":"2023-08-24"},{"lineNumber":41,"author":{"gitId":"owenyeo"},"content":"        private Command(String input) {","lastModifiedDate":"2023-08-24"},{"lineNumber":42,"author":{"gitId":"owenyeo"},"content":"            this.input \u003d input;","lastModifiedDate":"2023-08-24"},{"lineNumber":43,"author":{"gitId":"owenyeo"},"content":"        }","lastModifiedDate":"2023-08-24"},{"lineNumber":44,"author":{"gitId":"owenyeo"},"content":"","lastModifiedDate":"2023-08-24"},{"lineNumber":45,"author":{"gitId":"owenyeo"},"content":"        public static Command parseInput(String input) {","lastModifiedDate":"2023-08-24"},{"lineNumber":46,"author":{"gitId":"owenyeo"},"content":"            for(Command command: Command.values()) {","lastModifiedDate":"2023-08-24"},{"lineNumber":47,"author":{"gitId":"owenyeo"},"content":"                if (command.input.equals(input)) {","lastModifiedDate":"2023-08-24"},{"lineNumber":48,"author":{"gitId":"owenyeo"},"content":"                    return command;","lastModifiedDate":"2023-08-24"},{"lineNumber":49,"author":{"gitId":"owenyeo"},"content":"                }","lastModifiedDate":"2023-08-24"},{"lineNumber":50,"author":{"gitId":"owenyeo"},"content":"            }","lastModifiedDate":"2023-08-24"},{"lineNumber":51,"author":{"gitId":"owenyeo"},"content":"","lastModifiedDate":"2023-08-24"},{"lineNumber":52,"author":{"gitId":"owenyeo"},"content":"            return null;","lastModifiedDate":"2023-08-24"},{"lineNumber":53,"author":{"gitId":"owenyeo"},"content":"        }","lastModifiedDate":"2023-08-24"},{"lineNumber":54,"author":{"gitId":"owenyeo"},"content":"    }","lastModifiedDate":"2023-08-24"},{"lineNumber":55,"author":{"gitId":"owenyeo"},"content":"","lastModifiedDate":"2023-08-23"},{"lineNumber":56,"author":{"gitId":"owenyeo"},"content":"    //Constructor that allows for the naming of your own bot.","lastModifiedDate":"2023-08-24"},{"lineNumber":57,"author":{"gitId":"owenyeo"},"content":"    public ChatBot(String name) {","lastModifiedDate":"2023-08-23"},{"lineNumber":58,"author":{"gitId":"owenyeo"},"content":"        this.name \u003d name;","lastModifiedDate":"2023-08-23"},{"lineNumber":59,"author":{"gitId":"owenyeo"},"content":"    }","lastModifiedDate":"2023-08-23"},{"lineNumber":60,"author":{"gitId":"owenyeo"},"content":"","lastModifiedDate":"2023-08-24"},{"lineNumber":61,"author":{"gitId":"owenyeo"},"content":"    /* ","lastModifiedDate":"2023-08-24"},{"lineNumber":62,"author":{"gitId":"owenyeo"},"content":"     * Command to introduce the bot. Outputs an introduction with the bot\u0027s name.","lastModifiedDate":"2023-08-24"},{"lineNumber":63,"author":{"gitId":"owenyeo"},"content":"     * ","lastModifiedDate":"2023-08-24"},{"lineNumber":64,"author":{"gitId":"owenyeo"},"content":"     * @return void","lastModifiedDate":"2023-08-24"},{"lineNumber":65,"author":{"gitId":"owenyeo"},"content":"     */","lastModifiedDate":"2023-08-24"},{"lineNumber":66,"author":{"gitId":"owenyeo"},"content":"    public void intro() {","lastModifiedDate":"2023-08-23"},{"lineNumber":67,"author":{"gitId":"owenyeo"},"content":"        System.out.println(BORDER);","lastModifiedDate":"2023-08-24"},{"lineNumber":68,"author":{"gitId":"owenyeo"},"content":"        System.out.println(\"Hello! I am \" + this.name + \".\\n\");","lastModifiedDate":"2023-08-24"},{"lineNumber":69,"author":{"gitId":"owenyeo"},"content":"        System.out.println(\"What can I do for you today?\\n\"); ","lastModifiedDate":"2023-08-24"},{"lineNumber":70,"author":{"gitId":"owenyeo"},"content":"        System.out.println(BORDER);","lastModifiedDate":"2023-08-24"},{"lineNumber":71,"author":{"gitId":"owenyeo"},"content":"    }","lastModifiedDate":"2023-08-24"},{"lineNumber":72,"author":{"gitId":"owenyeo"},"content":"","lastModifiedDate":"2023-08-24"},{"lineNumber":73,"author":{"gitId":"owenyeo"},"content":"    /* ","lastModifiedDate":"2023-08-24"},{"lineNumber":74,"author":{"gitId":"owenyeo"},"content":"     * To exit chat and end the session.","lastModifiedDate":"2023-08-24"},{"lineNumber":75,"author":{"gitId":"owenyeo"},"content":"     * ","lastModifiedDate":"2023-08-24"},{"lineNumber":76,"author":{"gitId":"owenyeo"},"content":"     * @return void","lastModifiedDate":"2023-08-24"},{"lineNumber":77,"author":{"gitId":"owenyeo"},"content":"     */","lastModifiedDate":"2023-08-24"},{"lineNumber":78,"author":{"gitId":"owenyeo"},"content":"    public void exitChat() {","lastModifiedDate":"2023-08-24"},{"lineNumber":79,"author":{"gitId":"owenyeo"},"content":"        System.out.println(BORDER);","lastModifiedDate":"2023-08-24"},{"lineNumber":80,"author":{"gitId":"owenyeo"},"content":"        System.out.println(\"Bye. Have a bad day you doofus.\\n\");","lastModifiedDate":"2023-08-24"},{"lineNumber":81,"author":{"gitId":"owenyeo"},"content":"        System.out.println(BORDER);","lastModifiedDate":"2023-08-24"},{"lineNumber":82,"author":{"gitId":"owenyeo"},"content":"        hasEnded \u003d true;","lastModifiedDate":"2023-08-24"},{"lineNumber":83,"author":{"gitId":"owenyeo"},"content":"    }","lastModifiedDate":"2023-08-23"},{"lineNumber":84,"author":{"gitId":"owenyeo"},"content":"","lastModifiedDate":"2023-08-23"},{"lineNumber":85,"author":{"gitId":"owenyeo"},"content":"    /* ","lastModifiedDate":"2023-08-24"},{"lineNumber":86,"author":{"gitId":"owenyeo"},"content":"     * To exit chat and end the session.","lastModifiedDate":"2023-08-24"},{"lineNumber":87,"author":{"gitId":"owenyeo"},"content":"     * ","lastModifiedDate":"2023-08-24"},{"lineNumber":88,"author":{"gitId":"owenyeo"},"content":"     * @return boolean The hasEnded encapsulated in the chatbot.","lastModifiedDate":"2023-08-24"},{"lineNumber":89,"author":{"gitId":"owenyeo"},"content":"     */","lastModifiedDate":"2023-08-24"},{"lineNumber":90,"author":{"gitId":"owenyeo"},"content":"    public boolean isEnded() {","lastModifiedDate":"2023-08-24"},{"lineNumber":91,"author":{"gitId":"owenyeo"},"content":"        return this.hasEnded;","lastModifiedDate":"2023-08-24"},{"lineNumber":92,"author":{"gitId":"owenyeo"},"content":"    }","lastModifiedDate":"2023-08-24"},{"lineNumber":93,"author":{"gitId":"owenyeo"},"content":"","lastModifiedDate":"2023-08-24"},{"lineNumber":94,"author":{"gitId":"owenyeo"},"content":"    /* ","lastModifiedDate":"2023-08-24"},{"lineNumber":95,"author":{"gitId":"owenyeo"},"content":"     * Adds the user input into a list, depending on the command.","lastModifiedDate":"2023-08-24"},{"lineNumber":96,"author":{"gitId":"owenyeo"},"content":"     * If description is wrong, throws an exception.","lastModifiedDate":"2023-08-24"},{"lineNumber":97,"author":{"gitId":"owenyeo"},"content":"     * ","lastModifiedDate":"2023-08-24"},{"lineNumber":98,"author":{"gitId":"owenyeo"},"content":"     * @param String message User input, parsed in readInput.","lastModifiedDate":"2023-08-24"},{"lineNumber":99,"author":{"gitId":"owenyeo"},"content":"     * @return void","lastModifiedDate":"2023-08-24"},{"lineNumber":100,"author":{"gitId":"owenyeo"},"content":"     */","lastModifiedDate":"2023-08-24"},{"lineNumber":101,"author":{"gitId":"owenyeo"},"content":"    public void addToList(String taskString, Command command) ","lastModifiedDate":"2023-08-24"},{"lineNumber":102,"author":{"gitId":"owenyeo"},"content":"        throws InvalidDescriptionException {","lastModifiedDate":"2023-08-24"},{"lineNumber":103,"author":{"gitId":"owenyeo"},"content":"        switch(command) {","lastModifiedDate":"2023-08-24"},{"lineNumber":104,"author":{"gitId":"owenyeo"},"content":"            case ADD_TODO:","lastModifiedDate":"2023-08-24"},{"lineNumber":105,"author":{"gitId":"owenyeo"},"content":"                if (taskString.equals(\" \")) {","lastModifiedDate":"2023-08-24"},{"lineNumber":106,"author":{"gitId":"owenyeo"},"content":"                    throw new InvalidDescriptionException(\"What? Where\u0027s your label? Stop this.\");","lastModifiedDate":"2023-08-24"},{"lineNumber":107,"author":{"gitId":"owenyeo"},"content":"                }","lastModifiedDate":"2023-08-24"},{"lineNumber":108,"author":{"gitId":"owenyeo"},"content":"                list.add(new ToDo(taskString));","lastModifiedDate":"2023-08-24"},{"lineNumber":109,"author":{"gitId":"owenyeo"},"content":"                break;","lastModifiedDate":"2023-08-24"},{"lineNumber":110,"author":{"gitId":"owenyeo"},"content":"","lastModifiedDate":"2023-08-24"},{"lineNumber":111,"author":{"gitId":"owenyeo"},"content":"            case ADD_DEADLINE:","lastModifiedDate":"2023-08-24"},{"lineNumber":112,"author":{"gitId":"owenyeo"},"content":"                try {","lastModifiedDate":"2023-08-24"},{"lineNumber":113,"author":{"gitId":"owenyeo"},"content":"                    String[] deadlineParts \u003d taskString.split(\"/by\");","lastModifiedDate":"2023-08-24"},{"lineNumber":114,"author":{"gitId":"owenyeo"},"content":"                    list.add(new Deadline(deadlineParts[0].trim(), deadlineParts[1].trim()));","lastModifiedDate":"2023-08-24"},{"lineNumber":115,"author":{"gitId":"owenyeo"},"content":"                } catch (IndexOutOfBoundsException e) {","lastModifiedDate":"2023-08-24"},{"lineNumber":116,"author":{"gitId":"owenyeo"},"content":"                    throw new InvalidDescriptionException(\"Are you stupid? Can you follow instructions?\");","lastModifiedDate":"2023-08-24"},{"lineNumber":117,"author":{"gitId":"owenyeo"},"content":"                }","lastModifiedDate":"2023-08-24"},{"lineNumber":118,"author":{"gitId":"owenyeo"},"content":"                break;","lastModifiedDate":"2023-08-24"},{"lineNumber":119,"author":{"gitId":"owenyeo"},"content":"","lastModifiedDate":"2023-08-24"},{"lineNumber":120,"author":{"gitId":"owenyeo"},"content":"            case ADD_EVENT:","lastModifiedDate":"2023-08-24"},{"lineNumber":121,"author":{"gitId":"owenyeo"},"content":"                try {","lastModifiedDate":"2023-08-24"},{"lineNumber":122,"author":{"gitId":"owenyeo"},"content":"                    String[] eventParts \u003d taskString.split(\"/from\");","lastModifiedDate":"2023-08-24"},{"lineNumber":123,"author":{"gitId":"owenyeo"},"content":"                    String eventLabel \u003d eventParts[0];","lastModifiedDate":"2023-08-24"},{"lineNumber":124,"author":{"gitId":"owenyeo"},"content":"                    String[] eventParts2 \u003d eventParts[1].split(\"/to\");","lastModifiedDate":"2023-08-24"},{"lineNumber":125,"author":{"gitId":"owenyeo"},"content":"                    list.add(new Event(eventLabel.trim(), eventParts2[0].trim(), eventParts2[1].trim()));","lastModifiedDate":"2023-08-24"},{"lineNumber":126,"author":{"gitId":"owenyeo"},"content":"                } catch (IndexOutOfBoundsException e) {","lastModifiedDate":"2023-08-24"},{"lineNumber":127,"author":{"gitId":"owenyeo"},"content":"                    throw new InvalidDescriptionException(\"Are you stupid? Can you follow instructions?\");","lastModifiedDate":"2023-08-24"},{"lineNumber":128,"author":{"gitId":"owenyeo"},"content":"                }","lastModifiedDate":"2023-08-24"},{"lineNumber":129,"author":{"gitId":"owenyeo"},"content":"                break;","lastModifiedDate":"2023-08-24"},{"lineNumber":130,"author":{"gitId":"owenyeo"},"content":"                ","lastModifiedDate":"2023-08-24"},{"lineNumber":131,"author":{"gitId":"owenyeo"},"content":"        }","lastModifiedDate":"2023-08-24"},{"lineNumber":132,"author":{"gitId":"owenyeo"},"content":"        System.out.println(BORDER);","lastModifiedDate":"2023-08-24"},{"lineNumber":133,"author":{"gitId":"owenyeo"},"content":"        System.out.println(\"What? You ain\u0027t finishing it. Added: \\n\");","lastModifiedDate":"2023-08-24"},{"lineNumber":134,"author":{"gitId":"owenyeo"},"content":"        System.out.println(list.get(list.size() - 1) + \"\\n\");","lastModifiedDate":"2023-08-24"},{"lineNumber":135,"author":{"gitId":"owenyeo"},"content":"        System.out.println(\"Now you have an overwhelming \" + list.size() + \" things to do.\\n\");","lastModifiedDate":"2023-08-24"},{"lineNumber":136,"author":{"gitId":"owenyeo"},"content":"        System.out.println(BORDER);","lastModifiedDate":"2023-08-24"},{"lineNumber":137,"author":{"gitId":"owenyeo"},"content":"    }","lastModifiedDate":"2023-08-24"},{"lineNumber":138,"author":{"gitId":"owenyeo"},"content":"","lastModifiedDate":"2023-08-24"},{"lineNumber":139,"author":{"gitId":"owenyeo"},"content":"    /*","lastModifiedDate":"2023-08-24"},{"lineNumber":140,"author":{"gitId":"owenyeo"},"content":"     * Prints the list that has been built so far.","lastModifiedDate":"2023-08-24"},{"lineNumber":141,"author":{"gitId":"owenyeo"},"content":"     * ","lastModifiedDate":"2023-08-24"},{"lineNumber":142,"author":{"gitId":"owenyeo"},"content":"     * @return void ","lastModifiedDate":"2023-08-24"},{"lineNumber":143,"author":{"gitId":"owenyeo"},"content":"     */","lastModifiedDate":"2023-08-24"},{"lineNumber":144,"author":{"gitId":"owenyeo"},"content":"    public void displayList() {","lastModifiedDate":"2023-08-24"},{"lineNumber":145,"author":{"gitId":"owenyeo"},"content":"","lastModifiedDate":"2023-08-24"},{"lineNumber":146,"author":{"gitId":"owenyeo"},"content":"        System.out.println(BORDER);","lastModifiedDate":"2023-08-24"},{"lineNumber":147,"author":{"gitId":"owenyeo"},"content":"        for (int i \u003d 0; i \u003c list.size(); i++) {","lastModifiedDate":"2023-08-24"},{"lineNumber":148,"author":{"gitId":"owenyeo"},"content":"            System.out.println((i+1) + \". \" + list.get(i));","lastModifiedDate":"2023-08-24"},{"lineNumber":149,"author":{"gitId":"owenyeo"},"content":"        }","lastModifiedDate":"2023-08-24"},{"lineNumber":150,"author":{"gitId":"owenyeo"},"content":"","lastModifiedDate":"2023-08-24"},{"lineNumber":151,"author":{"gitId":"owenyeo"},"content":"        System.out.println(BORDER);","lastModifiedDate":"2023-08-24"},{"lineNumber":152,"author":{"gitId":"owenyeo"},"content":"    }","lastModifiedDate":"2023-08-24"},{"lineNumber":153,"author":{"gitId":"owenyeo"},"content":"","lastModifiedDate":"2023-08-24"},{"lineNumber":154,"author":{"gitId":"owenyeo"},"content":"    /*","lastModifiedDate":"2023-08-24"},{"lineNumber":155,"author":{"gitId":"owenyeo"},"content":"     * To mark tasks as done.","lastModifiedDate":"2023-08-24"},{"lineNumber":156,"author":{"gitId":"owenyeo"},"content":"     * ","lastModifiedDate":"2023-08-24"},{"lineNumber":157,"author":{"gitId":"owenyeo"},"content":"     * @param int listNum the item on the list to mark.","lastModifiedDate":"2023-08-24"},{"lineNumber":158,"author":{"gitId":"owenyeo"},"content":"     * @return void","lastModifiedDate":"2023-08-24"},{"lineNumber":159,"author":{"gitId":"owenyeo"},"content":"     */","lastModifiedDate":"2023-08-24"},{"lineNumber":160,"author":{"gitId":"owenyeo"},"content":"    public void mark(int listNum) {","lastModifiedDate":"2023-08-24"},{"lineNumber":161,"author":{"gitId":"owenyeo"},"content":"        int index \u003d listNum - 1;","lastModifiedDate":"2023-08-24"},{"lineNumber":162,"author":{"gitId":"owenyeo"},"content":"","lastModifiedDate":"2023-08-24"},{"lineNumber":163,"author":{"gitId":"owenyeo"},"content":"        Task task \u003d list.get(index);","lastModifiedDate":"2023-08-24"},{"lineNumber":164,"author":{"gitId":"owenyeo"},"content":"        task.done();","lastModifiedDate":"2023-08-24"},{"lineNumber":165,"author":{"gitId":"owenyeo"},"content":"        System.out.println(BORDER);","lastModifiedDate":"2023-08-24"},{"lineNumber":166,"author":{"gitId":"owenyeo"},"content":"        System.out.println(\"Took you long enough. I\u0027ve marked this task as done:\");","lastModifiedDate":"2023-08-24"},{"lineNumber":167,"author":{"gitId":"owenyeo"},"content":"        System.out.println(task.toString());","lastModifiedDate":"2023-08-24"},{"lineNumber":168,"author":{"gitId":"owenyeo"},"content":"        System.out.println(BORDER);","lastModifiedDate":"2023-08-24"},{"lineNumber":169,"author":{"gitId":"owenyeo"},"content":"    }","lastModifiedDate":"2023-08-24"},{"lineNumber":170,"author":{"gitId":"owenyeo"},"content":"","lastModifiedDate":"2023-08-24"},{"lineNumber":171,"author":{"gitId":"owenyeo"},"content":"    /*","lastModifiedDate":"2023-08-24"},{"lineNumber":172,"author":{"gitId":"owenyeo"},"content":"     * To unmark a list item as undone.","lastModifiedDate":"2023-08-24"},{"lineNumber":173,"author":{"gitId":"owenyeo"},"content":"     * ","lastModifiedDate":"2023-08-24"},{"lineNumber":174,"author":{"gitId":"owenyeo"},"content":"     * @param int listNum item on the list to unmark.","lastModifiedDate":"2023-08-24"},{"lineNumber":175,"author":{"gitId":"owenyeo"},"content":"     * @return void","lastModifiedDate":"2023-08-24"},{"lineNumber":176,"author":{"gitId":"owenyeo"},"content":"     */","lastModifiedDate":"2023-08-24"},{"lineNumber":177,"author":{"gitId":"owenyeo"},"content":"    public void unmark(int listNum) {","lastModifiedDate":"2023-08-24"},{"lineNumber":178,"author":{"gitId":"owenyeo"},"content":"        int index \u003d listNum - 1;","lastModifiedDate":"2023-08-24"},{"lineNumber":179,"author":{"gitId":"owenyeo"},"content":"","lastModifiedDate":"2023-08-24"},{"lineNumber":180,"author":{"gitId":"owenyeo"},"content":"        Task task \u003d list.get(index);","lastModifiedDate":"2023-08-24"},{"lineNumber":181,"author":{"gitId":"owenyeo"},"content":"        task.undone();","lastModifiedDate":"2023-08-24"},{"lineNumber":182,"author":{"gitId":"owenyeo"},"content":"","lastModifiedDate":"2023-08-24"},{"lineNumber":183,"author":{"gitId":"owenyeo"},"content":"        System.out.println(BORDER);","lastModifiedDate":"2023-08-24"},{"lineNumber":184,"author":{"gitId":"owenyeo"},"content":"        System.out.println(\"You incompetent child. I\u0027ve unmarked the task. Please get it together.\");","lastModifiedDate":"2023-08-24"},{"lineNumber":185,"author":{"gitId":"owenyeo"},"content":"        System.out.println(task.toString());","lastModifiedDate":"2023-08-24"},{"lineNumber":186,"author":{"gitId":"owenyeo"},"content":"        System.out.println(BORDER);","lastModifiedDate":"2023-08-24"},{"lineNumber":187,"author":{"gitId":"owenyeo"},"content":"        ","lastModifiedDate":"2023-08-24"},{"lineNumber":188,"author":{"gitId":"owenyeo"},"content":"    }","lastModifiedDate":"2023-08-24"},{"lineNumber":189,"author":{"gitId":"owenyeo"},"content":"","lastModifiedDate":"2023-08-24"},{"lineNumber":190,"author":{"gitId":"owenyeo"},"content":"    /*","lastModifiedDate":"2023-08-24"},{"lineNumber":191,"author":{"gitId":"owenyeo"},"content":"     * Deletes the item off the list and prints it out with a message.","lastModifiedDate":"2023-08-24"},{"lineNumber":192,"author":{"gitId":"owenyeo"},"content":"     * ","lastModifiedDate":"2023-08-24"},{"lineNumber":193,"author":{"gitId":"owenyeo"},"content":"     * @return void","lastModifiedDate":"2023-08-24"},{"lineNumber":194,"author":{"gitId":"owenyeo"},"content":"     */","lastModifiedDate":"2023-08-24"},{"lineNumber":195,"author":{"gitId":"owenyeo"},"content":"    public void delete(int listNum) {","lastModifiedDate":"2023-08-24"},{"lineNumber":196,"author":{"gitId":"owenyeo"},"content":"        int index \u003d listNum - 1;","lastModifiedDate":"2023-08-24"},{"lineNumber":197,"author":{"gitId":"owenyeo"},"content":"","lastModifiedDate":"2023-08-24"},{"lineNumber":198,"author":{"gitId":"owenyeo"},"content":"        Task task \u003d list.get(index);","lastModifiedDate":"2023-08-24"},{"lineNumber":199,"author":{"gitId":"owenyeo"},"content":"","lastModifiedDate":"2023-08-24"},{"lineNumber":200,"author":{"gitId":"owenyeo"},"content":"        System.out.println(BORDER);","lastModifiedDate":"2023-08-24"},{"lineNumber":201,"author":{"gitId":"owenyeo"},"content":"        System.out.println(\"I knew you couldn\u0027t finish it. Or maybe you did. I don\u0027t care. Deleted:\\n\");","lastModifiedDate":"2023-08-24"},{"lineNumber":202,"author":{"gitId":"owenyeo"},"content":"        System.out.println(task.toString());","lastModifiedDate":"2023-08-24"},{"lineNumber":203,"author":{"gitId":"owenyeo"},"content":"        System.out.println(\"Now you have an overwhelming \" + (list.size() - 1) + \" things to do.\\n\");","lastModifiedDate":"2023-08-24"},{"lineNumber":204,"author":{"gitId":"owenyeo"},"content":"","lastModifiedDate":"2023-08-24"},{"lineNumber":205,"author":{"gitId":"owenyeo"},"content":"        System.out.println(BORDER);","lastModifiedDate":"2023-08-24"},{"lineNumber":206,"author":{"gitId":"owenyeo"},"content":"","lastModifiedDate":"2023-08-24"},{"lineNumber":207,"author":{"gitId":"owenyeo"},"content":"        list.remove(index);","lastModifiedDate":"2023-08-24"},{"lineNumber":208,"author":{"gitId":"owenyeo"},"content":"    }","lastModifiedDate":"2023-08-24"},{"lineNumber":209,"author":{"gitId":"owenyeo"},"content":"","lastModifiedDate":"2023-08-24"},{"lineNumber":210,"author":{"gitId":"owenyeo"},"content":"    /* ","lastModifiedDate":"2023-08-24"},{"lineNumber":211,"author":{"gitId":"owenyeo"},"content":"     * Reads the input of the user, and executes the commands accordingly.","lastModifiedDate":"2023-08-24"},{"lineNumber":212,"author":{"gitId":"owenyeo"},"content":"     * If a command is unknown, throws an exception.","lastModifiedDate":"2023-08-24"},{"lineNumber":213,"author":{"gitId":"owenyeo"},"content":"     * ","lastModifiedDate":"2023-08-24"},{"lineNumber":214,"author":{"gitId":"owenyeo"},"content":"     * @param String message User input.","lastModifiedDate":"2023-08-24"},{"lineNumber":215,"author":{"gitId":"owenyeo"},"content":"     * @return void","lastModifiedDate":"2023-08-24"},{"lineNumber":216,"author":{"gitId":"owenyeo"},"content":"     */","lastModifiedDate":"2023-08-24"},{"lineNumber":217,"author":{"gitId":"owenyeo"},"content":"    public void readInput(String input) throws ","lastModifiedDate":"2023-08-24"},{"lineNumber":218,"author":{"gitId":"owenyeo"},"content":"        InvalidDescriptionException, InvalidCommandException, InvalidIndexException {","lastModifiedDate":"2023-08-24"},{"lineNumber":219,"author":{"gitId":"owenyeo"},"content":"        //Split the input so that we can read integers.","lastModifiedDate":"2023-08-24"},{"lineNumber":220,"author":{"gitId":"owenyeo"},"content":"        String[] inputStrings \u003d input.split(\" \", 2);","lastModifiedDate":"2023-08-24"},{"lineNumber":221,"author":{"gitId":"owenyeo"},"content":"        Command command \u003d Command.parseInput(inputStrings[0]);","lastModifiedDate":"2023-08-24"},{"lineNumber":222,"author":{"gitId":"owenyeo"},"content":"        if (command \u003d\u003d null) {","lastModifiedDate":"2023-08-24"},{"lineNumber":223,"author":{"gitId":"owenyeo"},"content":"            throw new InvalidCommandException(\"What are you saying? Try again.\");","lastModifiedDate":"2023-08-24"},{"lineNumber":224,"author":{"gitId":"owenyeo"},"content":"        }","lastModifiedDate":"2023-08-24"},{"lineNumber":225,"author":{"gitId":"owenyeo"},"content":"","lastModifiedDate":"2023-08-24"},{"lineNumber":226,"author":{"gitId":"owenyeo"},"content":"        switch(command) {","lastModifiedDate":"2023-08-24"},{"lineNumber":227,"author":{"gitId":"owenyeo"},"content":"            case BYE:","lastModifiedDate":"2023-08-24"},{"lineNumber":228,"author":{"gitId":"owenyeo"},"content":"                this.exitChat();","lastModifiedDate":"2023-08-24"},{"lineNumber":229,"author":{"gitId":"owenyeo"},"content":"                break;","lastModifiedDate":"2023-08-24"},{"lineNumber":230,"author":{"gitId":"owenyeo"},"content":"","lastModifiedDate":"2023-08-24"},{"lineNumber":231,"author":{"gitId":"owenyeo"},"content":"            case DISPLAY_LIST:","lastModifiedDate":"2023-08-24"},{"lineNumber":232,"author":{"gitId":"owenyeo"},"content":"                this.displayList();","lastModifiedDate":"2023-08-24"},{"lineNumber":233,"author":{"gitId":"owenyeo"},"content":"                break;","lastModifiedDate":"2023-08-24"},{"lineNumber":234,"author":{"gitId":"owenyeo"},"content":"","lastModifiedDate":"2023-08-24"},{"lineNumber":235,"author":{"gitId":"owenyeo"},"content":"            case MARK:","lastModifiedDate":"2023-08-24"},{"lineNumber":236,"author":{"gitId":"owenyeo"},"content":"                try {","lastModifiedDate":"2023-08-24"},{"lineNumber":237,"author":{"gitId":"owenyeo"},"content":"                    mark(Integer.parseInt(inputStrings[1]));","lastModifiedDate":"2023-08-24"},{"lineNumber":238,"author":{"gitId":"owenyeo"},"content":"                } catch (NumberFormatException e) {","lastModifiedDate":"2023-08-24"},{"lineNumber":239,"author":{"gitId":"owenyeo"},"content":"                    throw new InvalidIndexException(\"Are you stupid? That\u0027s not a number.\");","lastModifiedDate":"2023-08-24"},{"lineNumber":240,"author":{"gitId":"owenyeo"},"content":"                }","lastModifiedDate":"2023-08-24"},{"lineNumber":241,"author":{"gitId":"owenyeo"},"content":"                break;","lastModifiedDate":"2023-08-24"},{"lineNumber":242,"author":{"gitId":"owenyeo"},"content":"            case UNMARK:","lastModifiedDate":"2023-08-24"},{"lineNumber":243,"author":{"gitId":"owenyeo"},"content":"                try {","lastModifiedDate":"2023-08-24"},{"lineNumber":244,"author":{"gitId":"owenyeo"},"content":"                    unmark(Integer.parseInt(inputStrings[1]));","lastModifiedDate":"2023-08-24"},{"lineNumber":245,"author":{"gitId":"owenyeo"},"content":"                } catch (NumberFormatException e) {","lastModifiedDate":"2023-08-24"},{"lineNumber":246,"author":{"gitId":"owenyeo"},"content":"                    throw new InvalidIndexException(\"Are you stupid? That\u0027s not a number.\");","lastModifiedDate":"2023-08-24"},{"lineNumber":247,"author":{"gitId":"owenyeo"},"content":"                }","lastModifiedDate":"2023-08-24"},{"lineNumber":248,"author":{"gitId":"owenyeo"},"content":"                break;","lastModifiedDate":"2023-08-24"},{"lineNumber":249,"author":{"gitId":"owenyeo"},"content":"","lastModifiedDate":"2023-08-24"},{"lineNumber":250,"author":{"gitId":"owenyeo"},"content":"            case ADD_TODO:","lastModifiedDate":"2023-08-24"},{"lineNumber":251,"author":{"gitId":"owenyeo"},"content":"                addToList(inputStrings[1], command);","lastModifiedDate":"2023-08-24"},{"lineNumber":252,"author":{"gitId":"owenyeo"},"content":"                break;","lastModifiedDate":"2023-08-24"},{"lineNumber":253,"author":{"gitId":"owenyeo"},"content":"","lastModifiedDate":"2023-08-24"},{"lineNumber":254,"author":{"gitId":"owenyeo"},"content":"            case ADD_DEADLINE:","lastModifiedDate":"2023-08-24"},{"lineNumber":255,"author":{"gitId":"owenyeo"},"content":"                addToList(inputStrings[1], command);","lastModifiedDate":"2023-08-24"},{"lineNumber":256,"author":{"gitId":"owenyeo"},"content":"                break;","lastModifiedDate":"2023-08-24"},{"lineNumber":257,"author":{"gitId":"owenyeo"},"content":"            ","lastModifiedDate":"2023-08-24"},{"lineNumber":258,"author":{"gitId":"owenyeo"},"content":"            case ADD_EVENT:","lastModifiedDate":"2023-08-24"},{"lineNumber":259,"author":{"gitId":"owenyeo"},"content":"                addToList(inputStrings[1], command);","lastModifiedDate":"2023-08-24"},{"lineNumber":260,"author":{"gitId":"owenyeo"},"content":"                break;","lastModifiedDate":"2023-08-24"},{"lineNumber":261,"author":{"gitId":"owenyeo"},"content":"","lastModifiedDate":"2023-08-24"},{"lineNumber":262,"author":{"gitId":"owenyeo"},"content":"            case DELETE:","lastModifiedDate":"2023-08-24"},{"lineNumber":263,"author":{"gitId":"owenyeo"},"content":"                try {","lastModifiedDate":"2023-08-24"},{"lineNumber":264,"author":{"gitId":"owenyeo"},"content":"                    delete(Integer.parseInt(inputStrings[1]));","lastModifiedDate":"2023-08-24"},{"lineNumber":265,"author":{"gitId":"owenyeo"},"content":"                } catch (NumberFormatException e) {","lastModifiedDate":"2023-08-24"},{"lineNumber":266,"author":{"gitId":"owenyeo"},"content":"                    throw new InvalidIndexException(\"Are you stupid? That\u0027s not a number.\");","lastModifiedDate":"2023-08-24"},{"lineNumber":267,"author":{"gitId":"owenyeo"},"content":"                } ","lastModifiedDate":"2023-08-24"},{"lineNumber":268,"author":{"gitId":"owenyeo"},"content":"                break;","lastModifiedDate":"2023-08-24"},{"lineNumber":269,"author":{"gitId":"owenyeo"},"content":"","lastModifiedDate":"2023-08-24"},{"lineNumber":270,"author":{"gitId":"owenyeo"},"content":"            default:","lastModifiedDate":"2023-08-24"},{"lineNumber":271,"author":{"gitId":"owenyeo"},"content":"                throw new InvalidCommandException(\"Don\u0027t be stupid, speak english.\");","lastModifiedDate":"2023-08-24"},{"lineNumber":272,"author":{"gitId":"owenyeo"},"content":"        }","lastModifiedDate":"2023-08-24"},{"lineNumber":273,"author":{"gitId":"owenyeo"},"content":"    }","lastModifiedDate":"2023-08-24"},{"lineNumber":274,"author":{"gitId":"owenyeo"},"content":"","lastModifiedDate":"2023-08-24"},{"lineNumber":275,"author":{"gitId":"owenyeo"},"content":"    public static void main(String[] args) {","lastModifiedDate":"2023-08-23"},{"lineNumber":276,"author":{"gitId":"owenyeo"},"content":"","lastModifiedDate":"2023-08-24"},{"lineNumber":277,"author":{"gitId":"owenyeo"},"content":"        //Test chatbot named \"Bobby Wasabi\".","lastModifiedDate":"2023-08-24"},{"lineNumber":278,"author":{"gitId":"owenyeo"},"content":"        ChatBot chatbot \u003d new ChatBot(\"Bobby Wasabi\");","lastModifiedDate":"2023-08-23"},{"lineNumber":279,"author":{"gitId":"owenyeo"},"content":"        chatbot.intro();","lastModifiedDate":"2023-08-23"},{"lineNumber":280,"author":{"gitId":"owenyeo"},"content":"","lastModifiedDate":"2023-08-24"},{"lineNumber":281,"author":{"gitId":"owenyeo"},"content":"        //While chat has not ended, keep reading input.","lastModifiedDate":"2023-08-24"},{"lineNumber":282,"author":{"gitId":"owenyeo"},"content":"        while(!chatbot.isEnded()) {","lastModifiedDate":"2023-08-24"},{"lineNumber":283,"author":{"gitId":"owenyeo"},"content":"            String input \u003d sc.nextLine();","lastModifiedDate":"2023-08-24"},{"lineNumber":284,"author":{"gitId":"owenyeo"},"content":"            chatbot.readInput(input);","lastModifiedDate":"2023-08-24"},{"lineNumber":285,"author":{"gitId":"owenyeo"},"content":"        }","lastModifiedDate":"2023-08-24"},{"lineNumber":286,"author":{"gitId":"owenyeo"},"content":"    }","lastModifiedDate":"2023-08-23"},{"lineNumber":287,"author":{"gitId":"owenyeo"},"content":"}","lastModifiedDate":"2023-08-23"}],"authorContributionMap":{"owenyeo":287}},{"path":"src/main/java/ChatBotException.java","fileType":"java","lines":[{"lineNumber":1,"author":{"gitId":"owenyeo"},"content":"/*","lastModifiedDate":"2023-08-24"},{"lineNumber":2,"author":{"gitId":"owenyeo"},"content":" * Class representing exceptions thrown by the chatbot.","lastModifiedDate":"2023-08-24"},{"lineNumber":3,"author":{"gitId":"owenyeo"},"content":" * ","lastModifiedDate":"2023-08-24"},{"lineNumber":4,"author":{"gitId":"owenyeo"},"content":" * @author Owen Yeo","lastModifiedDate":"2023-08-24"},{"lineNumber":5,"author":{"gitId":"owenyeo"},"content":" */","lastModifiedDate":"2023-08-24"},{"lineNumber":6,"author":{"gitId":"owenyeo"},"content":"public class ChatBotException extends RuntimeException {","lastModifiedDate":"2023-08-24"},{"lineNumber":7,"author":{"gitId":"owenyeo"},"content":"","lastModifiedDate":"2023-08-24"},{"lineNumber":8,"author":{"gitId":"owenyeo"},"content":"    public ChatBotException(String e) {","lastModifiedDate":"2023-08-24"},{"lineNumber":9,"author":{"gitId":"owenyeo"},"content":"        super(e);","lastModifiedDate":"2023-08-24"},{"lineNumber":10,"author":{"gitId":"owenyeo"},"content":"    }","lastModifiedDate":"2023-08-24"},{"lineNumber":11,"author":{"gitId":"owenyeo"},"content":"    ","lastModifiedDate":"2023-08-24"},{"lineNumber":12,"author":{"gitId":"owenyeo"},"content":"}","lastModifiedDate":"2023-08-24"}],"authorContributionMap":{"owenyeo":12}},{"path":"src/main/java/Deadline.java","fileType":"java","lines":[{"lineNumber":1,"author":{"gitId":"owenyeo"},"content":"/*","lastModifiedDate":"2023-08-24"},{"lineNumber":2,"author":{"gitId":"owenyeo"},"content":" * Deadline class that inherits from Task.","lastModifiedDate":"2023-08-24"},{"lineNumber":3,"author":{"gitId":"owenyeo"},"content":" * ","lastModifiedDate":"2023-08-24"},{"lineNumber":4,"author":{"gitId":"owenyeo"},"content":" * @var deadline Representing deadline.","lastModifiedDate":"2023-08-24"},{"lineNumber":5,"author":{"gitId":"owenyeo"},"content":" * ","lastModifiedDate":"2023-08-24"},{"lineNumber":6,"author":{"gitId":"owenyeo"},"content":" * @author Owen Yeo","lastModifiedDate":"2023-08-24"},{"lineNumber":7,"author":{"gitId":"owenyeo"},"content":" */","lastModifiedDate":"2023-08-24"},{"lineNumber":8,"author":{"gitId":"owenyeo"},"content":"public class Deadline extends Task{","lastModifiedDate":"2023-08-24"},{"lineNumber":9,"author":{"gitId":"owenyeo"},"content":"","lastModifiedDate":"2023-08-24"},{"lineNumber":10,"author":{"gitId":"owenyeo"},"content":"    private String deadline;","lastModifiedDate":"2023-08-24"},{"lineNumber":11,"author":{"gitId":"owenyeo"},"content":"","lastModifiedDate":"2023-08-24"},{"lineNumber":12,"author":{"gitId":"owenyeo"},"content":"    Deadline(String label, String deadline) {","lastModifiedDate":"2023-08-24"},{"lineNumber":13,"author":{"gitId":"owenyeo"},"content":"        super(label);","lastModifiedDate":"2023-08-24"},{"lineNumber":14,"author":{"gitId":"owenyeo"},"content":"        this.deadline \u003d deadline;","lastModifiedDate":"2023-08-24"},{"lineNumber":15,"author":{"gitId":"owenyeo"},"content":"    }","lastModifiedDate":"2023-08-24"},{"lineNumber":16,"author":{"gitId":"owenyeo"},"content":"","lastModifiedDate":"2023-08-24"},{"lineNumber":17,"author":{"gitId":"owenyeo"},"content":"    @Override","lastModifiedDate":"2023-08-24"},{"lineNumber":18,"author":{"gitId":"owenyeo"},"content":"    public String toString() {","lastModifiedDate":"2023-08-24"},{"lineNumber":19,"author":{"gitId":"owenyeo"},"content":"        return \"[D]\" + super.toString() + \" (by: \" + deadline + \")\";","lastModifiedDate":"2023-08-24"},{"lineNumber":20,"author":{"gitId":"owenyeo"},"content":"    }","lastModifiedDate":"2023-08-24"},{"lineNumber":21,"author":{"gitId":"owenyeo"},"content":"    ","lastModifiedDate":"2023-08-24"},{"lineNumber":22,"author":{"gitId":"owenyeo"},"content":"}","lastModifiedDate":"2023-08-24"}],"authorContributionMap":{"owenyeo":22}},{"path":"src/main/java/Event.java","fileType":"java","lines":[{"lineNumber":1,"author":{"gitId":"owenyeo"},"content":"/*","lastModifiedDate":"2023-08-24"},{"lineNumber":2,"author":{"gitId":"owenyeo"},"content":" * Event class that inherits from Task.","lastModifiedDate":"2023-08-24"},{"lineNumber":3,"author":{"gitId":"owenyeo"},"content":" * ","lastModifiedDate":"2023-08-24"},{"lineNumber":4,"author":{"gitId":"owenyeo"},"content":" * @var from Representing start time","lastModifiedDate":"2023-08-24"},{"lineNumber":5,"author":{"gitId":"owenyeo"},"content":" * @var to Representing end time","lastModifiedDate":"2023-08-24"},{"lineNumber":6,"author":{"gitId":"owenyeo"},"content":" * ","lastModifiedDate":"2023-08-24"},{"lineNumber":7,"author":{"gitId":"owenyeo"},"content":" * @author Owen Yeo","lastModifiedDate":"2023-08-24"},{"lineNumber":8,"author":{"gitId":"owenyeo"},"content":" */","lastModifiedDate":"2023-08-24"},{"lineNumber":9,"author":{"gitId":"owenyeo"},"content":"public class Event extends Task{","lastModifiedDate":"2023-08-24"},{"lineNumber":10,"author":{"gitId":"owenyeo"},"content":"    private String from;","lastModifiedDate":"2023-08-24"},{"lineNumber":11,"author":{"gitId":"owenyeo"},"content":"    private String to;","lastModifiedDate":"2023-08-24"},{"lineNumber":12,"author":{"gitId":"owenyeo"},"content":"","lastModifiedDate":"2023-08-24"},{"lineNumber":13,"author":{"gitId":"owenyeo"},"content":"    Event(String label, String from, String to) {","lastModifiedDate":"2023-08-24"},{"lineNumber":14,"author":{"gitId":"owenyeo"},"content":"        super(label);","lastModifiedDate":"2023-08-24"},{"lineNumber":15,"author":{"gitId":"owenyeo"},"content":"        this.from \u003d from;","lastModifiedDate":"2023-08-24"},{"lineNumber":16,"author":{"gitId":"owenyeo"},"content":"        this.to \u003d to;","lastModifiedDate":"2023-08-24"},{"lineNumber":17,"author":{"gitId":"owenyeo"},"content":"    }","lastModifiedDate":"2023-08-24"},{"lineNumber":18,"author":{"gitId":"owenyeo"},"content":"","lastModifiedDate":"2023-08-24"},{"lineNumber":19,"author":{"gitId":"owenyeo"},"content":"    @Override","lastModifiedDate":"2023-08-24"},{"lineNumber":20,"author":{"gitId":"owenyeo"},"content":"    public String toString() {","lastModifiedDate":"2023-08-24"},{"lineNumber":21,"author":{"gitId":"owenyeo"},"content":"        return \"[E]\" + super.toString() + \"(from: \" + from + \" to: \" + to + \")\";","lastModifiedDate":"2023-08-24"},{"lineNumber":22,"author":{"gitId":"owenyeo"},"content":"    }","lastModifiedDate":"2023-08-24"},{"lineNumber":23,"author":{"gitId":"owenyeo"},"content":"}","lastModifiedDate":"2023-08-24"}],"authorContributionMap":{"owenyeo":23}},{"path":"src/main/java/InvalidCommandException.java","fileType":"java","lines":[{"lineNumber":1,"author":{"gitId":"owenyeo"},"content":"/*","lastModifiedDate":"2023-08-24"},{"lineNumber":2,"author":{"gitId":"owenyeo"},"content":" * Exception that is thrown when an invalid command is keyed into the chatbot.","lastModifiedDate":"2023-08-24"},{"lineNumber":3,"author":{"gitId":"owenyeo"},"content":" * ","lastModifiedDate":"2023-08-24"},{"lineNumber":4,"author":{"gitId":"owenyeo"},"content":" * @author Owen Yeo","lastModifiedDate":"2023-08-24"},{"lineNumber":5,"author":{"gitId":"owenyeo"},"content":" */","lastModifiedDate":"2023-08-24"},{"lineNumber":6,"author":{"gitId":"owenyeo"},"content":"public class InvalidCommandException extends ChatBotException{","lastModifiedDate":"2023-08-24"},{"lineNumber":7,"author":{"gitId":"owenyeo"},"content":"","lastModifiedDate":"2023-08-24"},{"lineNumber":8,"author":{"gitId":"owenyeo"},"content":"    public InvalidCommandException(String e) {","lastModifiedDate":"2023-08-24"},{"lineNumber":9,"author":{"gitId":"owenyeo"},"content":"        super(e);","lastModifiedDate":"2023-08-24"},{"lineNumber":10,"author":{"gitId":"owenyeo"},"content":"    }","lastModifiedDate":"2023-08-24"},{"lineNumber":11,"author":{"gitId":"owenyeo"},"content":"    ","lastModifiedDate":"2023-08-24"},{"lineNumber":12,"author":{"gitId":"owenyeo"},"content":"}","lastModifiedDate":"2023-08-24"}],"authorContributionMap":{"owenyeo":12}},{"path":"src/main/java/InvalidDescriptionException.java","fileType":"java","lines":[{"lineNumber":1,"author":{"gitId":"owenyeo"},"content":"/*","lastModifiedDate":"2023-08-24"},{"lineNumber":2,"author":{"gitId":"owenyeo"},"content":" * Exception that is thrown when a command is correct but the description","lastModifiedDate":"2023-08-24"},{"lineNumber":3,"author":{"gitId":"owenyeo"},"content":" * is wrong.","lastModifiedDate":"2023-08-24"},{"lineNumber":4,"author":{"gitId":"owenyeo"},"content":" * ","lastModifiedDate":"2023-08-24"},{"lineNumber":5,"author":{"gitId":"owenyeo"},"content":" * @author Owen Yeo","lastModifiedDate":"2023-08-24"},{"lineNumber":6,"author":{"gitId":"owenyeo"},"content":" */","lastModifiedDate":"2023-08-24"},{"lineNumber":7,"author":{"gitId":"owenyeo"},"content":"public class InvalidDescriptionException extends ChatBotException {","lastModifiedDate":"2023-08-24"},{"lineNumber":8,"author":{"gitId":"owenyeo"},"content":"","lastModifiedDate":"2023-08-24"},{"lineNumber":9,"author":{"gitId":"owenyeo"},"content":"    public InvalidDescriptionException(String e) {","lastModifiedDate":"2023-08-24"},{"lineNumber":10,"author":{"gitId":"owenyeo"},"content":"        super(e);","lastModifiedDate":"2023-08-24"},{"lineNumber":11,"author":{"gitId":"owenyeo"},"content":"    }","lastModifiedDate":"2023-08-24"},{"lineNumber":12,"author":{"gitId":"owenyeo"},"content":"","lastModifiedDate":"2023-08-24"},{"lineNumber":13,"author":{"gitId":"owenyeo"},"content":"}","lastModifiedDate":"2023-08-24"}],"authorContributionMap":{"owenyeo":13}},{"path":"src/main/java/InvalidIndexException.java","fileType":"java","lines":[{"lineNumber":1,"author":{"gitId":"owenyeo"},"content":"public class InvalidIndexException extends ChatBotException {","lastModifiedDate":"2023-08-24"},{"lineNumber":2,"author":{"gitId":"owenyeo"},"content":"","lastModifiedDate":"2023-08-24"},{"lineNumber":3,"author":{"gitId":"owenyeo"},"content":"    public InvalidIndexException(String e) {","lastModifiedDate":"2023-08-24"},{"lineNumber":4,"author":{"gitId":"owenyeo"},"content":"        super(e);","lastModifiedDate":"2023-08-24"},{"lineNumber":5,"author":{"gitId":"owenyeo"},"content":"    }","lastModifiedDate":"2023-08-24"},{"lineNumber":6,"author":{"gitId":"owenyeo"},"content":"    ","lastModifiedDate":"2023-08-24"},{"lineNumber":7,"author":{"gitId":"owenyeo"},"content":"}","lastModifiedDate":"2023-08-24"}],"authorContributionMap":{"owenyeo":7}},{"path":"src/main/java/Task.java","fileType":"java","lines":[{"lineNumber":1,"author":{"gitId":"owenyeo"},"content":"/*","lastModifiedDate":"2023-08-24"},{"lineNumber":2,"author":{"gitId":"owenyeo"},"content":"     * Abstract class representing a Task.","lastModifiedDate":"2023-08-24"},{"lineNumber":3,"author":{"gitId":"owenyeo"},"content":"     */","lastModifiedDate":"2023-08-24"},{"lineNumber":4,"author":{"gitId":"owenyeo"},"content":"   public abstract class Task {","lastModifiedDate":"2023-08-24"},{"lineNumber":5,"author":{"gitId":"owenyeo"},"content":"        private String label;","lastModifiedDate":"2023-08-24"},{"lineNumber":6,"author":{"gitId":"owenyeo"},"content":"        private boolean isDone;","lastModifiedDate":"2023-08-24"},{"lineNumber":7,"author":{"gitId":"owenyeo"},"content":"","lastModifiedDate":"2023-08-24"},{"lineNumber":8,"author":{"gitId":"owenyeo"},"content":"        /*","lastModifiedDate":"2023-08-24"},{"lineNumber":9,"author":{"gitId":"owenyeo"},"content":"         * Constructor that takes in a label","lastModifiedDate":"2023-08-24"},{"lineNumber":10,"author":{"gitId":"owenyeo"},"content":"         * @param String label label for the task.","lastModifiedDate":"2023-08-24"},{"lineNumber":11,"author":{"gitId":"owenyeo"},"content":"         */","lastModifiedDate":"2023-08-24"},{"lineNumber":12,"author":{"gitId":"owenyeo"},"content":"        Task(String label) {","lastModifiedDate":"2023-08-24"},{"lineNumber":13,"author":{"gitId":"owenyeo"},"content":"            this.label \u003d label;","lastModifiedDate":"2023-08-24"},{"lineNumber":14,"author":{"gitId":"owenyeo"},"content":"            this.isDone \u003d false;","lastModifiedDate":"2023-08-24"},{"lineNumber":15,"author":{"gitId":"owenyeo"},"content":"        }","lastModifiedDate":"2023-08-24"},{"lineNumber":16,"author":{"gitId":"owenyeo"},"content":"","lastModifiedDate":"2023-08-24"},{"lineNumber":17,"author":{"gitId":"owenyeo"},"content":"        /*","lastModifiedDate":"2023-08-24"},{"lineNumber":18,"author":{"gitId":"owenyeo"},"content":"         * Marks task as isDone","lastModifiedDate":"2023-08-24"},{"lineNumber":19,"author":{"gitId":"owenyeo"},"content":"         * ","lastModifiedDate":"2023-08-24"},{"lineNumber":20,"author":{"gitId":"owenyeo"},"content":"         * @return void","lastModifiedDate":"2023-08-24"},{"lineNumber":21,"author":{"gitId":"owenyeo"},"content":"         */","lastModifiedDate":"2023-08-24"},{"lineNumber":22,"author":{"gitId":"owenyeo"},"content":"        public void done() {","lastModifiedDate":"2023-08-24"},{"lineNumber":23,"author":{"gitId":"owenyeo"},"content":"            isDone \u003d true;","lastModifiedDate":"2023-08-24"},{"lineNumber":24,"author":{"gitId":"owenyeo"},"content":"        }","lastModifiedDate":"2023-08-24"},{"lineNumber":25,"author":{"gitId":"owenyeo"},"content":"","lastModifiedDate":"2023-08-24"},{"lineNumber":26,"author":{"gitId":"owenyeo"},"content":"        /*","lastModifiedDate":"2023-08-24"},{"lineNumber":27,"author":{"gitId":"owenyeo"},"content":"         * Marks task as undone","lastModifiedDate":"2023-08-24"},{"lineNumber":28,"author":{"gitId":"owenyeo"},"content":"         * ","lastModifiedDate":"2023-08-24"},{"lineNumber":29,"author":{"gitId":"owenyeo"},"content":"         * @return void","lastModifiedDate":"2023-08-24"},{"lineNumber":30,"author":{"gitId":"owenyeo"},"content":"         */","lastModifiedDate":"2023-08-24"},{"lineNumber":31,"author":{"gitId":"owenyeo"},"content":"        public void undone() {","lastModifiedDate":"2023-08-24"},{"lineNumber":32,"author":{"gitId":"owenyeo"},"content":"            isDone \u003d false;","lastModifiedDate":"2023-08-24"},{"lineNumber":33,"author":{"gitId":"owenyeo"},"content":"        }","lastModifiedDate":"2023-08-24"},{"lineNumber":34,"author":{"gitId":"owenyeo"},"content":"","lastModifiedDate":"2023-08-24"},{"lineNumber":35,"author":{"gitId":"owenyeo"},"content":"        /*","lastModifiedDate":"2023-08-24"},{"lineNumber":36,"author":{"gitId":"owenyeo"},"content":"         * String representation of task. Shows whether it is isDone or not.","lastModifiedDate":"2023-08-24"},{"lineNumber":37,"author":{"gitId":"owenyeo"},"content":"         * ","lastModifiedDate":"2023-08-24"},{"lineNumber":38,"author":{"gitId":"owenyeo"},"content":"         * @return String String representation of task.","lastModifiedDate":"2023-08-24"},{"lineNumber":39,"author":{"gitId":"owenyeo"},"content":"         */","lastModifiedDate":"2023-08-24"},{"lineNumber":40,"author":{"gitId":"owenyeo"},"content":"        @Override","lastModifiedDate":"2023-08-24"},{"lineNumber":41,"author":{"gitId":"owenyeo"},"content":"        public String toString() {","lastModifiedDate":"2023-08-24"},{"lineNumber":42,"author":{"gitId":"owenyeo"},"content":"            if (isDone) {","lastModifiedDate":"2023-08-24"},{"lineNumber":43,"author":{"gitId":"owenyeo"},"content":"                return \"[X] \" + label;","lastModifiedDate":"2023-08-24"},{"lineNumber":44,"author":{"gitId":"owenyeo"},"content":"            }","lastModifiedDate":"2023-08-24"},{"lineNumber":45,"author":{"gitId":"owenyeo"},"content":"            return \"[ ] \" + label;","lastModifiedDate":"2023-08-24"},{"lineNumber":46,"author":{"gitId":"owenyeo"},"content":"        }","lastModifiedDate":"2023-08-24"},{"lineNumber":47,"author":{"gitId":"owenyeo"},"content":"    }","lastModifiedDate":"2023-08-24"}],"authorContributionMap":{"owenyeo":47}},{"path":"src/main/java/ToDo.java","fileType":"java","lines":[{"lineNumber":1,"author":{"gitId":"owenyeo"},"content":"/*","lastModifiedDate":"2023-08-24"},{"lineNumber":2,"author":{"gitId":"owenyeo"},"content":" * Todo class that inherits from Task.","lastModifiedDate":"2023-08-24"},{"lineNumber":3,"author":{"gitId":"owenyeo"},"content":" * ","lastModifiedDate":"2023-08-24"},{"lineNumber":4,"author":{"gitId":"owenyeo"},"content":" * ","lastModifiedDate":"2023-08-24"},{"lineNumber":5,"author":{"gitId":"owenyeo"},"content":" * @author Owen Yeo","lastModifiedDate":"2023-08-24"},{"lineNumber":6,"author":{"gitId":"owenyeo"},"content":" */","lastModifiedDate":"2023-08-24"},{"lineNumber":7,"author":{"gitId":"owenyeo"},"content":"public class ToDo extends Task {","lastModifiedDate":"2023-08-24"},{"lineNumber":8,"author":{"gitId":"owenyeo"},"content":"    ","lastModifiedDate":"2023-08-24"},{"lineNumber":9,"author":{"gitId":"owenyeo"},"content":"    ToDo(String label) {","lastModifiedDate":"2023-08-24"},{"lineNumber":10,"author":{"gitId":"owenyeo"},"content":"        super(label);","lastModifiedDate":"2023-08-24"},{"lineNumber":11,"author":{"gitId":"owenyeo"},"content":"    }","lastModifiedDate":"2023-08-24"},{"lineNumber":12,"author":{"gitId":"owenyeo"},"content":"","lastModifiedDate":"2023-08-24"},{"lineNumber":13,"author":{"gitId":"owenyeo"},"content":"    @Override","lastModifiedDate":"2023-08-24"},{"lineNumber":14,"author":{"gitId":"owenyeo"},"content":"    public String toString() {","lastModifiedDate":"2023-08-24"},{"lineNumber":15,"author":{"gitId":"owenyeo"},"content":"        return \"[T]\" + super.toString();","lastModifiedDate":"2023-08-24"},{"lineNumber":16,"author":{"gitId":"owenyeo"},"content":"    }","lastModifiedDate":"2023-08-24"},{"lineNumber":17,"author":{"gitId":"owenyeo"},"content":"}","lastModifiedDate":"2023-08-24"}],"authorContributionMap":{"owenyeo":17}}]
