{"authorDailyContributionsMap":{"nixonwidjaja":[{"date":"2023-08-19","commitResults":[{"hash":"2401621fc74ca2115f1b0e915778d736a49ff6a9","isMergeCommit":false,"messageTitle":"Rename, add greet and exit","messageBody":"","tags":["Level-0"],"fileTypesAndContributionMap":{"java":{"insertions":17,"deletions":10}}},{"hash":"2033d7c691219dfbabcde88a2d22af03c03d9673","isMergeCommit":false,"messageTitle":"Add echo","messageBody":"","tags":["Level-1"],"fileTypesAndContributionMap":{"java":{"insertions":8,"deletions":3}}},{"hash":"d1c250a00e94683e1e98fa12c4995da8cbef7ff7","isMergeCommit":false,"messageTitle":"Add tasks and list command","messageBody":"","tags":["Level-2"],"fileTypesAndContributionMap":{"java":{"insertions":9,"deletions":1}}},{"hash":"2d184017cb70c32f3d84b6cc9dc29fa92778c045","isMergeCommit":false,"messageTitle":"Add Mark as Done","messageBody":"","tags":["Level-3"],"fileTypesAndContributionMap":{"java":{"insertions":39,"deletions":5}}},{"hash":"60ba3e45cf1767fa48e8d2f17e897e65b02e0e87","isMergeCommit":false,"messageTitle":"Add todo, events, deadlines","messageBody":"","tags":["Level-4"],"fileTypesAndContributionMap":{"java":{"insertions":138,"deletions":10}}},{"hash":"8328fbcd4ca662938f1972223d6590f7d6b78869","isMergeCommit":false,"messageTitle":"Add DukeException and handle errors","messageBody":"","tags":["Level-5"],"fileTypesAndContributionMap":{"java":{"insertions":91,"deletions":32}}},{"hash":"17b07a0d4bd511613de2b3e8d239ccaf14d356e8","isMergeCommit":false,"messageTitle":"Delete task","messageBody":"","tags":["Level-6"],"fileTypesAndContributionMap":{"java":{"insertions":19,"deletions":0}}},{"hash":"610a2812a3fbc58e58c573547dfc9405b1e831df","isMergeCommit":false,"messageTitle":"Try Automated Text UI Testing","messageBody":"","tags":["A-TextUiTesting"],"fileTypesAndContributionMap":{"txt":{"insertions":18,"deletions":0},"java":{"insertions":1,"deletions":1}}}]},{"date":"2023-08-29","commitResults":[{"hash":"81651ad1cc2cf26528d50360f287ff23fc107094","isMergeCommit":false,"messageTitle":"Add file handler to save task list","messageBody":"","fileTypesAndContributionMap":{"java":{"insertions":112,"deletions":0}}},{"hash":"de719fafeffae9ecaf77ac3407e29ff47a667fd0","isMergeCommit":true,"messageTitle":"Merge pull request #1 from nixonwidjaja/branch-Level-7","messageBody":"Level-7","tags":["Level-7"],"fileTypesAndContributionMap":{}},{"hash":"57c9b0c70eb146156810dda265493a390a1ba643","isMergeCommit":false,"messageTitle":"Enforce local date to deadline","messageBody":"","fileTypesAndContributionMap":{"txt":{"insertions":1,"deletions":0},"java":{"insertions":21,"deletions":9}}},{"hash":"8016e5bf4fe9a81538069af052f4082391b2b9b7","isMergeCommit":true,"messageTitle":"Merge pull request #2 from nixonwidjaja/branch-Level-8","messageBody":"Enforce local date to deadline","tags":["Level-8"],"fileTypesAndContributionMap":{}}]},{"date":"2023-08-30","commitResults":[{"hash":"331261a1378b18d5c7b30558694fc79a641d09e9","isMergeCommit":false,"messageTitle":"Enforce LocalDate on event","messageBody":"","fileTypesAndContributionMap":{"java":{"insertions":33,"deletions":13}}},{"hash":"7b13d970723c5965d6b2cadfafcc76e010f9b5a3","isMergeCommit":false,"messageTitle":"Fix bug preserve mark on file","messageBody":"","fileTypesAndContributionMap":{"java":{"insertions":38,"deletions":12}}},{"hash":"b44c9e2706ed7d1ce5e55e6c746ae3f71aef7919","isMergeCommit":false,"messageTitle":"Stretch goal: Print events on specific date","messageBody":"","fileTypesAndContributionMap":{"java":{"insertions":64,"deletions":17}}},{"hash":"007ea08ca9d528de9be4a2112ad35585d1960ee1","isMergeCommit":false,"messageTitle":"Extract out Ui, Storage, Parser, TaskList","messageBody":"","tags":["A-MoreOOP"],"fileTypesAndContributionMap":{"java":{"insertions":334,"deletions":261}}},{"hash":"926807334034d25222ff10095d50a682eceed85c","isMergeCommit":false,"messageTitle":"Move queryList to Parser","messageBody":"","fileTypesAndContributionMap":{"java":{"insertions":17,"deletions":11}}},{"hash":"94faf233a132d4a42ae96743d1d22daa2437a86f","isMergeCommit":false,"messageTitle":"Organize into packages","messageBody":"","fileTypesAndContributionMap":{"java":{"insertions":82,"deletions":37}}},{"hash":"046ffeb0354db29445e4a45f55c7757389883a6b","isMergeCommit":true,"messageTitle":"Merge remote-tracking branch \u0027origin/add-gradle-support\u0027 into add-packages","messageBody":"","fileTypesAndContributionMap":{}},{"hash":"af4aa6658527534f8c3f1633783475984c02819c","isMergeCommit":false,"messageTitle":"Setup Gradle","messageBody":"","fileTypesAndContributionMap":{"gradle":{"insertions":1,"deletions":1}}},{"hash":"565e78019e1be691f365948929677f0236d3aceb","isMergeCommit":true,"messageTitle":"Merge pull request #3 from nixonwidjaja/add-packages","messageBody":"Organize into packages and setup Gradle","tags":["A-Packages","A-Gradle","A-CodingStandard"],"fileTypesAndContributionMap":{}},{"hash":"e42954267f6037390b5429df56d7c827242c6289","isMergeCommit":false,"messageTitle":"Add find functionality","messageBody":"","tags":["Level-9"],"fileTypesAndContributionMap":{"java":{"insertions":38,"deletions":3}}}]},{"date":"2023-08-31","commitResults":[{"hash":"854971092526d224a4eba17edbf702bad6a472f0","isMergeCommit":false,"messageTitle":"Fix directories","messageBody":"","fileTypesAndContributionMap":{"java":{"insertions":0,"deletions":0}}},{"hash":"7eb3970161c84aa60237cebd08d36c89e9fcd69c","isMergeCommit":true,"messageTitle":"Merge pull request #4 from nixonwidjaja/branch-Level-9","messageBody":"Fix directories","fileTypesAndContributionMap":{}},{"hash":"36529ef9074cbb5da9e20785a9cb035f81e73ffd","isMergeCommit":false,"messageTitle":"Add JavaDoc","messageBody":"","fileTypesAndContributionMap":{"java":{"insertions":129,"deletions":3}}},{"hash":"ddd6631b72010b7f4ef5f1684d5c18140556bf0d","isMergeCommit":true,"messageTitle":"Merge pull request #5 from nixonwidjaja/branch-A-JavaDoc","messageBody":"Add JavaDoc","tags":["A-JavaDoc"],"fileTypesAndContributionMap":{}},{"hash":"e2cdeff31e8b01981576c74cdeb6ec9a0885fe68","isMergeCommit":false,"messageTitle":"Add JavaDoc for classes","messageBody":"","fileTypesAndContributionMap":{"java":{"insertions":30,"deletions":0}}},{"hash":"882f74419137277548dbd4288cf0ab3a0c31351e","isMergeCommit":true,"messageTitle":"Merge pull request #6 from nixonwidjaja/branch-A-CodingStandard","messageBody":"Add JavaDoc for classes","fileTypesAndContributionMap":{}},{"hash":"cbca474cab65f0f9f91bcb593527df63d77b1124","isMergeCommit":false,"messageTitle":"Add JUnit tests","messageBody":"","tags":["A-Jar","A-JUnit"],"fileTypesAndContributionMap":{"java":{"insertions":58,"deletions":0}}}]},{"date":"2023-09-04","commitResults":[{"hash":"74edb218929a118a0cf4508e5df0ba608a71879d","isMergeCommit":false,"messageTitle":"Update README.md","messageBody":"","fileTypesAndContributionMap":{"md":{"insertions":23,"deletions":20}}},{"hash":"be11d0a411aab0b84d57d2a8c39d4717bd1b1468","isMergeCommit":false,"messageTitle":"Update README.md","messageBody":"","fileTypesAndContributionMap":{"md":{"insertions":1,"deletions":1}}},{"hash":"038250cce10539117933bb61dff1b30e97a8f68e","isMergeCommit":false,"messageTitle":"Fix checkstyle","messageBody":"","fileTypesAndContributionMap":{"gradle":{"insertions":5,"deletions":0},"java":{"insertions":108,"deletions":58}}},{"hash":"f830caa16cb281c418a31069867117111a9f8d0b","isMergeCommit":true,"messageTitle":"Merge branch \u0027master\u0027 of https://github.com/nixonwidjaja/ip","messageBody":"","tags":["A-CheckStyle"],"fileTypesAndContributionMap":{}},{"hash":"667bdd7401f98ec220fc8fa943fb975cedf92ec0","isMergeCommit":false,"messageTitle":"Refactor logic to Command classes","messageBody":"","fileTypesAndContributionMap":{"java":{"insertions":307,"deletions":95}}}]},{"date":"2023-09-07","commitResults":[{"hash":"7e066fb40eece7165ba77641e4a3d371e8839e91","isMergeCommit":false,"messageTitle":"First iteration for GUI","messageBody":"","fileTypesAndContributionMap":{"gradle":{"insertions":16,"deletions":0},"fxml":{"insertions":35,"deletions":0},"java":{"insertions":184,"deletions":0}}},{"hash":"3dbea431b8068afe392a474e83d5d3d043b180ec","isMergeCommit":false,"messageTitle":"Fix checkstyle","messageBody":"","fileTypesAndContributionMap":{"java":{"insertions":14,"deletions":10}}},{"hash":"d3deef1225b7b32e2f1452618363401ba3c9b266","isMergeCommit":false,"messageTitle":"Integrate Duke with GUI","messageBody":"","fileTypesAndContributionMap":{"java":{"insertions":101,"deletions":65}}},{"hash":"f1e6027882c6dba814ea5b1ba8f303982d3ea7f7","isMergeCommit":true,"messageTitle":"Merge pull request #7 from nixonwidjaja/branch-Level-10","messageBody":"Integrate GUI","tags":["Level-10","A-Varargs"],"fileTypesAndContributionMap":{}}]},{"date":"2023-09-13","commitResults":[{"hash":"4fe0e9fcf2e55ca9620e8e425ba4da3e5914a789","isMergeCommit":false,"messageTitle":"Assert query list must have at least 1 element Query list with 0 length is an invalid state.","messageBody":"Asserting query list length \u003e 1 help improve code maintainability and app correctness\n","fileTypesAndContributionMap":{"java":{"insertions":7,"deletions":0}}},{"hash":"1efa3c0d744482ed259cd47d948d69499922be5b","isMergeCommit":false,"messageTitle":"Change list name for consistency","messageBody":"","fileTypesAndContributionMap":{"java":{"insertions":2,"deletions":2}}},{"hash":"2e6d07c4fdab258428c12b23b7da1c0ceb2b9cd3","isMergeCommit":false,"messageTitle":"Switch assert place","messageBody":"","fileTypesAndContributionMap":{"java":{"insertions":1,"deletions":1}}},{"hash":"095dc8500bfd840a44e565042ec87e4c9ead843c","isMergeCommit":true,"messageTitle":"Merge pull request #8 from nixonwidjaja/A-Assertions","messageBody":"A-Assertions","tags":["A-Assertions"],"fileTypesAndContributionMap":{}},{"hash":"1a30b09d9df4e2f94d3bab09b55c5642e63fe093","isMergeCommit":false,"messageTitle":"Fix bugs Resize chatbox to accommodate many text","messageBody":"Add command to list all command\n\nCouple of other bug fixes\n","fileTypesAndContributionMap":{"fxml":{"insertions":1,"deletions":1},"java":{"insertions":42,"deletions":3}}},{"hash":"2c174871f29fbe9b2e105f00fa71f9da5c158162","isMergeCommit":false,"messageTitle":"Fix checkstyle","messageBody":"","fileTypesAndContributionMap":{"java":{"insertions":10,"deletions":0}}},{"hash":"1e8034ca41c31d130a696d82e0c423a9d0e08b29","isMergeCommit":true,"messageTitle":"Merge pull request #9 from nixonwidjaja/A-CodeQuality","messageBody":"Fix bugs","tags":["A-CodeQuality"],"fileTypesAndContributionMap":{}},{"hash":"7b881612fe1839d22a322699b6a9289ae9970f69","isMergeCommit":false,"messageTitle":"C-FriendlierSyntax","messageBody":"","tags":["BCD-Extension","A-FullCommitMessage"],"fileTypesAndContributionMap":{"java":{"insertions":31,"deletions":10}}},{"hash":"79d43aa962d4478762ac530195f21bdb0c139738","isMergeCommit":false,"messageTitle":"Fix from code review","messageBody":"","fileTypesAndContributionMap":{"gradle":{"insertions":1,"deletions":1},"java":{"insertions":6,"deletions":6}}}]}]},"authorFileTypeContributionMap":{"nixonwidjaja":{"java":1423,"md":22,"fxml":35,"sh":0,"bat":0,"gradle":22,"txt":19}},"authorContributionVariance":{"nixonwidjaja":52728.25},"authorDisplayNameMap":{"nixonwidjaja":"CS2103-F13-2 NIXO..JAJA"}}
