{"authorDailyContributionsMap":{"nixonwidjaja":[{"date":"2023-08-19","commitResults":[{"hash":"2401621fc74ca2115f1b0e915778d736a49ff6a9","isMergeCommit":false,"messageTitle":"Rename, add greet and exit","messageBody":"","tags":["Level-0"],"fileTypesAndContributionMap":{"java":{"insertions":17,"deletions":10}}},{"hash":"2033d7c691219dfbabcde88a2d22af03c03d9673","isMergeCommit":false,"messageTitle":"Add echo","messageBody":"","tags":["Level-1"],"fileTypesAndContributionMap":{"java":{"insertions":8,"deletions":3}}},{"hash":"d1c250a00e94683e1e98fa12c4995da8cbef7ff7","isMergeCommit":false,"messageTitle":"Add tasks and list command","messageBody":"","tags":["Level-2"],"fileTypesAndContributionMap":{"java":{"insertions":9,"deletions":1}}},{"hash":"2d184017cb70c32f3d84b6cc9dc29fa92778c045","isMergeCommit":false,"messageTitle":"Add Mark as Done","messageBody":"","tags":["Level-3"],"fileTypesAndContributionMap":{"java":{"insertions":39,"deletions":5}}},{"hash":"60ba3e45cf1767fa48e8d2f17e897e65b02e0e87","isMergeCommit":false,"messageTitle":"Add todo, events, deadlines","messageBody":"","tags":["Level-4"],"fileTypesAndContributionMap":{"java":{"insertions":138,"deletions":10}}},{"hash":"8328fbcd4ca662938f1972223d6590f7d6b78869","isMergeCommit":false,"messageTitle":"Add DukeException and handle errors","messageBody":"","tags":["Level-5"],"fileTypesAndContributionMap":{"java":{"insertions":91,"deletions":32}}},{"hash":"17b07a0d4bd511613de2b3e8d239ccaf14d356e8","isMergeCommit":false,"messageTitle":"Delete task","messageBody":"","tags":["Level-6"],"fileTypesAndContributionMap":{"java":{"insertions":19,"deletions":0}}},{"hash":"610a2812a3fbc58e58c573547dfc9405b1e831df","isMergeCommit":false,"messageTitle":"Try Automated Text UI Testing","messageBody":"","tags":["A-TextUiTesting"],"fileTypesAndContributionMap":{"txt":{"insertions":18,"deletions":0},"java":{"insertions":1,"deletions":1}}}]},{"date":"2023-08-29","commitResults":[{"hash":"81651ad1cc2cf26528d50360f287ff23fc107094","isMergeCommit":false,"messageTitle":"Add file handler to save task list","messageBody":"","fileTypesAndContributionMap":{"java":{"insertions":112,"deletions":0}}},{"hash":"de719fafeffae9ecaf77ac3407e29ff47a667fd0","isMergeCommit":true,"messageTitle":"Merge pull request #1 from nixonwidjaja/branch-Level-7","messageBody":"Level-7","tags":["Level-7"],"fileTypesAndContributionMap":{}},{"hash":"57c9b0c70eb146156810dda265493a390a1ba643","isMergeCommit":false,"messageTitle":"Enforce local date to deadline","messageBody":"","fileTypesAndContributionMap":{"txt":{"insertions":1,"deletions":0},"java":{"insertions":21,"deletions":9}}},{"hash":"8016e5bf4fe9a81538069af052f4082391b2b9b7","isMergeCommit":true,"messageTitle":"Merge pull request #2 from nixonwidjaja/branch-Level-8","messageBody":"Enforce local date to deadline","tags":["Level-8"],"fileTypesAndContributionMap":{}}]},{"date":"2023-08-30","commitResults":[{"hash":"331261a1378b18d5c7b30558694fc79a641d09e9","isMergeCommit":false,"messageTitle":"Enforce LocalDate on event","messageBody":"","fileTypesAndContributionMap":{"java":{"insertions":33,"deletions":13}}},{"hash":"7b13d970723c5965d6b2cadfafcc76e010f9b5a3","isMergeCommit":false,"messageTitle":"Fix bug preserve mark on file","messageBody":"","fileTypesAndContributionMap":{"java":{"insertions":38,"deletions":12}}},{"hash":"b44c9e2706ed7d1ce5e55e6c746ae3f71aef7919","isMergeCommit":false,"messageTitle":"Stretch goal: Print events on specific date","messageBody":"","fileTypesAndContributionMap":{"java":{"insertions":64,"deletions":17}}},{"hash":"007ea08ca9d528de9be4a2112ad35585d1960ee1","isMergeCommit":false,"messageTitle":"Extract out Ui, Storage, Parser, TaskList","messageBody":"","tags":["A-MoreOOP"],"fileTypesAndContributionMap":{"java":{"insertions":334,"deletions":261}}},{"hash":"926807334034d25222ff10095d50a682eceed85c","isMergeCommit":false,"messageTitle":"Move queryList to Parser","messageBody":"","fileTypesAndContributionMap":{"java":{"insertions":17,"deletions":11}}},{"hash":"94faf233a132d4a42ae96743d1d22daa2437a86f","isMergeCommit":false,"messageTitle":"Organize into packages","messageBody":"","fileTypesAndContributionMap":{"java":{"insertions":82,"deletions":37}}},{"hash":"046ffeb0354db29445e4a45f55c7757389883a6b","isMergeCommit":true,"messageTitle":"Merge remote-tracking branch \u0027origin/add-gradle-support\u0027 into add-packages","messageBody":"","fileTypesAndContributionMap":{}},{"hash":"af4aa6658527534f8c3f1633783475984c02819c","isMergeCommit":false,"messageTitle":"Setup Gradle","messageBody":"","fileTypesAndContributionMap":{"gradle":{"insertions":1,"deletions":1}}},{"hash":"565e78019e1be691f365948929677f0236d3aceb","isMergeCommit":true,"messageTitle":"Merge pull request #3 from nixonwidjaja/add-packages","messageBody":"Organize into packages and setup Gradle","tags":["A-Packages","A-Gradle","A-CodingStandard"],"fileTypesAndContributionMap":{}},{"hash":"e42954267f6037390b5429df56d7c827242c6289","isMergeCommit":false,"messageTitle":"Add find functionality","messageBody":"","tags":["Level-9"],"fileTypesAndContributionMap":{"java":{"insertions":38,"deletions":3}}}]}]},"authorFileTypeContributionMap":{"nixonwidjaja":{"java":646,"md":0,"fxml":0,"sh":0,"bat":0,"gradle":1,"txt":19}},"authorContributionVariance":{"nixonwidjaja":71753.914},"authorDisplayNameMap":{"nixonwidjaja":"NIXO..JAJA"}}
