{"authorDailyContributionsMap":{"hyc17003":[{"date":"2023-08-24","commitResults":[{"hash":"43a89002e7a6bfc310c02f6f44254dbfa2e9a369","isMergeCommit":false,"messageTitle":"Add ChatterBot.java","messageBody":"","tags":["Level-0"],"fileTypesAndContributionMap":{"java":{"insertions":7,"deletions":10}}},{"hash":"0e0d3f5c75c252356c721c1ac4b4673749d22d7c","isMergeCommit":false,"messageTitle":"Echo ChatterBot","messageBody":"","tags":["Level-1"],"fileTypesAndContributionMap":{"java":{"insertions":16,"deletions":2}}},{"hash":"339265e4c1b14a595e8ece7f6bad7b565c25340e","isMergeCommit":false,"messageTitle":"Add, List ChatterBot","messageBody":"","tags":["Level-2"],"fileTypesAndContributionMap":{"java":{"insertions":9,"deletions":1}}},{"hash":"f14fc827236c3f744fb72ca4b9e8f9782bae5c58","isMergeCommit":false,"messageTitle":"Mark as Done ChatterBot","messageBody":"","tags":["Level-3"],"fileTypesAndContributionMap":{"java":{"insertions":46,"deletions":5}}},{"hash":"57a4183ef00e487e341b4c71a41372ea66aee1a8","isMergeCommit":false,"messageTitle":"ToDos, Events, Deadlines ChatterBot","messageBody":"","fileTypesAndContributionMap":{"java":{"insertions":71,"deletions":4}}},{"hash":"2e6d0686d4c900f553bcef532e642b0b64324bc9","isMergeCommit":false,"messageTitle":"ToDos, Events, Deadlines ChatterBot","messageBody":"","fileTypesAndContributionMap":{"java":{"insertions":0,"deletions":3}}},{"hash":"7d49d5a525f9bbf4b75d37a8b43928cf2d2435f7","isMergeCommit":false,"messageTitle":"A-TextUiTesting","messageBody":"","tags":["A-TextUiTesting"],"fileTypesAndContributionMap":{"txt":{"insertions":5,"deletions":0},"java":{"insertions":53,"deletions":41},"sh":{"insertions":1,"deletions":1}}},{"hash":"c4c11e723f51d0f65cbeff12d5fd2dc7990d11d4","isMergeCommit":false,"messageTitle":"ToDos, Events, Deadlines ChatterBot","messageBody":"","tags":["Level-4"],"fileTypesAndContributionMap":{"java":{"insertions":41,"deletions":53}}},{"hash":"e850559ce1418484cc0984f912d42c029ee1cdde","isMergeCommit":false,"messageTitle":"Handle Errors ChatterBot","messageBody":"","tags":["Level-5"],"fileTypesAndContributionMap":{"java":{"insertions":39,"deletions":16}}},{"hash":"a829a8316b47b89337a9d38c32b61260c273f398","isMergeCommit":false,"messageTitle":"Delete ChatterBot","messageBody":"","tags":["Level-6"],"fileTypesAndContributionMap":{"java":{"insertions":4,"deletions":1}}}]},{"date":"2023-09-02","commitResults":[{"hash":"fb7ff3337078ea07b426e3f1d1a316e2d4c5b7cc","isMergeCommit":false,"messageTitle":"Save ChatterBot","messageBody":"","tags":["Level-7"],"fileTypesAndContributionMap":{"txt":{"insertions":5,"deletions":0},"java":{"insertions":103,"deletions":1}}},{"hash":"20f77f588fec62ccfe2bc104a6d2e04ab366c2f8","isMergeCommit":false,"messageTitle":"Implement Dates feature for ChatterBot","messageBody":"","fileTypesAndContributionMap":{"txt":{"insertions":2,"deletions":3},"java":{"insertions":10,"deletions":2}}},{"hash":"b55fb101dec0cfc3a3cafb269808e5838f8a595c","isMergeCommit":true,"messageTitle":"Merge branch \u0027branch-Level-8\u0027 Implement Date feature for ChatterBot","messageBody":"","tags":["Level-8"],"fileTypesAndContributionMap":{}},{"hash":"c24c2079b65cbc45f56544119ad17df1ad3f29ca","isMergeCommit":false,"messageTitle":"Make the code more OOP","messageBody":"","fileTypesAndContributionMap":{"txt":{"insertions":3,"deletions":3},"java":{"insertions":246,"deletions":149}}},{"hash":"c232a62c9e870174fc81766ec68bb347cc7da0c7","isMergeCommit":true,"messageTitle":"Merge branch \u0027branch-A-moreOOP\u0027 Make the code more OOP","messageBody":"","tags":["A-MoreOOP"],"fileTypesAndContributionMap":{}}]},{"date":"2023-09-03","commitResults":[{"hash":"486f4b8e548106650bddb77c99317fee63a378d1","isMergeCommit":false,"messageTitle":"Organise into packages","messageBody":"","tags":["A-Packages"],"fileTypesAndContributionMap":{"txt":{"insertions":6,"deletions":4},"java":{"insertions":43,"deletions":7}}}]},{"date":"2023-09-07","commitResults":[{"hash":"003a2e6cc2863ec4631de257aa8a25564666d79b","isMergeCommit":true,"messageTitle":"Merge remote-tracking branch \u0027origin/add-gradle-support\u0027 into branch-A-Gradle","messageBody":"","fileTypesAndContributionMap":{}}]},{"date":"2023-09-08","commitResults":[{"hash":"d61a99f20d34418dc033cf33d1c856c05d1b9f44","isMergeCommit":true,"messageTitle":"Merge branch \u0027branch-A-Gradle\u0027","messageBody":"Set up Gradle.\n","tags":["A-Junit","A-Gradle"],"fileTypesAndContributionMap":{}},{"hash":"a53aea732e0bcba031eff18cdaa0741adba3a04f","isMergeCommit":false,"messageTitle":"Add JUnit tests for Deadline, Todo and Event","messageBody":"","tags":["A-Jar"],"fileTypesAndContributionMap":{"txt":{"insertions":5,"deletions":0},"java":{"insertions":86,"deletions":2}}},{"hash":"2ec857ac2ecfb12018f83cc3feea6bdab8d021b2","isMergeCommit":false,"messageTitle":"Edit to adhere to coding standards","messageBody":"","fileTypesAndContributionMap":{"java":{"insertions":189,"deletions":21}}}]},{"date":"2023-09-10","commitResults":[{"hash":"e2d7e20d0bd70769282cd61a4c51c3de1c12d57a","isMergeCommit":false,"messageTitle":"Added JavaDocs","messageBody":"","fileTypesAndContributionMap":{"java":{"insertions":238,"deletions":1}}},{"hash":"a6356908dbd154373dc2211297c34bee4f909614","isMergeCommit":false,"messageTitle":"Adjusted to adhere to coding standards","messageBody":"","fileTypesAndContributionMap":{"txt":{"insertions":2,"deletions":10},"java":{"insertions":7,"deletions":7}}},{"hash":"b786d412fe5cb95308e3071c399f743b5f3f30cc","isMergeCommit":false,"messageTitle":"Make changes to rectify build error","messageBody":"","fileTypesAndContributionMap":{"txt":{"insertions":2,"deletions":2},"java":{"insertions":4,"deletions":7}}},{"hash":"6a111528d3ff162ea3e35ecfadeaed31784bea1b","isMergeCommit":false,"messageTitle":"Make changes to rectify bug.","messageBody":"","fileTypesAndContributionMap":{"txt":{"insertions":2,"deletions":8},"java":{"insertions":3,"deletions":3}}},{"hash":"119ab650b4d14dc765e4e5cdb8c22dff6f9171ac","isMergeCommit":false,"messageTitle":"Add method that gives users a way to find a task by searchingfor a keyword.","messageBody":"","fileTypesAndContributionMap":{"txt":{"insertions":0,"deletions":1},"java":{"insertions":27,"deletions":2}}},{"hash":"157be1ecf76d1963903a6e9c7a6f38ec8810be9c","isMergeCommit":true,"messageTitle":"Merge branch \u0027branch-A-JavaDoc\u0027, which adds JavaDoc comments to the entire code.","messageBody":"","tags":["A-JavaDoc"],"fileTypesAndContributionMap":{}},{"hash":"58c0510d5aaa6ac89263dda10fbed28454553a49","isMergeCommit":true,"messageTitle":"Resolve merge conflicts between master and branch-A-CodingStandard","messageBody":"","tags":["A-CodingStandard"],"fileTypesAndContributionMap":{}},{"hash":"b3033acd6d423ed212db816f0fd0c82e7383e94f","isMergeCommit":false,"messageTitle":"Fixedv variable name","messageBody":"","fileTypesAndContributionMap":{"txt":{"insertions":1,"deletions":6},"java":{"insertions":2,"deletions":2}}},{"hash":"45860935209cd2d834953686c352c37888b8c18c","isMergeCommit":true,"messageTitle":"Add method that gives users a way to find a task by searching for a keyword.","messageBody":"","tags":["Level-9"],"fileTypesAndContributionMap":{}}]},{"date":"2023-09-11","commitResults":[{"hash":"c88bab83d1daeb4a46f5475dfd35947e0ee5072a","isMergeCommit":false,"messageTitle":"Update README.md","messageBody":"","fileTypesAndContributionMap":{"md":{"insertions":36,"deletions":24}}},{"hash":"feb98b762b4d3dafb5803454b5595cd952ef16ff","isMergeCommit":false,"messageTitle":"Update README.md","messageBody":"","fileTypesAndContributionMap":{"md":{"insertions":2,"deletions":1}}}]}]},"authorFileTypeContributionMap":{"hyc17003":{"java":761,"md":32,"fxml":0,"sh":1,"bat":0,"gradle":0,"txt":10}},"authorContributionVariance":{"hyc17003":22260.742},"authorDisplayNameMap":{"hyc17003":"CS2103T-T14-3 HUAN..CHEE"}}
