{"authorDailyContributionsMap":{"AlyssaPng":[{"date":"2023-08-22","commitResults":[{"hash":"a06de5711fb280e3408cef91c6a6237000f97581","isMergeCommit":false,"messageTitle":"Level-0: Changed to Chatty","messageBody":"","tags":["Level-0"],"fileTypesAndContributionMap":{"java":{"insertions":2,"deletions":6}}},{"hash":"c7fc61ae686a153dbd6968f8f44d722b01c12236","isMergeCommit":false,"messageTitle":"Level-1: Added in userinput","messageBody":"","tags":["Level-1"],"fileTypesAndContributionMap":{"java":{"insertions":13,"deletions":1}}},{"hash":"1c9fe6066ad7621f57270f8dd9e78b693e8e75c7","isMergeCommit":false,"messageTitle":"Level-2: Added List","messageBody":"","tags":["Level-2"],"fileTypesAndContributionMap":{"java":{"insertions":11,"deletions":2}}},{"hash":"6907aa1a52dae9d506dd93c35951a17c3a1473a6","isMergeCommit":false,"messageTitle":"Level-3: Changed to Arraylist and added Task class","messageBody":"","tags":["Level-3"],"fileTypesAndContributionMap":{"java":{"insertions":65,"deletions":10}}},{"hash":"c5d51bee5c1addaabea6d89c43e6e814dd992ed3","isMergeCommit":false,"messageTitle":"Level-3: Added Todo, Deadline, Even classes and change Duke.java","messageBody":"","tags":["Level-4"],"fileTypesAndContributionMap":{"java":{"insertions":62,"deletions":4}}}]},{"date":"2023-08-23","commitResults":[{"hash":"c2ff47fd889fbf2741b163bc5c344adb53904a6c","isMergeCommit":false,"messageTitle":"Automated Text UI Testing","messageBody":"","tags":["A-TextUiTesting"],"fileTypesAndContributionMap":{"txt":{"insertions":11,"deletions":0},"bat":{"insertions":1,"deletions":1}}},{"hash":"9f9d8278c73a7751c6bdb90221c0b83d96fd9554","isMergeCommit":false,"messageTitle":"Level-5: Handle Errors by adding DukeException and subexceptions","messageBody":"","tags":["Level-5"],"fileTypesAndContributionMap":{"txt":{"insertions":6,"deletions":1},"java":{"insertions":106,"deletions":45}}}]},{"date":"2023-08-24","commitResults":[{"hash":"a3d0ca66a72c45a1907b8122f80450ebf81efb45","isMergeCommit":false,"messageTitle":"Level-6 - adding delete option and javadocs","messageBody":"","tags":["Level-6"],"fileTypesAndContributionMap":{"txt":{"insertions":3,"deletions":0},"java":{"insertions":172,"deletions":5}}}]},{"date":"2023-08-29","commitResults":[{"hash":"bebfe89af350a1512b4784c4df0b3910bff5d3cd","isMergeCommit":false,"messageTitle":"Add methods to store file data","messageBody":"","fileTypesAndContributionMap":{"txt":{"insertions":4,"deletions":0},"java":{"insertions":82,"deletions":2}}},{"hash":"f512ee4e3e4069d9544733824604a4726702f5de","isMergeCommit":true,"messageTitle":"Merge branch \u0027branch-Level-7\u0027","messageBody":"","tags":["Level-7"],"fileTypesAndContributionMap":{}},{"hash":"4bd461909474dc802a971f9ebd2704c359235abc","isMergeCommit":false,"messageTitle":"Add in DateTime Formatter","messageBody":"","fileTypesAndContributionMap":{"txt":{"insertions":2,"deletions":0},"java":{"insertions":39,"deletions":3}}},{"hash":"b9a534ced12d6bef34b82d6ac33cc0275be29346","isMergeCommit":true,"messageTitle":"Merge branch \u0027branch-Level-8\u0027","messageBody":"","tags":["Level-8"],"fileTypesAndContributionMap":{}}]},{"date":"2023-08-30","commitResults":[{"hash":"9d73b8c061fcd574de8652dd1221c05275dd7de1","isMergeCommit":false,"messageTitle":"Add more classes for more OOP","messageBody":"","fileTypesAndContributionMap":{"java":{"insertions":511,"deletions":241}}},{"hash":"3c9f94228ff620c45a59fc4b1a77033856e20d1d","isMergeCommit":true,"messageTitle":"Merge branch \u0027branch-A-MoreOOP\u0027","messageBody":"","tags":["A-MoreOOP"],"fileTypesAndContributionMap":{}},{"hash":"5b91ce29de6223608840195f08c5a29848f3eb81","isMergeCommit":false,"messageTitle":"Add duke and exception packages","messageBody":"","tags":["A-Packages"],"fileTypesAndContributionMap":{"java":{"insertions":116,"deletions":74},"bat":{"insertions":1,"deletions":1},"md":{"insertions":2,"deletions":2}}},{"hash":"a6d2d828ba3ce607e295fc6ce363c71cd44b3eec","isMergeCommit":true,"messageTitle":"Merge remote-tracking branch \u0027origin/add-gradle-support\u0027","messageBody":"","tags":["A-Gradle"],"fileTypesAndContributionMap":{}},{"hash":"916dc1ac4c422fdd45fee4c616a7451672e9b4cd","isMergeCommit":false,"messageTitle":"Add JUnit Test files and cases","messageBody":"","fileTypesAndContributionMap":{"java":{"insertions":91,"deletions":1}}},{"hash":"e158ac4c370431837d9376ca8d4d1044dae92fa6","isMergeCommit":false,"messageTitle":"Add JUnit Test files and cases","messageBody":"","tags":["A-JUnit"],"fileTypesAndContributionMap":{"txt":{"insertions":0,"deletions":1},"java":{"insertions":98,"deletions":6},"bat":{"insertions":1,"deletions":1}}},{"hash":"8395ccb6f5655d3b56d4bdf1d00dc67a65e722fb","isMergeCommit":true,"messageTitle":"Merge branch \u0027master\u0027 of https://github.com/AlyssaPng/ip","messageBody":"","fileTypesAndContributionMap":{}}]},{"date":"2023-08-31","commitResults":[{"hash":"9ba351a7ae592a68eb533bdd0ce15754e179f4b7","isMergeCommit":false,"messageTitle":"Add JavaDoc to JUnit test classes","messageBody":"","fileTypesAndContributionMap":{"java":{"insertions":37,"deletions":4}}},{"hash":"aff5d01155b595fd0069f9f017fd23b54709d4d1","isMergeCommit":false,"messageTitle":"Update code to be comply with coding standard","messageBody":"","fileTypesAndContributionMap":{"java":{"insertions":17,"deletions":11}}},{"hash":"fca85ab1fee207b362c608de929f1da274884f84","isMergeCommit":true,"messageTitle":"Merge branch \u0027branch-A-JavaDoc\u0027","messageBody":"","tags":["A-JavaDoc"],"fileTypesAndContributionMap":{}},{"hash":"c519154061863e3004e0548f851a4f8c3ec39378","isMergeCommit":true,"messageTitle":"Merge branch \u0027branch-A-CodingStandard\u0027","messageBody":"","tags":["A-CodingStandard"],"fileTypesAndContributionMap":{}},{"hash":"f29cfb50d1bd014771dd397775bd3dcecfb9bff5","isMergeCommit":false,"messageTitle":"Add find command","messageBody":"","fileTypesAndContributionMap":{"txt":{"insertions":5,"deletions":0},"java":{"insertions":50,"deletions":0}}},{"hash":"a09896003d3552d9cfc990143040f27308a4d1a7","isMergeCommit":true,"messageTitle":"Merge branch \u0027branch-Level-9\u0027","messageBody":"","tags":["Level-9"],"fileTypesAndContributionMap":{}}]},{"date":"2023-09-06","commitResults":[{"hash":"b58f22e28cf2527f6d5f7d9ac77511f661526e65","isMergeCommit":false,"messageTitle":"Add in checkstyle files and update code accordingly","messageBody":"","tags":["A-CheckStyle"],"fileTypesAndContributionMap":{"gradle":{"insertions":5,"deletions":0},"java":{"insertions":30,"deletions":28}}},{"hash":"d065a3bd51b3bc40717316bc810a908678f24aaf","isMergeCommit":false,"messageTitle":"Add GUi for Chatty","messageBody":"","tags":["Level-10"],"fileTypesAndContributionMap":{"gradle":{"insertions":13,"deletions":0},"fxml":{"insertions":42,"deletions":0},"java":{"insertions":310,"deletions":6}}}]}]},"authorFileTypeContributionMap":{"AlyssaPng":{"java":1281,"md":2,"fxml":42,"sh":0,"bat":2,"gradle":18,"txt":29}},"authorContributionVariance":{"AlyssaPng":67497.87},"authorDisplayNameMap":{"AlyssaPng":"CS2103T-F12-1 ALYS.. WEN"}}
