[{"path":"data/duke.txt","fileType":"txt","lines":[{"lineNumber":1,"author":{"gitId":"yongning0310"},"content":"D | 0 | return book  | Feb 12 2019","lastModifiedDate":"2023-08-30"},{"lineNumber":2,"author":{"gitId":"yongning0310"},"content":"D | 0 | return book  | Feb 12 2019 6pm","lastModifiedDate":"2023-08-30"},{"lineNumber":3,"author":{"gitId":"yongning0310"},"content":"D | 0 | return book  | Oct 15 2019","lastModifiedDate":"2023-08-30"},{"lineNumber":4,"author":{"gitId":"yongning0310"},"content":"D | 0 | return book  | Oct 15 2019 6pm","lastModifiedDate":"2023-08-30"},{"lineNumber":5,"author":{"gitId":"yongning0310"},"content":"E | 0 | return book  | Oct 15 2019 6pm | Oct 15 2019 8pm","lastModifiedDate":"2023-08-30"},{"lineNumber":6,"author":{"gitId":"yongning0310"},"content":"E | 0 | return book  | Feb 12 2019 6pm | Feb 12 2019 8pm","lastModifiedDate":"2023-08-30"},{"lineNumber":7,"author":{"gitId":"yongning0310"},"content":"E | 0 | return book  | Feb 12 2019 | Feb 12 2019","lastModifiedDate":"2023-08-30"}],"authorContributionMap":{"yongning0310":7}},{"path":"src/main/java/CommandFactory.java","fileType":"java","lines":[{"lineNumber":1,"author":{"gitId":"yongning0310"},"content":"import java.io.FileWriter;","lastModifiedDate":"2023-08-30"},{"lineNumber":2,"author":{"gitId":"yongning0310"},"content":"import java.io.IOException;","lastModifiedDate":"2023-08-30"},{"lineNumber":3,"author":{"gitId":"yongning0310"},"content":"import java.nio.file.Files;","lastModifiedDate":"2023-08-30"},{"lineNumber":4,"author":{"gitId":"yongning0310"},"content":"import java.nio.file.Path;","lastModifiedDate":"2023-08-30"},{"lineNumber":5,"author":{"gitId":"yongning0310"},"content":"import java.nio.file.Paths;","lastModifiedDate":"2023-08-30"},{"lineNumber":6,"author":{"gitId":"yongning0310"},"content":"import java.util.ArrayList;","lastModifiedDate":"2023-08-24"},{"lineNumber":7,"author":{"gitId":"yongning0310"},"content":"import java.util.Scanner;","lastModifiedDate":"2023-08-24"},{"lineNumber":8,"author":{"gitId":"yongning0310"},"content":"","lastModifiedDate":"2023-08-24"},{"lineNumber":9,"author":{"gitId":"yongning0310"},"content":"import java.io.File;","lastModifiedDate":"2023-08-30"},{"lineNumber":10,"author":{"gitId":"yongning0310"},"content":"import java.io.FileNotFoundException;","lastModifiedDate":"2023-08-30"},{"lineNumber":11,"author":{"gitId":"yongning0310"},"content":"import java.util.Scanner;","lastModifiedDate":"2023-08-30"},{"lineNumber":12,"author":{"gitId":"yongning0310"},"content":"","lastModifiedDate":"2023-08-30"},{"lineNumber":13,"author":{"gitId":"yongning0310"},"content":"/**","lastModifiedDate":"2023-08-24"},{"lineNumber":14,"author":{"gitId":"yongning0310"},"content":" * CommandFactory class for handling various task-related commands.","lastModifiedDate":"2023-08-24"},{"lineNumber":15,"author":{"gitId":"yongning0310"},"content":" */","lastModifiedDate":"2023-08-24"},{"lineNumber":16,"author":{"gitId":"yongning0310"},"content":"public class CommandFactory {","lastModifiedDate":"2023-08-24"},{"lineNumber":17,"author":{"gitId":"yongning0310"},"content":"","lastModifiedDate":"2023-08-24"},{"lineNumber":18,"author":{"gitId":"yongning0310"},"content":"    /**","lastModifiedDate":"2023-08-24"},{"lineNumber":19,"author":{"gitId":"yongning0310"},"content":"     * Enum to represent different types of commands.","lastModifiedDate":"2023-08-24"},{"lineNumber":20,"author":{"gitId":"yongning0310"},"content":"     */","lastModifiedDate":"2023-08-24"},{"lineNumber":21,"author":{"gitId":"yongning0310"},"content":"    enum Command {","lastModifiedDate":"2023-08-24"},{"lineNumber":22,"author":{"gitId":"yongning0310"},"content":"        TODO,","lastModifiedDate":"2023-08-24"},{"lineNumber":23,"author":{"gitId":"yongning0310"},"content":"        DEADLINE,","lastModifiedDate":"2023-08-24"},{"lineNumber":24,"author":{"gitId":"yongning0310"},"content":"        EVENT,","lastModifiedDate":"2023-08-24"},{"lineNumber":25,"author":{"gitId":"yongning0310"},"content":"        BYE,","lastModifiedDate":"2023-08-24"},{"lineNumber":26,"author":{"gitId":"yongning0310"},"content":"        MARK,","lastModifiedDate":"2023-08-24"},{"lineNumber":27,"author":{"gitId":"yongning0310"},"content":"        UNMARK,","lastModifiedDate":"2023-08-24"},{"lineNumber":28,"author":{"gitId":"yongning0310"},"content":"        LIST,","lastModifiedDate":"2023-08-24"},{"lineNumber":29,"author":{"gitId":"yongning0310"},"content":"        DELETE,","lastModifiedDate":"2023-08-30"},{"lineNumber":30,"author":{"gitId":"yongning0310"},"content":"        CLEAR","lastModifiedDate":"2023-08-30"},{"lineNumber":31,"author":{"gitId":"yongning0310"},"content":"    }","lastModifiedDate":"2023-08-30"},{"lineNumber":32,"author":{"gitId":"yongning0310"},"content":"","lastModifiedDate":"2023-08-30"},{"lineNumber":33,"author":{"gitId":"yongning0310"},"content":"","lastModifiedDate":"2023-08-30"},{"lineNumber":34,"author":{"gitId":"yongning0310"},"content":"    public static ArrayList\u003cTask\u003e readFromDB() {","lastModifiedDate":"2023-08-30"},{"lineNumber":35,"author":{"gitId":"yongning0310"},"content":"        try {","lastModifiedDate":"2023-08-30"},{"lineNumber":36,"author":{"gitId":"yongning0310"},"content":"            ArrayList\u003cTask\u003e tasklists \u003d new ArrayList\u003c\u003e();","lastModifiedDate":"2023-08-30"},{"lineNumber":37,"author":{"gitId":"yongning0310"},"content":"            File f \u003d new File(\"./data/duke.txt\");","lastModifiedDate":"2023-08-30"},{"lineNumber":38,"author":{"gitId":"yongning0310"},"content":"            Scanner s \u003d new Scanner(f);","lastModifiedDate":"2023-08-30"},{"lineNumber":39,"author":{"gitId":"yongning0310"},"content":"            while (s.hasNext()) {","lastModifiedDate":"2023-08-30"},{"lineNumber":40,"author":{"gitId":"yongning0310"},"content":"                String[] taskParts \u003d s.nextLine().split(\"\\\\|\");","lastModifiedDate":"2023-08-30"},{"lineNumber":41,"author":{"gitId":"yongning0310"},"content":"                System.out.println(taskParts.length);","lastModifiedDate":"2023-08-30"},{"lineNumber":42,"author":{"gitId":"yongning0310"},"content":"                Task newTask \u003d null;","lastModifiedDate":"2023-08-30"},{"lineNumber":43,"author":{"gitId":"yongning0310"},"content":"                if (taskParts.length \u003d\u003d 3) {","lastModifiedDate":"2023-08-30"},{"lineNumber":44,"author":{"gitId":"yongning0310"},"content":"                    // its task","lastModifiedDate":"2023-08-30"},{"lineNumber":45,"author":{"gitId":"yongning0310"},"content":"                    newTask \u003d new ToDo(taskParts[2].trim());","lastModifiedDate":"2023-08-30"},{"lineNumber":46,"author":{"gitId":"yongning0310"},"content":"                } else if (taskParts.length \u003d\u003d 4) {","lastModifiedDate":"2023-08-30"},{"lineNumber":47,"author":{"gitId":"yongning0310"},"content":"                    // deadline","lastModifiedDate":"2023-08-30"},{"lineNumber":48,"author":{"gitId":"yongning0310"},"content":"                    newTask \u003d new Deadline(taskParts[2].trim(),","lastModifiedDate":"2023-08-30"},{"lineNumber":49,"author":{"gitId":"yongning0310"},"content":"                            taskParts[3].trim());","lastModifiedDate":"2023-08-30"},{"lineNumber":50,"author":{"gitId":"yongning0310"},"content":"                } else if (taskParts.length \u003d\u003d 5) {","lastModifiedDate":"2023-08-30"},{"lineNumber":51,"author":{"gitId":"yongning0310"},"content":"                    // event","lastModifiedDate":"2023-08-30"},{"lineNumber":52,"author":{"gitId":"yongning0310"},"content":"                    newTask \u003d new Event(taskParts[2].trim(),","lastModifiedDate":"2023-08-30"},{"lineNumber":53,"author":{"gitId":"yongning0310"},"content":"                            taskParts[3].trim(),","lastModifiedDate":"2023-08-30"},{"lineNumber":54,"author":{"gitId":"yongning0310"},"content":"                            taskParts[4].trim());","lastModifiedDate":"2023-08-30"},{"lineNumber":55,"author":{"gitId":"yongning0310"},"content":"","lastModifiedDate":"2023-08-30"},{"lineNumber":56,"author":{"gitId":"yongning0310"},"content":"                }","lastModifiedDate":"2023-08-30"},{"lineNumber":57,"author":{"gitId":"yongning0310"},"content":"                if (taskParts[1].trim().contains(\"1\")) {","lastModifiedDate":"2023-08-30"},{"lineNumber":58,"author":{"gitId":"yongning0310"},"content":"                    newTask.markAsDone();","lastModifiedDate":"2023-08-30"},{"lineNumber":59,"author":{"gitId":"yongning0310"},"content":"                } else {","lastModifiedDate":"2023-08-30"},{"lineNumber":60,"author":{"gitId":"yongning0310"},"content":"                    newTask.markAsNotDone();","lastModifiedDate":"2023-08-30"},{"lineNumber":61,"author":{"gitId":"yongning0310"},"content":"                }","lastModifiedDate":"2023-08-30"},{"lineNumber":62,"author":{"gitId":"yongning0310"},"content":"                tasklists.add(newTask);","lastModifiedDate":"2023-08-30"},{"lineNumber":63,"author":{"gitId":"yongning0310"},"content":"            }","lastModifiedDate":"2023-08-30"},{"lineNumber":64,"author":{"gitId":"yongning0310"},"content":"            return tasklists;","lastModifiedDate":"2023-08-30"},{"lineNumber":65,"author":{"gitId":"yongning0310"},"content":"        }","lastModifiedDate":"2023-08-30"},{"lineNumber":66,"author":{"gitId":"yongning0310"},"content":"//        catch (FileNotFoundException e) {","lastModifiedDate":"2023-08-30"},{"lineNumber":67,"author":{"gitId":"yongning0310"},"content":"//            try {","lastModifiedDate":"2023-08-30"},{"lineNumber":68,"author":{"gitId":"yongning0310"},"content":"//                FileWriter fw \u003d new FileWriter(\"./data/duke.txt\");","lastModifiedDate":"2023-08-30"},{"lineNumber":69,"author":{"gitId":"yongning0310"},"content":"//            } catch (Exception error) {","lastModifiedDate":"2023-08-30"},{"lineNumber":70,"author":{"gitId":"yongning0310"},"content":"//                System.out.println(\"Error\");","lastModifiedDate":"2023-08-30"},{"lineNumber":71,"author":{"gitId":"yongning0310"},"content":"//            }","lastModifiedDate":"2023-08-30"},{"lineNumber":72,"author":{"gitId":"yongning0310"},"content":"//        }","lastModifiedDate":"2023-08-30"},{"lineNumber":73,"author":{"gitId":"yongning0310"},"content":"        catch (Exception error) {","lastModifiedDate":"2023-08-30"},{"lineNumber":74,"author":{"gitId":"yongning0310"},"content":"            System.out.println(\"the file is corrupted, deleting the content\");","lastModifiedDate":"2023-08-30"},{"lineNumber":75,"author":{"gitId":"yongning0310"},"content":"            return new ArrayList\u003c\u003e();","lastModifiedDate":"2023-08-30"},{"lineNumber":76,"author":{"gitId":"yongning0310"},"content":"        }","lastModifiedDate":"2023-08-30"},{"lineNumber":77,"author":{"gitId":"yongning0310"},"content":"    }","lastModifiedDate":"2023-08-30"},{"lineNumber":78,"author":{"gitId":"yongning0310"},"content":"","lastModifiedDate":"2023-08-30"},{"lineNumber":79,"author":{"gitId":"yongning0310"},"content":"    public static void writeToDB(ArrayList\u003cTask\u003e taskList) {","lastModifiedDate":"2023-08-30"},{"lineNumber":80,"author":{"gitId":"yongning0310"},"content":"        try {","lastModifiedDate":"2023-08-30"},{"lineNumber":81,"author":{"gitId":"yongning0310"},"content":"            Path path \u003d Paths.get(\"./data/duke.txt\");","lastModifiedDate":"2023-08-30"},{"lineNumber":82,"author":{"gitId":"yongning0310"},"content":"            String content \u003d \"\";","lastModifiedDate":"2023-08-30"},{"lineNumber":83,"author":{"gitId":"yongning0310"},"content":"            for (Task newTask : taskList) {","lastModifiedDate":"2023-08-30"},{"lineNumber":84,"author":{"gitId":"yongning0310"},"content":"                content +\u003d newTask.getDBString();","lastModifiedDate":"2023-08-30"},{"lineNumber":85,"author":{"gitId":"yongning0310"},"content":"                content +\u003d \"\\n\";","lastModifiedDate":"2023-08-30"},{"lineNumber":86,"author":{"gitId":"yongning0310"},"content":"                System.out.println(content);","lastModifiedDate":"2023-08-30"},{"lineNumber":87,"author":{"gitId":"yongning0310"},"content":"            }","lastModifiedDate":"2023-08-30"},{"lineNumber":88,"author":{"gitId":"yongning0310"},"content":"            Files.write(path, content.getBytes());","lastModifiedDate":"2023-08-30"},{"lineNumber":89,"author":{"gitId":"yongning0310"},"content":"            System.out.println(\"Successfully wrote to the file.\");","lastModifiedDate":"2023-08-30"},{"lineNumber":90,"author":{"gitId":"yongning0310"},"content":"        } catch (IOException e) {","lastModifiedDate":"2023-08-30"},{"lineNumber":91,"author":{"gitId":"yongning0310"},"content":"            System.out.println(\"An error occurred.\");","lastModifiedDate":"2023-08-30"},{"lineNumber":92,"author":{"gitId":"yongning0310"},"content":"            e.printStackTrace();","lastModifiedDate":"2023-08-30"},{"lineNumber":93,"author":{"gitId":"yongning0310"},"content":"        }","lastModifiedDate":"2023-08-30"},{"lineNumber":94,"author":{"gitId":"yongning0310"},"content":"    }","lastModifiedDate":"2023-08-24"},{"lineNumber":95,"author":{"gitId":"yongning0310"},"content":"","lastModifiedDate":"2023-08-24"},{"lineNumber":96,"author":{"gitId":"yongning0310"},"content":"    /**","lastModifiedDate":"2023-08-24"},{"lineNumber":97,"author":{"gitId":"yongning0310"},"content":"     * Handles the actions of different commands, like adding tasks, deleting them, or marking them as done.","lastModifiedDate":"2023-08-24"},{"lineNumber":98,"author":{"gitId":"yongning0310"},"content":"     */","lastModifiedDate":"2023-08-24"},{"lineNumber":99,"author":{"gitId":"yongning0310"},"content":"    public static void CommandActions() {","lastModifiedDate":"2023-08-24"},{"lineNumber":100,"author":{"gitId":"yongning0310"},"content":"        Scanner scanner \u003d new Scanner(System.in);","lastModifiedDate":"2023-08-24"},{"lineNumber":101,"author":{"gitId":"yongning0310"},"content":"        // read from duke.txt into classes","lastModifiedDate":"2023-08-30"},{"lineNumber":102,"author":{"gitId":"yongning0310"},"content":"        ArrayList\u003cTask\u003e tasklists \u003d readFromDB();;","lastModifiedDate":"2023-08-30"},{"lineNumber":103,"author":{"gitId":"yongning0310"},"content":"        while (true) {","lastModifiedDate":"2023-08-24"},{"lineNumber":104,"author":{"gitId":"yongning0310"},"content":"            String input \u003d scanner.nextLine().trim();","lastModifiedDate":"2023-08-24"},{"lineNumber":105,"author":{"gitId":"yongning0310"},"content":"            System.out.println(\"____________________________________________________________\");","lastModifiedDate":"2023-08-24"},{"lineNumber":106,"author":{"gitId":"yongning0310"},"content":"            String[] parts \u003d input.split(\" \");","lastModifiedDate":"2023-08-24"},{"lineNumber":107,"author":{"gitId":"yongning0310"},"content":"            String[] details \u003d input.split(\"/\");","lastModifiedDate":"2023-08-24"},{"lineNumber":108,"author":{"gitId":"yongning0310"},"content":"            Command command \u003d null;","lastModifiedDate":"2023-08-24"},{"lineNumber":109,"author":{"gitId":"yongning0310"},"content":"","lastModifiedDate":"2023-08-24"},{"lineNumber":110,"author":{"gitId":"yongning0310"},"content":"            try{","lastModifiedDate":"2023-08-24"},{"lineNumber":111,"author":{"gitId":"yongning0310"},"content":"                try {","lastModifiedDate":"2023-08-24"},{"lineNumber":112,"author":{"gitId":"yongning0310"},"content":"                    command \u003d Command.valueOf(parts[0].toUpperCase());","lastModifiedDate":"2023-08-24"},{"lineNumber":113,"author":{"gitId":"yongning0310"},"content":"                } catch (IllegalArgumentException e) {","lastModifiedDate":"2023-08-24"},{"lineNumber":114,"author":{"gitId":"yongning0310"},"content":"                    throw new InvalidInputException();","lastModifiedDate":"2023-08-24"},{"lineNumber":115,"author":{"gitId":"yongning0310"},"content":"                }","lastModifiedDate":"2023-08-24"},{"lineNumber":116,"author":{"gitId":"yongning0310"},"content":"","lastModifiedDate":"2023-08-24"},{"lineNumber":117,"author":{"gitId":"yongning0310"},"content":"                if (command !\u003d null) {","lastModifiedDate":"2023-08-24"},{"lineNumber":118,"author":{"gitId":"yongning0310"},"content":"                    Task newTask \u003d null;","lastModifiedDate":"2023-08-24"},{"lineNumber":119,"author":{"gitId":"yongning0310"},"content":"                    Task oldtask \u003d null;","lastModifiedDate":"2023-08-24"},{"lineNumber":120,"author":{"gitId":"yongning0310"},"content":"                    int number \u003d 0;","lastModifiedDate":"2023-08-24"},{"lineNumber":121,"author":{"gitId":"yongning0310"},"content":"                    if (command \u003d\u003d Command.MARK","lastModifiedDate":"2023-08-24"},{"lineNumber":122,"author":{"gitId":"yongning0310"},"content":"                            || command \u003d\u003d Command.UNMARK","lastModifiedDate":"2023-08-24"},{"lineNumber":123,"author":{"gitId":"yongning0310"},"content":"                            || command \u003d\u003d Command.DELETE){","lastModifiedDate":"2023-08-24"},{"lineNumber":124,"author":{"gitId":"yongning0310"},"content":"                        try {","lastModifiedDate":"2023-08-24"},{"lineNumber":125,"author":{"gitId":"yongning0310"},"content":"                            number \u003d Integer.parseInt(parts[1]);","lastModifiedDate":"2023-08-24"},{"lineNumber":126,"author":{"gitId":"yongning0310"},"content":"                            oldtask \u003d tasklists.get(number-1);","lastModifiedDate":"2023-08-24"},{"lineNumber":127,"author":{"gitId":"yongning0310"},"content":"                        } catch (Exception e) {","lastModifiedDate":"2023-08-24"},{"lineNumber":128,"author":{"gitId":"yongning0310"},"content":"                            throw new InvalidListNumberException();","lastModifiedDate":"2023-08-24"},{"lineNumber":129,"author":{"gitId":"yongning0310"},"content":"                        }","lastModifiedDate":"2023-08-24"},{"lineNumber":130,"author":{"gitId":"yongning0310"},"content":"                    }","lastModifiedDate":"2023-08-24"},{"lineNumber":131,"author":{"gitId":"yongning0310"},"content":"                    switch (command) {","lastModifiedDate":"2023-08-24"},{"lineNumber":132,"author":{"gitId":"yongning0310"},"content":"                        case BYE:","lastModifiedDate":"2023-08-24"},{"lineNumber":133,"author":{"gitId":"yongning0310"},"content":"                            System.out.println(\"Bye. Hope to see you again soon!\");","lastModifiedDate":"2023-08-24"},{"lineNumber":134,"author":{"gitId":"yongning0310"},"content":"                            break;","lastModifiedDate":"2023-08-24"},{"lineNumber":135,"author":{"gitId":"yongning0310"},"content":"                        case DELETE:","lastModifiedDate":"2023-08-24"},{"lineNumber":136,"author":{"gitId":"yongning0310"},"content":"                            // update duke.txt","lastModifiedDate":"2023-08-30"},{"lineNumber":137,"author":{"gitId":"yongning0310"},"content":"                            oldtask.deleteTask();","lastModifiedDate":"2023-08-24"},{"lineNumber":138,"author":{"gitId":"yongning0310"},"content":"                            tasklists.remove(number-1);","lastModifiedDate":"2023-08-24"},{"lineNumber":139,"author":{"gitId":"yongning0310"},"content":"                            break;","lastModifiedDate":"2023-08-24"},{"lineNumber":140,"author":{"gitId":"yongning0310"},"content":"                        case LIST:","lastModifiedDate":"2023-08-24"},{"lineNumber":141,"author":{"gitId":"yongning0310"},"content":"                            System.out.println(\"Here are the tasks in your list:\");","lastModifiedDate":"2023-08-24"},{"lineNumber":142,"author":{"gitId":"yongning0310"},"content":"                            for (int i \u003d 1; i \u003c tasklists.size()+1; i++) {","lastModifiedDate":"2023-08-24"},{"lineNumber":143,"author":{"gitId":"yongning0310"},"content":"                                Task taskToPrint \u003d tasklists.get(i - 1);","lastModifiedDate":"2023-08-24"},{"lineNumber":144,"author":{"gitId":"yongning0310"},"content":"                                System.out.println(i + \". \" + taskToPrint.getStatusAndDescription());","lastModifiedDate":"2023-08-24"},{"lineNumber":145,"author":{"gitId":"yongning0310"},"content":"                            }","lastModifiedDate":"2023-08-24"},{"lineNumber":146,"author":{"gitId":"yongning0310"},"content":"                            break;","lastModifiedDate":"2023-08-24"},{"lineNumber":147,"author":{"gitId":"yongning0310"},"content":"","lastModifiedDate":"2023-08-24"},{"lineNumber":148,"author":{"gitId":"yongning0310"},"content":"                        case UNMARK:","lastModifiedDate":"2023-08-24"},{"lineNumber":149,"author":{"gitId":"yongning0310"},"content":"                            // update duke.txt","lastModifiedDate":"2023-08-30"},{"lineNumber":150,"author":{"gitId":"yongning0310"},"content":"                            oldtask.markAsNotDone();","lastModifiedDate":"2023-08-24"},{"lineNumber":151,"author":{"gitId":"yongning0310"},"content":"                            break;","lastModifiedDate":"2023-08-24"},{"lineNumber":152,"author":{"gitId":"yongning0310"},"content":"","lastModifiedDate":"2023-08-24"},{"lineNumber":153,"author":{"gitId":"yongning0310"},"content":"                        case MARK:","lastModifiedDate":"2023-08-24"},{"lineNumber":154,"author":{"gitId":"yongning0310"},"content":"                            // update duke.txt","lastModifiedDate":"2023-08-30"},{"lineNumber":155,"author":{"gitId":"yongning0310"},"content":"                            oldtask.markAsDone();","lastModifiedDate":"2023-08-24"},{"lineNumber":156,"author":{"gitId":"yongning0310"},"content":"                            break;","lastModifiedDate":"2023-08-24"},{"lineNumber":157,"author":{"gitId":"yongning0310"},"content":"","lastModifiedDate":"2023-08-24"},{"lineNumber":158,"author":{"gitId":"yongning0310"},"content":"                        case TODO:","lastModifiedDate":"2023-08-24"},{"lineNumber":159,"author":{"gitId":"yongning0310"},"content":"                            // update duke.txt","lastModifiedDate":"2023-08-30"},{"lineNumber":160,"author":{"gitId":"yongning0310"},"content":"                            if (details[0].trim().length() \u003d\u003d 4) {","lastModifiedDate":"2023-08-24"},{"lineNumber":161,"author":{"gitId":"yongning0310"},"content":"                                throw new InvalidToDoException();","lastModifiedDate":"2023-08-24"},{"lineNumber":162,"author":{"gitId":"yongning0310"},"content":"                            } else {","lastModifiedDate":"2023-08-24"},{"lineNumber":163,"author":{"gitId":"yongning0310"},"content":"                                newTask \u003d new ToDo(details[0].substring(5));","lastModifiedDate":"2023-08-24"},{"lineNumber":164,"author":{"gitId":"yongning0310"},"content":"                                tasklists.add(newTask);","lastModifiedDate":"2023-08-24"},{"lineNumber":165,"author":{"gitId":"yongning0310"},"content":"                            }","lastModifiedDate":"2023-08-24"},{"lineNumber":166,"author":{"gitId":"yongning0310"},"content":"                            break;","lastModifiedDate":"2023-08-24"},{"lineNumber":167,"author":{"gitId":"yongning0310"},"content":"","lastModifiedDate":"2023-08-24"},{"lineNumber":168,"author":{"gitId":"yongning0310"},"content":"                        case DEADLINE:","lastModifiedDate":"2023-08-24"},{"lineNumber":169,"author":{"gitId":"yongning0310"},"content":"                            // update duke.txt","lastModifiedDate":"2023-08-30"},{"lineNumber":170,"author":{"gitId":"yongning0310"},"content":"                            if (details[0].trim().length() \u003d\u003d 8) {","lastModifiedDate":"2023-08-24"},{"lineNumber":171,"author":{"gitId":"yongning0310"},"content":"                                throw new InvalidDeadlineException();","lastModifiedDate":"2023-08-24"},{"lineNumber":172,"author":{"gitId":"yongning0310"},"content":"                            } else {","lastModifiedDate":"2023-08-24"},{"lineNumber":173,"author":{"gitId":"yongning0310"},"content":"                                newTask \u003d new Deadline(details[0].split(\"/\")[0].substring(9),","lastModifiedDate":"2023-08-24"},{"lineNumber":174,"author":{"gitId":"yongning0310"},"content":"                                        input.split(\"by\")[1].trim());","lastModifiedDate":"2023-08-30"},{"lineNumber":175,"author":{"gitId":"yongning0310"},"content":"                                tasklists.add(newTask);","lastModifiedDate":"2023-08-24"},{"lineNumber":176,"author":{"gitId":"yongning0310"},"content":"                            }","lastModifiedDate":"2023-08-24"},{"lineNumber":177,"author":{"gitId":"yongning0310"},"content":"                            break;","lastModifiedDate":"2023-08-24"},{"lineNumber":178,"author":{"gitId":"yongning0310"},"content":"","lastModifiedDate":"2023-08-24"},{"lineNumber":179,"author":{"gitId":"yongning0310"},"content":"                        case EVENT:","lastModifiedDate":"2023-08-24"},{"lineNumber":180,"author":{"gitId":"yongning0310"},"content":"                            // update duke.txt","lastModifiedDate":"2023-08-30"},{"lineNumber":181,"author":{"gitId":"yongning0310"},"content":"                            if (details[0].trim().length() \u003d\u003d 5) {","lastModifiedDate":"2023-08-24"},{"lineNumber":182,"author":{"gitId":"yongning0310"},"content":"                                throw new InvalidEventException();","lastModifiedDate":"2023-08-24"},{"lineNumber":183,"author":{"gitId":"yongning0310"},"content":"                            } else {","lastModifiedDate":"2023-08-24"},{"lineNumber":184,"author":{"gitId":"yongning0310"},"content":"                                newTask \u003d new Event(details[0].split(\"/\")[0].substring(6),","lastModifiedDate":"2023-08-24"},{"lineNumber":185,"author":{"gitId":"yongning0310"},"content":"                                        input.split(\"from\")[1].split(\"/to\")[0].trim(),","lastModifiedDate":"2023-08-30"},{"lineNumber":186,"author":{"gitId":"yongning0310"},"content":"                                        input.split(\"to\")[1].trim());","lastModifiedDate":"2023-08-30"},{"lineNumber":187,"author":{"gitId":"yongning0310"},"content":"                                tasklists.add(newTask);","lastModifiedDate":"2023-08-24"},{"lineNumber":188,"author":{"gitId":"yongning0310"},"content":"                            }","lastModifiedDate":"2023-08-24"},{"lineNumber":189,"author":{"gitId":"yongning0310"},"content":"                            break;","lastModifiedDate":"2023-08-24"},{"lineNumber":190,"author":{"gitId":"yongning0310"},"content":"                        case CLEAR:","lastModifiedDate":"2023-08-30"},{"lineNumber":191,"author":{"gitId":"yongning0310"},"content":"","lastModifiedDate":"2023-08-30"},{"lineNumber":192,"author":{"gitId":"yongning0310"},"content":"                            tasklists.clear();","lastModifiedDate":"2023-08-30"},{"lineNumber":193,"author":{"gitId":"yongning0310"},"content":"                            Task.clear();","lastModifiedDate":"2023-08-30"},{"lineNumber":194,"author":{"gitId":"yongning0310"},"content":"                            break;","lastModifiedDate":"2023-08-30"},{"lineNumber":195,"author":{"gitId":"yongning0310"},"content":"","lastModifiedDate":"2023-08-24"},{"lineNumber":196,"author":{"gitId":"yongning0310"},"content":"                        default:","lastModifiedDate":"2023-08-24"},{"lineNumber":197,"author":{"gitId":"yongning0310"},"content":"                            break;","lastModifiedDate":"2023-08-24"},{"lineNumber":198,"author":{"gitId":"yongning0310"},"content":"                    }","lastModifiedDate":"2023-08-24"},{"lineNumber":199,"author":{"gitId":"yongning0310"},"content":"                }","lastModifiedDate":"2023-08-24"},{"lineNumber":200,"author":{"gitId":"yongning0310"},"content":"                if (command \u003d\u003d Command.BYE) {","lastModifiedDate":"2023-08-24"},{"lineNumber":201,"author":{"gitId":"yongning0310"},"content":"                    writeToDB(tasklists);","lastModifiedDate":"2023-08-30"},{"lineNumber":202,"author":{"gitId":"yongning0310"},"content":"                    break;","lastModifiedDate":"2023-08-24"},{"lineNumber":203,"author":{"gitId":"yongning0310"},"content":"                }","lastModifiedDate":"2023-08-24"},{"lineNumber":204,"author":{"gitId":"yongning0310"},"content":"            } catch (DukeException e){","lastModifiedDate":"2023-08-24"},{"lineNumber":205,"author":{"gitId":"yongning0310"},"content":"                System.out.println(e);","lastModifiedDate":"2023-08-24"},{"lineNumber":206,"author":{"gitId":"yongning0310"},"content":"            }","lastModifiedDate":"2023-08-24"},{"lineNumber":207,"author":{"gitId":"yongning0310"},"content":"            System.out.println(\"____________________________________________________________\");","lastModifiedDate":"2023-08-24"},{"lineNumber":208,"author":{"gitId":"yongning0310"},"content":"","lastModifiedDate":"2023-08-24"},{"lineNumber":209,"author":{"gitId":"yongning0310"},"content":"        }","lastModifiedDate":"2023-08-24"},{"lineNumber":210,"author":{"gitId":"yongning0310"},"content":"","lastModifiedDate":"2023-08-24"},{"lineNumber":211,"author":{"gitId":"yongning0310"},"content":"        scanner.close();","lastModifiedDate":"2023-08-24"},{"lineNumber":212,"author":{"gitId":"yongning0310"},"content":"    }","lastModifiedDate":"2023-08-24"},{"lineNumber":213,"author":{"gitId":"yongning0310"},"content":"}","lastModifiedDate":"2023-08-24"}],"authorContributionMap":{"yongning0310":213}},{"path":"src/main/java/DateTimeUtils.java","fileType":"java","lines":[{"lineNumber":1,"author":{"gitId":"yongning0310"},"content":"import java.time.LocalDate;","lastModifiedDate":"2023-08-30"},{"lineNumber":2,"author":{"gitId":"yongning0310"},"content":"import java.time.LocalDateTime;","lastModifiedDate":"2023-08-30"},{"lineNumber":3,"author":{"gitId":"yongning0310"},"content":"import java.time.format.DateTimeFormatter;","lastModifiedDate":"2023-08-30"},{"lineNumber":4,"author":{"gitId":"yongning0310"},"content":"import java.time.format.DateTimeParseException;","lastModifiedDate":"2023-08-30"},{"lineNumber":5,"author":{"gitId":"yongning0310"},"content":"import java.util.Arrays;","lastModifiedDate":"2023-08-30"},{"lineNumber":6,"author":{"gitId":"yongning0310"},"content":"import java.util.List;","lastModifiedDate":"2023-08-30"},{"lineNumber":7,"author":{"gitId":"yongning0310"},"content":"","lastModifiedDate":"2023-08-30"},{"lineNumber":8,"author":{"gitId":"yongning0310"},"content":"public class DateTimeUtils {","lastModifiedDate":"2023-08-30"},{"lineNumber":9,"author":{"gitId":"yongning0310"},"content":"","lastModifiedDate":"2023-08-30"},{"lineNumber":10,"author":{"gitId":"yongning0310"},"content":"    public static String localDateTimeToString(LocalDateTime dateTime) {","lastModifiedDate":"2023-08-30"},{"lineNumber":11,"author":{"gitId":"yongning0310"},"content":"        // Base date format","lastModifiedDate":"2023-08-30"},{"lineNumber":12,"author":{"gitId":"yongning0310"},"content":"        DateTimeFormatter dateFormatter \u003d DateTimeFormatter.ofPattern(\"MMM d yyyy\");","lastModifiedDate":"2023-08-30"},{"lineNumber":13,"author":{"gitId":"yongning0310"},"content":"","lastModifiedDate":"2023-08-30"},{"lineNumber":14,"author":{"gitId":"yongning0310"},"content":"        // Time format","lastModifiedDate":"2023-08-30"},{"lineNumber":15,"author":{"gitId":"yongning0310"},"content":"        DateTimeFormatter timeFormatter \u003d DateTimeFormatter.ofPattern(\"ha\");","lastModifiedDate":"2023-08-30"},{"lineNumber":16,"author":{"gitId":"yongning0310"},"content":"","lastModifiedDate":"2023-08-30"},{"lineNumber":17,"author":{"gitId":"yongning0310"},"content":"        String result \u003d dateTime.format(dateFormatter);","lastModifiedDate":"2023-08-30"},{"lineNumber":18,"author":{"gitId":"yongning0310"},"content":"","lastModifiedDate":"2023-08-30"},{"lineNumber":19,"author":{"gitId":"yongning0310"},"content":"        // Add time if it exists and isn\u0027t midnight","lastModifiedDate":"2023-08-30"},{"lineNumber":20,"author":{"gitId":"yongning0310"},"content":"        if (!(dateTime.getHour() \u003d\u003d 0 \u0026\u0026 dateTime.getMinute() \u003d\u003d 0)) {","lastModifiedDate":"2023-08-30"},{"lineNumber":21,"author":{"gitId":"yongning0310"},"content":"            result +\u003d \" \" + dateTime.format(timeFormatter).toLowerCase();","lastModifiedDate":"2023-08-30"},{"lineNumber":22,"author":{"gitId":"yongning0310"},"content":"        }","lastModifiedDate":"2023-08-30"},{"lineNumber":23,"author":{"gitId":"yongning0310"},"content":"","lastModifiedDate":"2023-08-30"},{"lineNumber":24,"author":{"gitId":"yongning0310"},"content":"        return result;","lastModifiedDate":"2023-08-30"},{"lineNumber":25,"author":{"gitId":"yongning0310"},"content":"    }","lastModifiedDate":"2023-08-30"},{"lineNumber":26,"author":{"gitId":"yongning0310"},"content":"","lastModifiedDate":"2023-08-30"},{"lineNumber":27,"author":{"gitId":"yongning0310"},"content":"    public static LocalDateTime stringToLocalDateTime(String dateTimeString) throws InvalidDateTimeException {","lastModifiedDate":"2023-08-30"},{"lineNumber":28,"author":{"gitId":"yongning0310"},"content":"        List\u003cString\u003e patterns \u003d Arrays.asList(","lastModifiedDate":"2023-08-30"},{"lineNumber":29,"author":{"gitId":"yongning0310"},"content":"                \"M/d/yyyy HHmm\",","lastModifiedDate":"2023-08-30"},{"lineNumber":30,"author":{"gitId":"yongning0310"},"content":"                \"M/d/yyyy\",","lastModifiedDate":"2023-08-30"},{"lineNumber":31,"author":{"gitId":"yongning0310"},"content":"                \"yyyy-MM-dd\",","lastModifiedDate":"2023-08-30"},{"lineNumber":32,"author":{"gitId":"yongning0310"},"content":"                \"yyyy-MM-dd HHmm\"","lastModifiedDate":"2023-08-30"},{"lineNumber":33,"author":{"gitId":"yongning0310"},"content":"        );","lastModifiedDate":"2023-08-30"},{"lineNumber":34,"author":{"gitId":"yongning0310"},"content":"","lastModifiedDate":"2023-08-30"},{"lineNumber":35,"author":{"gitId":"yongning0310"},"content":"        for (String pattern : patterns) {","lastModifiedDate":"2023-08-30"},{"lineNumber":36,"author":{"gitId":"yongning0310"},"content":"            try {","lastModifiedDate":"2023-08-30"},{"lineNumber":37,"author":{"gitId":"yongning0310"},"content":"                DateTimeFormatter formatter \u003d DateTimeFormatter.ofPattern(pattern);","lastModifiedDate":"2023-08-30"},{"lineNumber":38,"author":{"gitId":"yongning0310"},"content":"","lastModifiedDate":"2023-08-30"},{"lineNumber":39,"author":{"gitId":"yongning0310"},"content":"                if (!pattern.contains(\"H\")) {","lastModifiedDate":"2023-08-30"},{"lineNumber":40,"author":{"gitId":"yongning0310"},"content":"                    LocalDate date \u003d LocalDate.parse(dateTimeString, formatter);","lastModifiedDate":"2023-08-30"},{"lineNumber":41,"author":{"gitId":"yongning0310"},"content":"                    return date.atStartOfDay();","lastModifiedDate":"2023-08-30"},{"lineNumber":42,"author":{"gitId":"yongning0310"},"content":"                }","lastModifiedDate":"2023-08-30"},{"lineNumber":43,"author":{"gitId":"yongning0310"},"content":"","lastModifiedDate":"2023-08-30"},{"lineNumber":44,"author":{"gitId":"yongning0310"},"content":"                return LocalDateTime.parse(dateTimeString, formatter);","lastModifiedDate":"2023-08-30"},{"lineNumber":45,"author":{"gitId":"yongning0310"},"content":"            } catch (DateTimeParseException e) {","lastModifiedDate":"2023-08-30"},{"lineNumber":46,"author":{"gitId":"yongning0310"},"content":"                // Continue to the next pattern","lastModifiedDate":"2023-08-30"},{"lineNumber":47,"author":{"gitId":"yongning0310"},"content":"            }","lastModifiedDate":"2023-08-30"},{"lineNumber":48,"author":{"gitId":"yongning0310"},"content":"        }","lastModifiedDate":"2023-08-30"},{"lineNumber":49,"author":{"gitId":"yongning0310"},"content":"","lastModifiedDate":"2023-08-30"},{"lineNumber":50,"author":{"gitId":"yongning0310"},"content":"        throw new InvalidDateTimeException();","lastModifiedDate":"2023-08-30"},{"lineNumber":51,"author":{"gitId":"yongning0310"},"content":"    }","lastModifiedDate":"2023-08-30"},{"lineNumber":52,"author":{"gitId":"yongning0310"},"content":"","lastModifiedDate":"2023-08-30"},{"lineNumber":53,"author":{"gitId":"yongning0310"},"content":"}","lastModifiedDate":"2023-08-30"}],"authorContributionMap":{"yongning0310":53}},{"path":"src/main/java/Deadline.java","fileType":"java","lines":[{"lineNumber":1,"author":{"gitId":"yongning0310"},"content":"import java.time.LocalDateTime;","lastModifiedDate":"2023-08-30"},{"lineNumber":2,"author":{"gitId":"yongning0310"},"content":"","lastModifiedDate":"2023-08-30"},{"lineNumber":3,"author":{"gitId":"yongning0310"},"content":"public class Deadline extends Task{","lastModifiedDate":"2023-08-24"},{"lineNumber":4,"author":{"gitId":"yongning0310"},"content":"    protected LocalDateTime date;","lastModifiedDate":"2023-08-30"},{"lineNumber":5,"author":{"gitId":"yongning0310"},"content":"    public Deadline(String description, String date) throws InvalidDateTimeException {","lastModifiedDate":"2023-08-30"},{"lineNumber":6,"author":{"gitId":"yongning0310"},"content":"        super(description, \"D\");","lastModifiedDate":"2023-08-24"},{"lineNumber":7,"author":{"gitId":"yongning0310"},"content":"        this.date \u003d  DateTimeUtils.stringToLocalDateTime(date);","lastModifiedDate":"2023-08-30"},{"lineNumber":8,"author":{"gitId":"yongning0310"},"content":"        this.addedTaskDescription();","lastModifiedDate":"2023-08-24"},{"lineNumber":9,"author":{"gitId":"yongning0310"},"content":"    }","lastModifiedDate":"2023-08-24"},{"lineNumber":10,"author":{"gitId":"yongning0310"},"content":"    @Override","lastModifiedDate":"2023-08-24"},{"lineNumber":11,"author":{"gitId":"yongning0310"},"content":"    public String getDetails(){","lastModifiedDate":"2023-08-24"},{"lineNumber":12,"author":{"gitId":"yongning0310"},"content":"        return String.format(\" (by: %s)\",","lastModifiedDate":"2023-08-30"},{"lineNumber":13,"author":{"gitId":"yongning0310"},"content":"                DateTimeUtils.localDateTimeToString(this.date));","lastModifiedDate":"2023-08-30"},{"lineNumber":14,"author":{"gitId":"yongning0310"},"content":"    }","lastModifiedDate":"2023-08-30"},{"lineNumber":15,"author":{"gitId":"yongning0310"},"content":"","lastModifiedDate":"2023-08-30"},{"lineNumber":16,"author":{"gitId":"yongning0310"},"content":"    public String getDBString() {","lastModifiedDate":"2023-08-30"},{"lineNumber":17,"author":{"gitId":"yongning0310"},"content":"        return String.format(\"%s | %s | %s | %s\",","lastModifiedDate":"2023-08-30"},{"lineNumber":18,"author":{"gitId":"yongning0310"},"content":"                \"D\",this.isDone() ? \"1\" : \"0\",","lastModifiedDate":"2023-08-30"},{"lineNumber":19,"author":{"gitId":"yongning0310"},"content":"                this.description,","lastModifiedDate":"2023-08-30"},{"lineNumber":20,"author":{"gitId":"yongning0310"},"content":"                DateTimeUtils.localDateTimeToString(this.date));","lastModifiedDate":"2023-08-30"},{"lineNumber":21,"author":{"gitId":"yongning0310"},"content":"    }","lastModifiedDate":"2023-08-24"},{"lineNumber":22,"author":{"gitId":"yongning0310"},"content":"}","lastModifiedDate":"2023-08-24"}],"authorContributionMap":{"yongning0310":22}},{"path":"src/main/java/Duke.java","fileType":"java","lines":[{"lineNumber":1,"author":{"gitId":"-"},"content":"public class Duke {","lastModifiedDate":"2019-07-29"},{"lineNumber":2,"author":{"gitId":"-"},"content":"    public static void main(String[] args) {","lastModifiedDate":"2019-07-29"},{"lineNumber":3,"author":{"gitId":"yongning0310"},"content":"        String logo \u003d \" ██▄   ████▄    ▄     ▄▀  \\n\" +","lastModifiedDate":"2023-08-24"},{"lineNumber":4,"author":{"gitId":"yongning0310"},"content":"                \"█  █  █   █     █  ▄▀    \\n\" +","lastModifiedDate":"2023-08-24"},{"lineNumber":5,"author":{"gitId":"yongning0310"},"content":"                \"█   █ █   █ ██   █ █ ▀▄  \\n\" +","lastModifiedDate":"2023-08-24"},{"lineNumber":6,"author":{"gitId":"yongning0310"},"content":"                \"█  █  ▀████ █ █  █ █   █ \\n\" +","lastModifiedDate":"2023-08-24"},{"lineNumber":7,"author":{"gitId":"yongning0310"},"content":"                \"███▀        █  █ █  ███  \\n\" +","lastModifiedDate":"2023-08-24"},{"lineNumber":8,"author":{"gitId":"yongning0310"},"content":"                \"            █   ██       \\n\" +","lastModifiedDate":"2023-08-24"},{"lineNumber":9,"author":{"gitId":"yongning0310"},"content":"                \"                         \";","lastModifiedDate":"2023-08-24"},{"lineNumber":10,"author":{"gitId":"yongning0310"},"content":"        System.out.println(\"Hello from\\n\" + \"Dong\");","lastModifiedDate":"2023-08-24"},{"lineNumber":11,"author":{"gitId":"yongning0310"},"content":"        System.out.println(\"What can I do for you?\\n\");","lastModifiedDate":"2023-08-24"},{"lineNumber":12,"author":{"gitId":"yongning0310"},"content":"        CommandFactory.CommandActions();","lastModifiedDate":"2023-08-24"},{"lineNumber":13,"author":{"gitId":"-"},"content":"    }","lastModifiedDate":"2019-07-29"},{"lineNumber":14,"author":{"gitId":"-"},"content":"}","lastModifiedDate":"2019-07-29"}],"authorContributionMap":{"yongning0310":10,"-":4}},{"path":"src/main/java/DukeException.java","fileType":"java","lines":[{"lineNumber":1,"author":{"gitId":"yongning0310"},"content":"/**","lastModifiedDate":"2023-08-24"},{"lineNumber":2,"author":{"gitId":"yongning0310"},"content":" * Abstract class representing a custom exception for the Duke application.","lastModifiedDate":"2023-08-24"},{"lineNumber":3,"author":{"gitId":"yongning0310"},"content":" * Specific types of exceptions should extend this class.","lastModifiedDate":"2023-08-24"},{"lineNumber":4,"author":{"gitId":"yongning0310"},"content":" */","lastModifiedDate":"2023-08-24"},{"lineNumber":5,"author":{"gitId":"yongning0310"},"content":"public abstract class DukeException extends Exception{","lastModifiedDate":"2023-08-24"},{"lineNumber":6,"author":{"gitId":"yongning0310"},"content":"    /**","lastModifiedDate":"2023-08-24"},{"lineNumber":7,"author":{"gitId":"yongning0310"},"content":"     * Default constructor for DukeException.","lastModifiedDate":"2023-08-24"},{"lineNumber":8,"author":{"gitId":"yongning0310"},"content":"     */","lastModifiedDate":"2023-08-24"},{"lineNumber":9,"author":{"gitId":"yongning0310"},"content":"    public DukeException(){","lastModifiedDate":"2023-08-24"},{"lineNumber":10,"author":{"gitId":"yongning0310"},"content":"        super();","lastModifiedDate":"2023-08-24"},{"lineNumber":11,"author":{"gitId":"yongning0310"},"content":"    }","lastModifiedDate":"2023-08-24"},{"lineNumber":12,"author":{"gitId":"yongning0310"},"content":"","lastModifiedDate":"2023-08-24"},{"lineNumber":13,"author":{"gitId":"yongning0310"},"content":"    /**","lastModifiedDate":"2023-08-24"},{"lineNumber":14,"author":{"gitId":"yongning0310"},"content":"     * Returns the string representation of the exception.","lastModifiedDate":"2023-08-24"},{"lineNumber":15,"author":{"gitId":"yongning0310"},"content":"     * It calls the toString() method from the superclass.","lastModifiedDate":"2023-08-24"},{"lineNumber":16,"author":{"gitId":"yongning0310"},"content":"     *","lastModifiedDate":"2023-08-24"},{"lineNumber":17,"author":{"gitId":"yongning0310"},"content":"     * @return A string representing the exception.","lastModifiedDate":"2023-08-24"},{"lineNumber":18,"author":{"gitId":"yongning0310"},"content":"     */","lastModifiedDate":"2023-08-24"},{"lineNumber":19,"author":{"gitId":"yongning0310"},"content":"    @Override","lastModifiedDate":"2023-08-24"},{"lineNumber":20,"author":{"gitId":"yongning0310"},"content":"    public String toString() {","lastModifiedDate":"2023-08-24"},{"lineNumber":21,"author":{"gitId":"yongning0310"},"content":"        return super.toString();","lastModifiedDate":"2023-08-24"},{"lineNumber":22,"author":{"gitId":"yongning0310"},"content":"    }","lastModifiedDate":"2023-08-24"},{"lineNumber":23,"author":{"gitId":"yongning0310"},"content":"}","lastModifiedDate":"2023-08-24"}],"authorContributionMap":{"yongning0310":23}},{"path":"src/main/java/Event.java","fileType":"java","lines":[{"lineNumber":1,"author":{"gitId":"yongning0310"},"content":"import java.time.LocalDateTime;","lastModifiedDate":"2023-08-30"},{"lineNumber":2,"author":{"gitId":"yongning0310"},"content":"","lastModifiedDate":"2023-08-30"},{"lineNumber":3,"author":{"gitId":"yongning0310"},"content":"public class Event extends Task {","lastModifiedDate":"2023-08-24"},{"lineNumber":4,"author":{"gitId":"yongning0310"},"content":"    protected LocalDateTime start;","lastModifiedDate":"2023-08-30"},{"lineNumber":5,"author":{"gitId":"yongning0310"},"content":"    protected LocalDateTime end;","lastModifiedDate":"2023-08-30"},{"lineNumber":6,"author":{"gitId":"yongning0310"},"content":"    public Event(String description, String start, String end) throws InvalidDateTimeException {","lastModifiedDate":"2023-08-30"},{"lineNumber":7,"author":{"gitId":"yongning0310"},"content":"        super(description, \"E\");","lastModifiedDate":"2023-08-24"},{"lineNumber":8,"author":{"gitId":"yongning0310"},"content":"        this.start \u003d DateTimeUtils.stringToLocalDateTime(start);","lastModifiedDate":"2023-08-30"},{"lineNumber":9,"author":{"gitId":"yongning0310"},"content":"        this.end \u003d DateTimeUtils.stringToLocalDateTime(end);","lastModifiedDate":"2023-08-30"},{"lineNumber":10,"author":{"gitId":"yongning0310"},"content":"        this.addedTaskDescription();","lastModifiedDate":"2023-08-24"},{"lineNumber":11,"author":{"gitId":"yongning0310"},"content":"    }","lastModifiedDate":"2023-08-24"},{"lineNumber":12,"author":{"gitId":"yongning0310"},"content":"    @Override","lastModifiedDate":"2023-08-24"},{"lineNumber":13,"author":{"gitId":"yongning0310"},"content":"    public String getDetails(){","lastModifiedDate":"2023-08-24"},{"lineNumber":14,"author":{"gitId":"yongning0310"},"content":"        return String.format(\" (from: %s to: %s)\",","lastModifiedDate":"2023-08-30"},{"lineNumber":15,"author":{"gitId":"yongning0310"},"content":"                DateTimeUtils.localDateTimeToString(start),","lastModifiedDate":"2023-08-30"},{"lineNumber":16,"author":{"gitId":"yongning0310"},"content":"                DateTimeUtils.localDateTimeToString(end));","lastModifiedDate":"2023-08-30"},{"lineNumber":17,"author":{"gitId":"yongning0310"},"content":"    }","lastModifiedDate":"2023-08-30"},{"lineNumber":18,"author":{"gitId":"yongning0310"},"content":"","lastModifiedDate":"2023-08-30"},{"lineNumber":19,"author":{"gitId":"yongning0310"},"content":"    public String getDBString() {","lastModifiedDate":"2023-08-30"},{"lineNumber":20,"author":{"gitId":"yongning0310"},"content":"        return String.format(\"%s | %s | %s | %s | %s\",","lastModifiedDate":"2023-08-30"},{"lineNumber":21,"author":{"gitId":"yongning0310"},"content":"                \"E\",this.isDone() ? \"1\" : \"0\",","lastModifiedDate":"2023-08-30"},{"lineNumber":22,"author":{"gitId":"yongning0310"},"content":"                this.description,","lastModifiedDate":"2023-08-30"},{"lineNumber":23,"author":{"gitId":"yongning0310"},"content":"                DateTimeUtils.localDateTimeToString(this.start),","lastModifiedDate":"2023-08-30"},{"lineNumber":24,"author":{"gitId":"yongning0310"},"content":"                DateTimeUtils.localDateTimeToString(this.end));","lastModifiedDate":"2023-08-30"},{"lineNumber":25,"author":{"gitId":"yongning0310"},"content":"    }","lastModifiedDate":"2023-08-24"},{"lineNumber":26,"author":{"gitId":"yongning0310"},"content":"}","lastModifiedDate":"2023-08-24"}],"authorContributionMap":{"yongning0310":26}},{"path":"src/main/java/InvalidDateTimeException.java","fileType":"java","lines":[{"lineNumber":1,"author":{"gitId":"yongning0310"},"content":"public class InvalidDateTimeException extends DukeException{","lastModifiedDate":"2023-08-30"},{"lineNumber":2,"author":{"gitId":"yongning0310"},"content":"    public InvalidDateTimeException() {","lastModifiedDate":"2023-08-30"},{"lineNumber":3,"author":{"gitId":"yongning0310"},"content":"        super();","lastModifiedDate":"2023-08-30"},{"lineNumber":4,"author":{"gitId":"yongning0310"},"content":"    }","lastModifiedDate":"2023-08-30"},{"lineNumber":5,"author":{"gitId":"yongning0310"},"content":"","lastModifiedDate":"2023-08-30"},{"lineNumber":6,"author":{"gitId":"yongning0310"},"content":"    @Override","lastModifiedDate":"2023-08-30"},{"lineNumber":7,"author":{"gitId":"yongning0310"},"content":"    public String toString() {","lastModifiedDate":"2023-08-30"},{"lineNumber":8,"author":{"gitId":"yongning0310"},"content":"        return \"☹ OOPS!!! The datetime format is invalid.\";","lastModifiedDate":"2023-08-30"},{"lineNumber":9,"author":{"gitId":"yongning0310"},"content":"    }","lastModifiedDate":"2023-08-30"},{"lineNumber":10,"author":{"gitId":"yongning0310"},"content":"}","lastModifiedDate":"2023-08-30"},{"lineNumber":11,"author":{"gitId":"yongning0310"},"content":"","lastModifiedDate":"2023-08-30"}],"authorContributionMap":{"yongning0310":11}},{"path":"src/main/java/InvalidDeadlineException.java","fileType":"java","lines":[{"lineNumber":1,"author":{"gitId":"yongning0310"},"content":"public class InvalidDeadlineException extends DukeException{","lastModifiedDate":"2023-08-24"},{"lineNumber":2,"author":{"gitId":"yongning0310"},"content":"    public InvalidDeadlineException() {","lastModifiedDate":"2023-08-24"},{"lineNumber":3,"author":{"gitId":"yongning0310"},"content":"        super();","lastModifiedDate":"2023-08-24"},{"lineNumber":4,"author":{"gitId":"yongning0310"},"content":"    }","lastModifiedDate":"2023-08-24"},{"lineNumber":5,"author":{"gitId":"yongning0310"},"content":"","lastModifiedDate":"2023-08-24"},{"lineNumber":6,"author":{"gitId":"yongning0310"},"content":"    @Override","lastModifiedDate":"2023-08-24"},{"lineNumber":7,"author":{"gitId":"yongning0310"},"content":"    public String toString() {","lastModifiedDate":"2023-08-24"},{"lineNumber":8,"author":{"gitId":"yongning0310"},"content":"        return \"☹ OOPS!!! The description of a deadline cannot be empty.\";","lastModifiedDate":"2023-08-24"},{"lineNumber":9,"author":{"gitId":"yongning0310"},"content":"    }","lastModifiedDate":"2023-08-24"},{"lineNumber":10,"author":{"gitId":"yongning0310"},"content":"}","lastModifiedDate":"2023-08-24"},{"lineNumber":11,"author":{"gitId":"yongning0310"},"content":"","lastModifiedDate":"2023-08-30"}],"authorContributionMap":{"yongning0310":11}},{"path":"src/main/java/InvalidEventException.java","fileType":"java","lines":[{"lineNumber":1,"author":{"gitId":"yongning0310"},"content":"public class InvalidEventException extends DukeException{","lastModifiedDate":"2023-08-24"},{"lineNumber":2,"author":{"gitId":"yongning0310"},"content":"    public InvalidEventException() {","lastModifiedDate":"2023-08-24"},{"lineNumber":3,"author":{"gitId":"yongning0310"},"content":"        super();","lastModifiedDate":"2023-08-24"},{"lineNumber":4,"author":{"gitId":"yongning0310"},"content":"    }","lastModifiedDate":"2023-08-24"},{"lineNumber":5,"author":{"gitId":"yongning0310"},"content":"","lastModifiedDate":"2023-08-24"},{"lineNumber":6,"author":{"gitId":"yongning0310"},"content":"    @Override","lastModifiedDate":"2023-08-24"},{"lineNumber":7,"author":{"gitId":"yongning0310"},"content":"    public String toString() {","lastModifiedDate":"2023-08-24"},{"lineNumber":8,"author":{"gitId":"yongning0310"},"content":"        return \"☹ OOPS!!! The description of an event cannot be empty.\";","lastModifiedDate":"2023-08-24"},{"lineNumber":9,"author":{"gitId":"yongning0310"},"content":"    }","lastModifiedDate":"2023-08-24"},{"lineNumber":10,"author":{"gitId":"yongning0310"},"content":"}","lastModifiedDate":"2023-08-24"},{"lineNumber":11,"author":{"gitId":"yongning0310"},"content":"","lastModifiedDate":"2023-08-24"}],"authorContributionMap":{"yongning0310":11}},{"path":"src/main/java/InvalidInputException.java","fileType":"java","lines":[{"lineNumber":1,"author":{"gitId":"yongning0310"},"content":"public class InvalidInputException extends DukeException{","lastModifiedDate":"2023-08-24"},{"lineNumber":2,"author":{"gitId":"yongning0310"},"content":"    public InvalidInputException() {","lastModifiedDate":"2023-08-24"},{"lineNumber":3,"author":{"gitId":"yongning0310"},"content":"        super();","lastModifiedDate":"2023-08-24"},{"lineNumber":4,"author":{"gitId":"yongning0310"},"content":"    }","lastModifiedDate":"2023-08-24"},{"lineNumber":5,"author":{"gitId":"yongning0310"},"content":"","lastModifiedDate":"2023-08-24"},{"lineNumber":6,"author":{"gitId":"yongning0310"},"content":"    @Override","lastModifiedDate":"2023-08-24"},{"lineNumber":7,"author":{"gitId":"yongning0310"},"content":"    public String toString() {","lastModifiedDate":"2023-08-24"},{"lineNumber":8,"author":{"gitId":"yongning0310"},"content":"        return \"☹ OOPS!!! I\u0027m sorry, but I don\u0027t know what that means :-(\";","lastModifiedDate":"2023-08-24"},{"lineNumber":9,"author":{"gitId":"yongning0310"},"content":"    }","lastModifiedDate":"2023-08-24"},{"lineNumber":10,"author":{"gitId":"yongning0310"},"content":"}","lastModifiedDate":"2023-08-24"}],"authorContributionMap":{"yongning0310":10}},{"path":"src/main/java/InvalidListNumberException.java","fileType":"java","lines":[{"lineNumber":1,"author":{"gitId":"yongning0310"},"content":"public class InvalidListNumberException extends DukeException{","lastModifiedDate":"2023-08-24"},{"lineNumber":2,"author":{"gitId":"yongning0310"},"content":"    public InvalidListNumberException() {","lastModifiedDate":"2023-08-24"},{"lineNumber":3,"author":{"gitId":"yongning0310"},"content":"        super();","lastModifiedDate":"2023-08-24"},{"lineNumber":4,"author":{"gitId":"yongning0310"},"content":"    }","lastModifiedDate":"2023-08-24"},{"lineNumber":5,"author":{"gitId":"yongning0310"},"content":"","lastModifiedDate":"2023-08-24"},{"lineNumber":6,"author":{"gitId":"yongning0310"},"content":"    @Override","lastModifiedDate":"2023-08-24"},{"lineNumber":7,"author":{"gitId":"yongning0310"},"content":"    public String toString() {","lastModifiedDate":"2023-08-24"},{"lineNumber":8,"author":{"gitId":"yongning0310"},"content":"        return \"☹ OOPS!!! The task number entered is invalid.\";","lastModifiedDate":"2023-08-24"},{"lineNumber":9,"author":{"gitId":"yongning0310"},"content":"    }","lastModifiedDate":"2023-08-24"},{"lineNumber":10,"author":{"gitId":"yongning0310"},"content":"}","lastModifiedDate":"2023-08-24"},{"lineNumber":11,"author":{"gitId":"yongning0310"},"content":"","lastModifiedDate":"2023-08-24"}],"authorContributionMap":{"yongning0310":11}},{"path":"src/main/java/InvalidToDoException.java","fileType":"java","lines":[{"lineNumber":1,"author":{"gitId":"yongning0310"},"content":"public class InvalidToDoException extends DukeException{","lastModifiedDate":"2023-08-24"},{"lineNumber":2,"author":{"gitId":"yongning0310"},"content":"    public InvalidToDoException() {","lastModifiedDate":"2023-08-24"},{"lineNumber":3,"author":{"gitId":"yongning0310"},"content":"        super();","lastModifiedDate":"2023-08-24"},{"lineNumber":4,"author":{"gitId":"yongning0310"},"content":"    }","lastModifiedDate":"2023-08-24"},{"lineNumber":5,"author":{"gitId":"yongning0310"},"content":"","lastModifiedDate":"2023-08-24"},{"lineNumber":6,"author":{"gitId":"yongning0310"},"content":"    @Override","lastModifiedDate":"2023-08-24"},{"lineNumber":7,"author":{"gitId":"yongning0310"},"content":"    public String toString() {","lastModifiedDate":"2023-08-24"},{"lineNumber":8,"author":{"gitId":"yongning0310"},"content":"        return \"☹ OOPS!!! The description of a todo cannot be empty.\";","lastModifiedDate":"2023-08-24"},{"lineNumber":9,"author":{"gitId":"yongning0310"},"content":"    }","lastModifiedDate":"2023-08-24"},{"lineNumber":10,"author":{"gitId":"yongning0310"},"content":"}","lastModifiedDate":"2023-08-24"}],"authorContributionMap":{"yongning0310":10}},{"path":"src/main/java/Task.java","fileType":"java","lines":[{"lineNumber":1,"author":{"gitId":"yongning0310"},"content":"/**","lastModifiedDate":"2023-08-24"},{"lineNumber":2,"author":{"gitId":"yongning0310"},"content":" * Abstract class representing a general task.","lastModifiedDate":"2023-08-24"},{"lineNumber":3,"author":{"gitId":"yongning0310"},"content":" * Specific types of tasks (e.g., ToDo, Deadline, Event) should extend this class.","lastModifiedDate":"2023-08-24"},{"lineNumber":4,"author":{"gitId":"yongning0310"},"content":" */","lastModifiedDate":"2023-08-24"},{"lineNumber":5,"author":{"gitId":"yongning0310"},"content":"public abstract class Task {","lastModifiedDate":"2023-08-24"},{"lineNumber":6,"author":{"gitId":"yongning0310"},"content":"    protected String description;  // Description of the task","lastModifiedDate":"2023-08-24"},{"lineNumber":7,"author":{"gitId":"yongning0310"},"content":"    protected boolean isDone; // Task completion status","lastModifiedDate":"2023-08-24"},{"lineNumber":8,"author":{"gitId":"yongning0310"},"content":"    protected String type; // Type of the task (e.g., TODO, DEADLINE, EVENT)","lastModifiedDate":"2023-08-24"},{"lineNumber":9,"author":{"gitId":"yongning0310"},"content":"    protected static int taskCount \u003d 0; // Counter for the number of tasks created","lastModifiedDate":"2023-08-24"},{"lineNumber":10,"author":{"gitId":"yongning0310"},"content":"","lastModifiedDate":"2023-08-24"},{"lineNumber":11,"author":{"gitId":"yongning0310"},"content":"    /**","lastModifiedDate":"2023-08-24"},{"lineNumber":12,"author":{"gitId":"yongning0310"},"content":"     * Abstract method to get additional details of a task.","lastModifiedDate":"2023-08-24"},{"lineNumber":13,"author":{"gitId":"yongning0310"},"content":"     * Implementation should be provided in subclasses.","lastModifiedDate":"2023-08-24"},{"lineNumber":14,"author":{"gitId":"yongning0310"},"content":"     *","lastModifiedDate":"2023-08-24"},{"lineNumber":15,"author":{"gitId":"yongning0310"},"content":"     * @return A string representing additional details of the task.","lastModifiedDate":"2023-08-24"},{"lineNumber":16,"author":{"gitId":"yongning0310"},"content":"     */","lastModifiedDate":"2023-08-24"},{"lineNumber":17,"author":{"gitId":"yongning0310"},"content":"    public abstract String getDetails();","lastModifiedDate":"2023-08-24"},{"lineNumber":18,"author":{"gitId":"yongning0310"},"content":"","lastModifiedDate":"2023-08-24"},{"lineNumber":19,"author":{"gitId":"yongning0310"},"content":"    public abstract String getDBString();","lastModifiedDate":"2023-08-30"},{"lineNumber":20,"author":{"gitId":"yongning0310"},"content":"","lastModifiedDate":"2023-08-30"},{"lineNumber":21,"author":{"gitId":"yongning0310"},"content":"","lastModifiedDate":"2023-08-30"},{"lineNumber":22,"author":{"gitId":"yongning0310"},"content":"    /**","lastModifiedDate":"2023-08-24"},{"lineNumber":23,"author":{"gitId":"yongning0310"},"content":"     * Constructor to initialize a Task object.","lastModifiedDate":"2023-08-24"},{"lineNumber":24,"author":{"gitId":"yongning0310"},"content":"     *","lastModifiedDate":"2023-08-24"},{"lineNumber":25,"author":{"gitId":"yongning0310"},"content":"     * @param description Description of the task.","lastModifiedDate":"2023-08-24"},{"lineNumber":26,"author":{"gitId":"yongning0310"},"content":"     * @param type        Type of the task.","lastModifiedDate":"2023-08-24"},{"lineNumber":27,"author":{"gitId":"yongning0310"},"content":"     */","lastModifiedDate":"2023-08-24"},{"lineNumber":28,"author":{"gitId":"yongning0310"},"content":"    public Task(String description, String type) {","lastModifiedDate":"2023-08-24"},{"lineNumber":29,"author":{"gitId":"yongning0310"},"content":"        this.description \u003d description;","lastModifiedDate":"2023-08-24"},{"lineNumber":30,"author":{"gitId":"yongning0310"},"content":"        this.isDone \u003d false;","lastModifiedDate":"2023-08-24"},{"lineNumber":31,"author":{"gitId":"yongning0310"},"content":"        this.type \u003d type;","lastModifiedDate":"2023-08-24"},{"lineNumber":32,"author":{"gitId":"yongning0310"},"content":"        Task.taskCount +\u003d 1;","lastModifiedDate":"2023-08-24"},{"lineNumber":33,"author":{"gitId":"yongning0310"},"content":"    }","lastModifiedDate":"2023-08-24"},{"lineNumber":34,"author":{"gitId":"yongning0310"},"content":"","lastModifiedDate":"2023-08-24"},{"lineNumber":35,"author":{"gitId":"yongning0310"},"content":"    public static void clear() {","lastModifiedDate":"2023-08-30"},{"lineNumber":36,"author":{"gitId":"yongning0310"},"content":"        Task.taskCount \u003d 0;","lastModifiedDate":"2023-08-30"},{"lineNumber":37,"author":{"gitId":"yongning0310"},"content":"    }","lastModifiedDate":"2023-08-30"},{"lineNumber":38,"author":{"gitId":"yongning0310"},"content":"","lastModifiedDate":"2023-08-30"},{"lineNumber":39,"author":{"gitId":"yongning0310"},"content":"    /**","lastModifiedDate":"2023-08-24"},{"lineNumber":40,"author":{"gitId":"yongning0310"},"content":"     * Prints the description of the added task and the current task count.","lastModifiedDate":"2023-08-24"},{"lineNumber":41,"author":{"gitId":"yongning0310"},"content":"     */","lastModifiedDate":"2023-08-24"},{"lineNumber":42,"author":{"gitId":"yongning0310"},"content":"    public void addedTaskDescription() {","lastModifiedDate":"2023-08-24"},{"lineNumber":43,"author":{"gitId":"yongning0310"},"content":"        System.out.println(\"Got it. I\u0027ve added this task:\");","lastModifiedDate":"2023-08-24"},{"lineNumber":44,"author":{"gitId":"yongning0310"},"content":"        System.out.println(\"   \" + this.getStatusAndDescription());","lastModifiedDate":"2023-08-24"},{"lineNumber":45,"author":{"gitId":"yongning0310"},"content":"        System.out.println(String.format(\"Now you have %s tasks in the list.\",Task.taskCount));","lastModifiedDate":"2023-08-24"},{"lineNumber":46,"author":{"gitId":"yongning0310"},"content":"    }","lastModifiedDate":"2023-08-24"},{"lineNumber":47,"author":{"gitId":"yongning0310"},"content":"","lastModifiedDate":"2023-08-24"},{"lineNumber":48,"author":{"gitId":"yongning0310"},"content":"    /**","lastModifiedDate":"2023-08-24"},{"lineNumber":49,"author":{"gitId":"yongning0310"},"content":"     * Returns the status icon based on task completion.","lastModifiedDate":"2023-08-24"},{"lineNumber":50,"author":{"gitId":"yongning0310"},"content":"     *","lastModifiedDate":"2023-08-24"},{"lineNumber":51,"author":{"gitId":"yongning0310"},"content":"     * @return \"X\" if the task is done, \" \" otherwise.","lastModifiedDate":"2023-08-24"},{"lineNumber":52,"author":{"gitId":"yongning0310"},"content":"     */","lastModifiedDate":"2023-08-24"},{"lineNumber":53,"author":{"gitId":"yongning0310"},"content":"    public String getStatusIcon() {","lastModifiedDate":"2023-08-24"},{"lineNumber":54,"author":{"gitId":"yongning0310"},"content":"        return (isDone ? \"X\" : \" \");","lastModifiedDate":"2023-08-24"},{"lineNumber":55,"author":{"gitId":"yongning0310"},"content":"    }","lastModifiedDate":"2023-08-24"},{"lineNumber":56,"author":{"gitId":"yongning0310"},"content":"","lastModifiedDate":"2023-08-24"},{"lineNumber":57,"author":{"gitId":"yongning0310"},"content":"    /**","lastModifiedDate":"2023-08-24"},{"lineNumber":58,"author":{"gitId":"yongning0310"},"content":"     * Returns the type of the task.","lastModifiedDate":"2023-08-24"},{"lineNumber":59,"author":{"gitId":"yongning0310"},"content":"     *","lastModifiedDate":"2023-08-24"},{"lineNumber":60,"author":{"gitId":"yongning0310"},"content":"     * @return A string representing the task type.","lastModifiedDate":"2023-08-24"},{"lineNumber":61,"author":{"gitId":"yongning0310"},"content":"     */","lastModifiedDate":"2023-08-24"},{"lineNumber":62,"author":{"gitId":"yongning0310"},"content":"    public String getType() {","lastModifiedDate":"2023-08-24"},{"lineNumber":63,"author":{"gitId":"yongning0310"},"content":"        return this.type;","lastModifiedDate":"2023-08-24"},{"lineNumber":64,"author":{"gitId":"yongning0310"},"content":"","lastModifiedDate":"2023-08-24"},{"lineNumber":65,"author":{"gitId":"yongning0310"},"content":"    }","lastModifiedDate":"2023-08-24"},{"lineNumber":66,"author":{"gitId":"yongning0310"},"content":"","lastModifiedDate":"2023-08-24"},{"lineNumber":67,"author":{"gitId":"yongning0310"},"content":"    /**","lastModifiedDate":"2023-08-24"},{"lineNumber":68,"author":{"gitId":"yongning0310"},"content":"     * Returns the status icon, task type, description, and additional details.","lastModifiedDate":"2023-08-24"},{"lineNumber":69,"author":{"gitId":"yongning0310"},"content":"     *","lastModifiedDate":"2023-08-24"},{"lineNumber":70,"author":{"gitId":"yongning0310"},"content":"     * @return A formatted string representing the task.","lastModifiedDate":"2023-08-24"},{"lineNumber":71,"author":{"gitId":"yongning0310"},"content":"     */","lastModifiedDate":"2023-08-24"},{"lineNumber":72,"author":{"gitId":"yongning0310"},"content":"    public String getStatusAndDescription() {","lastModifiedDate":"2023-08-24"},{"lineNumber":73,"author":{"gitId":"yongning0310"},"content":"        return String.format(\"[%s][%s] %s%s\",","lastModifiedDate":"2023-08-24"},{"lineNumber":74,"author":{"gitId":"yongning0310"},"content":"                this.getType(),","lastModifiedDate":"2023-08-24"},{"lineNumber":75,"author":{"gitId":"yongning0310"},"content":"                this.getStatusIcon(),","lastModifiedDate":"2023-08-24"},{"lineNumber":76,"author":{"gitId":"yongning0310"},"content":"                this.description,","lastModifiedDate":"2023-08-24"},{"lineNumber":77,"author":{"gitId":"yongning0310"},"content":"                this.getDetails());","lastModifiedDate":"2023-08-24"},{"lineNumber":78,"author":{"gitId":"yongning0310"},"content":"    }","lastModifiedDate":"2023-08-24"},{"lineNumber":79,"author":{"gitId":"yongning0310"},"content":"","lastModifiedDate":"2023-08-24"},{"lineNumber":80,"author":{"gitId":"yongning0310"},"content":"    /**","lastModifiedDate":"2023-08-24"},{"lineNumber":81,"author":{"gitId":"yongning0310"},"content":"     * Marks the task as done and prints a confirmation message.","lastModifiedDate":"2023-08-24"},{"lineNumber":82,"author":{"gitId":"yongning0310"},"content":"     */","lastModifiedDate":"2023-08-24"},{"lineNumber":83,"author":{"gitId":"yongning0310"},"content":"    public void markAsDone() {","lastModifiedDate":"2023-08-24"},{"lineNumber":84,"author":{"gitId":"yongning0310"},"content":"        this.isDone \u003d true;","lastModifiedDate":"2023-08-24"},{"lineNumber":85,"author":{"gitId":"yongning0310"},"content":"        System.out.println(\"Nice! I\u0027ve marked this task as done:\");","lastModifiedDate":"2023-08-24"},{"lineNumber":86,"author":{"gitId":"yongning0310"},"content":"        System.out.println(\"  \" + this.getStatusAndDescription());","lastModifiedDate":"2023-08-24"},{"lineNumber":87,"author":{"gitId":"yongning0310"},"content":"    }","lastModifiedDate":"2023-08-24"},{"lineNumber":88,"author":{"gitId":"yongning0310"},"content":"","lastModifiedDate":"2023-08-24"},{"lineNumber":89,"author":{"gitId":"yongning0310"},"content":"    /**","lastModifiedDate":"2023-08-24"},{"lineNumber":90,"author":{"gitId":"yongning0310"},"content":"     * Marks the task as not done and prints a confirmation message.","lastModifiedDate":"2023-08-24"},{"lineNumber":91,"author":{"gitId":"yongning0310"},"content":"     */","lastModifiedDate":"2023-08-24"},{"lineNumber":92,"author":{"gitId":"yongning0310"},"content":"    public void markAsNotDone() {","lastModifiedDate":"2023-08-24"},{"lineNumber":93,"author":{"gitId":"yongning0310"},"content":"        this.isDone \u003d false;","lastModifiedDate":"2023-08-24"},{"lineNumber":94,"author":{"gitId":"yongning0310"},"content":"        System.out.println(\"OK, I\u0027ve marked this task as not done yet:\");","lastModifiedDate":"2023-08-24"},{"lineNumber":95,"author":{"gitId":"yongning0310"},"content":"        System.out.println(\"  \" + this.getStatusAndDescription());","lastModifiedDate":"2023-08-24"},{"lineNumber":96,"author":{"gitId":"yongning0310"},"content":"    }","lastModifiedDate":"2023-08-24"},{"lineNumber":97,"author":{"gitId":"yongning0310"},"content":"","lastModifiedDate":"2023-08-24"},{"lineNumber":98,"author":{"gitId":"yongning0310"},"content":"    /**","lastModifiedDate":"2023-08-24"},{"lineNumber":99,"author":{"gitId":"yongning0310"},"content":"     * Deletes the task, decrements the task count, and prints a confirmation message.","lastModifiedDate":"2023-08-24"},{"lineNumber":100,"author":{"gitId":"yongning0310"},"content":"     */","lastModifiedDate":"2023-08-24"},{"lineNumber":101,"author":{"gitId":"yongning0310"},"content":"    public void deleteTask() {","lastModifiedDate":"2023-08-24"},{"lineNumber":102,"author":{"gitId":"yongning0310"},"content":"        taskCount -\u003d 1;","lastModifiedDate":"2023-08-24"},{"lineNumber":103,"author":{"gitId":"yongning0310"},"content":"        System.out.println(\"Noted. I\u0027ve removed this task:\");","lastModifiedDate":"2023-08-24"},{"lineNumber":104,"author":{"gitId":"yongning0310"},"content":"        System.out.println(\"   \" + this.getStatusAndDescription());","lastModifiedDate":"2023-08-24"},{"lineNumber":105,"author":{"gitId":"yongning0310"},"content":"        System.out.println(String.format(\"Now you have %s tasks in the list.\",Task.taskCount));","lastModifiedDate":"2023-08-24"},{"lineNumber":106,"author":{"gitId":"yongning0310"},"content":"","lastModifiedDate":"2023-08-24"},{"lineNumber":107,"author":{"gitId":"yongning0310"},"content":"    }","lastModifiedDate":"2023-08-24"},{"lineNumber":108,"author":{"gitId":"yongning0310"},"content":"","lastModifiedDate":"2023-08-24"},{"lineNumber":109,"author":{"gitId":"yongning0310"},"content":"    public boolean isDone() {","lastModifiedDate":"2023-08-30"},{"lineNumber":110,"author":{"gitId":"yongning0310"},"content":"        return this.isDone;","lastModifiedDate":"2023-08-30"},{"lineNumber":111,"author":{"gitId":"yongning0310"},"content":"    }","lastModifiedDate":"2023-08-30"},{"lineNumber":112,"author":{"gitId":"yongning0310"},"content":"","lastModifiedDate":"2023-08-30"},{"lineNumber":113,"author":{"gitId":"yongning0310"},"content":"    public String String() {","lastModifiedDate":"2023-08-30"},{"lineNumber":114,"author":{"gitId":"yongning0310"},"content":"        return this.description;","lastModifiedDate":"2023-08-30"},{"lineNumber":115,"author":{"gitId":"yongning0310"},"content":"    }","lastModifiedDate":"2023-08-30"},{"lineNumber":116,"author":{"gitId":"yongning0310"},"content":"}","lastModifiedDate":"2023-08-24"}],"authorContributionMap":{"yongning0310":116}},{"path":"src/main/java/ToDo.java","fileType":"java","lines":[{"lineNumber":1,"author":{"gitId":"yongning0310"},"content":"public class ToDo extends Task{","lastModifiedDate":"2023-08-24"},{"lineNumber":2,"author":{"gitId":"yongning0310"},"content":"","lastModifiedDate":"2023-08-24"},{"lineNumber":3,"author":{"gitId":"yongning0310"},"content":"    public ToDo(String description) {","lastModifiedDate":"2023-08-24"},{"lineNumber":4,"author":{"gitId":"yongning0310"},"content":"        super(description, \"T\");","lastModifiedDate":"2023-08-24"},{"lineNumber":5,"author":{"gitId":"yongning0310"},"content":"        this.addedTaskDescription();","lastModifiedDate":"2023-08-24"},{"lineNumber":6,"author":{"gitId":"yongning0310"},"content":"    }","lastModifiedDate":"2023-08-24"},{"lineNumber":7,"author":{"gitId":"yongning0310"},"content":"    @Override","lastModifiedDate":"2023-08-24"},{"lineNumber":8,"author":{"gitId":"yongning0310"},"content":"    public String getDetails(){","lastModifiedDate":"2023-08-24"},{"lineNumber":9,"author":{"gitId":"yongning0310"},"content":"        return \"\";","lastModifiedDate":"2023-08-24"},{"lineNumber":10,"author":{"gitId":"yongning0310"},"content":"    }","lastModifiedDate":"2023-08-24"},{"lineNumber":11,"author":{"gitId":"yongning0310"},"content":"","lastModifiedDate":"2023-08-30"},{"lineNumber":12,"author":{"gitId":"yongning0310"},"content":"    @Override","lastModifiedDate":"2023-08-30"},{"lineNumber":13,"author":{"gitId":"yongning0310"},"content":"    public String getDBString() {","lastModifiedDate":"2023-08-30"},{"lineNumber":14,"author":{"gitId":"yongning0310"},"content":"        return String.format(\"%s | %s | %s\",","lastModifiedDate":"2023-08-30"},{"lineNumber":15,"author":{"gitId":"yongning0310"},"content":"                \"T\",this.isDone() ? \"1\" : \"0\",","lastModifiedDate":"2023-08-30"},{"lineNumber":16,"author":{"gitId":"yongning0310"},"content":"                this.description);","lastModifiedDate":"2023-08-30"},{"lineNumber":17,"author":{"gitId":"yongning0310"},"content":"    }","lastModifiedDate":"2023-08-30"},{"lineNumber":18,"author":{"gitId":"yongning0310"},"content":"}","lastModifiedDate":"2023-08-24"}],"authorContributionMap":{"yongning0310":18}},{"path":"text-ui-test/input.txt","fileType":"txt","lines":[{"lineNumber":1,"author":{"gitId":"yongning0310"},"content":"bye","lastModifiedDate":"2023-08-24"}],"authorContributionMap":{"yongning0310":1}},{"path":"text-ui-test/input1.txt","fileType":"txt","lines":[{"lineNumber":1,"author":{"gitId":"yongning0310"},"content":"todo task","lastModifiedDate":"2023-08-24"},{"lineNumber":2,"author":{"gitId":"yongning0310"},"content":"todo borrow book","lastModifiedDate":"2023-08-24"},{"lineNumber":3,"author":{"gitId":"yongning0310"},"content":"deadline return book /by Sunday","lastModifiedDate":"2023-08-24"},{"lineNumber":4,"author":{"gitId":"yongning0310"},"content":"event project meeting /from Mon 2pm /to 4pm","lastModifiedDate":"2023-08-24"},{"lineNumber":5,"author":{"gitId":"yongning0310"},"content":"list","lastModifiedDate":"2023-08-24"},{"lineNumber":6,"author":{"gitId":"yongning0310"},"content":"mark 2","lastModifiedDate":"2023-08-24"},{"lineNumber":7,"author":{"gitId":"yongning0310"},"content":"mark 3","lastModifiedDate":"2023-08-24"},{"lineNumber":8,"author":{"gitId":"yongning0310"},"content":"unmark 2","lastModifiedDate":"2023-08-24"},{"lineNumber":9,"author":{"gitId":"yongning0310"},"content":"delete 3","lastModifiedDate":"2023-08-24"},{"lineNumber":10,"author":{"gitId":"yongning0310"},"content":"blah","lastModifiedDate":"2023-08-24"},{"lineNumber":11,"author":{"gitId":"yongning0310"},"content":"mark 100","lastModifiedDate":"2023-08-24"},{"lineNumber":12,"author":{"gitId":"yongning0310"},"content":"todo","lastModifiedDate":"2023-08-24"},{"lineNumber":13,"author":{"gitId":"yongning0310"},"content":"deadline","lastModifiedDate":"2023-08-24"},{"lineNumber":14,"author":{"gitId":"yongning0310"},"content":"event","lastModifiedDate":"2023-08-24"},{"lineNumber":15,"author":{"gitId":"yongning0310"},"content":"list","lastModifiedDate":"2023-08-24"},{"lineNumber":16,"author":{"gitId":"yongning0310"},"content":"bye","lastModifiedDate":"2023-08-24"},{"lineNumber":17,"author":{"gitId":"yongning0310"},"content":"","lastModifiedDate":"2023-08-30"},{"lineNumber":18,"author":{"gitId":"yongning0310"},"content":"deadline return book /by 2/12/2019","lastModifiedDate":"2023-08-30"},{"lineNumber":19,"author":{"gitId":"yongning0310"},"content":"deadline return book /by 2/12/2019 1800","lastModifiedDate":"2023-08-30"},{"lineNumber":20,"author":{"gitId":"yongning0310"},"content":"deadline return book /by 2019-10-15","lastModifiedDate":"2023-08-30"},{"lineNumber":21,"author":{"gitId":"yongning0310"},"content":"deadline return book /by 2019-10-15 1800","lastModifiedDate":"2023-08-30"},{"lineNumber":22,"author":{"gitId":"yongning0310"},"content":"event return book /from 2019-10-15 1800 /to 2019-10-15 2000","lastModifiedDate":"2023-08-30"},{"lineNumber":23,"author":{"gitId":"yongning0310"},"content":"event return book /from 2/12/2019 1800 /to 2/12/2019 2000","lastModifiedDate":"2023-08-30"},{"lineNumber":24,"author":{"gitId":"yongning0310"},"content":"event return book /from 2/12/2019  /to 2/12/2019","lastModifiedDate":"2023-08-30"},{"lineNumber":25,"author":{"gitId":"yongning0310"},"content":"event return book /from 2/12/2019 2500 /to 2/12/2019 2000","lastModifiedDate":"2023-08-30"}],"authorContributionMap":{"yongning0310":25}},{"path":"text-ui-test/runtest1.sh","fileType":"sh","lines":[{"lineNumber":1,"author":{"gitId":"yongning0310"},"content":"#!/usr/bin/env bash","lastModifiedDate":"2023-08-24"},{"lineNumber":2,"author":{"gitId":"yongning0310"},"content":"","lastModifiedDate":"2023-08-24"},{"lineNumber":3,"author":{"gitId":"yongning0310"},"content":"# create bin directory if it doesn\u0027t exist","lastModifiedDate":"2023-08-24"},{"lineNumber":4,"author":{"gitId":"yongning0310"},"content":"if [ ! -d \"../bin\" ]","lastModifiedDate":"2023-08-24"},{"lineNumber":5,"author":{"gitId":"yongning0310"},"content":"then","lastModifiedDate":"2023-08-24"},{"lineNumber":6,"author":{"gitId":"yongning0310"},"content":"    mkdir ../bin","lastModifiedDate":"2023-08-24"},{"lineNumber":7,"author":{"gitId":"yongning0310"},"content":"fi","lastModifiedDate":"2023-08-24"},{"lineNumber":8,"author":{"gitId":"yongning0310"},"content":"","lastModifiedDate":"2023-08-24"},{"lineNumber":9,"author":{"gitId":"yongning0310"},"content":"# delete output from previous run","lastModifiedDate":"2023-08-24"},{"lineNumber":10,"author":{"gitId":"yongning0310"},"content":"if [ -e \"./ACTUAL1.TXT\" ]","lastModifiedDate":"2023-08-24"},{"lineNumber":11,"author":{"gitId":"yongning0310"},"content":"then","lastModifiedDate":"2023-08-24"},{"lineNumber":12,"author":{"gitId":"yongning0310"},"content":"    rm ACTUAL1.TXT","lastModifiedDate":"2023-08-24"},{"lineNumber":13,"author":{"gitId":"yongning0310"},"content":"fi","lastModifiedDate":"2023-08-24"},{"lineNumber":14,"author":{"gitId":"yongning0310"},"content":"","lastModifiedDate":"2023-08-24"},{"lineNumber":15,"author":{"gitId":"yongning0310"},"content":"# compile the code into the bin folder, terminates if error occurred","lastModifiedDate":"2023-08-24"},{"lineNumber":16,"author":{"gitId":"yongning0310"},"content":"if ! javac -cp ../src/main/java -Xlint:none -d ../bin ../src/main/java/*.java","lastModifiedDate":"2023-08-24"},{"lineNumber":17,"author":{"gitId":"yongning0310"},"content":"then","lastModifiedDate":"2023-08-24"},{"lineNumber":18,"author":{"gitId":"yongning0310"},"content":"    echo \"********** BUILD FAILURE **********\"","lastModifiedDate":"2023-08-24"},{"lineNumber":19,"author":{"gitId":"yongning0310"},"content":"    exit 1","lastModifiedDate":"2023-08-24"},{"lineNumber":20,"author":{"gitId":"yongning0310"},"content":"fi","lastModifiedDate":"2023-08-24"},{"lineNumber":21,"author":{"gitId":"yongning0310"},"content":"","lastModifiedDate":"2023-08-24"},{"lineNumber":22,"author":{"gitId":"yongning0310"},"content":"# run the program, feed commands from input.txt file and redirect the output to the ACTUAL.TXT","lastModifiedDate":"2023-08-24"},{"lineNumber":23,"author":{"gitId":"yongning0310"},"content":"java -classpath ../bin Duke \u003c input1.txt \u003e ACTUAL1.TXT","lastModifiedDate":"2023-08-24"},{"lineNumber":24,"author":{"gitId":"yongning0310"},"content":"","lastModifiedDate":"2023-08-24"},{"lineNumber":25,"author":{"gitId":"yongning0310"},"content":"# convert to UNIX format","lastModifiedDate":"2023-08-24"},{"lineNumber":26,"author":{"gitId":"yongning0310"},"content":"cp EXPECTED1.TXT EXPECTED1-UNIX.TXT","lastModifiedDate":"2023-08-24"},{"lineNumber":27,"author":{"gitId":"yongning0310"},"content":"dos2unix ACTUAL1.TXT EXPECTED1-UNIX.TXT","lastModifiedDate":"2023-08-24"},{"lineNumber":28,"author":{"gitId":"yongning0310"},"content":"","lastModifiedDate":"2023-08-24"},{"lineNumber":29,"author":{"gitId":"yongning0310"},"content":"# compare the output to the expected output","lastModifiedDate":"2023-08-24"},{"lineNumber":30,"author":{"gitId":"yongning0310"},"content":"diff ACTUAL1.TXT EXPECTED1-UNIX.TXT","lastModifiedDate":"2023-08-24"},{"lineNumber":31,"author":{"gitId":"yongning0310"},"content":"if [ $? -eq 0 ]","lastModifiedDate":"2023-08-24"},{"lineNumber":32,"author":{"gitId":"yongning0310"},"content":"then","lastModifiedDate":"2023-08-24"},{"lineNumber":33,"author":{"gitId":"yongning0310"},"content":"    echo \"Test result: PASSED\"","lastModifiedDate":"2023-08-24"},{"lineNumber":34,"author":{"gitId":"yongning0310"},"content":"    exit 0","lastModifiedDate":"2023-08-24"},{"lineNumber":35,"author":{"gitId":"yongning0310"},"content":"else","lastModifiedDate":"2023-08-24"},{"lineNumber":36,"author":{"gitId":"yongning0310"},"content":"    echo \"Test result: FAILED\"","lastModifiedDate":"2023-08-24"},{"lineNumber":37,"author":{"gitId":"yongning0310"},"content":"    exit 1","lastModifiedDate":"2023-08-24"},{"lineNumber":38,"author":{"gitId":"yongning0310"},"content":"fi","lastModifiedDate":"2023-08-24"}],"authorContributionMap":{"yongning0310":38}}]
