{"authorDailyContributionsMap":{"yongning0310":[{"date":"2023-08-24","commitResults":[{"hash":"1df28901e58d11b48dea982991558cf18ee632fe","isMergeCommit":false,"messageTitle":"changed name to dong","messageBody":"","tags":["Level-1"],"fileTypesAndContributionMap":{"java":{"insertions":9,"deletions":5}}},{"hash":"2163a4a390ef0fca8b9ce142ea1974aa007ba79d","isMergeCommit":false,"messageTitle":"added scanner to echo input","messageBody":"","tags":["Level-2"],"fileTypesAndContributionMap":{"java":{"insertions":17,"deletions":1}}},{"hash":"e852d40b21f02c8d6238e05e8d553bd96005f613","isMergeCommit":false,"messageTitle":"keeps track of list and prints out when required","messageBody":"","tags":["Level-3"],"fileTypesAndContributionMap":{"java":{"insertions":10,"deletions":2}}},{"hash":"3be31f30d34e02aa4f97163caa5f6930a020f4c7","isMergeCommit":false,"messageTitle":"created new class for task","messageBody":"","tags":["Level-4"],"fileTypesAndContributionMap":{"java":{"insertions":56,"deletions":5}}},{"hash":"19b88251e473c6c4045a6c9a2a7071baf13c1774","isMergeCommit":false,"messageTitle":"automated testing","messageBody":"","tags":["Level-5"],"fileTypesAndContributionMap":{"txt":{"insertions":4,"deletions":0},"java":{"insertions":157,"deletions":51},"sh":{"insertions":38,"deletions":0}}},{"hash":"8d941306e19615d2f7369e229577a310cce0394a","isMergeCommit":false,"messageTitle":"handle exception","messageBody":"","tags":["Level-6"],"fileTypesAndContributionMap":{"java":{"insertions":130,"deletions":56}}},{"hash":"5707c59f66f7dafb2225359a937fccfcb9bfb98a","isMergeCommit":false,"messageTitle":"delete task","messageBody":"","fileTypesAndContributionMap":{"java":{"insertions":26,"deletions":11}}},{"hash":"7a4db5908439d075dc498989221073502e1e41e0","isMergeCommit":false,"messageTitle":"edited test cases","messageBody":"","fileTypesAndContributionMap":{"txt":{"insertions":13,"deletions":0}}},{"hash":"01f42a9dd812caa7b41feacba972d47506c9f263","isMergeCommit":false,"messageTitle":"java docs updated","messageBody":"","tags":["IA-TextUiTesting","A-TextUiTesting","A-Enums"],"fileTypesAndContributionMap":{"java":{"insertions":75,"deletions":4}}}]},{"date":"2023-08-30","commitResults":[{"hash":"052f31f4976183b4b6aed0f318aa00d0612a8999","isMergeCommit":false,"messageTitle":"implemented duke.txt to store db","messageBody":"","tags":["Level-7"],"fileTypesAndContributionMap":{"txt":{"insertions":17,"deletions":1},"java":{"insertions":208,"deletions":15}}},{"hash":"9833deadd5513f7b2b739a71cee818b0f7519545","isMergeCommit":false,"messageTitle":"added dateTimeUtils to handle dateFormat","messageBody":"","tags":["Level-8"],"fileTypesAndContributionMap":{"java":{"insertions":1,"deletions":0}}}]},{"date":"2023-08-31","commitResults":[{"hash":"808ed701db0f3eabfe79a0c1e6a23f90a6343225","isMergeCommit":false,"messageTitle":"more OOP","messageBody":"","tags":["A-MoreOOP"],"fileTypesAndContributionMap":{"txt":{"insertions":2,"deletions":1},"java":{"insertions":411,"deletions":255}}},{"hash":"b698a7aa53c813d49c0319ee4966e2e3c79c523d","isMergeCommit":false,"messageTitle":"A-Packages","messageBody":"","tags":["A-Packages"],"fileTypesAndContributionMap":{"java":{"insertions":41,"deletions":36},"md":{"insertions":2,"deletions":2}}},{"hash":"427aedb19cd0415e918335c28a11d61094ce872f","isMergeCommit":true,"messageTitle":"merged with gradle","messageBody":"","tags":["A-Gradle"],"fileTypesAndContributionMap":{}},{"hash":"de55f5a34a97c0f4a28ad213f71d6c72714c555f","isMergeCommit":false,"messageTitle":"set up gradle","messageBody":"","fileTypesAndContributionMap":{"gradle":{"insertions":1,"deletions":1}}},{"hash":"a5458771c80a6761f93af06569520e9e31ead2a3","isMergeCommit":false,"messageTitle":"J unit tests","messageBody":"","tags":["A-JUnit"],"fileTypesAndContributionMap":{"java":{"insertions":117,"deletions":0}}},{"hash":"5179ba54727456052a5610b677436406a32677c7","isMergeCommit":false,"messageTitle":"java docs, coding standard","messageBody":"","tags":["Level-9","A-JavaDoc","A-CodingStandard"],"fileTypesAndContributionMap":{"txt":{"insertions":7,"deletions":7},"java":{"insertions":644,"deletions":209}}}]},{"date":"2023-09-04","commitResults":[{"hash":"258fb54067bcbcbdd7b4d644d2f29ec147307852","isMergeCommit":false,"messageTitle":"added checkstyle and fixed styling","messageBody":"","tags":["A-CheckStyle"],"fileTypesAndContributionMap":{"gradle":{"insertions":20,"deletions":0},"java":{"insertions":354,"deletions":144}}}]}]},"authorFileTypeContributionMap":{"yongning0310":{"java":1470,"md":2,"fxml":0,"sh":38,"bat":0,"gradle":21,"txt":34}},"authorContributionVariance":{"yongning0310":179590.0},"authorDisplayNameMap":{"yongning0310":"CS2103T-W17-1 LEE ..NING"}}
