[{"path":"src/main/java/DevyBot.java","fileType":"java","lines":[{"lineNumber":1,"author":{"gitId":"devanshubisht"},"content":"import java.util.Scanner;","lastModifiedDate":"2023-08-24"},{"lineNumber":2,"author":{"gitId":"devanshubisht"},"content":"import java.util.ArrayList;","lastModifiedDate":"2023-08-24"},{"lineNumber":3,"author":{"gitId":"devanshubisht"},"content":"public class DevyBot {","lastModifiedDate":"2023-08-24"},{"lineNumber":4,"author":{"gitId":"devanshubisht"},"content":"    public static void main(String[] args) {","lastModifiedDate":"2023-08-24"},{"lineNumber":5,"author":{"gitId":"devanshubisht"},"content":"        Scanner scanner \u003d new Scanner(System.in);","lastModifiedDate":"2023-08-24"},{"lineNumber":6,"author":{"gitId":"devanshubisht"},"content":"        ArrayList\u003cTask\u003e taskList \u003d new ArrayList\u003c\u003e();","lastModifiedDate":"2023-08-25"},{"lineNumber":7,"author":{"gitId":"devanshubisht"},"content":"","lastModifiedDate":"2023-08-24"},{"lineNumber":8,"author":{"gitId":"devanshubisht"},"content":"        String welcome \u003d \"Hello! I\u0027m DevyBot\\nWhat can I do for you?\\n\";","lastModifiedDate":"2023-08-25"},{"lineNumber":9,"author":{"gitId":"devanshubisht"},"content":"        String exit \u003d \"Bye. Hope to see you again soon!\\n\";","lastModifiedDate":"2023-08-24"},{"lineNumber":10,"author":{"gitId":"devanshubisht"},"content":"        String lineBreak \u003d \"____________________________________________________________\";","lastModifiedDate":"2023-08-25"},{"lineNumber":11,"author":{"gitId":"devanshubisht"},"content":"","lastModifiedDate":"2023-08-25"},{"lineNumber":12,"author":{"gitId":"devanshubisht"},"content":"        System.out.println(welcome);","lastModifiedDate":"2023-08-24"},{"lineNumber":13,"author":{"gitId":"devanshubisht"},"content":"        while (true) {","lastModifiedDate":"2023-08-24"},{"lineNumber":14,"author":{"gitId":"devanshubisht"},"content":"            String userInput \u003d scanner.nextLine();","lastModifiedDate":"2023-08-24"},{"lineNumber":15,"author":{"gitId":"devanshubisht"},"content":"            String[] wordsArray \u003d userInput.split(\"\\\\s+\");","lastModifiedDate":"2023-08-25"},{"lineNumber":16,"author":{"gitId":"devanshubisht"},"content":"            if (userInput.equals(\"bye\")) {","lastModifiedDate":"2023-08-24"},{"lineNumber":17,"author":{"gitId":"devanshubisht"},"content":"                System.out.println(lineBreak);","lastModifiedDate":"2023-08-25"},{"lineNumber":18,"author":{"gitId":"devanshubisht"},"content":"                System.out.println(exit);","lastModifiedDate":"2023-08-24"},{"lineNumber":19,"author":{"gitId":"devanshubisht"},"content":"                break;","lastModifiedDate":"2023-08-24"},{"lineNumber":20,"author":{"gitId":"devanshubisht"},"content":"            } else if (userInput.equals(\"list\")) {","lastModifiedDate":"2023-08-24"},{"lineNumber":21,"author":{"gitId":"devanshubisht"},"content":"                System.out.println(lineBreak);","lastModifiedDate":"2023-08-25"},{"lineNumber":22,"author":{"gitId":"devanshubisht"},"content":"                for (int i \u003d 0 ; i \u003c taskList.size(); i++) {","lastModifiedDate":"2023-08-25"},{"lineNumber":23,"author":{"gitId":"devanshubisht"},"content":"                    System.out.println( (i+1) + \". \" + taskList.get(i) );","lastModifiedDate":"2023-08-25"},{"lineNumber":24,"author":{"gitId":"devanshubisht"},"content":"                }","lastModifiedDate":"2023-08-24"},{"lineNumber":25,"author":{"gitId":"devanshubisht"},"content":"                System.out.println(lineBreak);","lastModifiedDate":"2023-08-25"},{"lineNumber":26,"author":{"gitId":"devanshubisht"},"content":"            }else {","lastModifiedDate":"2023-08-25"},{"lineNumber":27,"author":{"gitId":"devanshubisht"},"content":"                if (wordsArray[0].equals(\"mark\")){","lastModifiedDate":"2023-08-25"},{"lineNumber":28,"author":{"gitId":"devanshubisht"},"content":"                    int index \u003d Integer.parseInt(wordsArray[1]) - 1;","lastModifiedDate":"2023-08-25"},{"lineNumber":29,"author":{"gitId":"devanshubisht"},"content":"                    Task currentTask \u003d taskList.get(index);","lastModifiedDate":"2023-08-25"},{"lineNumber":30,"author":{"gitId":"devanshubisht"},"content":"                    currentTask.markTask();","lastModifiedDate":"2023-08-25"},{"lineNumber":31,"author":{"gitId":"devanshubisht"},"content":"                    System.out.println(lineBreak);","lastModifiedDate":"2023-08-25"},{"lineNumber":32,"author":{"gitId":"devanshubisht"},"content":"                    System.out.println(\"Nice! I\u0027ve marked this task as done: \");","lastModifiedDate":"2023-08-25"},{"lineNumber":33,"author":{"gitId":"devanshubisht"},"content":"                    System.out.println(currentTask.toString());","lastModifiedDate":"2023-08-25"},{"lineNumber":34,"author":{"gitId":"devanshubisht"},"content":"                    System.out.println(lineBreak);","lastModifiedDate":"2023-08-25"},{"lineNumber":35,"author":{"gitId":"devanshubisht"},"content":"","lastModifiedDate":"2023-08-25"},{"lineNumber":36,"author":{"gitId":"devanshubisht"},"content":"                } else if (wordsArray[0].equals(\"unmark\")) {","lastModifiedDate":"2023-08-25"},{"lineNumber":37,"author":{"gitId":"devanshubisht"},"content":"                    int index \u003d Integer.parseInt(wordsArray[1]) - 1;","lastModifiedDate":"2023-08-25"},{"lineNumber":38,"author":{"gitId":"devanshubisht"},"content":"                    Task currentTask \u003d taskList.get(index);","lastModifiedDate":"2023-08-25"},{"lineNumber":39,"author":{"gitId":"devanshubisht"},"content":"                    currentTask.unmarkTask();","lastModifiedDate":"2023-08-25"},{"lineNumber":40,"author":{"gitId":"devanshubisht"},"content":"                    System.out.println(lineBreak);","lastModifiedDate":"2023-08-25"},{"lineNumber":41,"author":{"gitId":"devanshubisht"},"content":"                    System.out.println(\"OK, I\u0027ve marked this task as not done yet: \");","lastModifiedDate":"2023-08-25"},{"lineNumber":42,"author":{"gitId":"devanshubisht"},"content":"                    System.out.println(currentTask.toString());","lastModifiedDate":"2023-08-25"},{"lineNumber":43,"author":{"gitId":"devanshubisht"},"content":"                    System.out.println(lineBreak);","lastModifiedDate":"2023-08-25"},{"lineNumber":44,"author":{"gitId":"devanshubisht"},"content":"                } else {","lastModifiedDate":"2023-08-24"},{"lineNumber":45,"author":{"gitId":"devanshubisht"},"content":"                    System.out.println(lineBreak);","lastModifiedDate":"2023-08-25"},{"lineNumber":46,"author":{"gitId":"devanshubisht"},"content":"                    Task newTask \u003d new Task(userInput);","lastModifiedDate":"2023-08-25"},{"lineNumber":47,"author":{"gitId":"devanshubisht"},"content":"                    taskList.add(newTask);","lastModifiedDate":"2023-08-25"},{"lineNumber":48,"author":{"gitId":"devanshubisht"},"content":"                    System.out.println(\" added \" + userInput);","lastModifiedDate":"2023-08-24"},{"lineNumber":49,"author":{"gitId":"devanshubisht"},"content":"                    System.out.println(lineBreak);","lastModifiedDate":"2023-08-25"},{"lineNumber":50,"author":{"gitId":"devanshubisht"},"content":"                }","lastModifiedDate":"2023-08-25"},{"lineNumber":51,"author":{"gitId":"devanshubisht"},"content":"            }","lastModifiedDate":"2023-08-24"},{"lineNumber":52,"author":{"gitId":"devanshubisht"},"content":"        }","lastModifiedDate":"2023-08-24"},{"lineNumber":53,"author":{"gitId":"devanshubisht"},"content":"        scanner.close();","lastModifiedDate":"2023-08-24"},{"lineNumber":54,"author":{"gitId":"devanshubisht"},"content":"    }","lastModifiedDate":"2023-08-24"},{"lineNumber":55,"author":{"gitId":"devanshubisht"},"content":"}","lastModifiedDate":"2023-08-24"}],"authorContributionMap":{"devanshubisht":55}},{"path":"src/main/java/Task.java","fileType":"java","lines":[{"lineNumber":1,"author":{"gitId":"devanshubisht"},"content":"public class Task {","lastModifiedDate":"2023-08-25"},{"lineNumber":2,"author":{"gitId":"devanshubisht"},"content":"    private String description;","lastModifiedDate":"2023-08-25"},{"lineNumber":3,"author":{"gitId":"devanshubisht"},"content":"    private boolean isDone;","lastModifiedDate":"2023-08-25"},{"lineNumber":4,"author":{"gitId":"devanshubisht"},"content":"","lastModifiedDate":"2023-08-25"},{"lineNumber":5,"author":{"gitId":"devanshubisht"},"content":"    public Task(String description) {","lastModifiedDate":"2023-08-25"},{"lineNumber":6,"author":{"gitId":"devanshubisht"},"content":"        this.description \u003d description;","lastModifiedDate":"2023-08-25"},{"lineNumber":7,"author":{"gitId":"devanshubisht"},"content":"        this.isDone \u003d false;","lastModifiedDate":"2023-08-25"},{"lineNumber":8,"author":{"gitId":"devanshubisht"},"content":"    }","lastModifiedDate":"2023-08-25"},{"lineNumber":9,"author":{"gitId":"devanshubisht"},"content":"","lastModifiedDate":"2023-08-25"},{"lineNumber":10,"author":{"gitId":"devanshubisht"},"content":"    public void markTask() {","lastModifiedDate":"2023-08-25"},{"lineNumber":11,"author":{"gitId":"devanshubisht"},"content":"        this.isDone \u003d true;","lastModifiedDate":"2023-08-25"},{"lineNumber":12,"author":{"gitId":"devanshubisht"},"content":"    }","lastModifiedDate":"2023-08-25"},{"lineNumber":13,"author":{"gitId":"devanshubisht"},"content":"","lastModifiedDate":"2023-08-25"},{"lineNumber":14,"author":{"gitId":"devanshubisht"},"content":"    public void unmarkTask() {","lastModifiedDate":"2023-08-25"},{"lineNumber":15,"author":{"gitId":"devanshubisht"},"content":"        this.isDone \u003d false;","lastModifiedDate":"2023-08-25"},{"lineNumber":16,"author":{"gitId":"devanshubisht"},"content":"    }","lastModifiedDate":"2023-08-25"},{"lineNumber":17,"author":{"gitId":"devanshubisht"},"content":"","lastModifiedDate":"2023-08-25"},{"lineNumber":18,"author":{"gitId":"devanshubisht"},"content":"    public boolean checkDone() {","lastModifiedDate":"2023-08-25"},{"lineNumber":19,"author":{"gitId":"devanshubisht"},"content":"        return isDone;","lastModifiedDate":"2023-08-25"},{"lineNumber":20,"author":{"gitId":"devanshubisht"},"content":"    }","lastModifiedDate":"2023-08-25"},{"lineNumber":21,"author":{"gitId":"devanshubisht"},"content":"","lastModifiedDate":"2023-08-25"},{"lineNumber":22,"author":{"gitId":"devanshubisht"},"content":"    @Override","lastModifiedDate":"2023-08-25"},{"lineNumber":23,"author":{"gitId":"devanshubisht"},"content":"    public String toString() {","lastModifiedDate":"2023-08-25"},{"lineNumber":24,"author":{"gitId":"devanshubisht"},"content":"        String status \u003d isDone ? \"[X]\" : \"[ ]\";","lastModifiedDate":"2023-08-25"},{"lineNumber":25,"author":{"gitId":"devanshubisht"},"content":"        return status + \" \" + description;","lastModifiedDate":"2023-08-25"},{"lineNumber":26,"author":{"gitId":"devanshubisht"},"content":"    }","lastModifiedDate":"2023-08-25"},{"lineNumber":27,"author":{"gitId":"devanshubisht"},"content":"","lastModifiedDate":"2023-08-25"},{"lineNumber":28,"author":{"gitId":"devanshubisht"},"content":"}","lastModifiedDate":"2023-08-25"}],"authorContributionMap":{"devanshubisht":28}}]
