{"authorDailyContributionsMap":{"devanshubisht":[{"date":"2023-08-24","commitResults":[{"hash":"519192cd611bef453706b5eab4e5d126823187b9","isMergeCommit":false,"messageTitle":"finished level-2","messageBody":"","tags":["Level-3","Level-2","Level-1","Level-0"],"fileTypesAndContributionMap":{"java":{"insertions":31,"deletions":10}}}]},{"date":"2023-08-25","commitResults":[{"hash":"91da82778ba38c5e49bbf3a27f2669d3ba37dc3e","isMergeCommit":false,"messageTitle":"finished level-3","messageBody":"","tags":["Level-5","Level-4"],"fileTypesAndContributionMap":{"java":{"insertions":62,"deletions":10}}},{"hash":"1660a8b40bdf9074ee51eadc59fa12be9117859f","isMergeCommit":false,"messageTitle":"finished level-5","messageBody":"","fileTypesAndContributionMap":{"java":{"insertions":226,"deletions":40}}},{"hash":"875bb67dee7a8475b31fe5a1c2f82ec45db2e5af","isMergeCommit":false,"messageTitle":"finished level-6 and editted cases of delete/mark without any entry","messageBody":"","tags":["Level-6"],"fileTypesAndContributionMap":{"java":{"insertions":22,"deletions":6}}},{"hash":"b7fc0556df0f8bdf8672eb0574ec3b9d2db7b4a5","isMergeCommit":false,"messageTitle":"editted errors with exceptions for empty description. added enum types. merged handle input with the previous cases of bye and list","messageBody":"","tags":["A-TextUiTesting","A-Enums"],"fileTypesAndContributionMap":{"java":{"insertions":57,"deletions":49}}}]},{"date":"2023-08-30","commitResults":[{"hash":"a597096694faf1764012bd9c3d66f52dab523462","isMergeCommit":false,"messageTitle":"Added Auto-Testing","messageBody":"","fileTypesAndContributionMap":{"txt":{"insertions":18,"deletions":0},"java":{"insertions":1,"deletions":1},"sh":{"insertions":1,"deletions":1}}},{"hash":"4a3bb998af956632eac44d77a0a280660869dbfc","isMergeCommit":false,"messageTitle":"Level-7 done","messageBody":"","fileTypesAndContributionMap":{"txt":{"insertions":3,"deletions":0},"java":{"insertions":100,"deletions":1}}},{"hash":"9b03d4f5e20414a93058da665d5881c1617f47c2","isMergeCommit":false,"messageTitle":"remove data","messageBody":"","tags":["Level-7"],"fileTypesAndContributionMap":{"txt":{"insertions":0,"deletions":3}}}]}]},"authorFileTypeContributionMap":{"devanshubisht":{"java":392,"md":0,"fxml":0,"sh":1,"bat":0,"gradle":0,"txt":18}},"authorContributionVariance":{"devanshubisht":16107.776},"authorDisplayNameMap":{"devanshubisht":"CS2103T-W15-4 DEVA..ISHT"}}
