{"authorDailyContributionsMap":{"freddychenyouren2":[{"date":"2023-08-20","commitResults":[{"hash":"39049fcbc177d7038a6a49bbd0824a0b8304777f","isMergeCommit":false,"messageTitle":"Finished Level-0 increment","messageBody":"","tags":["Level-0"],"fileTypesAndContributionMap":{"java":{"insertions":33,"deletions":6}}}]},{"date":"2023-08-21","commitResults":[{"hash":"bc05bab3efcfcbcd2984712664d0d87d340b5520","isMergeCommit":false,"messageTitle":"Finished Level-1 increment with some personality modification for my chat bot","messageBody":"","tags":["Level-1"],"fileTypesAndContributionMap":{"java":{"insertions":34,"deletions":8}}},{"hash":"810c9c34364c5576e98b0366756fdad4dbb3ab1f","isMergeCommit":false,"messageTitle":"Finished Level-2 Increment: Add, List","messageBody":"","tags":["Level-2"],"fileTypesAndContributionMap":{"java":{"insertions":28,"deletions":4}}},{"hash":"f39b2dab1bd3552d3ed76e40d95fdd1e32b4986a","isMergeCommit":false,"messageTitle":"Add a class Task to handle more complex logics involving a Task","messageBody":"","fileTypesAndContributionMap":{"java":{"insertions":23,"deletions":0}}},{"hash":"df8c52bd50235043704eb78f9010063e74e67f01","isMergeCommit":false,"messageTitle":"Finished Level-3 Incrementing: Mark as Done Handled basic error inputs such as index out of bounds on ArrayList of Tasks","messageBody":"","tags":["Level-3"],"fileTypesAndContributionMap":{"java":{"insertions":47,"deletions":5}}}]},{"date":"2023-08-22","commitResults":[{"hash":"226650cdde73a4fd53d00d1333da11bb20f68ee3","isMergeCommit":false,"messageTitle":"Level-4-Part-1: Created a Deadline.java file, handled Deadline task logics. Corrected indentation of console text outputs.","messageBody":"","fileTypesAndContributionMap":{"java":{"insertions":65,"deletions":5}}},{"hash":"2918c3047224ca6473db0bf22142d876a407d497","isMergeCommit":false,"messageTitle":"Level-4-part-1-Update: Handle Deadline Task in Deadline.java file instead of Duke.java This is to practice calling Class Methods and writing neater code. Consider if there are 100 different types of tasks. It is not good to implement Task handling modules all in Duke.java file. It is way neater to implement task handling in each of the specific types of Task.","messageBody":"","fileTypesAndContributionMap":{"java":{"insertions":30,"deletions":30}}},{"hash":"767da2843721317d239ba4b21e0502a361edc47f","isMergeCommit":false,"messageTitle":"Level-4-Part-2: Added Todo.java and handling a Todo Task.","messageBody":"","fileTypesAndContributionMap":{"java":{"insertions":32,"deletions":5}}},{"hash":"61f62b4607dcda4d6fdc28607b6aafb0275e52d7","isMergeCommit":false,"messageTitle":"Updated Javadocs for Deadline.java fiile","messageBody":"","fileTypesAndContributionMap":{"java":{"insertions":1,"deletions":0}}},{"hash":"8bdb7f4f01c04b62f1074087d78bdbcda9aa3296","isMergeCommit":false,"messageTitle":"Level-4-Part-3: Added Event.java file and its logics","messageBody":"","tags":["Level-4"],"fileTypesAndContributionMap":{"java":{"insertions":50,"deletions":1}}}]},{"date":"2023-08-23","commitResults":[{"hash":"a540500d548522c7852c9a8e2307e1bcbd04cfd2","isMergeCommit":false,"messageTitle":"A-TextUiTesting: Text Formatting correction To prepare for automated testing","messageBody":"","fileTypesAndContributionMap":{"java":{"insertions":14,"deletions":8}}},{"hash":"edd31773acef882312de356228df4b92a6a31f5b","isMergeCommit":false,"messageTitle":"A-TextUiTesting: Update input.txt and EXPECTED.TEXT\\ To match predetermined results for outputs","messageBody":"","fileTypesAndContributionMap":{"txt":{"insertions":13,"deletions":0}}},{"hash":"33a9fe886b784051350fc744133b0aab672c44f1","isMergeCommit":false,"messageTitle":"A-TextUiTesting: Use dos2unix input.txt This is because ACTUAL.TXT and EXPECTED.TXT look the same to naked eye The issue might lie in line-ending differences hence troubleshooting with dos2unix solved the issue. OS: Windows 11","messageBody":"","tags":["A-TextUiTesting"],"fileTypesAndContributionMap":{"bat":{"insertions":1,"deletions":1}}},{"hash":"768773bc1f14ab118d2baf6c16e924760c1fa6bb","isMergeCommit":false,"messageTitle":"Level-5: Add two classes to handle two types of exceptions Handled basic erroneous inputs of empty todo description and Invalid command. Might be exploring Enumeration to handle Invalid command","messageBody":"","fileTypesAndContributionMap":{"java":{"insertions":24,"deletions":0}}},{"hash":"7741333f2dbdc8892a733cd4a8af68b205a83f9d","isMergeCommit":false,"messageTitle":"Level-5-Update-1: Updated Duke.java and Todo.java To throw the two new exceptions appropriately: EmptyDescriptionException and InvalidCommandException","messageBody":"","tags":["Level-5"],"fileTypesAndContributionMap":{"java":{"insertions":31,"deletions":22}}},{"hash":"2e45bd01ca5d2fda4d540b32ed3dda98e411e56d","isMergeCommit":false,"messageTitle":"Level-6: Added deleteTask() function in Duke.java Also added exception checkings on user inputs such as empty description, invalid index, or non-integer index. Might explore creating Custom Exception Class in the future.","messageBody":"","tags":["Level-6"],"fileTypesAndContributionMap":{"java":{"insertions":36,"deletions":2}}},{"hash":"bb69c190423ac9b7b837a5c155c370ed482cd415","isMergeCommit":false,"messageTitle":"Level-6-Update: Small corrections of coding styles","messageBody":"","fileTypesAndContributionMap":{"java":{"insertions":5,"deletions":4}}}]},{"date":"2023-08-24","commitResults":[{"hash":"986818e2e9971e1638ec3b872cc5f10c665771fd","isMergeCommit":false,"messageTitle":"Bug fix: \"todo todo\" was read as no descriptions because initial implementation wiped out ALL todo\u0027s. Same issue for Deadline and Event objects. Fixed with replaceFirst() instead of replace()","messageBody":"","fileTypesAndContributionMap":{"java":{"insertions":3,"deletions":3}}},{"hash":"efc87481213552297b5fedc594884821b44fb8ab","isMergeCommit":false,"messageTitle":"A-Enum: Applied Enum on available commands and used switch-case instead of if-else. To make code more expandable.","messageBody":"","tags":["A-Enum"],"fileTypesAndContributionMap":{"java":{"insertions":47,"deletions":21}}}]},{"date":"2023-08-26","commitResults":[{"hash":"d8fe66f8010979ed272d9211e205fed1e60305d7","isMergeCommit":false,"messageTitle":"Update Indentation of Switch Case","messageBody":"After Switch, indentation of case is provided by default by IntelliJ\n\nConfigured IntelliJ Settings to fix this indentation issue to follow course Java Coding Style Standard\n","fileTypesAndContributionMap":{"java":{"insertions":29,"deletions":29}}}]},{"date":"2023-08-28","commitResults":[{"hash":"1e9041fa28756d164f1f98a2fe4fbdf84eb5af2f","isMergeCommit":false,"messageTitle":"Update text messages in Exceptions","messageBody":"Unicode U+2369 was included in the previous version.\n\nHowever, expected.txt and actual.txt files kept showing errors because the sad face icon\ncould not be recognized correctly. Actual.txt showed \"?\"\n\nRemoved Unicode U+2369 for now\n","fileTypesAndContributionMap":{"java":{"insertions":5,"deletions":5}}},{"hash":"89c213548ba2e233510f206ebb9ada81591c4acf","isMergeCommit":false,"messageTitle":"Update test file","messageBody":"Include more commands to test more thoroughly.\n","fileTypesAndContributionMap":{"txt":{"insertions":5,"deletions":0},"bat":{"insertions":2,"deletions":2}}}]},{"date":"2023-08-29","commitResults":[{"hash":"ad05a3586c2fe7faabf14ba17dca6e153cc5757f","isMergeCommit":false,"messageTitle":"Include Data Saving and Data Loading of tasks into hard disk","messageBody":"Level-7 Increment: Created a Data Directory to put duke.txt file for storing and loading user data.\n\nHowever, there is one bug discovered under updateData() where Event type of task kept getting changed to Deadline type.\nThis will be fixed soon.\n","fileTypesAndContributionMap":{"txt":{"insertions":3,"deletions":0},"java":{"insertions":162,"deletions":12}}},{"hash":"f214902fb296ff07b46bd883fb1c6395d996baf5","isMergeCommit":false,"messageTitle":"Fix bug on Event tasks being loaded as Deadline tasks","messageBody":"","fileTypesAndContributionMap":{"txt":{"insertions":6,"deletions":3},"java":{"insertions":15,"deletions":1}}},{"hash":"3fd7f856d81070fe6ce92a13381845b20b8e966c","isMergeCommit":false,"messageTitle":"Implement checking of files to load data","messageBody":"Handled basic incorrect formats in the data file to be parsed.\n","tags":["Level-7"],"fileTypesAndContributionMap":{"txt":{"insertions":2,"deletions":2},"java":{"insertions":88,"deletions":46}}}]},{"date":"2023-08-30","commitResults":[{"hash":"50ef758d8c1752839cf57c254e1b25715457e27c","isMergeCommit":false,"messageTitle":"Implement Level-8 features of Date and Time in tasks","messageBody":"Deadline and Event tasks were initialized with String values for their timings\n\nUsed Java library on Dates and Times to initialize Deadline and Event tasks with YYYY-MM-DD inputs\nAlso handled cases where inputs are invalid dates or invalid formats with InvalidDateException.java\n\nNote: LoadTasks() Function now has poorer OOP Principles used due to optional initialization of tasks read from the  hard disk.\nThis will be handled in the future.\n","fileTypesAndContributionMap":{"txt":{"insertions":3,"deletions":1},"java":{"insertions":127,"deletions":51}}},{"hash":"22600bdcb7b5c7f93c9acff11e329e098d1f19cc","isMergeCommit":false,"messageTitle":"Add a comment in Todo.java file to test branching mechanism in SourceTree","messageBody":"No changes in any other files. This should not affect the working state of the program.\n","fileTypesAndContributionMap":{"java":{"insertions":1,"deletions":0}}},{"hash":"77f5a6bc01f2a8631a7ded16d5caff4ee2df8dad","isMergeCommit":true,"messageTitle":"Merge branch \u0027branch-level-8\u0027","messageBody":"","tags":["Level-8"],"fileTypesAndContributionMap":{}},{"hash":"0a161c308a5bd17b2992d0b1a69014950fa70716","isMergeCommit":false,"messageTitle":"Add a different comment in Todo.java to test branching for branch-level-7","messageBody":"Branching did not show up previously for branch-level-7.\n\nThis is the second attempt to practice proper branching and merging in git.\n","fileTypesAndContributionMap":{"java":{"insertions":1,"deletions":1}}},{"hash":"e980a37160bb2275db12588b8ba69e10ea00ed34","isMergeCommit":true,"messageTitle":"Merge branch \u0027branch-level-7\u0027","messageBody":"# Conflicts:\n#\tsrc/main/java/Todo.java\n\nSolved by attempting to put the same comment in line 2\n","fileTypesAndContributionMap":{}},{"hash":"5f33a09edca14165848eff20b9a80d271ac88641","isMergeCommit":false,"messageTitle":"Implemented halfway A-OOP with Ui, Storage, Parser, and TaskList Classes","messageBody":"Implementation of program were all under Duke.java\n\nExtracted relevant implementations into separate classes.\nNote: Main refactoring of Duke.java is unfinished. Current state is only the creation of the separate files.\n","fileTypesAndContributionMap":{"txt":{"insertions":3,"deletions":6},"java":{"insertions":485,"deletions":26}}},{"hash":"8776381f3bcdc74cca4df4e0048d280b05fffe49","isMergeCommit":false,"messageTitle":"Implement A-MoreOOP by using files to separate the program.","messageBody":"The program was getting messy and could be separated into Parser, Ui, TaskList, and Storage files.\nDuke.java file also became short and neat.\n\nAlso squashed bugs related to class method invocations especially when saving tasks or loading tasks\n","fileTypesAndContributionMap":{"txt":{"insertions":10,"deletions":2},"java":{"insertions":450,"deletions":430}}},{"hash":"61583ec6c3ee199b98491b278837c2c631e1dc76","isMergeCommit":false,"messageTitle":"Clean up code for A-MoreOOP checkpoint","messageBody":"Storage.java contained wildcard java.io.* import statement which violates Java Coding Standard\nDuke.java contained a huge chunck of commented-out codes of previous implementations which have been removed.\n","tags":["A-MoreOOP"],"fileTypesAndContributionMap":{"txt":{"insertions":5,"deletions":3},"java":{"insertions":17,"deletions":404}}},{"hash":"e65954dd9648894ce04e633b6a1915a1387d7371","isMergeCommit":false,"messageTitle":"Add packages to divide classes more neatly","messageBody":"","fileTypesAndContributionMap":{"txt":{"insertions":5,"deletions":9},"java":{"insertions":125,"deletions":65},"bat":{"insertions":1,"deletions":1},"md":{"insertions":2,"deletions":2}}},{"hash":"d485d335ed48f1d7520c67b206e10a50563ce45e","isMergeCommit":false,"messageTitle":"Add dummy comment line to test for Merging for A-Packages","messageBody":"","fileTypesAndContributionMap":{"java":{"insertions":1,"deletions":0}}},{"hash":"c90d1570afbec5781915e0c3087ed88a32f3cdc9","isMergeCommit":true,"messageTitle":"Merge branch \u0027A-Packages\u0027","messageBody":"","tags":["A-Packages"],"fileTypesAndContributionMap":{}},{"hash":"f90a7247b554862cf617d4f463934aeb474a0605","isMergeCommit":true,"messageTitle":"Merge remote-tracking branch \u0027origin/add-gradle-support\u0027","messageBody":"","fileTypesAndContributionMap":{}}]},{"date":"2023-08-31","commitResults":[{"hash":"dccbeee58f209d8e1ed07bd269765eb0065bac5d","isMergeCommit":false,"messageTitle":"Configure build.gradle file to run main method from Duke.java","messageBody":"","tags":["A-Gradle"],"fileTypesAndContributionMap":{"gradle":{"insertions":1,"deletions":1}}},{"hash":"234405eb58e6ba8930e169bf7d3a5ecd9515313c","isMergeCommit":false,"messageTitle":"Add test files","messageBody":"Basic unit testing only. Future updates may see the use of stubs.\n","tags":["A-Jar","A-JUnit"],"fileTypesAndContributionMap":{"txt":{"insertions":3,"deletions":1},"java":{"insertions":121,"deletions":0}}},{"hash":"da3200477fe55ecf694af11200cacfa203285123","isMergeCommit":false,"messageTitle":"Refactor code to adhere more closely to Java Coding Standard","messageBody":"","fileTypesAndContributionMap":{"java":{"insertions":34,"deletions":39}}},{"hash":"f8b9a16d0e82c0a08bd2389aadde51ba64f6edba","isMergeCommit":false,"messageTitle":"Add Header comment and JavaDoc to non-trivial methods in all Java classes.","messageBody":"","fileTypesAndContributionMap":{"java":{"insertions":299,"deletions":63}}}]},{"date":"2023-09-01","commitResults":[{"hash":"93e94471461032fd5427077b5d131282ea051262","isMergeCommit":false,"messageTitle":"Implements findTask() method with a given keyword","messageBody":"Level-9 increment.\n","fileTypesAndContributionMap":{"txt":{"insertions":2,"deletions":1},"java":{"insertions":40,"deletions":1}}},{"hash":"e5a604022d7a944b1ce8f2a4d036112d52d5b643","isMergeCommit":false,"messageTitle":"no message","messageBody":"","tags":["A-CodingStandard"],"fileTypesAndContributionMap":{"java":{"insertions":1,"deletions":0}}},{"hash":"815638e87d38379c174ebcce5542da509c37acad","isMergeCommit":true,"messageTitle":"Merge branch \u0027branch-A-JavaDoc\u0027","messageBody":"# Conflicts:\n#\tsrc/main/java/duke/task/Event.java\n#\tsrc/main/java/duke/util/Parser.java\n","tags":["A-JavaDoc"],"fileTypesAndContributionMap":{}},{"hash":"daf95831497dcecbfca6350829cddf005bba02c3","isMergeCommit":true,"messageTitle":"Merge branch \u0027branch-level-9\u0027","messageBody":"","fileTypesAndContributionMap":{}},{"hash":"597d4be1ed377af3ec9c5c3ffd37b1ec5238a409","isMergeCommit":false,"messageTitle":"Refactor variable name taskList to listOfTasks in TaskList.java","messageBody":"This is to adhere more closely to Java Coding Standards.\n","tags":["Level-9"],"fileTypesAndContributionMap":{"java":{"insertions":4,"deletions":4}}},{"hash":"e1da581749fff9a86f3d3c47ee45d90c1f0044f3","isMergeCommit":false,"messageTitle":"Add JavaDoc on findTask()","messageBody":"","fileTypesAndContributionMap":{"java":{"insertions":6,"deletions":0}}},{"hash":"ea5b43b09abf2bdf8601975fa326a45972d084be","isMergeCommit":false,"messageTitle":"Update console output of invalid commands","messageBody":"","fileTypesAndContributionMap":{"java":{"insertions":6,"deletions":3}}}]},{"date":"2023-09-05","commitResults":[{"hash":"55bc83961957e407741b15a38bcb9b1f8be41904","isMergeCommit":false,"messageTitle":"Update runtest.bat to run on the correct input file for text-ui-testing","messageBody":"","fileTypesAndContributionMap":{"txt":{"insertions":12,"deletions":5},"java":{"insertions":1,"deletions":1},"bat":{"insertions":2,"deletions":2}}},{"hash":"d93103ebe34ce5e7ff68202846efedf895f56050","isMergeCommit":false,"messageTitle":"Implement GUI partially according to JavaFX tutorial","messageBody":"Will be continuing to Implement GUI for the actual SeeWhyAre bot in subsequent commits.\n","fileTypesAndContributionMap":{"gradle":{"insertions":15,"deletions":0},"fxml":{"insertions":37,"deletions":0},"java":{"insertions":322,"deletions":17}}}]},{"date":"2023-09-06","commitResults":[{"hash":"7270879a0f2880eb179875a2bc6ab6317986222f","isMergeCommit":false,"messageTitle":"Update implementations of methods to return String instead of void","messageBody":"SeeWhyAre bot was a CLI app that used System.out.println or System.out.printf\nto show messages to users.\n\nFrom this commit onwawrds, it has a GUI where displaying messages requires a String.\nHence refactoring is done mainly at methods involved in parsing userInput to return a String\nas the response message from SeeWhyAre bot.\n","fileTypesAndContributionMap":{"txt":{"insertions":2,"deletions":1},"fxml":{"insertions":1,"deletions":1},"java":{"insertions":275,"deletions":234}}}]},{"date":"2023-09-07","commitResults":[{"hash":"a9ca6be05b00c21e6e10385cbfb792026afa8fae","isMergeCommit":false,"messageTitle":"Update main storage data file","messageBody":"","fileTypesAndContributionMap":{"txt":{"insertions":3,"deletions":3}}},{"hash":"69a8f9edc6a0dad3f6a6b58c5527038acb571dcf","isMergeCommit":false,"messageTitle":"Add negligible comment line to test for merging of other branches","messageBody":"","fileTypesAndContributionMap":{"java":{"insertions":1,"deletions":1}}},{"hash":"7edb8d536f2d4832b78fd2eb8cbcfa5b3b467742","isMergeCommit":true,"messageTitle":"Merge branch \u0027branch-level-10\u0027","messageBody":"","tags":["Level-10"],"fileTypesAndContributionMap":{}},{"hash":"e6a27b0459d5c9ea5fe54c41ab52e164af182863","isMergeCommit":false,"messageTitle":"Add Java CheckStyle and refactor code to follow Java Coding Standard more","messageBody":"","fileTypesAndContributionMap":{"gradle":{"insertions":5,"deletions":0},"txt":{"insertions":3,"deletions":3},"java":{"insertions":137,"deletions":282}}}]},{"date":"2023-09-12","commitResults":[{"hash":"160c93dd118518aa6dd0d1ab8ce2fc963c0bfe97","isMergeCommit":false,"messageTitle":"Update build.gradle for new Jar File","messageBody":"","fileTypesAndContributionMap":{"gradle":{"insertions":1,"deletions":1}}},{"hash":"9c2e317b2494828344e07b33553d824c36752028","isMergeCommit":false,"messageTitle":"Update build.gradle for new Jar File (Master)","messageBody":"","fileTypesAndContributionMap":{"gradle":{"insertions":1,"deletions":1}}},{"hash":"007eedefef70e722da280cc1fbde4ce8b42d9d80","isMergeCommit":true,"messageTitle":"Merge branch \u0027A-CheckStyle\u0027","messageBody":"# Conflicts:\n#\tbuild.gradle\n","fileTypesAndContributionMap":{}}]},{"date":"2023-09-13","commitResults":[{"hash":"054eefb303e40ed5d87c6c96b28d8d72c61a676c","isMergeCommit":false,"messageTitle":"Add and enable Java assertions","messageBody":"","fileTypesAndContributionMap":{"gradle":{"insertions":1,"deletions":0},"txt":{"insertions":1,"deletions":1},"java":{"insertions":6,"deletions":2}}},{"hash":"f42f39e66f9e41cf37d1af25c8798c96485be8cf","isMergeCommit":false,"messageTitle":"Improve on Code Quality","messageBody":"There are a few parts in the code that can be improved for readability\nand adhering to coding standards\n\nThus there are changes that have to be made to the code\n\nHere are the changes:\n* Format Javadoc descriptions and parameters\n* Attempts to break long methods into more but shorter methods\nin Storage class\n* Removing unnecessary code-level comments\n* Removing redundant exception throws in method signatures\n","fileTypesAndContributionMap":{"txt":{"insertions":1,"deletions":2},"java":{"insertions":174,"deletions":197}}},{"hash":"a1d7e3490f1dd6018dc0383375fee6c247de929b","isMergeCommit":true,"messageTitle":"Merge pull request #1 from freddychenyouren2/A-Assertions","messageBody":"Add and enable Java assertions (PR A-Assertion)","tags":["A-Assertions"],"fileTypesAndContributionMap":{}},{"hash":"36e3bd015de9299ef04f720fa1e54c520ceef508","isMergeCommit":true,"messageTitle":"Merge branch \u0027master\u0027 into A-CodingQuality","messageBody":"","fileTypesAndContributionMap":{}},{"hash":"3261dc7ab824146bcf443a10a8a2fc2029b4c430","isMergeCommit":true,"messageTitle":"Merge pull request #2 from freddychenyouren2/A-CodingQuality","messageBody":"Improve on Code Quality","tags":["A-FullCommitMessage","A-CodingQuality","A-CodeQuality"],"fileTypesAndContributionMap":{}}]},{"date":"2023-09-16","commitResults":[{"hash":"0d00c4372554b885fe850647c5c87554d107ccee","isMergeCommit":false,"messageTitle":"Implement ViewSchedule","messageBody":"When given a date, return the list of tasks that are happening on that day.\n","fileTypesAndContributionMap":{"txt":{"insertions":4,"deletions":6},"fxml":{"insertions":5,"deletions":5},"java":{"insertions":61,"deletions":6}}},{"hash":"a752141c34814a8f6bbac3a3db2eeba295541298","isMergeCommit":false,"messageTitle":"Update JavaDoc for TaskList file","messageBody":"","fileTypesAndContributionMap":{"java":{"insertions":13,"deletions":1}}},{"hash":"7853321b70ba582a5834bc0ff22e399df807b561","isMergeCommit":true,"messageTitle":"Merge pull request #3 from freddychenyouren2/branch-B-ViewSchedule","messageBody":"Implement ViewSchedule","tags":["BCD-Extension","B-ViewSchedule"],"fileTypesAndContributionMap":{}}]},{"date":"2023-09-20","commitResults":[{"hash":"5cd0b6794609533ab6a5a19da05c31ddae920e8f","isMergeCommit":false,"messageTitle":"Implement greet and farewell methods for GUI","messageBody":"GUI did not show greeting message and did not close after farewell() is called\n","fileTypesAndContributionMap":{"java":{"insertions":30,"deletions":2}}},{"hash":"6d6890341f16efe28bb06a2825dbdc32c1496e0a","isMergeCommit":false,"messageTitle":"Update README.md for User Guide","messageBody":"","tags":["A-UserGuide"],"fileTypesAndContributionMap":{"java":{"insertions":2,"deletions":2},"md":{"insertions":329,"deletions":11}}},{"hash":"b62eee280745fec7edee1ed98115fcf160e53552","isMergeCommit":false,"messageTitle":"Update README.md","messageBody":"","fileTypesAndContributionMap":{"md":{"insertions":1,"deletions":1}}},{"hash":"625bcd21d939ab78c547f26f4dc84c6fb11d9adf","isMergeCommit":false,"messageTitle":"Update README.md","messageBody":"","fileTypesAndContributionMap":{"md":{"insertions":1,"deletions":3}}},{"hash":"d14d686b4a09817575882749ed1d3360b2a0bd08","isMergeCommit":false,"messageTitle":"Update REAMDE.MD for Command Summary","messageBody":"","fileTypesAndContributionMap":{"md":{"insertions":20,"deletions":5}}},{"hash":"8c75df9bc44fc3187d35dd8c1b4d06cb48da8e96","isMergeCommit":false,"messageTitle":"Reformat Feature subtitles in README.md User Guide","messageBody":"","fileTypesAndContributionMap":{"md":{"insertions":9,"deletions":9}}}]},{"date":"2023-09-21","commitResults":[{"hash":"e2b41f5bfcff7a7c7c93a5f359bdfd065cfb5d4f","isMergeCommit":false,"messageTitle":"Add more JUnit tests on TaskList","messageBody":"TaskList class contains some major methods of SeeWhyAre that did not have automated testing\n\nLet\u0027s implement test cases in a test file for the TaskList class to test the method functionalities.\n","fileTypesAndContributionMap":{"txt":{"insertions":0,"deletions":0},"java":{"insertions":180,"deletions":15}}},{"hash":"b0cb0337d04a1458a360475c16fbc2610904ca35","isMergeCommit":false,"messageTitle":"Update Shadow JAR file name into \u0027seeWhyAre\u0027","messageBody":"","fileTypesAndContributionMap":{"gradle":{"insertions":1,"deletions":1}}},{"hash":"29ccecca2756beaa45055ace76bfac5a528a4d13","isMergeCommit":false,"messageTitle":"Refactor Parser file to have shorter method length","messageBody":"","fileTypesAndContributionMap":{"txt":{"insertions":1,"deletions":1},"java":{"insertions":50,"deletions":30}}},{"hash":"2d485f1b38f2e24a60a62d726566f2e5b51ca535","isMergeCommit":false,"messageTitle":"Remove dead code and improve Javadoc","messageBody":"Improvements done specified by SoC SE Bot Red\n","fileTypesAndContributionMap":{"java":{"insertions":6,"deletions":5}}},{"hash":"6ba4bca83c528f55c2b884a8e097a50f42ed8584","isMergeCommit":false,"messageTitle":"Refactor Storage class to have shorter methods","messageBody":"loadTasks() was considered too long\n\nLet\u0027s refactor the code by introducing multiple helper functions\nto handle loading different types of tasks.\n","fileTypesAndContributionMap":{"java":{"insertions":31,"deletions":28}}},{"hash":"e403757c0dcd624bf2b07eff9eebf638b6965c5f","isMergeCommit":false,"messageTitle":"Refactor code for shorter methods and follow Java Checkstyle","messageBody":"","fileTypesAndContributionMap":{"txt":{"insertions":1,"deletions":1},"java":{"insertions":24,"deletions":42}}}]},{"date":"2023-09-22","commitResults":[{"hash":"95125bd124756cc6f4682c39c288b270c0d1a988","isMergeCommit":false,"messageTitle":"Fix bug on taskListTest file creation","messageBody":"","fileTypesAndContributionMap":{"java":{"insertions":9,"deletions":0}}},{"hash":"985dc26e9c405f5c2cec61221d81659a2a176ed6","isMergeCommit":false,"messageTitle":"Fix bug on encoding saved tasks","messageBody":"There were observations on different devices that the file duke.txt\ncontaining saved tasks has a newline character at the beginning of the file.\n\nAnother observation seen is that there is no newline character after the first task\nis encoded, causing the second task to be\nwritten on the same line as the first task\n\nThe loadTask() function subsequently reads the line as a corrupted line.\nSome reported issues relaunching the app.\n\nThis has been corrected and SeeWhyAre app should be launching normally.\n","fileTypesAndContributionMap":{"txt":{"insertions":4,"deletions":7},"java":{"insertions":5,"deletions":4}}}]}]},"authorFileTypeContributionMap":{"freddychenyouren2":{"java":1687,"md":334,"fxml":37,"sh":0,"bat":4,"gradle":21,"txt":34}},"authorContributionVariance":{"freddychenyouren2":151632.3},"authorDisplayNameMap":{"freddychenyouren2":"CS2103T-W10-3 FRED.. REN"}}
