{"authorDailyContributionsMap":{"RiyaMehta2211":[{"date":"2023-08-23","commitResults":[{"hash":"cee5ef0e681036be72f4817998d6f35f59706d31","isMergeCommit":false,"messageTitle":"Level-0","messageBody":"","fileTypesAndContributionMap":{"java":{"insertions":4,"deletions":6}}},{"hash":"a2a1d2816bcae2c3f1bef7cb0ef935130104e3bf","isMergeCommit":false,"messageTitle":"Level-0","messageBody":"","fileTypesAndContributionMap":{"java":{"insertions":8,"deletions":1}}},{"hash":"dad6511aebb23581b6595f739d28aa2b5782fef4","isMergeCommit":false,"messageTitle":"Level-0","messageBody":"","fileTypesAndContributionMap":{"java":{"insertions":1,"deletions":8}}},{"hash":"5d0deb105af142219223671cbb9565da579f0324","isMergeCommit":false,"messageTitle":"Level-1","messageBody":"","fileTypesAndContributionMap":{"java":{"insertions":8,"deletions":1}}},{"hash":"25b761a7bac82c249d51933c344ec6fec241d9f3","isMergeCommit":false,"messageTitle":"Level-0","messageBody":"","fileTypesAndContributionMap":{"java":{"insertions":1,"deletions":8}}},{"hash":"df7e6690fd9c0dbc4088a9cba726b54efb14b58b","isMergeCommit":false,"messageTitle":"Level-1","messageBody":"","fileTypesAndContributionMap":{"java":{"insertions":8,"deletions":1}}},{"hash":"5eb7dc37a8f56dacc21553e69b0a1dd82fe21804","isMergeCommit":false,"messageTitle":"Level-0","messageBody":"","fileTypesAndContributionMap":{"java":{"insertions":1,"deletions":7}}},{"hash":"92957ecb8918a149686a2d2fd6f4ebdd8ee12a39","isMergeCommit":false,"messageTitle":"Level-1","messageBody":"","fileTypesAndContributionMap":{"java":{"insertions":7,"deletions":1}}},{"hash":"0dbf37b58d04286786745f5294533c8b78f9c893","isMergeCommit":false,"messageTitle":"commit message 0","messageBody":"","tags":["Level-0"],"fileTypesAndContributionMap":{"java":{"insertions":1,"deletions":7}}},{"hash":"2fc4a9b21d1f8a6b839c7d5d47c41a2ad4f4998d","isMergeCommit":false,"messageTitle":"ip - Riya Mehta","messageBody":"","fileTypesAndContributionMap":{"java":{"insertions":1,"deletions":1}}},{"hash":"54e1c5a54931607684676c5cc0baa3ddc341ad7f","isMergeCommit":false,"messageTitle":"ip - Riya Mehta","messageBody":"","tags":["Level-1"],"fileTypesAndContributionMap":{"java":{"insertions":8,"deletions":2}}},{"hash":"4c4321364fad0274772a02fb83b8edaab30a8cd5","isMergeCommit":false,"messageTitle":"Committing Level 1","messageBody":"","fileTypesAndContributionMap":{"java":{"insertions":2,"deletions":2}}},{"hash":"020940783469bf6fca6354ad0814950d0d2fedb5","isMergeCommit":false,"messageTitle":"Committing Level 3","messageBody":"","tags":["Level-2"],"fileTypesAndContributionMap":{"java":{"insertions":20,"deletions":4}}},{"hash":"1024554e46d994cf465742175b99c00451ebcc96","isMergeCommit":false,"messageTitle":"Committing Level 2","messageBody":"","fileTypesAndContributionMap":{"java":{"insertions":1,"deletions":1}}},{"hash":"843b949ff53a3c339060f23575b204bec81a76b7","isMergeCommit":false,"messageTitle":"Committing Level 2","messageBody":"","fileTypesAndContributionMap":{"java":{"insertions":2,"deletions":2}}},{"hash":"8570478f754871ccc584b11f3d7c12e651d6c65f","isMergeCommit":false,"messageTitle":"Committing Level 2","messageBody":"","fileTypesAndContributionMap":{"java":{"insertions":2,"deletions":2}}},{"hash":"c8c810027001663f7c246c2d00fe26f5f5d1f58c","isMergeCommit":false,"messageTitle":"Tagging Level 2","messageBody":"","fileTypesAndContributionMap":{"java":{"insertions":2,"deletions":2}}},{"hash":"070a09a2b07c481d1f84e7db79a50095dfb4e2d4","isMergeCommit":false,"messageTitle":"Tagging Level 2","messageBody":"","fileTypesAndContributionMap":{"java":{"insertions":2,"deletions":2}}}]},{"date":"2023-08-24","commitResults":[{"hash":"367172154a1841c4c9340310e9145936da762b7b","isMergeCommit":false,"messageTitle":"Committing Level 3","messageBody":"","fileTypesAndContributionMap":{"java":{"insertions":67,"deletions":12}}},{"hash":"715ce88a25b9d75a73208fb98a5beeadae811a60","isMergeCommit":false,"messageTitle":"Committing Level 3","messageBody":"","fileTypesAndContributionMap":{"java":{"insertions":2,"deletions":2}}},{"hash":"8b830596cea7341b1581398362da4c5fb4101e3c","isMergeCommit":false,"messageTitle":"Committing Level 3","messageBody":"","fileTypesAndContributionMap":{"java":{"insertions":4,"deletions":4}}},{"hash":"b6ef51f07df21202ed9279f201a437ae3fac78c7","isMergeCommit":false,"messageTitle":"Committing Level 3","messageBody":"","fileTypesAndContributionMap":{"java":{"insertions":2,"deletions":2}}},{"hash":"bc9248e9ae20849af864f3e289ea301ccef32633","isMergeCommit":false,"messageTitle":"Committing Level 3","messageBody":"","fileTypesAndContributionMap":{"java":{"insertions":2,"deletions":2}}},{"hash":"0a186be5633c054ce40437716e01276e87c0f2c0","isMergeCommit":false,"messageTitle":"Committing Level 3","messageBody":"","fileTypesAndContributionMap":{"java":{"insertions":2,"deletions":2}}},{"hash":"51138a0aea849541b74f589d9d343cad1e68c253","isMergeCommit":false,"messageTitle":"Committing Level 3","messageBody":"","fileTypesAndContributionMap":{"java":{"insertions":1,"deletions":2}}},{"hash":"d92d6baa6565ef01bb8e8090bc5079df17c4ddba","isMergeCommit":false,"messageTitle":"Committing Level 3","messageBody":"","tags":["Level-3"],"fileTypesAndContributionMap":{"java":{"insertions":14,"deletions":8}}},{"hash":"44ca44432a62566b833c174c3ce05c31f26583b0","isMergeCommit":false,"messageTitle":"Committing Level 4","messageBody":"","fileTypesAndContributionMap":{"java":{"insertions":90,"deletions":4}}},{"hash":"c8d30445458ff7207d42fb173a85408825e6bef5","isMergeCommit":false,"messageTitle":"Committing Level 4","messageBody":"","fileTypesAndContributionMap":{"java":{"insertions":1,"deletions":2}}},{"hash":"69d9b79674f428afd5b8715f8fda7b60a977fd72","isMergeCommit":false,"messageTitle":"Committing text-ui-test","messageBody":"","fileTypesAndContributionMap":{"txt":{"insertions":16,"deletions":0},"java":{"insertions":1,"deletions":1}}},{"hash":"198334a595afaa06f4f1e2e0867c0c07d26b2c0e","isMergeCommit":false,"messageTitle":"Committing Level 4","messageBody":"","tags":["Level-4"],"fileTypesAndContributionMap":{"java":{"insertions":7,"deletions":5}}},{"hash":"bb49d9e7cd1bd5c9367132950a88b3cdcfb80cb3","isMergeCommit":false,"messageTitle":"Committing Level-5","messageBody":"","tags":["Level-5"],"fileTypesAndContributionMap":{"txt":{"insertions":0,"deletions":1},"java":{"insertions":128,"deletions":75}}},{"hash":"8aab7cbd13c38c9df72ad659608c0c1ea0822d23","isMergeCommit":false,"messageTitle":"Committing Level-6","messageBody":"","tags":["Level-6"],"fileTypesAndContributionMap":{"java":{"insertions":19,"deletions":9}}}]},{"date":"2023-09-01","commitResults":[{"hash":"c63c221342d8030fc37093a3f1e937ad6c3f1147","isMergeCommit":false,"messageTitle":"Save the tasks in the hard disk automatically whenever the task list changes for Level 7. The tasklist will be saved to Duke.txt in UTF-16 encoded format when terminating the chatBot. The saved taskList can be retrieved after restarting the chatBot.","messageBody":"","fileTypesAndContributionMap":{"java":{"insertions":84,"deletions":13}}},{"hash":"ad3a198bebe8db708d95e617c64c9eb9055127fe","isMergeCommit":false,"messageTitle":"Save the tasks in the hard disk automatically whenever the task list changes for Level 7. The tasklist will be saved to Duke.txt in UTF-16 encoded format when terminating the chatBot. The saved taskList can be retrieved after restarting the chatBot.","messageBody":"","fileTypesAndContributionMap":{"java":{"insertions":2,"deletions":1}}},{"hash":"e02da591a691e32aa6b34d06a601eaf576cc5298","isMergeCommit":false,"messageTitle":"Save the tasks in the hard disk automatically whenever the task list changes for Level 7. The tasklist will be saved to Duke.txt in UTF-8 encoded format when terminating the chatBot. The saved taskList can be retrieved after restarting the chatBot.","messageBody":"","fileTypesAndContributionMap":{"java":{"insertions":1,"deletions":24}}},{"hash":"840b1ff79bf4e09b5d44cb18f91609de58ed1107","isMergeCommit":false,"messageTitle":"Save the tasks in the hard disk automatically whenever the task list changes for Level 7. The tasklist will be saved to Duke.txt in UTF-8 encoded format when terminating the chatBot. The saved taskList can be retrieved after restarting the chatBot.","messageBody":"","fileTypesAndContributionMap":{"java":{"insertions":1,"deletions":1}}},{"hash":"698b2ca51779ccf55694576e023759d4405dd99e","isMergeCommit":false,"messageTitle":"Save the tasks in the hard disk automatically whenever the task list changes for Level 7. The tasklist will be saved to Duke.txt in UTF-8 encoded format when terminating the chatBot. The saved taskList can be retrieved after restarting the chatBot.","messageBody":"","fileTypesAndContributionMap":{"java":{"insertions":12,"deletions":6}}},{"hash":"d5890789b34d776bbdf06574fc303ead47134e91","isMergeCommit":false,"messageTitle":"Save the tasks in the hard disk automatically whenever the task list changes for Level 7. The tasklist will be saved to Duke.txt in UTF-8 encoded format when terminating the chatBot. The saved taskList can be retrieved after restarting the chatBot.","messageBody":"","fileTypesAndContributionMap":{"java":{"insertions":5,"deletions":6}}},{"hash":"a13da369a4e4c67eef854dda0509e3f5c48a8f62","isMergeCommit":false,"messageTitle":"Save the tasks in the hard disk automatically whenever the task list changes for Level 7. The tasklist will be saved to Duke.txt in UTF-8 encoded format when terminating the chatBot. The saved taskList can be retrieved after restarting the chatBot.","messageBody":"","fileTypesAndContributionMap":{"java":{"insertions":36,"deletions":12}}},{"hash":"f0a837ad005259ae604cc20360168e68652abec2","isMergeCommit":false,"messageTitle":"Save the tasks in the hard disk automatically whenever the task list changes for Level 7. The tasklist will be saved to Duke.txt in UTF-8 encoded format when terminating the chatBot. The saved taskList can be retrieved after restarting the chatBot.","messageBody":"","fileTypesAndContributionMap":{"java":{"insertions":5,"deletions":0}}},{"hash":"75c7865710f0b2e37a3ede1b6f24bcbaaf31a997","isMergeCommit":false,"messageTitle":"Save the tasks in the hard disk automatically whenever the task list changes for Level 7. The tasklist will be saved to Duke.txt in UTF-8 encoded format when terminating the chatBot. The saved taskList can be retrieved after restarting the chatBot.","messageBody":"","fileTypesAndContributionMap":{"java":{"insertions":0,"deletions":27}}},{"hash":"a0704e1bae161d5e4fae465fe600202a7ea30b15","isMergeCommit":false,"messageTitle":"Save the tasks in the hard disk automatically whenever the task list changes for Level 7. The tasklist will be saved to Duke.txt in UTF-8 encoded format when terminating the chatBot. The saved taskList can be retrieved after restarting the chatBot.","messageBody":"","fileTypesAndContributionMap":{"java":{"insertions":1,"deletions":1}}},{"hash":"637bfeff15bb6589e12f6585cbae3df1d4c906c6","isMergeCommit":false,"messageTitle":"The deadline and event tasks now require a concrete dd-MM-yyyy HHmm format input, and will output in MMM d yyyy HHmm format (time in the 24 hours format) as part of Level 8.","messageBody":"","fileTypesAndContributionMap":{"java":{"insertions":40,"deletions":15}}},{"hash":"0d460fbc974a67092335a021ee6dd898f1ad013e","isMergeCommit":false,"messageTitle":"The deadline and event tasks now require a concrete dd-MM-yyyy HHmm format input, and will output in MMM d yyyy HHmm format (time in the 24 hours format) as part of Level 8.","messageBody":"","fileTypesAndContributionMap":{"java":{"insertions":1,"deletions":0}}},{"hash":"2861c63a7dcff160e015c3b920851ef0522f1abb","isMergeCommit":false,"messageTitle":"Revert \"The deadline and event tasks now require a concrete dd-MM-yyyy HHmm format input, and will output in MMM d yyyy HHmm format (time in the 24 hours format) as part of Level 8.\"","messageBody":"This reverts commit 0d460fbc974a67092335a021ee6dd898f1ad013e.\n","fileTypesAndContributionMap":{"java":{"insertions":0,"deletions":1}}},{"hash":"a5460d9564ac7e949280d28a458a4f60f37564f6","isMergeCommit":false,"messageTitle":"Revert \"Revert \"The deadline and event tasks now require a concrete dd-MM-yyyy HHmm format input, and will output in MMM d yyyy HHmm format (time in the 24 hours format) as part of Level 8.\"\"","messageBody":"This reverts commit 2861c63a7dcff160e015c3b920851ef0522f1abb.\n","fileTypesAndContributionMap":{"java":{"insertions":1,"deletions":0}}},{"hash":"ca1cfcdba55b1f0de7be329f834c6f7599034d90","isMergeCommit":false,"messageTitle":"Import LocalDateTime to parse user inputs for date and time of tasks","messageBody":"","fileTypesAndContributionMap":{"java":{"insertions":10,"deletions":0}}},{"hash":"baef718d45ce73a5c2a61f870ba3228963ac5a4c","isMergeCommit":false,"messageTitle":"Merge branch-Level-8 with master","messageBody":"","fileTypesAndContributionMap":{"java":{"insertions":1,"deletions":0}}},{"hash":"cb13a4dcb15c2fd30bf695b50bb65a9cbd60e6a3","isMergeCommit":false,"messageTitle":"Add the header comment of the Task Class","messageBody":"","fileTypesAndContributionMap":{"java":{"insertions":5,"deletions":0}}},{"hash":"7641e6b1061e253b1cb5e0084af0c992ad764f74","isMergeCommit":false,"messageTitle":"merge branch-Level-7 with master","messageBody":"","tags":["Level-7"],"fileTypesAndContributionMap":{"java":{"insertions":1,"deletions":1}}}]},{"date":"2023-09-02","commitResults":[{"hash":"c4a120c17cf542e1498cb23e2c31d3f56153726c","isMergeCommit":false,"messageTitle":"merge branch-Level-8 with master","messageBody":"","tags":["Level-8"],"fileTypesAndContributionMap":{"java":{"insertions":5,"deletions":9}}},{"hash":"85a2f0f765decd28df5b9337eefc0c69958821cb","isMergeCommit":false,"messageTitle":"Fix minor string formatting issues in the Deadline Class","messageBody":"","fileTypesAndContributionMap":{"java":{"insertions":2,"deletions":2}}},{"hash":"f55e28ccd37734fc1e0a8affc8c36f1e56ea1a1d","isMergeCommit":false,"messageTitle":"create Ui class for the chatBot which interacts with users","messageBody":"","fileTypesAndContributionMap":{"java":{"insertions":17,"deletions":6}}},{"hash":"de7ed2b37e0a372e4e3a0c31bc4571cb76a6a899","isMergeCommit":false,"messageTitle":"create Storage class for the chatBot to load and save tasks in the file","messageBody":"","fileTypesAndContributionMap":{"java":{"insertions":55,"deletions":52}}},{"hash":"4602d3092be668d1c71e49323dde8b1a4a23d7b5","isMergeCommit":false,"messageTitle":"create Parser class for the chatBot to accept and read user inputs","messageBody":"","fileTypesAndContributionMap":{"java":{"insertions":19,"deletions":7}}},{"hash":"7fc79a8fae282b8d785d29309beacc3072814dec","isMergeCommit":false,"messageTitle":"create Parser class for the chatBot to parse and read user inputs","messageBody":"","fileTypesAndContributionMap":{"java":{"insertions":147,"deletions":143}}},{"hash":"8c96f3209dabe6f7706f3aecdf0f8cf7ea0e0301","isMergeCommit":false,"messageTitle":"create Ui class for the chatBot to interact with user inputs","messageBody":"","fileTypesAndContributionMap":{"java":{"insertions":41,"deletions":34}}}]},{"date":"2023-09-03","commitResults":[{"hash":"51863b417e62ae02da1c44d5c5b46864cd766e20","isMergeCommit":false,"messageTitle":"create TaskList class for the chatBot to handle the tasklists created","messageBody":"","tags":["A-MoreOOP"],"fileTypesAndContributionMap":{"java":{"insertions":179,"deletions":98}}},{"hash":"634b93edf3dc734b76cca20c77fb3769fa5a6b96","isMergeCommit":false,"messageTitle":"create packages - duke, task and exception to categorize the classes in suitable packages","messageBody":"","tags":["A-Packages"],"fileTypesAndContributionMap":{"txt":{"insertions":2,"deletions":1},"java":{"insertions":58,"deletions":10},"bat":{"insertions":1,"deletions":1},"md":{"insertions":2,"deletions":2}}}]},{"date":"2023-09-04","commitResults":[{"hash":"f8cd1e6df29941b97902a91c9eb2c04070d50edb","isMergeCommit":true,"messageTitle":"merge add-gradle-support into master","messageBody":"","fileTypesAndContributionMap":{}}]},{"date":"2023-09-05","commitResults":[{"hash":"eb16eff168c08d5f6d341be6c26dd57d1a82946e","isMergeCommit":false,"messageTitle":"set up gradle and merge add-gradle-support with master","messageBody":"","tags":["A-Gradle"],"fileTypesAndContributionMap":{"txt":{"insertions":0,"deletions":3},"java":{"insertions":16,"deletions":8}}},{"hash":"82636ff30406894479c69ec46f746a4a14e9858b","isMergeCommit":false,"messageTitle":"Add JUnit tests for Storage, TaskList and Deadline classes","messageBody":"","tags":["A-JUnit"],"fileTypesAndContributionMap":{"java":{"insertions":191,"deletions":50}}},{"hash":"4894c7d25f086c06d48a9064b26633fc5dff7d0f","isMergeCommit":false,"messageTitle":"Troubleshoot issues associated with JUnit and gradlew jar files","messageBody":"","fileTypesAndContributionMap":{"gradle":{"insertions":3,"deletions":2},"java":{"insertions":4,"deletions":8}}},{"hash":"228e5e152070298db9444392786d37915a1bb70d","isMergeCommit":false,"messageTitle":"Troubleshoot issues associated with JUnit and gradlew jar files","messageBody":"","fileTypesAndContributionMap":{"java":{"insertions":0,"deletions":1}}},{"hash":"c891d68850fb542fd42ddaa8bfea67c13003b6d6","isMergeCommit":true,"messageTitle":"Merge remote-tracking branch \u0027origin/master\u0027","messageBody":"","fileTypesAndContributionMap":{}},{"hash":"282ec093ffc8becdc2461a4daef0a7fa9d4c9ee8","isMergeCommit":false,"messageTitle":"Troubleshoot issues associated with JUnit and gradlew jar files","messageBody":"","fileTypesAndContributionMap":{"gradle":{"insertions":1,"deletions":1},"java":{"insertions":13,"deletions":8}}},{"hash":"b784562b2217368427600852f61ff0c0debc6073","isMergeCommit":true,"messageTitle":"Troubleshoot issues associated with JUnit and gradlew jar","messageBody":"","fileTypesAndContributionMap":{}}]},{"date":"2023-09-06","commitResults":[{"hash":"c6b86b2d863afc5d521a92c5a64962d857e679c5","isMergeCommit":false,"messageTitle":"Troubleshoot issues associated with JUnit and gradle jar","messageBody":"","fileTypesAndContributionMap":{"java":{"insertions":3,"deletions":7}}},{"hash":"90eff4d2004aa05f7403ae3d08342d81f2e64a40","isMergeCommit":false,"messageTitle":"create a Duke.jar file with JUnit tests for Storage, TaskList and Deadline Classes","messageBody":"","tags":["A-Jar"],"fileTypesAndContributionMap":{"gradle":{"insertions":4,"deletions":3},"java":{"insertions":1,"deletions":0}}},{"hash":"da6359d9a3250d5fb9c50379d691ff395bc38985","isMergeCommit":false,"messageTitle":"Add JavaDocs to the Java classes","messageBody":"","tags":["A-JavaDoc"],"fileTypesAndContributionMap":{"java":{"insertions":339,"deletions":27}}},{"hash":"2c836ec5db6be42dc67fda082bbe8774187fe7a3","isMergeCommit":false,"messageTitle":"Improve Coding Standards across the Java files","messageBody":"","fileTypesAndContributionMap":{"java":{"insertions":23,"deletions":18}}},{"hash":"2b6dded29d4eee39854c776057b16fa696725a73","isMergeCommit":true,"messageTitle":"Merge branch \u0027branch-A-CodingStandard\u0027","messageBody":"* branch-A-CodingStandard:\n  Improve Coding Standards across the Java files\n","tags":["A-CodingStandard"],"fileTypesAndContributionMap":{}},{"hash":"3f8da3c34bd1e74937350fdb35144acd54c9c13b","isMergeCommit":false,"messageTitle":"Add Find instruction for chatBot to find matching results","messageBody":"","tags":["Level-9"],"fileTypesAndContributionMap":{"java":{"insertions":73,"deletions":55}}},{"hash":"466c99e5cfa0fdd7df7861211bb77f7828fe7edc","isMergeCommit":false,"messageTitle":"merge branch-Level-9 into master","messageBody":"","fileTypesAndContributionMap":{"java":{"insertions":5,"deletions":1}}},{"hash":"5c30647cf452a1d142b3f6e9bb0a230bc9e3dc87","isMergeCommit":false,"messageTitle":"Update src/main/java/duke/Parser.java","messageBody":"Co-authored-by: B-enguin \u003c46633877+B-enguin@users.noreply.github.com\u003e","fileTypesAndContributionMap":{"java":{"insertions":2,"deletions":2}}},{"hash":"2ea708aba756c1efaa56b8730a20de71d10f87d8","isMergeCommit":false,"messageTitle":"make changes to align with coding standards","messageBody":"","fileTypesAndContributionMap":{"java":{"insertions":0,"deletions":6}}},{"hash":"9163891dad8532790905ed64a163564a2c57d434","isMergeCommit":true,"messageTitle":"Merge remote-tracking branch \u0027origin/master\u0027","messageBody":"","fileTypesAndContributionMap":{}}]},{"date":"2023-09-07","commitResults":[{"hash":"a57ff803d7009f4d943a39bf46d4c34d1b4e90e2","isMergeCommit":false,"messageTitle":"troubleshoot and set up GUI","messageBody":"","fileTypesAndContributionMap":{"gradle":{"insertions":16,"deletions":1},"java":{"insertions":24,"deletions":2}}}]},{"date":"2023-09-10","commitResults":[{"hash":"c0390b0fa7a803fc5f5a64fb915c9884e1d3aa25","isMergeCommit":false,"messageTitle":"set up GUI for Duke","messageBody":"","fileTypesAndContributionMap":{"gradle":{"insertions":16,"deletions":1},"fxml":{"insertions":61,"deletions":0},"java":{"insertions":235,"deletions":77}}},{"hash":"6c0002e63fa0e5b088189096cf27c25ed02db9c4","isMergeCommit":true,"messageTitle":"Merge remote-tracking branch \u0027origin/branch-Level-10\u0027 into branch-Level-10","messageBody":"# Conflicts:\n#\tbuild.gradle\n#\tsrc/main/java/duke/Duke.java\n#\tsrc/main/java/duke/Launcher.java\n","fileTypesAndContributionMap":{}},{"hash":"a614e7d0c359f3b1d5021faf20939bec633a4acc","isMergeCommit":true,"messageTitle":"Merge remote-tracking branch \u0027origin/master\u0027","messageBody":"# Conflicts:\n#\tsrc/main/java/duke/Parser.java\n","fileTypesAndContributionMap":{}},{"hash":"ac39abc3f17f624e54c2d2dd24792602dea6b97e","isMergeCommit":false,"messageTitle":"merge branch-Level-10 into master after resolving conflicts","messageBody":"","fileTypesAndContributionMap":{"java":{"insertions":4,"deletions":1}}},{"hash":"ebb695fee24deeb310bbef5b0eb30a2d243d003f","isMergeCommit":false,"messageTitle":"new and improved GUI","messageBody":"","tags":["Level-10","A-Personality","A-BetterGui"],"fileTypesAndContributionMap":{"fxml":{"insertions":14,"deletions":10},"java":{"insertions":1,"deletions":1}}},{"hash":"12a148cc795180b2984734d76763057c312ac36b","isMergeCommit":false,"messageTitle":"new modifications to GUI","messageBody":"","fileTypesAndContributionMap":{"fxml":{"insertions":5,"deletions":5},"java":{"insertions":2,"deletions":2}}}]},{"date":"2023-09-11","commitResults":[{"hash":"c923933188256f89ea959f0c82e1e54fb7ecfc88","isMergeCommit":false,"messageTitle":"new modifications to GUI and merge branch-Level-10 into master","messageBody":"","fileTypesAndContributionMap":{"fxml":{"insertions":5,"deletions":2}}},{"hash":"77b6c2e6e37eac0ec520bea1ff222ce3eaf0ef84","isMergeCommit":true,"messageTitle":"Merge commit \u0027ebb695fee24deeb310bbef5b0eb30a2d243d003f\u0027 into branch-Level-10","messageBody":"* commit \u0027ebb695fee24deeb310bbef5b0eb30a2d243d003f\u0027:\n  new and improved GUI\n  merge branch-Level-10 into master after resolving conflicts\n  Update src/main/java/duke/Parser.java\n","fileTypesAndContributionMap":{}},{"hash":"29a617932259f1e49e01366936e7f9493bd96cd5","isMergeCommit":true,"messageTitle":"Merge branch \u0027branch-Level-10\u0027","messageBody":"* branch-Level-10:\n","fileTypesAndContributionMap":{}},{"hash":"cfeed31b285c4c7f8dee0ceead391afeef0b1af5","isMergeCommit":false,"messageTitle":"minor modifications to GUI and resolve conflicts between branches","messageBody":"","fileTypesAndContributionMap":{"fxml":{"insertions":2,"deletions":2},"java":{"insertions":2,"deletions":2}}},{"hash":"c02b9010c658ce67fd59a21c8467e6a101e0e0ca","isMergeCommit":true,"messageTitle":"Merge remote-tracking branch \u0027origin/branch-Level-10\u0027 into branch-Level-10","messageBody":"","fileTypesAndContributionMap":{}}]},{"date":"2023-09-13","commitResults":[{"hash":"30ab6c628855e2c834869723c08f740b5dea2cc6","isMergeCommit":false,"messageTitle":"Add assertions for error handling and important assumptions for valid inputs","messageBody":"Exceptions and assertions are two complementary ways of handling exceptions and errors in software. Assert statements here help identify important string inputs such as filePaths which should not be null. Assert statements also help ensure integer inputs for indices are in the right range.\n\nIn order to identify more potential error-inducing code, let\u0027s extract out possible places for invalid inputs. And also use assertions and exception handling mechanisms appropriately to improve on the code design.\n","tags":["A-Assertions"],"fileTypesAndContributionMap":{"java":{"insertions":14,"deletions":6}}},{"hash":"70546600f86eba4077199f0be9c40a30ca67bd14","isMergeCommit":true,"messageTitle":"Merge pull request #1 from RiyaMehta2211/branch-A-Assertions","messageBody":"Add assertions for error handling and important assumptions for valid inputs","fileTypesAndContributionMap":{}},{"hash":"ef1dbfe12491dc66b42dfe8e7f32083175d31a82","isMergeCommit":false,"messageTitle":"Improve code quality by creating methods in Parser","messageBody":"The chat() method is in charge of parsing the different user inputs. The subsequent actions based on the respective inputs are split into different methods. The actions have been categorised under updating lists, adding tasks and returning lists. 3 methods to represent these categories.\n\nLet\u0027s improve code quality by making more methods which are shorter and avoid deep nesting. It is also good to keep methods simple and easy to understand.\n","tags":["A-FullCommitMessage","A-CodeQuality"],"fileTypesAndContributionMap":{"java":{"insertions":164,"deletions":118}}},{"hash":"f7db2bcce3b5e6e6d5ecbaeea511dd32adce7462","isMergeCommit":false,"messageTitle":"Making minor modification to Event class taskstring","messageBody":"","fileTypesAndContributionMap":{"java":{"insertions":1,"deletions":1}}},{"hash":"7176c4549533b7162c4cc42a1ce07a53710270a5","isMergeCommit":true,"messageTitle":"Merge pull request #2 from RiyaMehta2211/branch-A-CodeQuality","messageBody":"Improve code quality by making more readable methods","fileTypesAndContributionMap":{}},{"hash":"91f06d66da2668055c892fe3dcf8405964aac6cd","isMergeCommit":false,"messageTitle":"Add C-help extension to provide in-App guidance to users","messageBody":"","fileTypesAndContributionMap":{"fxml":{"insertions":3,"deletions":3},"java":{"insertions":32,"deletions":14}}},{"hash":"33e31eb2e970cb1c2bb72b59ec0a39c12541d600","isMergeCommit":false,"messageTitle":"Add C-MassOps extension to mark, unmark and delete all tasks in one go","messageBody":"","tags":["BCD-Extension"],"fileTypesAndContributionMap":{"java":{"insertions":70,"deletions":32}}}]},{"date":"2023-09-19","commitResults":[{"hash":"3035324f706650fec751f9febe983cfe7020cf7a","isMergeCommit":false,"messageTitle":"Add javadocs and align code towards the coding standards","messageBody":"","fileTypesAndContributionMap":{"gradle":{"insertions":3,"deletions":0},"fxml":{"insertions":6,"deletions":5},"java":{"insertions":142,"deletions":32}}}]},{"date":"2023-09-20","commitResults":[{"hash":"4843225bead66507c780be70893263094d4c099c","isMergeCommit":false,"messageTitle":"Add representative screenshot Ui.png in docs \u0026 a brief User Guide (UG) in README.md","messageBody":"","fileTypesAndContributionMap":{"fxml":{"insertions":7,"deletions":6},"java":{"insertions":1,"deletions":1},"md":{"insertions":80,"deletions":10}}},{"hash":"52a9461c79e6fb67f77f0b10fd31866e182daba6","isMergeCommit":false,"messageTitle":"Update README.md","messageBody":"","fileTypesAndContributionMap":{"md":{"insertions":32,"deletions":1}}},{"hash":"bcf9fd60245e51812655913d952efe13eeb5b0bd","isMergeCommit":false,"messageTitle":"Update README.md","messageBody":"","fileTypesAndContributionMap":{"gradle":{"insertions":1,"deletions":1},"md":{"insertions":51,"deletions":5}}},{"hash":"db89ff42ed21ac8d7fe9c8e9e4a2b8dcdcef98d9","isMergeCommit":true,"messageTitle":"Merge remote-tracking branch \u0027origin/master\u0027","messageBody":"","fileTypesAndContributionMap":{}},{"hash":"d27b0b30e76e6aa4dea2fc427963ff344d695dee","isMergeCommit":false,"messageTitle":"add C-update extension to update attributes of the specified task in the list. Add extra exceptions for more efficient error handling","messageBody":"","fileTypesAndContributionMap":{"fxml":{"insertions":1,"deletions":1},"java":{"insertions":115,"deletions":17}}},{"hash":"5a9373d8c607fe0594c3fa54c8e1adc4167225ae","isMergeCommit":true,"messageTitle":"Merge remote-tracking branch \u0027origin/master\u0027","messageBody":"","tags":["A-MoreErrorHandling"],"fileTypesAndContributionMap":{}},{"hash":"976bad8c8e387c1f73e129bb5cfa11145552626e","isMergeCommit":false,"messageTitle":"Update README.md","messageBody":"","tags":["A-UserGuide"],"fileTypesAndContributionMap":{"md":{"insertions":43,"deletions":0}}},{"hash":"3f498b48499c05ce76ac789748ddabac8b7c4f7b","isMergeCommit":false,"messageTitle":"minor modification to README.md","messageBody":"","fileTypesAndContributionMap":{"md":{"insertions":2,"deletions":2}}},{"hash":"0dad1de31c2f8ff37d62974c0e9d54b8e9e9dcd8","isMergeCommit":false,"messageTitle":"minor modification to README.md","messageBody":"","fileTypesAndContributionMap":{"md":{"insertions":1,"deletions":1}}},{"hash":"b663ddaa9f865d09fcb05ec93c70b747872955f4","isMergeCommit":true,"messageTitle":"Merge remote-tracking branch \u0027origin/master\u0027","messageBody":"","fileTypesAndContributionMap":{}}]},{"date":"2023-09-22","commitResults":[{"hash":"44b052e559d263589a10e09549d33a77f6d7d40a","isMergeCommit":false,"messageTitle":"Minor modifications to GUI and align to coding standards","messageBody":"","fileTypesAndContributionMap":{"fxml":{"insertions":4,"deletions":4},"java":{"insertions":8,"deletions":6}}}]},{"date":"2023-09-23","commitResults":[{"hash":"94c43a3a4af1879339f79b3e4145fa73eae08e64","isMergeCommit":false,"messageTitle":"Removing commented out bits to improve code quality","messageBody":"","fileTypesAndContributionMap":{"java":{"insertions":8,"deletions":12}}},{"hash":"516539cf4092edd140939bdd19ab91b66a0a7214","isMergeCommit":false,"messageTitle":"Fix minor issues to align with coding standards and improve coding quality","messageBody":"","tags":["A-Release"],"fileTypesAndContributionMap":{"java":{"insertions":2,"deletions":6}}}]}]},"authorFileTypeContributionMap":{"RiyaMehta2211":{"java":1450,"md":163,"fxml":70,"sh":0,"bat":1,"gradle":21,"txt":15}},"authorContributionVariance":{"RiyaMehta2211":34500.836},"authorDisplayNameMap":{"RiyaMehta2211":"CS2103T-T14-2 MEHT..BHAI"}}
