[{"path":"src/main/java/Deadline.java","fileType":"java","lines":[{"lineNumber":1,"author":{"gitId":"SelwynAng"},"content":"/**","lastModifiedDate":"2023-08-21"},{"lineNumber":2,"author":{"gitId":"SelwynAng"},"content":" * This is the Deadline class, a child class of Task class","lastModifiedDate":"2023-08-21"},{"lineNumber":3,"author":{"gitId":"SelwynAng"},"content":" * @author Selwyn","lastModifiedDate":"2023-08-21"},{"lineNumber":4,"author":{"gitId":"SelwynAng"},"content":" */","lastModifiedDate":"2023-08-21"},{"lineNumber":5,"author":{"gitId":"SelwynAng"},"content":"public class Deadline extends Task{","lastModifiedDate":"2023-08-21"},{"lineNumber":6,"author":{"gitId":"SelwynAng"},"content":"    /**","lastModifiedDate":"2023-08-21"},{"lineNumber":7,"author":{"gitId":"SelwynAng"},"content":"     * Field representing the date and time of the deadline","lastModifiedDate":"2023-08-21"},{"lineNumber":8,"author":{"gitId":"SelwynAng"},"content":"     */","lastModifiedDate":"2023-08-21"},{"lineNumber":9,"author":{"gitId":"SelwynAng"},"content":"    protected String endDateTime;","lastModifiedDate":"2023-08-21"},{"lineNumber":10,"author":{"gitId":"SelwynAng"},"content":"","lastModifiedDate":"2023-08-21"},{"lineNumber":11,"author":{"gitId":"SelwynAng"},"content":"    /**","lastModifiedDate":"2023-08-21"},{"lineNumber":12,"author":{"gitId":"SelwynAng"},"content":"     * Constructor for a Deadline task","lastModifiedDate":"2023-08-21"},{"lineNumber":13,"author":{"gitId":"SelwynAng"},"content":"     *","lastModifiedDate":"2023-08-21"},{"lineNumber":14,"author":{"gitId":"SelwynAng"},"content":"     * @param detail","lastModifiedDate":"2023-08-21"},{"lineNumber":15,"author":{"gitId":"SelwynAng"},"content":"     */","lastModifiedDate":"2023-08-21"},{"lineNumber":16,"author":{"gitId":"SelwynAng"},"content":"    public Deadline(String detail, String endDateTime) {","lastModifiedDate":"2023-08-21"},{"lineNumber":17,"author":{"gitId":"SelwynAng"},"content":"        super(detail);","lastModifiedDate":"2023-08-21"},{"lineNumber":18,"author":{"gitId":"SelwynAng"},"content":"        this.endDateTime \u003d endDateTime;","lastModifiedDate":"2023-08-21"},{"lineNumber":19,"author":{"gitId":"SelwynAng"},"content":"    }","lastModifiedDate":"2023-08-21"},{"lineNumber":20,"author":{"gitId":"SelwynAng"},"content":"","lastModifiedDate":"2023-08-21"},{"lineNumber":21,"author":{"gitId":"SelwynAng"},"content":"    /**","lastModifiedDate":"2023-08-21"},{"lineNumber":22,"author":{"gitId":"SelwynAng"},"content":"     * This method returns the string representation of a deadline task","lastModifiedDate":"2023-08-22"},{"lineNumber":23,"author":{"gitId":"SelwynAng"},"content":"     * @return String representation of a deadline task","lastModifiedDate":"2023-08-22"},{"lineNumber":24,"author":{"gitId":"SelwynAng"},"content":"     */","lastModifiedDate":"2023-08-21"},{"lineNumber":25,"author":{"gitId":"SelwynAng"},"content":"    @Override","lastModifiedDate":"2023-08-21"},{"lineNumber":26,"author":{"gitId":"SelwynAng"},"content":"    public String toString() {","lastModifiedDate":"2023-08-22"},{"lineNumber":27,"author":{"gitId":"SelwynAng"},"content":"        return \"[D] \" + super.toString() + \" (by: \" + this.endDateTime + \")\";","lastModifiedDate":"2023-08-22"},{"lineNumber":28,"author":{"gitId":"SelwynAng"},"content":"    }","lastModifiedDate":"2023-08-21"},{"lineNumber":29,"author":{"gitId":"SelwynAng"},"content":"}","lastModifiedDate":"2023-08-21"}],"authorContributionMap":{"SelwynAng":29}},{"path":"src/main/java/Duke.java","fileType":"java","lines":[{"lineNumber":1,"author":{"gitId":"SelwynAng"},"content":"import java.util.Scanner;","lastModifiedDate":"2023-08-21"},{"lineNumber":2,"author":{"gitId":"SelwynAng"},"content":"","lastModifiedDate":"2023-08-21"},{"lineNumber":3,"author":{"gitId":"SelwynAng"},"content":"/**","lastModifiedDate":"2023-08-21"},{"lineNumber":4,"author":{"gitId":"SelwynAng"},"content":" * This is the Main class for the Duke program","lastModifiedDate":"2023-08-21"},{"lineNumber":5,"author":{"gitId":"SelwynAng"},"content":" * @author Selwyn","lastModifiedDate":"2023-08-21"},{"lineNumber":6,"author":{"gitId":"SelwynAng"},"content":" */","lastModifiedDate":"2023-08-21"},{"lineNumber":7,"author":{"gitId":"-"},"content":"public class Duke {","lastModifiedDate":"2019-07-29"},{"lineNumber":8,"author":{"gitId":"SelwynAng"},"content":"    /**","lastModifiedDate":"2023-08-21"},{"lineNumber":9,"author":{"gitId":"SelwynAng"},"content":"     * The name of the bot","lastModifiedDate":"2023-08-21"},{"lineNumber":10,"author":{"gitId":"SelwynAng"},"content":"     */","lastModifiedDate":"2023-08-21"},{"lineNumber":11,"author":{"gitId":"SelwynAng"},"content":"    private static final String NAME \u003d \"Duke Prince\";","lastModifiedDate":"2023-08-21"},{"lineNumber":12,"author":{"gitId":"SelwynAng"},"content":"","lastModifiedDate":"2023-08-21"},{"lineNumber":13,"author":{"gitId":"SelwynAng"},"content":"    /**","lastModifiedDate":"2023-08-21"},{"lineNumber":14,"author":{"gitId":"SelwynAng"},"content":"     * This is the TaskList object for the whole program","lastModifiedDate":"2023-08-21"},{"lineNumber":15,"author":{"gitId":"SelwynAng"},"content":"     */","lastModifiedDate":"2023-08-21"},{"lineNumber":16,"author":{"gitId":"SelwynAng"},"content":"    private static TaskList taskList \u003d new TaskList();","lastModifiedDate":"2023-08-21"},{"lineNumber":17,"author":{"gitId":"SelwynAng"},"content":"","lastModifiedDate":"2023-08-21"},{"lineNumber":18,"author":{"gitId":"SelwynAng"},"content":"    /**","lastModifiedDate":"2023-08-21"},{"lineNumber":19,"author":{"gitId":"SelwynAng"},"content":"     * This is the main method to run the program","lastModifiedDate":"2023-08-21"},{"lineNumber":20,"author":{"gitId":"SelwynAng"},"content":"     * @param args","lastModifiedDate":"2023-08-21"},{"lineNumber":21,"author":{"gitId":"SelwynAng"},"content":"     */","lastModifiedDate":"2023-08-21"},{"lineNumber":22,"author":{"gitId":"-"},"content":"    public static void main(String[] args) {","lastModifiedDate":"2019-07-29"},{"lineNumber":23,"author":{"gitId":"SelwynAng"},"content":"        greet();","lastModifiedDate":"2023-08-21"},{"lineNumber":24,"author":{"gitId":"SelwynAng"},"content":"        listen();","lastModifiedDate":"2023-08-22"},{"lineNumber":25,"author":{"gitId":"SelwynAng"},"content":"    }","lastModifiedDate":"2023-08-22"},{"lineNumber":26,"author":{"gitId":"SelwynAng"},"content":"","lastModifiedDate":"2023-08-21"},{"lineNumber":27,"author":{"gitId":"SelwynAng"},"content":"    /**","lastModifiedDate":"2023-08-22"},{"lineNumber":28,"author":{"gitId":"SelwynAng"},"content":"     * This is the method for the program to listen to the user input to decide what commands to execute","lastModifiedDate":"2023-08-22"},{"lineNumber":29,"author":{"gitId":"SelwynAng"},"content":"     */","lastModifiedDate":"2023-08-22"},{"lineNumber":30,"author":{"gitId":"SelwynAng"},"content":"    protected static void listen() {","lastModifiedDate":"2023-08-22"},{"lineNumber":31,"author":{"gitId":"SelwynAng"},"content":"        boolean exitProgram \u003d false;","lastModifiedDate":"2023-08-22"},{"lineNumber":32,"author":{"gitId":"SelwynAng"},"content":"        // Creating scanner object to get user input","lastModifiedDate":"2023-08-21"},{"lineNumber":33,"author":{"gitId":"SelwynAng"},"content":"        Scanner scanner \u003d new Scanner(System.in);","lastModifiedDate":"2023-08-21"},{"lineNumber":34,"author":{"gitId":"SelwynAng"},"content":"        String input, userCommand, args;","lastModifiedDate":"2023-08-22"},{"lineNumber":35,"author":{"gitId":"SelwynAng"},"content":"","lastModifiedDate":"2023-08-21"},{"lineNumber":36,"author":{"gitId":"SelwynAng"},"content":"        // Getting user input and performing relevant actions","lastModifiedDate":"2023-08-21"},{"lineNumber":37,"author":{"gitId":"SelwynAng"},"content":"        while(!exitProgram) {","lastModifiedDate":"2023-08-22"},{"lineNumber":38,"author":{"gitId":"SelwynAng"},"content":"            try {","lastModifiedDate":"2023-08-21"},{"lineNumber":39,"author":{"gitId":"SelwynAng"},"content":"                input \u003d scanner.nextLine();","lastModifiedDate":"2023-08-22"},{"lineNumber":40,"author":{"gitId":"SelwynAng"},"content":"                printHorizontalLine();","lastModifiedDate":"2023-08-21"},{"lineNumber":41,"author":{"gitId":"SelwynAng"},"content":"","lastModifiedDate":"2023-08-21"},{"lineNumber":42,"author":{"gitId":"SelwynAng"},"content":"                String[] parsedCommand \u003d input.split(\" \", 2);","lastModifiedDate":"2023-08-22"},{"lineNumber":43,"author":{"gitId":"SelwynAng"},"content":"                userCommand \u003d parsedCommand[0];","lastModifiedDate":"2023-08-22"},{"lineNumber":44,"author":{"gitId":"SelwynAng"},"content":"                args \u003d parsedCommand.length \u003e 1 ? parsedCommand[1] : \"\";","lastModifiedDate":"2023-08-22"},{"lineNumber":45,"author":{"gitId":"SelwynAng"},"content":"","lastModifiedDate":"2023-08-21"},{"lineNumber":46,"author":{"gitId":"SelwynAng"},"content":"                switch (userCommand) {","lastModifiedDate":"2023-08-22"},{"lineNumber":47,"author":{"gitId":"SelwynAng"},"content":"                    case \"bye\":","lastModifiedDate":"2023-08-21"},{"lineNumber":48,"author":{"gitId":"SelwynAng"},"content":"                        exitProgram \u003d true;","lastModifiedDate":"2023-08-22"},{"lineNumber":49,"author":{"gitId":"SelwynAng"},"content":"                        exit();","lastModifiedDate":"2023-08-22"},{"lineNumber":50,"author":{"gitId":"SelwynAng"},"content":"                        break;","lastModifiedDate":"2023-08-21"},{"lineNumber":51,"author":{"gitId":"SelwynAng"},"content":"                    case \"list\":","lastModifiedDate":"2023-08-21"},{"lineNumber":52,"author":{"gitId":"SelwynAng"},"content":"                        taskList.displayTaskList();","lastModifiedDate":"2023-08-21"},{"lineNumber":53,"author":{"gitId":"SelwynAng"},"content":"                        break;","lastModifiedDate":"2023-08-21"},{"lineNumber":54,"author":{"gitId":"SelwynAng"},"content":"                    case \"todo\":","lastModifiedDate":"2023-08-21"},{"lineNumber":55,"author":{"gitId":"SelwynAng"},"content":"                        taskList.addTask(TaskType.TODO, args);","lastModifiedDate":"2023-08-22"},{"lineNumber":56,"author":{"gitId":"SelwynAng"},"content":"                        break;","lastModifiedDate":"2023-08-21"},{"lineNumber":57,"author":{"gitId":"SelwynAng"},"content":"                    case \"deadline\":","lastModifiedDate":"2023-08-21"},{"lineNumber":58,"author":{"gitId":"SelwynAng"},"content":"                        taskList.addTask(TaskType.DEADLINE, args);","lastModifiedDate":"2023-08-22"},{"lineNumber":59,"author":{"gitId":"SelwynAng"},"content":"                        break;","lastModifiedDate":"2023-08-21"},{"lineNumber":60,"author":{"gitId":"SelwynAng"},"content":"                    case \"event\":","lastModifiedDate":"2023-08-21"},{"lineNumber":61,"author":{"gitId":"SelwynAng"},"content":"                        taskList.addTask(TaskType.EVENT, args);","lastModifiedDate":"2023-08-22"},{"lineNumber":62,"author":{"gitId":"SelwynAng"},"content":"                        break;","lastModifiedDate":"2023-08-22"},{"lineNumber":63,"author":{"gitId":"SelwynAng"},"content":"                    case \"mark\":","lastModifiedDate":"2023-08-22"},{"lineNumber":64,"author":{"gitId":"SelwynAng"},"content":"                        taskList.changeTaskDoneStatus(args, true);","lastModifiedDate":"2023-08-22"},{"lineNumber":65,"author":{"gitId":"SelwynAng"},"content":"                        break;","lastModifiedDate":"2023-08-22"},{"lineNumber":66,"author":{"gitId":"SelwynAng"},"content":"                    case \"unmark\":","lastModifiedDate":"2023-08-22"},{"lineNumber":67,"author":{"gitId":"SelwynAng"},"content":"                        taskList.changeTaskDoneStatus(args, false);","lastModifiedDate":"2023-08-22"},{"lineNumber":68,"author":{"gitId":"SelwynAng"},"content":"                        break;","lastModifiedDate":"2023-08-22"},{"lineNumber":69,"author":{"gitId":"SelwynAng"},"content":"                    case \"delete\":","lastModifiedDate":"2023-08-22"},{"lineNumber":70,"author":{"gitId":"SelwynAng"},"content":"                        taskList.deleteTask(args);","lastModifiedDate":"2023-08-22"},{"lineNumber":71,"author":{"gitId":"SelwynAng"},"content":"                        break;","lastModifiedDate":"2023-08-21"},{"lineNumber":72,"author":{"gitId":"SelwynAng"},"content":"                    default:","lastModifiedDate":"2023-08-21"},{"lineNumber":73,"author":{"gitId":"SelwynAng"},"content":"                        throw new DukeException(\"I don\u0027t understand what you are saying!\\n\" +","lastModifiedDate":"2023-08-22"},{"lineNumber":74,"author":{"gitId":"SelwynAng"},"content":"                                \"Available commands are list, todo, deadline, event, mark, unmark, delete, bye.\");","lastModifiedDate":"2023-08-22"},{"lineNumber":75,"author":{"gitId":"SelwynAng"},"content":"                }","lastModifiedDate":"2023-08-21"},{"lineNumber":76,"author":{"gitId":"SelwynAng"},"content":"            } catch (DukeException e) {","lastModifiedDate":"2023-08-21"},{"lineNumber":77,"author":{"gitId":"SelwynAng"},"content":"                System.out.println(e.getMessage());","lastModifiedDate":"2023-08-21"},{"lineNumber":78,"author":{"gitId":"SelwynAng"},"content":"            } catch(Exception e) {","lastModifiedDate":"2023-08-22"},{"lineNumber":79,"author":{"gitId":"SelwynAng"},"content":"                System.out.println(\"Something has gone wrong! Please try again!\");","lastModifiedDate":"2023-08-22"},{"lineNumber":80,"author":{"gitId":"SelwynAng"},"content":"            } finally {","lastModifiedDate":"2023-08-21"},{"lineNumber":81,"author":{"gitId":"SelwynAng"},"content":"                printHorizontalLine();","lastModifiedDate":"2023-08-21"},{"lineNumber":82,"author":{"gitId":"SelwynAng"},"content":"            }","lastModifiedDate":"2023-08-21"},{"lineNumber":83,"author":{"gitId":"SelwynAng"},"content":"        }","lastModifiedDate":"2023-08-21"},{"lineNumber":84,"author":{"gitId":"SelwynAng"},"content":"    }","lastModifiedDate":"2023-08-21"},{"lineNumber":85,"author":{"gitId":"SelwynAng"},"content":"","lastModifiedDate":"2023-08-21"},{"lineNumber":86,"author":{"gitId":"SelwynAng"},"content":"    /**","lastModifiedDate":"2023-08-21"},{"lineNumber":87,"author":{"gitId":"SelwynAng"},"content":"     * This method greets the user upon starting the program","lastModifiedDate":"2023-08-21"},{"lineNumber":88,"author":{"gitId":"SelwynAng"},"content":"     */","lastModifiedDate":"2023-08-21"},{"lineNumber":89,"author":{"gitId":"SelwynAng"},"content":"    protected static void greet() {","lastModifiedDate":"2023-08-22"},{"lineNumber":90,"author":{"gitId":"SelwynAng"},"content":"        printHorizontalLine();","lastModifiedDate":"2023-08-22"},{"lineNumber":91,"author":{"gitId":"SelwynAng"},"content":"        System.out.println(\"Hello! I\u0027m \" + NAME);","lastModifiedDate":"2023-08-21"},{"lineNumber":92,"author":{"gitId":"SelwynAng"},"content":"        System.out.println(\"What can I do for you?\");","lastModifiedDate":"2023-08-21"},{"lineNumber":93,"author":{"gitId":"SelwynAng"},"content":"        printHorizontalLine();","lastModifiedDate":"2023-08-22"},{"lineNumber":94,"author":{"gitId":"SelwynAng"},"content":"    }","lastModifiedDate":"2023-08-21"},{"lineNumber":95,"author":{"gitId":"SelwynAng"},"content":"","lastModifiedDate":"2023-08-21"},{"lineNumber":96,"author":{"gitId":"SelwynAng"},"content":"    /**","lastModifiedDate":"2023-08-21"},{"lineNumber":97,"author":{"gitId":"SelwynAng"},"content":"     * This method says bye when user exits the program","lastModifiedDate":"2023-08-21"},{"lineNumber":98,"author":{"gitId":"SelwynAng"},"content":"     */","lastModifiedDate":"2023-08-21"},{"lineNumber":99,"author":{"gitId":"SelwynAng"},"content":"    protected static void exit() {","lastModifiedDate":"2023-08-22"},{"lineNumber":100,"author":{"gitId":"SelwynAng"},"content":"        System.out.println(\"Bye. Hope to see you again soon!\");","lastModifiedDate":"2023-08-21"},{"lineNumber":101,"author":{"gitId":"SelwynAng"},"content":"    }","lastModifiedDate":"2023-08-21"},{"lineNumber":102,"author":{"gitId":"SelwynAng"},"content":"","lastModifiedDate":"2023-08-21"},{"lineNumber":103,"author":{"gitId":"SelwynAng"},"content":"    /**","lastModifiedDate":"2023-08-21"},{"lineNumber":104,"author":{"gitId":"SelwynAng"},"content":"     * This method prints a horizontal line in the console","lastModifiedDate":"2023-08-21"},{"lineNumber":105,"author":{"gitId":"SelwynAng"},"content":"     */","lastModifiedDate":"2023-08-21"},{"lineNumber":106,"author":{"gitId":"SelwynAng"},"content":"    protected static void printHorizontalLine() {","lastModifiedDate":"2023-08-22"},{"lineNumber":107,"author":{"gitId":"SelwynAng"},"content":"        int width \u003d 50;","lastModifiedDate":"2023-08-21"},{"lineNumber":108,"author":{"gitId":"SelwynAng"},"content":"        for (int i  \u003d 0; i \u003c width; i++) {","lastModifiedDate":"2023-08-21"},{"lineNumber":109,"author":{"gitId":"SelwynAng"},"content":"            System.out.print(\"-\");","lastModifiedDate":"2023-08-21"},{"lineNumber":110,"author":{"gitId":"SelwynAng"},"content":"        }","lastModifiedDate":"2023-08-21"},{"lineNumber":111,"author":{"gitId":"SelwynAng"},"content":"        System.out.println(\"\");","lastModifiedDate":"2023-08-21"},{"lineNumber":112,"author":{"gitId":"-"},"content":"    }","lastModifiedDate":"2019-07-29"},{"lineNumber":113,"author":{"gitId":"-"},"content":"}","lastModifiedDate":"2019-07-29"}],"authorContributionMap":{"SelwynAng":109,"-":4}},{"path":"src/main/java/DukeException.java","fileType":"java","lines":[{"lineNumber":1,"author":{"gitId":"SelwynAng"},"content":"/**","lastModifiedDate":"2023-08-22"},{"lineNumber":2,"author":{"gitId":"SelwynAng"},"content":" * This is the DukeException class for exceptions specific to the Duke program","lastModifiedDate":"2023-08-22"},{"lineNumber":3,"author":{"gitId":"SelwynAng"},"content":" * @author Selwyn","lastModifiedDate":"2023-08-22"},{"lineNumber":4,"author":{"gitId":"SelwynAng"},"content":" */","lastModifiedDate":"2023-08-22"},{"lineNumber":5,"author":{"gitId":"SelwynAng"},"content":"public class DukeException extends Exception {","lastModifiedDate":"2023-08-21"},{"lineNumber":6,"author":{"gitId":"SelwynAng"},"content":"    /**","lastModifiedDate":"2023-08-21"},{"lineNumber":7,"author":{"gitId":"SelwynAng"},"content":"     * Constructor for the DukeException class","lastModifiedDate":"2023-08-21"},{"lineNumber":8,"author":{"gitId":"SelwynAng"},"content":"     * @param message","lastModifiedDate":"2023-08-21"},{"lineNumber":9,"author":{"gitId":"SelwynAng"},"content":"     */","lastModifiedDate":"2023-08-21"},{"lineNumber":10,"author":{"gitId":"SelwynAng"},"content":"    public DukeException(String message) {","lastModifiedDate":"2023-08-21"},{"lineNumber":11,"author":{"gitId":"SelwynAng"},"content":"        super(message);","lastModifiedDate":"2023-08-21"},{"lineNumber":12,"author":{"gitId":"SelwynAng"},"content":"    }","lastModifiedDate":"2023-08-21"},{"lineNumber":13,"author":{"gitId":"SelwynAng"},"content":"","lastModifiedDate":"2023-08-21"},{"lineNumber":14,"author":{"gitId":"SelwynAng"},"content":"    /**","lastModifiedDate":"2023-08-21"},{"lineNumber":15,"author":{"gitId":"SelwynAng"},"content":"     * Gets the exception message","lastModifiedDate":"2023-08-21"},{"lineNumber":16,"author":{"gitId":"SelwynAng"},"content":"     * @return String Exception message","lastModifiedDate":"2023-08-21"},{"lineNumber":17,"author":{"gitId":"SelwynAng"},"content":"     */","lastModifiedDate":"2023-08-21"},{"lineNumber":18,"author":{"gitId":"SelwynAng"},"content":"    @Override","lastModifiedDate":"2023-08-21"},{"lineNumber":19,"author":{"gitId":"SelwynAng"},"content":"    public String getMessage() {","lastModifiedDate":"2023-08-21"},{"lineNumber":20,"author":{"gitId":"SelwynAng"},"content":"        return \"OOPS! \" + super.getMessage();","lastModifiedDate":"2023-08-21"},{"lineNumber":21,"author":{"gitId":"SelwynAng"},"content":"    }","lastModifiedDate":"2023-08-21"},{"lineNumber":22,"author":{"gitId":"SelwynAng"},"content":"}","lastModifiedDate":"2023-08-21"}],"authorContributionMap":{"SelwynAng":22}},{"path":"src/main/java/Event.java","fileType":"java","lines":[{"lineNumber":1,"author":{"gitId":"SelwynAng"},"content":"/**","lastModifiedDate":"2023-08-21"},{"lineNumber":2,"author":{"gitId":"SelwynAng"},"content":" * This is the Event class, a child class of Task class","lastModifiedDate":"2023-08-21"},{"lineNumber":3,"author":{"gitId":"SelwynAng"},"content":" * @author Selwyn","lastModifiedDate":"2023-08-21"},{"lineNumber":4,"author":{"gitId":"SelwynAng"},"content":" */","lastModifiedDate":"2023-08-21"},{"lineNumber":5,"author":{"gitId":"SelwynAng"},"content":"public class Event extends Task{","lastModifiedDate":"2023-08-21"},{"lineNumber":6,"author":{"gitId":"SelwynAng"},"content":"    /**","lastModifiedDate":"2023-08-21"},{"lineNumber":7,"author":{"gitId":"SelwynAng"},"content":"     * Field representing the start date \u0026 time of the event","lastModifiedDate":"2023-08-21"},{"lineNumber":8,"author":{"gitId":"SelwynAng"},"content":"     */","lastModifiedDate":"2023-08-21"},{"lineNumber":9,"author":{"gitId":"SelwynAng"},"content":"    protected String startDateTime;","lastModifiedDate":"2023-08-21"},{"lineNumber":10,"author":{"gitId":"SelwynAng"},"content":"","lastModifiedDate":"2023-08-21"},{"lineNumber":11,"author":{"gitId":"SelwynAng"},"content":"    /**","lastModifiedDate":"2023-08-21"},{"lineNumber":12,"author":{"gitId":"SelwynAng"},"content":"     * Field representing the end date \u0026 time of the event","lastModifiedDate":"2023-08-21"},{"lineNumber":13,"author":{"gitId":"SelwynAng"},"content":"     */","lastModifiedDate":"2023-08-21"},{"lineNumber":14,"author":{"gitId":"SelwynAng"},"content":"    protected String endDateTime;","lastModifiedDate":"2023-08-21"},{"lineNumber":15,"author":{"gitId":"SelwynAng"},"content":"","lastModifiedDate":"2023-08-21"},{"lineNumber":16,"author":{"gitId":"SelwynAng"},"content":"    /**","lastModifiedDate":"2023-08-21"},{"lineNumber":17,"author":{"gitId":"SelwynAng"},"content":"     * Constructor for an Event task","lastModifiedDate":"2023-08-21"},{"lineNumber":18,"author":{"gitId":"SelwynAng"},"content":"     *","lastModifiedDate":"2023-08-21"},{"lineNumber":19,"author":{"gitId":"SelwynAng"},"content":"     * @param detail","lastModifiedDate":"2023-08-21"},{"lineNumber":20,"author":{"gitId":"SelwynAng"},"content":"     */","lastModifiedDate":"2023-08-21"},{"lineNumber":21,"author":{"gitId":"SelwynAng"},"content":"    public Event(String detail, String startDateTime, String endDateTime) {","lastModifiedDate":"2023-08-21"},{"lineNumber":22,"author":{"gitId":"SelwynAng"},"content":"        super(detail);","lastModifiedDate":"2023-08-21"},{"lineNumber":23,"author":{"gitId":"SelwynAng"},"content":"        this.startDateTime \u003d startDateTime;","lastModifiedDate":"2023-08-21"},{"lineNumber":24,"author":{"gitId":"SelwynAng"},"content":"        this.endDateTime \u003d endDateTime;","lastModifiedDate":"2023-08-21"},{"lineNumber":25,"author":{"gitId":"SelwynAng"},"content":"    }","lastModifiedDate":"2023-08-21"},{"lineNumber":26,"author":{"gitId":"SelwynAng"},"content":"","lastModifiedDate":"2023-08-21"},{"lineNumber":27,"author":{"gitId":"SelwynAng"},"content":"    /**","lastModifiedDate":"2023-08-21"},{"lineNumber":28,"author":{"gitId":"SelwynAng"},"content":"     * This method returns the string representation of an event task","lastModifiedDate":"2023-08-22"},{"lineNumber":29,"author":{"gitId":"SelwynAng"},"content":"     * @return String representation of an event task","lastModifiedDate":"2023-08-22"},{"lineNumber":30,"author":{"gitId":"SelwynAng"},"content":"     */","lastModifiedDate":"2023-08-21"},{"lineNumber":31,"author":{"gitId":"SelwynAng"},"content":"    @Override","lastModifiedDate":"2023-08-21"},{"lineNumber":32,"author":{"gitId":"SelwynAng"},"content":"    public String toString() {","lastModifiedDate":"2023-08-22"},{"lineNumber":33,"author":{"gitId":"SelwynAng"},"content":"        return \"[E] \" + super.toString() + \" (from \" + this.startDateTime + \" to: \" + this.endDateTime + \")\";","lastModifiedDate":"2023-08-22"},{"lineNumber":34,"author":{"gitId":"SelwynAng"},"content":"    }","lastModifiedDate":"2023-08-21"},{"lineNumber":35,"author":{"gitId":"SelwynAng"},"content":"}","lastModifiedDate":"2023-08-21"}],"authorContributionMap":{"SelwynAng":35}},{"path":"src/main/java/Task.java","fileType":"java","lines":[{"lineNumber":1,"author":{"gitId":"SelwynAng"},"content":"/**","lastModifiedDate":"2023-08-21"},{"lineNumber":2,"author":{"gitId":"SelwynAng"},"content":" * This is a class representing a single task with fields to represent details and done state","lastModifiedDate":"2023-08-21"},{"lineNumber":3,"author":{"gitId":"SelwynAng"},"content":" * @author Selwyn","lastModifiedDate":"2023-08-21"},{"lineNumber":4,"author":{"gitId":"SelwynAng"},"content":" */","lastModifiedDate":"2023-08-21"},{"lineNumber":5,"author":{"gitId":"SelwynAng"},"content":"public class Task {","lastModifiedDate":"2023-08-21"},{"lineNumber":6,"author":{"gitId":"SelwynAng"},"content":"    /**","lastModifiedDate":"2023-08-21"},{"lineNumber":7,"author":{"gitId":"SelwynAng"},"content":"     * Field representing details of the task","lastModifiedDate":"2023-08-21"},{"lineNumber":8,"author":{"gitId":"SelwynAng"},"content":"     */","lastModifiedDate":"2023-08-21"},{"lineNumber":9,"author":{"gitId":"SelwynAng"},"content":"    protected String detail;","lastModifiedDate":"2023-08-21"},{"lineNumber":10,"author":{"gitId":"SelwynAng"},"content":"","lastModifiedDate":"2023-08-21"},{"lineNumber":11,"author":{"gitId":"SelwynAng"},"content":"    /**","lastModifiedDate":"2023-08-21"},{"lineNumber":12,"author":{"gitId":"SelwynAng"},"content":"     * Field representing whether the task is done or not","lastModifiedDate":"2023-08-21"},{"lineNumber":13,"author":{"gitId":"SelwynAng"},"content":"     */","lastModifiedDate":"2023-08-21"},{"lineNumber":14,"author":{"gitId":"SelwynAng"},"content":"    protected boolean isDone;","lastModifiedDate":"2023-08-21"},{"lineNumber":15,"author":{"gitId":"SelwynAng"},"content":"","lastModifiedDate":"2023-08-21"},{"lineNumber":16,"author":{"gitId":"SelwynAng"},"content":"    /**","lastModifiedDate":"2023-08-21"},{"lineNumber":17,"author":{"gitId":"SelwynAng"},"content":"     * Constructor for a task","lastModifiedDate":"2023-08-21"},{"lineNumber":18,"author":{"gitId":"SelwynAng"},"content":"     * @param detail","lastModifiedDate":"2023-08-21"},{"lineNumber":19,"author":{"gitId":"SelwynAng"},"content":"     */","lastModifiedDate":"2023-08-21"},{"lineNumber":20,"author":{"gitId":"SelwynAng"},"content":"    public Task(String detail) {","lastModifiedDate":"2023-08-21"},{"lineNumber":21,"author":{"gitId":"SelwynAng"},"content":"        this.detail \u003d detail;","lastModifiedDate":"2023-08-21"},{"lineNumber":22,"author":{"gitId":"SelwynAng"},"content":"        this.isDone \u003d false;","lastModifiedDate":"2023-08-21"},{"lineNumber":23,"author":{"gitId":"SelwynAng"},"content":"    }","lastModifiedDate":"2023-08-21"},{"lineNumber":24,"author":{"gitId":"SelwynAng"},"content":"","lastModifiedDate":"2023-08-21"},{"lineNumber":25,"author":{"gitId":"SelwynAng"},"content":"    /**","lastModifiedDate":"2023-08-21"},{"lineNumber":26,"author":{"gitId":"SelwynAng"},"content":"     * This method returns string representation of this task","lastModifiedDate":"2023-08-22"},{"lineNumber":27,"author":{"gitId":"SelwynAng"},"content":"     * @return String representation of this task","lastModifiedDate":"2023-08-22"},{"lineNumber":28,"author":{"gitId":"SelwynAng"},"content":"     */","lastModifiedDate":"2023-08-21"},{"lineNumber":29,"author":{"gitId":"SelwynAng"},"content":"    @Override","lastModifiedDate":"2023-08-22"},{"lineNumber":30,"author":{"gitId":"SelwynAng"},"content":"    public String toString() {","lastModifiedDate":"2023-08-22"},{"lineNumber":31,"author":{"gitId":"SelwynAng"},"content":"        if (this.isDone) {","lastModifiedDate":"2023-08-22"},{"lineNumber":32,"author":{"gitId":"SelwynAng"},"content":"            return \"[X] \" + this.detail;","lastModifiedDate":"2023-08-22"},{"lineNumber":33,"author":{"gitId":"SelwynAng"},"content":"        } else {","lastModifiedDate":"2023-08-22"},{"lineNumber":34,"author":{"gitId":"SelwynAng"},"content":"            return \"[ ] \" + this.detail;","lastModifiedDate":"2023-08-22"},{"lineNumber":35,"author":{"gitId":"SelwynAng"},"content":"        }","lastModifiedDate":"2023-08-22"},{"lineNumber":36,"author":{"gitId":"SelwynAng"},"content":"    }","lastModifiedDate":"2023-08-21"},{"lineNumber":37,"author":{"gitId":"SelwynAng"},"content":"","lastModifiedDate":"2023-08-21"},{"lineNumber":38,"author":{"gitId":"SelwynAng"},"content":"    /**","lastModifiedDate":"2023-08-21"},{"lineNumber":39,"author":{"gitId":"SelwynAng"},"content":"     * Mark the task as done","lastModifiedDate":"2023-08-21"},{"lineNumber":40,"author":{"gitId":"SelwynAng"},"content":"     */","lastModifiedDate":"2023-08-21"},{"lineNumber":41,"author":{"gitId":"SelwynAng"},"content":"    public void markDone() {","lastModifiedDate":"2023-08-21"},{"lineNumber":42,"author":{"gitId":"SelwynAng"},"content":"        this.isDone \u003d true;","lastModifiedDate":"2023-08-21"},{"lineNumber":43,"author":{"gitId":"SelwynAng"},"content":"    }","lastModifiedDate":"2023-08-21"},{"lineNumber":44,"author":{"gitId":"SelwynAng"},"content":"","lastModifiedDate":"2023-08-21"},{"lineNumber":45,"author":{"gitId":"SelwynAng"},"content":"    /**","lastModifiedDate":"2023-08-21"},{"lineNumber":46,"author":{"gitId":"SelwynAng"},"content":"     * Mark the task as undone","lastModifiedDate":"2023-08-21"},{"lineNumber":47,"author":{"gitId":"SelwynAng"},"content":"     */","lastModifiedDate":"2023-08-21"},{"lineNumber":48,"author":{"gitId":"SelwynAng"},"content":"    public void markUndone() {","lastModifiedDate":"2023-08-21"},{"lineNumber":49,"author":{"gitId":"SelwynAng"},"content":"        this.isDone \u003d false;","lastModifiedDate":"2023-08-21"},{"lineNumber":50,"author":{"gitId":"SelwynAng"},"content":"    }","lastModifiedDate":"2023-08-21"},{"lineNumber":51,"author":{"gitId":"SelwynAng"},"content":"}","lastModifiedDate":"2023-08-21"}],"authorContributionMap":{"SelwynAng":51}},{"path":"src/main/java/TaskList.java","fileType":"java","lines":[{"lineNumber":1,"author":{"gitId":"SelwynAng"},"content":"import java.util.ArrayList;","lastModifiedDate":"2023-08-22"},{"lineNumber":2,"author":{"gitId":"SelwynAng"},"content":"","lastModifiedDate":"2023-08-22"},{"lineNumber":3,"author":{"gitId":"SelwynAng"},"content":"/**","lastModifiedDate":"2023-08-21"},{"lineNumber":4,"author":{"gitId":"SelwynAng"},"content":" * This is the TaskList class","lastModifiedDate":"2023-08-21"},{"lineNumber":5,"author":{"gitId":"SelwynAng"},"content":" * @author Selwyn","lastModifiedDate":"2023-08-21"},{"lineNumber":6,"author":{"gitId":"SelwynAng"},"content":" */","lastModifiedDate":"2023-08-21"},{"lineNumber":7,"author":{"gitId":"SelwynAng"},"content":"public class TaskList {","lastModifiedDate":"2023-08-21"},{"lineNumber":8,"author":{"gitId":"SelwynAng"},"content":"    /**","lastModifiedDate":"2023-08-21"},{"lineNumber":9,"author":{"gitId":"SelwynAng"},"content":"     * This is the Task arraylist","lastModifiedDate":"2023-08-22"},{"lineNumber":10,"author":{"gitId":"SelwynAng"},"content":"     */","lastModifiedDate":"2023-08-21"},{"lineNumber":11,"author":{"gitId":"SelwynAng"},"content":"    protected ArrayList\u003cTask\u003e tasks;","lastModifiedDate":"2023-08-22"},{"lineNumber":12,"author":{"gitId":"SelwynAng"},"content":"","lastModifiedDate":"2023-08-21"},{"lineNumber":13,"author":{"gitId":"SelwynAng"},"content":"    /**","lastModifiedDate":"2023-08-21"},{"lineNumber":14,"author":{"gitId":"SelwynAng"},"content":"     * This keeps track of the number of tasks in the list","lastModifiedDate":"2023-08-21"},{"lineNumber":15,"author":{"gitId":"SelwynAng"},"content":"     */","lastModifiedDate":"2023-08-21"},{"lineNumber":16,"author":{"gitId":"SelwynAng"},"content":"    protected int numTasks;","lastModifiedDate":"2023-08-21"},{"lineNumber":17,"author":{"gitId":"SelwynAng"},"content":"","lastModifiedDate":"2023-08-21"},{"lineNumber":18,"author":{"gitId":"SelwynAng"},"content":"    /**","lastModifiedDate":"2023-08-21"},{"lineNumber":19,"author":{"gitId":"SelwynAng"},"content":"     * Constructor creates an array of size 100 when there is no argument provided","lastModifiedDate":"2023-08-21"},{"lineNumber":20,"author":{"gitId":"SelwynAng"},"content":"     */","lastModifiedDate":"2023-08-21"},{"lineNumber":21,"author":{"gitId":"SelwynAng"},"content":"    public TaskList() {","lastModifiedDate":"2023-08-21"},{"lineNumber":22,"author":{"gitId":"SelwynAng"},"content":"        this.tasks \u003d new ArrayList\u003c\u003e();","lastModifiedDate":"2023-08-22"},{"lineNumber":23,"author":{"gitId":"SelwynAng"},"content":"        numTasks \u003d 0;","lastModifiedDate":"2023-08-21"},{"lineNumber":24,"author":{"gitId":"SelwynAng"},"content":"    }","lastModifiedDate":"2023-08-21"},{"lineNumber":25,"author":{"gitId":"SelwynAng"},"content":"","lastModifiedDate":"2023-08-21"},{"lineNumber":26,"author":{"gitId":"SelwynAng"},"content":"    /**","lastModifiedDate":"2023-08-21"},{"lineNumber":27,"author":{"gitId":"SelwynAng"},"content":"     * This method will help to create a task and adds that task to the task arraylist","lastModifiedDate":"2023-08-22"},{"lineNumber":28,"author":{"gitId":"SelwynAng"},"content":"     * @param taskType Enum TaskType representing the type of task to create","lastModifiedDate":"2023-08-22"},{"lineNumber":29,"author":{"gitId":"SelwynAng"},"content":"     * @param args Details of the task to add","lastModifiedDate":"2023-08-22"},{"lineNumber":30,"author":{"gitId":"SelwynAng"},"content":"     */","lastModifiedDate":"2023-08-21"},{"lineNumber":31,"author":{"gitId":"SelwynAng"},"content":"    protected void addTask(TaskType taskType, String args) {","lastModifiedDate":"2023-08-22"},{"lineNumber":32,"author":{"gitId":"SelwynAng"},"content":"        Task newTask;","lastModifiedDate":"2023-08-22"},{"lineNumber":33,"author":{"gitId":"SelwynAng"},"content":"","lastModifiedDate":"2023-08-22"},{"lineNumber":34,"author":{"gitId":"SelwynAng"},"content":"        try {","lastModifiedDate":"2023-08-22"},{"lineNumber":35,"author":{"gitId":"SelwynAng"},"content":"            switch (taskType) {","lastModifiedDate":"2023-08-22"},{"lineNumber":36,"author":{"gitId":"SelwynAng"},"content":"                case TODO:","lastModifiedDate":"2023-08-22"},{"lineNumber":37,"author":{"gitId":"SelwynAng"},"content":"                    newTask \u003d createTodo(args);","lastModifiedDate":"2023-08-22"},{"lineNumber":38,"author":{"gitId":"SelwynAng"},"content":"                    break;","lastModifiedDate":"2023-08-22"},{"lineNumber":39,"author":{"gitId":"SelwynAng"},"content":"                case DEADLINE:","lastModifiedDate":"2023-08-22"},{"lineNumber":40,"author":{"gitId":"SelwynAng"},"content":"                    newTask \u003d createDeadline(args);","lastModifiedDate":"2023-08-22"},{"lineNumber":41,"author":{"gitId":"SelwynAng"},"content":"                    break;","lastModifiedDate":"2023-08-22"},{"lineNumber":42,"author":{"gitId":"SelwynAng"},"content":"                case EVENT:","lastModifiedDate":"2023-08-22"},{"lineNumber":43,"author":{"gitId":"SelwynAng"},"content":"                    newTask \u003d createEvent(args);","lastModifiedDate":"2023-08-22"},{"lineNumber":44,"author":{"gitId":"SelwynAng"},"content":"                    break;","lastModifiedDate":"2023-08-22"},{"lineNumber":45,"author":{"gitId":"SelwynAng"},"content":"                default:","lastModifiedDate":"2023-08-22"},{"lineNumber":46,"author":{"gitId":"SelwynAng"},"content":"                    throw new DukeException(\"I can\u0027t create this task type!\");","lastModifiedDate":"2023-08-22"},{"lineNumber":47,"author":{"gitId":"SelwynAng"},"content":"            }","lastModifiedDate":"2023-08-22"},{"lineNumber":48,"author":{"gitId":"SelwynAng"},"content":"","lastModifiedDate":"2023-08-22"},{"lineNumber":49,"author":{"gitId":"SelwynAng"},"content":"            System.out.println(\"Got it. I\u0027ve added this task:\");","lastModifiedDate":"2023-08-22"},{"lineNumber":50,"author":{"gitId":"SelwynAng"},"content":"            System.out.print(\"   \");","lastModifiedDate":"2023-08-22"},{"lineNumber":51,"author":{"gitId":"SelwynAng"},"content":"            System.out.println(newTask.toString());","lastModifiedDate":"2023-08-22"},{"lineNumber":52,"author":{"gitId":"SelwynAng"},"content":"","lastModifiedDate":"2023-08-21"},{"lineNumber":53,"author":{"gitId":"SelwynAng"},"content":"            this.tasks.add(newTask);","lastModifiedDate":"2023-08-22"},{"lineNumber":54,"author":{"gitId":"SelwynAng"},"content":"            this.numTasks++;","lastModifiedDate":"2023-08-22"},{"lineNumber":55,"author":{"gitId":"SelwynAng"},"content":"","lastModifiedDate":"2023-08-21"},{"lineNumber":56,"author":{"gitId":"SelwynAng"},"content":"            if (numTasks \u003d\u003d 1) {","lastModifiedDate":"2023-08-22"},{"lineNumber":57,"author":{"gitId":"SelwynAng"},"content":"                System.out.println(\"Now you have \" + numTasks + \" task in the list.\");","lastModifiedDate":"2023-08-22"},{"lineNumber":58,"author":{"gitId":"SelwynAng"},"content":"            } else {","lastModifiedDate":"2023-08-22"},{"lineNumber":59,"author":{"gitId":"SelwynAng"},"content":"                System.out.println(\"Now you have \" + numTasks + \" tasks in the list.\");","lastModifiedDate":"2023-08-22"},{"lineNumber":60,"author":{"gitId":"SelwynAng"},"content":"            }","lastModifiedDate":"2023-08-21"},{"lineNumber":61,"author":{"gitId":"SelwynAng"},"content":"        } catch (DukeException e) {","lastModifiedDate":"2023-08-22"},{"lineNumber":62,"author":{"gitId":"SelwynAng"},"content":"            System.out.println(e.getMessage());","lastModifiedDate":"2023-08-22"},{"lineNumber":63,"author":{"gitId":"SelwynAng"},"content":"        }","lastModifiedDate":"2023-08-22"},{"lineNumber":64,"author":{"gitId":"SelwynAng"},"content":"    }","lastModifiedDate":"2023-08-21"},{"lineNumber":65,"author":{"gitId":"SelwynAng"},"content":"","lastModifiedDate":"2023-08-21"},{"lineNumber":66,"author":{"gitId":"SelwynAng"},"content":"    /**","lastModifiedDate":"2023-08-21"},{"lineNumber":67,"author":{"gitId":"SelwynAng"},"content":"     * This is the method to create a todo task","lastModifiedDate":"2023-08-22"},{"lineNumber":68,"author":{"gitId":"SelwynAng"},"content":"     * @param args Details of the task","lastModifiedDate":"2023-08-22"},{"lineNumber":69,"author":{"gitId":"SelwynAng"},"content":"     * @return A todo task","lastModifiedDate":"2023-08-22"},{"lineNumber":70,"author":{"gitId":"SelwynAng"},"content":"     * @throws DukeException An exception related to the creation of a todo task","lastModifiedDate":"2023-08-22"},{"lineNumber":71,"author":{"gitId":"SelwynAng"},"content":"     */","lastModifiedDate":"2023-08-22"},{"lineNumber":72,"author":{"gitId":"SelwynAng"},"content":"    protected Todo createTodo(String args) throws DukeException{","lastModifiedDate":"2023-08-22"},{"lineNumber":73,"author":{"gitId":"SelwynAng"},"content":"        if (args \u003d\u003d null || args.isEmpty()) {","lastModifiedDate":"2023-08-22"},{"lineNumber":74,"author":{"gitId":"SelwynAng"},"content":"            throw new DukeException(\"Todo tasks should be created in this format: todo [name]\");","lastModifiedDate":"2023-08-22"},{"lineNumber":75,"author":{"gitId":"SelwynAng"},"content":"        }","lastModifiedDate":"2023-08-22"},{"lineNumber":76,"author":{"gitId":"SelwynAng"},"content":"        return new Todo(args);","lastModifiedDate":"2023-08-22"},{"lineNumber":77,"author":{"gitId":"SelwynAng"},"content":"    }","lastModifiedDate":"2023-08-22"},{"lineNumber":78,"author":{"gitId":"SelwynAng"},"content":"","lastModifiedDate":"2023-08-22"},{"lineNumber":79,"author":{"gitId":"SelwynAng"},"content":"    /**","lastModifiedDate":"2023-08-22"},{"lineNumber":80,"author":{"gitId":"SelwynAng"},"content":"     * This is the method to create a deadline task","lastModifiedDate":"2023-08-22"},{"lineNumber":81,"author":{"gitId":"SelwynAng"},"content":"     * @param args Details of the task","lastModifiedDate":"2023-08-22"},{"lineNumber":82,"author":{"gitId":"SelwynAng"},"content":"     * @return A deadline task","lastModifiedDate":"2023-08-22"},{"lineNumber":83,"author":{"gitId":"SelwynAng"},"content":"     * @throws DukeException An exception related to the creation of a deadline task","lastModifiedDate":"2023-08-22"},{"lineNumber":84,"author":{"gitId":"SelwynAng"},"content":"     */","lastModifiedDate":"2023-08-21"},{"lineNumber":85,"author":{"gitId":"SelwynAng"},"content":"    protected Deadline createDeadline(String args) throws DukeException {","lastModifiedDate":"2023-08-22"},{"lineNumber":86,"author":{"gitId":"SelwynAng"},"content":"        String[] detailsAndDeadline \u003d args.split(\"/by\", 2);","lastModifiedDate":"2023-08-22"},{"lineNumber":87,"author":{"gitId":"SelwynAng"},"content":"        if (detailsAndDeadline.length !\u003d 2) {","lastModifiedDate":"2023-08-22"},{"lineNumber":88,"author":{"gitId":"SelwynAng"},"content":"            throw new DukeException(\"Deadline tasks should be created in this format: deadline [name] /by [date]\");","lastModifiedDate":"2023-08-22"},{"lineNumber":89,"author":{"gitId":"SelwynAng"},"content":"        }","lastModifiedDate":"2023-08-22"},{"lineNumber":90,"author":{"gitId":"SelwynAng"},"content":"        String details \u003d detailsAndDeadline[0].trim();","lastModifiedDate":"2023-08-22"},{"lineNumber":91,"author":{"gitId":"SelwynAng"},"content":"        String endDateTime \u003d detailsAndDeadline[1].trim();","lastModifiedDate":"2023-08-22"},{"lineNumber":92,"author":{"gitId":"SelwynAng"},"content":"        return new Deadline(details, endDateTime);","lastModifiedDate":"2023-08-22"},{"lineNumber":93,"author":{"gitId":"SelwynAng"},"content":"    }","lastModifiedDate":"2023-08-22"},{"lineNumber":94,"author":{"gitId":"SelwynAng"},"content":"","lastModifiedDate":"2023-08-22"},{"lineNumber":95,"author":{"gitId":"SelwynAng"},"content":"    /**","lastModifiedDate":"2023-08-22"},{"lineNumber":96,"author":{"gitId":"SelwynAng"},"content":"     * This is the method to create an event task","lastModifiedDate":"2023-08-22"},{"lineNumber":97,"author":{"gitId":"SelwynAng"},"content":"     * @param args Details of the task","lastModifiedDate":"2023-08-22"},{"lineNumber":98,"author":{"gitId":"SelwynAng"},"content":"     * @return An event task","lastModifiedDate":"2023-08-22"},{"lineNumber":99,"author":{"gitId":"SelwynAng"},"content":"     * @throws DukeException An exception related to the creation of an event task","lastModifiedDate":"2023-08-22"},{"lineNumber":100,"author":{"gitId":"SelwynAng"},"content":"     */","lastModifiedDate":"2023-08-22"},{"lineNumber":101,"author":{"gitId":"SelwynAng"},"content":"    protected Event createEvent(String args) throws DukeException {","lastModifiedDate":"2023-08-22"},{"lineNumber":102,"author":{"gitId":"SelwynAng"},"content":"        String eventMsg \u003d \"Event tasks should be created in this format: event [name] /from [start time] /to [end time]\";","lastModifiedDate":"2023-08-22"},{"lineNumber":103,"author":{"gitId":"SelwynAng"},"content":"        String[] detailsAndStartEnd \u003d args.split(\"/from\", 2);","lastModifiedDate":"2023-08-22"},{"lineNumber":104,"author":{"gitId":"SelwynAng"},"content":"        if (detailsAndStartEnd.length !\u003d 2) {","lastModifiedDate":"2023-08-22"},{"lineNumber":105,"author":{"gitId":"SelwynAng"},"content":"            throw new DukeException(eventMsg);","lastModifiedDate":"2023-08-22"},{"lineNumber":106,"author":{"gitId":"SelwynAng"},"content":"        }","lastModifiedDate":"2023-08-22"},{"lineNumber":107,"author":{"gitId":"SelwynAng"},"content":"        String details \u003d detailsAndStartEnd[0].trim();","lastModifiedDate":"2023-08-22"},{"lineNumber":108,"author":{"gitId":"SelwynAng"},"content":"","lastModifiedDate":"2023-08-22"},{"lineNumber":109,"author":{"gitId":"SelwynAng"},"content":"        String[] startAndEnd \u003d detailsAndStartEnd[1].split(\"/to\", 2);","lastModifiedDate":"2023-08-22"},{"lineNumber":110,"author":{"gitId":"SelwynAng"},"content":"        if (startAndEnd.length !\u003d 2) {","lastModifiedDate":"2023-08-22"},{"lineNumber":111,"author":{"gitId":"SelwynAng"},"content":"            throw new DukeException(eventMsg);","lastModifiedDate":"2023-08-22"},{"lineNumber":112,"author":{"gitId":"SelwynAng"},"content":"        }","lastModifiedDate":"2023-08-22"},{"lineNumber":113,"author":{"gitId":"SelwynAng"},"content":"","lastModifiedDate":"2023-08-22"},{"lineNumber":114,"author":{"gitId":"SelwynAng"},"content":"        String start \u003d startAndEnd[0].trim();","lastModifiedDate":"2023-08-22"},{"lineNumber":115,"author":{"gitId":"SelwynAng"},"content":"        String end \u003d startAndEnd[1].trim();","lastModifiedDate":"2023-08-22"},{"lineNumber":116,"author":{"gitId":"SelwynAng"},"content":"        return new Event(details, start, end);","lastModifiedDate":"2023-08-22"},{"lineNumber":117,"author":{"gitId":"SelwynAng"},"content":"    }","lastModifiedDate":"2023-08-22"},{"lineNumber":118,"author":{"gitId":"SelwynAng"},"content":"","lastModifiedDate":"2023-08-22"},{"lineNumber":119,"author":{"gitId":"SelwynAng"},"content":"    /**","lastModifiedDate":"2023-08-22"},{"lineNumber":120,"author":{"gitId":"SelwynAng"},"content":"     * This method deletes a certain task in the task list based on a task number given","lastModifiedDate":"2023-08-22"},{"lineNumber":121,"author":{"gitId":"SelwynAng"},"content":"     * @param args Details regarding which task to delete","lastModifiedDate":"2023-08-22"},{"lineNumber":122,"author":{"gitId":"SelwynAng"},"content":"     * @throws DukeException An exception related to the deletion of a task","lastModifiedDate":"2023-08-22"},{"lineNumber":123,"author":{"gitId":"SelwynAng"},"content":"     */","lastModifiedDate":"2023-08-22"},{"lineNumber":124,"author":{"gitId":"SelwynAng"},"content":"    protected void deleteTask(String args) throws DukeException {","lastModifiedDate":"2023-08-22"},{"lineNumber":125,"author":{"gitId":"SelwynAng"},"content":"        int taskNumber;","lastModifiedDate":"2023-08-22"},{"lineNumber":126,"author":{"gitId":"SelwynAng"},"content":"        try {","lastModifiedDate":"2023-08-22"},{"lineNumber":127,"author":{"gitId":"SelwynAng"},"content":"            taskNumber \u003d Integer.parseInt(args);","lastModifiedDate":"2023-08-22"},{"lineNumber":128,"author":{"gitId":"SelwynAng"},"content":"","lastModifiedDate":"2023-08-22"},{"lineNumber":129,"author":{"gitId":"SelwynAng"},"content":"            if (taskNumber \u003c\u003d 0) {","lastModifiedDate":"2023-08-22"},{"lineNumber":130,"author":{"gitId":"SelwynAng"},"content":"                throw new DukeException(\"Number must be more 1 or more!\");","lastModifiedDate":"2023-08-22"},{"lineNumber":131,"author":{"gitId":"SelwynAng"},"content":"            } else if (this.exceedsSizeOfTaskList(taskNumber)) {","lastModifiedDate":"2023-08-22"},{"lineNumber":132,"author":{"gitId":"SelwynAng"},"content":"                throw new DukeException(\"Number is higher than current size of task list!\");","lastModifiedDate":"2023-08-22"},{"lineNumber":133,"author":{"gitId":"SelwynAng"},"content":"            }","lastModifiedDate":"2023-08-22"},{"lineNumber":134,"author":{"gitId":"SelwynAng"},"content":"","lastModifiedDate":"2023-08-22"},{"lineNumber":135,"author":{"gitId":"SelwynAng"},"content":"            System.out.println(\"Noted. I\u0027ve removed this task:\");","lastModifiedDate":"2023-08-22"},{"lineNumber":136,"author":{"gitId":"SelwynAng"},"content":"            System.out.print(\"   \");","lastModifiedDate":"2023-08-21"},{"lineNumber":137,"author":{"gitId":"SelwynAng"},"content":"            System.out.println(this.tasks.get(taskNumber- 1).toString());","lastModifiedDate":"2023-08-22"},{"lineNumber":138,"author":{"gitId":"SelwynAng"},"content":"","lastModifiedDate":"2023-08-21"},{"lineNumber":139,"author":{"gitId":"SelwynAng"},"content":"            this.tasks.remove(taskNumber - 1);","lastModifiedDate":"2023-08-22"},{"lineNumber":140,"author":{"gitId":"SelwynAng"},"content":"            this.numTasks--;","lastModifiedDate":"2023-08-22"},{"lineNumber":141,"author":{"gitId":"SelwynAng"},"content":"","lastModifiedDate":"2023-08-22"},{"lineNumber":142,"author":{"gitId":"SelwynAng"},"content":"            if (numTasks \u003d\u003d 1 || numTasks \u003d\u003d 0) {","lastModifiedDate":"2023-08-22"},{"lineNumber":143,"author":{"gitId":"SelwynAng"},"content":"                System.out.println(\"Now you have \" + numTasks + \" task in the list.\");","lastModifiedDate":"2023-08-21"},{"lineNumber":144,"author":{"gitId":"SelwynAng"},"content":"            } else {","lastModifiedDate":"2023-08-21"},{"lineNumber":145,"author":{"gitId":"SelwynAng"},"content":"                System.out.println(\"Now you have \" + numTasks + \" tasks in the list.\");","lastModifiedDate":"2023-08-21"},{"lineNumber":146,"author":{"gitId":"SelwynAng"},"content":"            }","lastModifiedDate":"2023-08-21"},{"lineNumber":147,"author":{"gitId":"SelwynAng"},"content":"","lastModifiedDate":"2023-08-22"},{"lineNumber":148,"author":{"gitId":"SelwynAng"},"content":"        } catch (NumberFormatException e) {","lastModifiedDate":"2023-08-22"},{"lineNumber":149,"author":{"gitId":"SelwynAng"},"content":"            throw new DukeException(\"Deleting task should be in this format: delete [task number]\");","lastModifiedDate":"2023-08-22"},{"lineNumber":150,"author":{"gitId":"SelwynAng"},"content":"        }","lastModifiedDate":"2023-08-22"},{"lineNumber":151,"author":{"gitId":"SelwynAng"},"content":"    }","lastModifiedDate":"2023-08-21"},{"lineNumber":152,"author":{"gitId":"SelwynAng"},"content":"","lastModifiedDate":"2023-08-21"},{"lineNumber":153,"author":{"gitId":"SelwynAng"},"content":"    /**","lastModifiedDate":"2023-08-21"},{"lineNumber":154,"author":{"gitId":"SelwynAng"},"content":"     * This method toggles the done status of a specific task","lastModifiedDate":"2023-08-22"},{"lineNumber":155,"author":{"gitId":"SelwynAng"},"content":"     * @param args Details regarding which task to toggle","lastModifiedDate":"2023-08-22"},{"lineNumber":156,"author":{"gitId":"SelwynAng"},"content":"     * @param state Done status of the specific task","lastModifiedDate":"2023-08-22"},{"lineNumber":157,"author":{"gitId":"SelwynAng"},"content":"     * @throws DukeException An exception related to the toggling of a task","lastModifiedDate":"2023-08-22"},{"lineNumber":158,"author":{"gitId":"SelwynAng"},"content":"     */","lastModifiedDate":"2023-08-21"},{"lineNumber":159,"author":{"gitId":"SelwynAng"},"content":"    protected void changeTaskDoneStatus(String args, boolean state) throws DukeException {","lastModifiedDate":"2023-08-22"},{"lineNumber":160,"author":{"gitId":"SelwynAng"},"content":"        int taskNumber;","lastModifiedDate":"2023-08-22"},{"lineNumber":161,"author":{"gitId":"SelwynAng"},"content":"","lastModifiedDate":"2023-08-22"},{"lineNumber":162,"author":{"gitId":"SelwynAng"},"content":"        try {","lastModifiedDate":"2023-08-22"},{"lineNumber":163,"author":{"gitId":"SelwynAng"},"content":"            taskNumber \u003d Integer.parseInt(args);","lastModifiedDate":"2023-08-22"},{"lineNumber":164,"author":{"gitId":"SelwynAng"},"content":"","lastModifiedDate":"2023-08-22"},{"lineNumber":165,"author":{"gitId":"SelwynAng"},"content":"            if (taskNumber \u003c\u003d 0) {","lastModifiedDate":"2023-08-22"},{"lineNumber":166,"author":{"gitId":"SelwynAng"},"content":"                throw new DukeException(\"Number must be more 1 or more!\");","lastModifiedDate":"2023-08-22"},{"lineNumber":167,"author":{"gitId":"SelwynAng"},"content":"            } else if (this.exceedsSizeOfTaskList(taskNumber)) {","lastModifiedDate":"2023-08-22"},{"lineNumber":168,"author":{"gitId":"SelwynAng"},"content":"                throw new DukeException(\"Number is higher than current size of task list!\");","lastModifiedDate":"2023-08-22"},{"lineNumber":169,"author":{"gitId":"SelwynAng"},"content":"            }","lastModifiedDate":"2023-08-21"},{"lineNumber":170,"author":{"gitId":"SelwynAng"},"content":"","lastModifiedDate":"2023-08-21"},{"lineNumber":171,"author":{"gitId":"SelwynAng"},"content":"            if (state) {","lastModifiedDate":"2023-08-22"},{"lineNumber":172,"author":{"gitId":"SelwynAng"},"content":"                this.tasks.get(taskNumber - 1).markDone();","lastModifiedDate":"2023-08-22"},{"lineNumber":173,"author":{"gitId":"SelwynAng"},"content":"                System.out.println(\"Nice! I\u0027ve marked this task done:\");","lastModifiedDate":"2023-08-22"},{"lineNumber":174,"author":{"gitId":"SelwynAng"},"content":"            } else {","lastModifiedDate":"2023-08-22"},{"lineNumber":175,"author":{"gitId":"SelwynAng"},"content":"                this.tasks.get(taskNumber - 1).markUndone();","lastModifiedDate":"2023-08-22"},{"lineNumber":176,"author":{"gitId":"SelwynAng"},"content":"                System.out.println(\"OK, I\u0027ve marked this task as not done yet:\");","lastModifiedDate":"2023-08-22"},{"lineNumber":177,"author":{"gitId":"SelwynAng"},"content":"            }","lastModifiedDate":"2023-08-22"},{"lineNumber":178,"author":{"gitId":"SelwynAng"},"content":"            System.out.println(this.tasks.get(taskNumber - 1).toString());","lastModifiedDate":"2023-08-22"},{"lineNumber":179,"author":{"gitId":"SelwynAng"},"content":"        } catch (NumberFormatException e) {","lastModifiedDate":"2023-08-22"},{"lineNumber":180,"author":{"gitId":"SelwynAng"},"content":"            throw new DukeException(\"Marking/unmarking tasks should be in this format: mark/unmark [task number]\");","lastModifiedDate":"2023-08-22"},{"lineNumber":181,"author":{"gitId":"SelwynAng"},"content":"        }","lastModifiedDate":"2023-08-22"},{"lineNumber":182,"author":{"gitId":"SelwynAng"},"content":"    }","lastModifiedDate":"2023-08-21"},{"lineNumber":183,"author":{"gitId":"SelwynAng"},"content":"","lastModifiedDate":"2023-08-21"},{"lineNumber":184,"author":{"gitId":"SelwynAng"},"content":"    /**","lastModifiedDate":"2023-08-21"},{"lineNumber":185,"author":{"gitId":"SelwynAng"},"content":"     * This method displays and prints all the tasks in the task list","lastModifiedDate":"2023-08-21"},{"lineNumber":186,"author":{"gitId":"SelwynAng"},"content":"     */","lastModifiedDate":"2023-08-21"},{"lineNumber":187,"author":{"gitId":"SelwynAng"},"content":"    protected void displayTaskList() {","lastModifiedDate":"2023-08-22"},{"lineNumber":188,"author":{"gitId":"SelwynAng"},"content":"        if (this.numTasks \u003d\u003d 0 || this.numTasks \u003d\u003d 1) {","lastModifiedDate":"2023-08-21"},{"lineNumber":189,"author":{"gitId":"SelwynAng"},"content":"            System.out.println(\"Here is the task in your list:\");","lastModifiedDate":"2023-08-21"},{"lineNumber":190,"author":{"gitId":"SelwynAng"},"content":"        } else {","lastModifiedDate":"2023-08-21"},{"lineNumber":191,"author":{"gitId":"SelwynAng"},"content":"            System.out.println(\"Here are the tasks in your list:\");","lastModifiedDate":"2023-08-21"},{"lineNumber":192,"author":{"gitId":"SelwynAng"},"content":"        }","lastModifiedDate":"2023-08-21"},{"lineNumber":193,"author":{"gitId":"SelwynAng"},"content":"        for (int i \u003d 0; i \u003c this.numTasks; i++) {","lastModifiedDate":"2023-08-21"},{"lineNumber":194,"author":{"gitId":"SelwynAng"},"content":"            int bullet \u003d i + 1;","lastModifiedDate":"2023-08-21"},{"lineNumber":195,"author":{"gitId":"SelwynAng"},"content":"            System.out.print(bullet + \". \");","lastModifiedDate":"2023-08-21"},{"lineNumber":196,"author":{"gitId":"SelwynAng"},"content":"            System.out.println(this.tasks.get(i).toString());","lastModifiedDate":"2023-08-22"},{"lineNumber":197,"author":{"gitId":"SelwynAng"},"content":"        }","lastModifiedDate":"2023-08-22"},{"lineNumber":198,"author":{"gitId":"SelwynAng"},"content":"    }","lastModifiedDate":"2023-08-21"},{"lineNumber":199,"author":{"gitId":"SelwynAng"},"content":"","lastModifiedDate":"2023-08-22"},{"lineNumber":200,"author":{"gitId":"SelwynAng"},"content":"    /**","lastModifiedDate":"2023-08-22"},{"lineNumber":201,"author":{"gitId":"SelwynAng"},"content":"     * This method checks if number provided exceeds size of task list","lastModifiedDate":"2023-08-22"},{"lineNumber":202,"author":{"gitId":"SelwynAng"},"content":"     * @param index","lastModifiedDate":"2023-08-22"},{"lineNumber":203,"author":{"gitId":"SelwynAng"},"content":"     * @return  Represents whether provided number exceeds size of task list","lastModifiedDate":"2023-08-22"},{"lineNumber":204,"author":{"gitId":"SelwynAng"},"content":"     */","lastModifiedDate":"2023-08-22"},{"lineNumber":205,"author":{"gitId":"SelwynAng"},"content":"    protected boolean exceedsSizeOfTaskList(int index) {","lastModifiedDate":"2023-08-22"},{"lineNumber":206,"author":{"gitId":"SelwynAng"},"content":"        return index \u003e numTasks;","lastModifiedDate":"2023-08-22"},{"lineNumber":207,"author":{"gitId":"SelwynAng"},"content":"    }","lastModifiedDate":"2023-08-21"},{"lineNumber":208,"author":{"gitId":"SelwynAng"},"content":"}","lastModifiedDate":"2023-08-21"}],"authorContributionMap":{"SelwynAng":208}},{"path":"src/main/java/TaskType.java","fileType":"java","lines":[{"lineNumber":1,"author":{"gitId":"SelwynAng"},"content":"/**","lastModifiedDate":"2023-08-22"},{"lineNumber":2,"author":{"gitId":"SelwynAng"},"content":" * This is the TaskType enum","lastModifiedDate":"2023-08-22"},{"lineNumber":3,"author":{"gitId":"SelwynAng"},"content":" * @author Selwyn","lastModifiedDate":"2023-08-22"},{"lineNumber":4,"author":{"gitId":"SelwynAng"},"content":" */","lastModifiedDate":"2023-08-22"},{"lineNumber":5,"author":{"gitId":"SelwynAng"},"content":"public enum TaskType {","lastModifiedDate":"2023-08-22"},{"lineNumber":6,"author":{"gitId":"SelwynAng"},"content":"    TODO, DEADLINE, EVENT","lastModifiedDate":"2023-08-22"},{"lineNumber":7,"author":{"gitId":"SelwynAng"},"content":"}","lastModifiedDate":"2023-08-22"}],"authorContributionMap":{"SelwynAng":7}},{"path":"src/main/java/Todo.java","fileType":"java","lines":[{"lineNumber":1,"author":{"gitId":"SelwynAng"},"content":"/**","lastModifiedDate":"2023-08-21"},{"lineNumber":2,"author":{"gitId":"SelwynAng"},"content":" * This is the Todo class, a child class of Task class","lastModifiedDate":"2023-08-21"},{"lineNumber":3,"author":{"gitId":"SelwynAng"},"content":" * @author Selwyn","lastModifiedDate":"2023-08-21"},{"lineNumber":4,"author":{"gitId":"SelwynAng"},"content":" */","lastModifiedDate":"2023-08-21"},{"lineNumber":5,"author":{"gitId":"SelwynAng"},"content":"public class Todo extends Task{","lastModifiedDate":"2023-08-21"},{"lineNumber":6,"author":{"gitId":"SelwynAng"},"content":"    /**","lastModifiedDate":"2023-08-21"},{"lineNumber":7,"author":{"gitId":"SelwynAng"},"content":"     * Constructor for a Todo task","lastModifiedDate":"2023-08-21"},{"lineNumber":8,"author":{"gitId":"SelwynAng"},"content":"     *","lastModifiedDate":"2023-08-21"},{"lineNumber":9,"author":{"gitId":"SelwynAng"},"content":"     * @param detail","lastModifiedDate":"2023-08-21"},{"lineNumber":10,"author":{"gitId":"SelwynAng"},"content":"     */","lastModifiedDate":"2023-08-21"},{"lineNumber":11,"author":{"gitId":"SelwynAng"},"content":"    public Todo(String detail) {","lastModifiedDate":"2023-08-21"},{"lineNumber":12,"author":{"gitId":"SelwynAng"},"content":"        super(detail);","lastModifiedDate":"2023-08-21"},{"lineNumber":13,"author":{"gitId":"SelwynAng"},"content":"    }","lastModifiedDate":"2023-08-21"},{"lineNumber":14,"author":{"gitId":"SelwynAng"},"content":"","lastModifiedDate":"2023-08-21"},{"lineNumber":15,"author":{"gitId":"SelwynAng"},"content":"    /**","lastModifiedDate":"2023-08-21"},{"lineNumber":16,"author":{"gitId":"SelwynAng"},"content":"     * This method returns the string representation of this todo task","lastModifiedDate":"2023-08-22"},{"lineNumber":17,"author":{"gitId":"SelwynAng"},"content":"     * @return String representation of this todo task","lastModifiedDate":"2023-08-22"},{"lineNumber":18,"author":{"gitId":"SelwynAng"},"content":"     */","lastModifiedDate":"2023-08-21"},{"lineNumber":19,"author":{"gitId":"SelwynAng"},"content":"    @Override","lastModifiedDate":"2023-08-21"},{"lineNumber":20,"author":{"gitId":"SelwynAng"},"content":"    public String toString() {","lastModifiedDate":"2023-08-22"},{"lineNumber":21,"author":{"gitId":"SelwynAng"},"content":"        return \"[T] \" + super.toString();","lastModifiedDate":"2023-08-22"},{"lineNumber":22,"author":{"gitId":"SelwynAng"},"content":"    }","lastModifiedDate":"2023-08-21"},{"lineNumber":23,"author":{"gitId":"SelwynAng"},"content":"}","lastModifiedDate":"2023-08-21"}],"authorContributionMap":{"SelwynAng":23}},{"path":"text-ui-test/input.txt","fileType":"txt","lines":[{"lineNumber":1,"author":{"gitId":"SelwynAng"},"content":"todo drink tea","lastModifiedDate":"2023-08-21"},{"lineNumber":2,"author":{"gitId":"SelwynAng"},"content":"list","lastModifiedDate":"2023-08-21"},{"lineNumber":3,"author":{"gitId":"SelwynAng"},"content":"deadline return book /by Sunday","lastModifiedDate":"2023-08-21"},{"lineNumber":4,"author":{"gitId":"SelwynAng"},"content":"event project meeting /from Tues 2pm /to 4pm","lastModifiedDate":"2023-08-21"},{"lineNumber":5,"author":{"gitId":"SelwynAng"},"content":"mark 2","lastModifiedDate":"2023-08-21"},{"lineNumber":6,"author":{"gitId":"SelwynAng"},"content":"mark 3","lastModifiedDate":"2023-08-21"},{"lineNumber":7,"author":{"gitId":"SelwynAng"},"content":"bye","lastModifiedDate":"2023-08-21"}],"authorContributionMap":{"SelwynAng":7}}]
