{"authorDailyContributionsMap":{"yanghengtang":[{"date":"2023-08-23","commitResults":[{"hash":"20327e71b207efe08c151112b8bcbb38c2ac7ad7","isMergeCommit":false,"messageTitle":"Implement initial skeletal version","messageBody":"","tags":["Level-0"],"fileTypesAndContributionMap":{"java":{"insertions":10,"deletions":6}}},{"hash":"6754bdb695a6a302631fdc6632636c23b68130f7","isMergeCommit":false,"messageTitle":"Implement Echo functionality","messageBody":"","tags":["Level-1"],"fileTypesAndContributionMap":{"java":{"insertions":18,"deletions":3}}},{"hash":"f8d2529cc061b3c6e60be0bda9a0a88c72ec5567","isMergeCommit":false,"messageTitle":"Implement Add, List functionality","messageBody":"","tags":["Level-2"],"fileTypesAndContributionMap":{"java":{"insertions":14,"deletions":3}}},{"hash":"8538f65f679f5d9e7b54848e026e17ae02f24731","isMergeCommit":false,"messageTitle":"Add Task.java","messageBody":"","fileTypesAndContributionMap":{"java":{"insertions":23,"deletions":0}}},{"hash":"b6d19c4af013b59eaea2d07c9bcf70e94a8b129a","isMergeCommit":false,"messageTitle":"Update Duke.java to use Task class","messageBody":"","tags":["Level-3"],"fileTypesAndContributionMap":{"java":{"insertions":20,"deletions":3}}}]},{"date":"2023-08-24","commitResults":[{"hash":"57f4473a1721cf95b1740b85d05c558b2de190f0","isMergeCommit":false,"messageTitle":"Fix List output format","messageBody":"","fileTypesAndContributionMap":{"java":{"insertions":1,"deletions":1}}},{"hash":"9218d109b24b6f2fe381404c80c62ea247241f59","isMergeCommit":false,"messageTitle":"Add Deadline.java","messageBody":"","fileTypesAndContributionMap":{"java":{"insertions":15,"deletions":0}}},{"hash":"0ebec01bef06324c7402b8286269e19d7fe6c2a1","isMergeCommit":false,"messageTitle":"Add Event.java","messageBody":"","fileTypesAndContributionMap":{"java":{"insertions":17,"deletions":0}}},{"hash":"5b3bc2f71f48e0d6a77b4ca9b99de8d6c3596be8","isMergeCommit":false,"messageTitle":"Add ToDo.java","messageBody":"","fileTypesAndContributionMap":{"java":{"insertions":11,"deletions":0}}},{"hash":"210ad0fbb6ddb5164a7c8319572c377645c28f66","isMergeCommit":false,"messageTitle":"Update Duke.java to handle ToDo, Event, Deadline","messageBody":"","tags":["Level-4"],"fileTypesAndContributionMap":{"java":{"insertions":38,"deletions":0}}},{"hash":"140e1ce225ce95d0988a993e5030eb4e1d745ed4","isMergeCommit":false,"messageTitle":"Fix Duke.java Scanner bug","messageBody":"","fileTypesAndContributionMap":{"java":{"insertions":5,"deletions":9}}},{"hash":"9f866c821f32ff3678e26144fe8fe8c9dc1fca58","isMergeCommit":false,"messageTitle":"Fix Duke exit message","messageBody":"","fileTypesAndContributionMap":{"java":{"insertions":1,"deletions":1}}},{"hash":"601d921516c073a72b1720fe0a34ff169934d541","isMergeCommit":false,"messageTitle":"Add test cases","messageBody":"","fileTypesAndContributionMap":{"txt":{"insertions":8,"deletions":0}}},{"hash":"cbd8222e7f0a502daa90b65913ecf531b3352438","isMergeCommit":false,"messageTitle":"Add error handling for invalid action input","messageBody":"","fileTypesAndContributionMap":{"java":{"insertions":4,"deletions":0}}},{"hash":"054c80756c3c81f5ec60be50ecc795b9179795b8","isMergeCommit":false,"messageTitle":"Add error handling for adding ToDo task","messageBody":"","fileTypesAndContributionMap":{"java":{"insertions":15,"deletions":7}}},{"hash":"9b9482101c67974b0a7377e1ea1ee2a1f73208cb","isMergeCommit":false,"messageTitle":"Add error handling for adding Event task","messageBody":"","fileTypesAndContributionMap":{"java":{"insertions":17,"deletions":11}}},{"hash":"853d0076a24c98420002ff3654003aa03bab91dd","isMergeCommit":false,"messageTitle":"Fix task counter bug","messageBody":"","fileTypesAndContributionMap":{"java":{"insertions":3,"deletions":3}}},{"hash":"6f77c95dc24caf8bf4106b451d5f01cd791629c8","isMergeCommit":false,"messageTitle":"Add error handling for adding Deadline task","messageBody":"","fileTypesAndContributionMap":{"java":{"insertions":17,"deletions":9}}},{"hash":"deecb0642bf4a49e861906d17269b94a7e73ad38","isMergeCommit":false,"messageTitle":"Add error handling for Mark and Unmark action","messageBody":"","fileTypesAndContributionMap":{"java":{"insertions":24,"deletions":12}}},{"hash":"e29f60fbf2320b3ea2d07bc38194c875170c12f0","isMergeCommit":false,"messageTitle":"Update error messages","messageBody":"","fileTypesAndContributionMap":{"java":{"insertions":6,"deletions":6}}},{"hash":"2abd8682fed83709edf5b781b0442d120dc565f1","isMergeCommit":false,"messageTitle":"Update parsing of string of Event and Deadline task","messageBody":"","fileTypesAndContributionMap":{"java":{"insertions":3,"deletions":3}}},{"hash":"0b9e85ebf5a2e40102068b4309ef5c147c256e86","isMergeCommit":false,"messageTitle":"Update error messages","messageBody":"","fileTypesAndContributionMap":{"java":{"insertions":2,"deletions":2}}},{"hash":"787d474528d64fde92d6cc446948e7f0f697312e","isMergeCommit":false,"messageTitle":"Add Delete functionality for List","messageBody":"","tags":["Level-6"],"fileTypesAndContributionMap":{"java":{"insertions":16,"deletions":0}}},{"hash":"6f12dc7b445104c2908d73341639e3bb6d7a4ff4","isMergeCommit":false,"messageTitle":"Refactor Duke.java","messageBody":"","fileTypesAndContributionMap":{"java":{"insertions":95,"deletions":65}}},{"hash":"4ebba5c116a607019c4164109be051d7555e77b6","isMergeCommit":false,"messageTitle":"Add DeadlineException.java","messageBody":"","fileTypesAndContributionMap":{"java":{"insertions":10,"deletions":0}}},{"hash":"80869f804c3db3eda285691b18d7034d4c763885","isMergeCommit":false,"messageTitle":"Add EventException.java","messageBody":"","fileTypesAndContributionMap":{"java":{"insertions":9,"deletions":0}}},{"hash":"9b06ce8efeb962640c58d6135b2688960eac9401","isMergeCommit":false,"messageTitle":"Add TaskException.java","messageBody":"","fileTypesAndContributionMap":{"java":{"insertions":7,"deletions":0}}},{"hash":"a0bdad0c27209592058347d5c30e1598167397d5","isMergeCommit":false,"messageTitle":"Add ToDoException.java","messageBody":"","fileTypesAndContributionMap":{"java":{"insertions":9,"deletions":0}}},{"hash":"5bbe27cf12edc58281dc72fc046413d8d952b6ac","isMergeCommit":false,"messageTitle":"Update error handling in Duke","messageBody":"","tags":["Level-5"],"fileTypesAndContributionMap":{"java":{"insertions":54,"deletions":33}}}]},{"date":"2023-08-29","commitResults":[{"hash":"5cd49af0832e4d3f67e62d88c9c1803f02bea131","isMergeCommit":false,"messageTitle":"Add duke.txt data file","messageBody":"","fileTypesAndContributionMap":{"txt":{"insertions":4,"deletions":0}}},{"hash":"016d3c344d0a6641a39e40933e8a088246f3b1fe","isMergeCommit":false,"messageTitle":"Add load file functionality for Duke.java","messageBody":"","fileTypesAndContributionMap":{"java":{"insertions":61,"deletions":1}}},{"hash":"f46bb857470e44e1bb8b0e803411cf73364b9d24","isMergeCommit":false,"messageTitle":"Add save file functionality for Duke.java","messageBody":"","fileTypesAndContributionMap":{"java":{"insertions":47,"deletions":0}}},{"hash":"e957ab5612c6611b974abc51f4e14be68da5844a","isMergeCommit":true,"messageTitle":"Merge branch \u0027branch-Level-7\u0027","messageBody":"","tags":["Level-7"],"fileTypesAndContributionMap":{}}]},{"date":"2023-08-30","commitResults":[{"hash":"e87d150e2f0fbe73aacd89a4f7559d6e2234d140","isMergeCommit":false,"messageTitle":"Update Deadline.java to handle LocalDate type","messageBody":"","fileTypesAndContributionMap":{"java":{"insertions":4,"deletions":2}}},{"hash":"4a8bfce6c7dde624aced23fdd74726eb78dbdc0d","isMergeCommit":false,"messageTitle":"Update Event.java to handle LocalDate type","messageBody":"","fileTypesAndContributionMap":{"java":{"insertions":5,"deletions":3}}},{"hash":"af319e1550aa1d0682ad3537719b9e5704bbcb07","isMergeCommit":false,"messageTitle":"Update Duke.java to handle LocalDate type","messageBody":"","fileTypesAndContributionMap":{"java":{"insertions":15,"deletions":4}}},{"hash":"f4ad4bacdb063359689bf2c57040180be64f0598","isMergeCommit":false,"messageTitle":"Update data file","messageBody":"","fileTypesAndContributionMap":{"txt":{"insertions":2,"deletions":2}}},{"hash":"9c7902836cd921d4e649133a765555de16ae6413","isMergeCommit":true,"messageTitle":"Merge branch \u0027branch-Level-8\u0027","messageBody":"","tags":["Level-8"],"fileTypesAndContributionMap":{}},{"hash":"5fac1d5b5ea3edd6208432c465dc5b6426a68e3e","isMergeCommit":false,"messageTitle":"Add Parser.java","messageBody":"","fileTypesAndContributionMap":{"java":{"insertions":137,"deletions":0}}},{"hash":"3972c8a5c4cdc405375d92e2c702a8da52de229e","isMergeCommit":false,"messageTitle":"Add Storage.java","messageBody":"","fileTypesAndContributionMap":{"java":{"insertions":84,"deletions":0}}},{"hash":"163c7a3a4da6a56806a220b0f103ca4506d3f868","isMergeCommit":false,"messageTitle":"Add TaskList.java","messageBody":"","fileTypesAndContributionMap":{"java":{"insertions":43,"deletions":0}}},{"hash":"892caff61a9d5fa8a8cba44179c99898bef5b65d","isMergeCommit":false,"messageTitle":"Add Ui.java","messageBody":"","fileTypesAndContributionMap":{"java":{"insertions":67,"deletions":0}}},{"hash":"aae0821594104547ec8559a81e85f8d8030ac021","isMergeCommit":false,"messageTitle":"Refactor Duke.java to work with new classes","messageBody":"","fileTypesAndContributionMap":{"java":{"insertions":43,"deletions":266}}},{"hash":"efc96e203adc91f211542c4640e0f6d64c323b99","isMergeCommit":true,"messageTitle":"Merge branch \u0027A-MoreOOP\u0027","messageBody":"","tags":["A-MoreOOP"],"fileTypesAndContributionMap":{}},{"hash":"207b5985e7266afec08ec37a4d18a908c47a7ddb","isMergeCommit":false,"messageTitle":"Refactor into packages","messageBody":"","fileTypesAndContributionMap":{"java":{"insertions":48,"deletions":2},"bat":{"insertions":1,"deletions":1},"md":{"insertions":2,"deletions":2}}},{"hash":"d4df8a4c5e2fa68ffe0622697d20847bbb1628fa","isMergeCommit":true,"messageTitle":"Merge branch \u0027branch-A-Packages\u0027","messageBody":"","tags":["A-Packages"],"fileTypesAndContributionMap":{}},{"hash":"3e465623a89bd7fd7d1db2c7072fcb4c8c9a449c","isMergeCommit":false,"messageTitle":"Add Command.java abstract class","messageBody":"","fileTypesAndContributionMap":{"java":{"insertions":17,"deletions":0}}},{"hash":"d27a1a500891acb20f684a4173c409266c4b4044","isMergeCommit":false,"messageTitle":"Add AddCommand.java","messageBody":"","fileTypesAndContributionMap":{"java":{"insertions":21,"deletions":0}}},{"hash":"65cb3c3488c09ce827441c78e1b8fe510804f5e4","isMergeCommit":false,"messageTitle":"Add DeleteCommand.java","messageBody":"","fileTypesAndContributionMap":{"java":{"insertions":21,"deletions":0}}},{"hash":"950f1c5cb2e8c9c34e13561f29e2d87f5e5816c7","isMergeCommit":false,"messageTitle":"Add ExitCommand.java","messageBody":"","fileTypesAndContributionMap":{"java":{"insertions":17,"deletions":0}}},{"hash":"593a5407cf42c795bb995a96be68d742ae6a4d0f","isMergeCommit":false,"messageTitle":"Add MarkCommand.java","messageBody":"","fileTypesAndContributionMap":{"java":{"insertions":21,"deletions":0}}},{"hash":"e53597da6d8eb9b796b4539d79b5dfac0bf2732c","isMergeCommit":false,"messageTitle":"Add PrintListCommand.java","messageBody":"","fileTypesAndContributionMap":{"java":{"insertions":16,"deletions":0}}},{"hash":"36ba877bffa1b57ecd77088c1af88d1fdeee3edc","isMergeCommit":false,"messageTitle":"Add UnknownCommand.java","messageBody":"","fileTypesAndContributionMap":{"java":{"insertions":16,"deletions":0}}},{"hash":"6fa7666d6dd5190ceba2afacaeb5c25730f8e114","isMergeCommit":false,"messageTitle":"Add UnmarkCommand.java","messageBody":"","fileTypesAndContributionMap":{"java":{"insertions":21,"deletions":0}}},{"hash":"bd54fd66e306674143847852380f02cfaf1cd3ec","isMergeCommit":false,"messageTitle":"Refactor Duke.java to include Command class","messageBody":"","fileTypesAndContributionMap":{"java":{"insertions":12,"deletions":60}}},{"hash":"a7a82a7f48ca14c3eb36528b626726aee8d7424c","isMergeCommit":false,"messageTitle":"Refactor Parser.java to include Command class","messageBody":"","fileTypesAndContributionMap":{"java":{"insertions":37,"deletions":18}}},{"hash":"5fd12676f93af58af6d63d0aff1d4efd8177771d","isMergeCommit":false,"messageTitle":"Refactor Ui.java to include Command class","messageBody":"","fileTypesAndContributionMap":{"java":{"insertions":14,"deletions":1}}},{"hash":"00585ad282357ddc1f9f86d00a09c0ba287936d3","isMergeCommit":true,"messageTitle":"Merge branch \u0027add-gradle-support\u0027","messageBody":"","fileTypesAndContributionMap":{}},{"hash":"fcb17f5c24da05155d726c3d0af032cabbdb744d","isMergeCommit":false,"messageTitle":"Update data file","messageBody":"","fileTypesAndContributionMap":{"txt":{"insertions":1,"deletions":1}}},{"hash":"ac06ba66da5c832b5825a6f9ed9ffe02ec599a84","isMergeCommit":false,"messageTitle":"Update mainClass name in build.gradle","messageBody":"","tags":["A-Gradle"],"fileTypesAndContributionMap":{"gradle":{"insertions":1,"deletions":1}}},{"hash":"362fe543357d28db29177e0e6dfe29f37bd9644c","isMergeCommit":false,"messageTitle":"Update DeadlineException.java","messageBody":"","fileTypesAndContributionMap":{"java":{"insertions":2,"deletions":5}}},{"hash":"9df34f8b459387a051b1528ca5332b0d9b5c10ec","isMergeCommit":false,"messageTitle":"Update EventException.java","messageBody":"","fileTypesAndContributionMap":{"java":{"insertions":2,"deletions":5}}},{"hash":"6065bfc8d6037c70919674fd468a06d2faf30e43","isMergeCommit":false,"messageTitle":"Update TaskException.java","messageBody":"","fileTypesAndContributionMap":{"java":{"insertions":2,"deletions":3}}},{"hash":"a504bc7155566383f3346388c274f08e84703b30","isMergeCommit":false,"messageTitle":"Update ToDoException.java","messageBody":"","fileTypesAndContributionMap":{"java":{"insertions":2,"deletions":5}}},{"hash":"03c3ba16459eb8ba80fb604dcb010ac09ab04bf2","isMergeCommit":false,"messageTitle":"Update Parser.java to handle new Exceptions","messageBody":"","fileTypesAndContributionMap":{"java":{"insertions":12,"deletions":12}}},{"hash":"6846ccfe712ba9a537507c1db2a62cd016399be9","isMergeCommit":false,"messageTitle":"Update TaskList.java to handle out of bound index","messageBody":"","fileTypesAndContributionMap":{"java":{"insertions":9,"deletions":0}}},{"hash":"62890f31182d77862ea9309f1d2659b562fd0aa7","isMergeCommit":false,"messageTitle":"Add ParserTest.java","messageBody":"","fileTypesAndContributionMap":{"java":{"insertions":31,"deletions":0}}},{"hash":"0afca73c3568eb6dfce50acc0fb4926beaad58c1","isMergeCommit":false,"messageTitle":"Add TaskListTest.java","messageBody":"","fileTypesAndContributionMap":{"java":{"insertions":20,"deletions":0}}},{"hash":"7c7366acffb7c040eebf05ec3fe6b7161681910a","isMergeCommit":true,"messageTitle":"Merge branch \u0027branch-A-JUnit\u0027","messageBody":"","tags":["A-JUnit"],"fileTypesAndContributionMap":{}},{"hash":"ab2dbdb1498199ca50d4f0ac553b359ad743cf90","isMergeCommit":false,"messageTitle":"Update build.gradle jar shadowJar archiveFileName","messageBody":"","tags":["A-Jar"],"fileTypesAndContributionMap":{"gradle":{"insertions":1,"deletions":0}}}]},{"date":"2023-08-31","commitResults":[{"hash":"49d7382750bfce869bd2dc078dc56bad80246933","isMergeCommit":false,"messageTitle":"Add Javadocs for AddCommand.java","messageBody":"","fileTypesAndContributionMap":{"java":{"insertions":10,"deletions":0}}},{"hash":"a3646e6560d6c37b89d3cef53d4dc045169f107e","isMergeCommit":false,"messageTitle":"Add Javadocs for Command.java","messageBody":"","fileTypesAndContributionMap":{"java":{"insertions":17,"deletions":0}}},{"hash":"ae994113739ee13eeb103e5eacb50acfdbc31b6b","isMergeCommit":false,"messageTitle":"Add Javadocs for DeleteCommand.java","messageBody":"","fileTypesAndContributionMap":{"java":{"insertions":10,"deletions":0}}},{"hash":"b7ff26d4966442778219d743e41f31ad7b6c4960","isMergeCommit":false,"messageTitle":"Add Javadocs for ExitCommand.java","messageBody":"","fileTypesAndContributionMap":{"java":{"insertions":10,"deletions":0}}},{"hash":"9824d9ba54e9989a2a9de8c23d6013feac7eb647","isMergeCommit":false,"messageTitle":"Add Javadocs for MarkCommand.java","messageBody":"","fileTypesAndContributionMap":{"java":{"insertions":10,"deletions":0}}},{"hash":"a87b5f52c2af5f55b8d92392b16e5d2588e610d1","isMergeCommit":false,"messageTitle":"Add Javadocs for PrintListCommand.java","messageBody":"","fileTypesAndContributionMap":{"java":{"insertions":10,"deletions":0}}},{"hash":"888712b05c0ca24d811028aa3b9257899d4c77ab","isMergeCommit":false,"messageTitle":"Add Javadocs for UnknownCommand.java","messageBody":"","fileTypesAndContributionMap":{"java":{"insertions":10,"deletions":0}}},{"hash":"4c1511eb52986f2995c95fc57ec70312e7bbdf20","isMergeCommit":false,"messageTitle":"Add Javadocs for UnmarkCommand.java","messageBody":"","fileTypesAndContributionMap":{"java":{"insertions":10,"deletions":0}}},{"hash":"d9c1b4b64d333f00b46fd096ccd4e669f820cac8","isMergeCommit":false,"messageTitle":"Add Javadocs for Deadline.java","messageBody":"","fileTypesAndContributionMap":{"java":{"insertions":8,"deletions":0}}},{"hash":"d96e1031829f7b03774aa86c13d64636fc3b8322","isMergeCommit":false,"messageTitle":"Add Javadocs for DeadlineException.java","messageBody":"","fileTypesAndContributionMap":{"java":{"insertions":3,"deletions":0}}},{"hash":"f7e66f0e2de9387a2ca70fd72c249ff9173340f6","isMergeCommit":false,"messageTitle":"Add Javadocs for Event.java","messageBody":"","fileTypesAndContributionMap":{"java":{"insertions":8,"deletions":0}}},{"hash":"dcf8376ca6d565fa8cbc3b98ef6c61d1dfc3ac8f","isMergeCommit":false,"messageTitle":"Add Javadocs for EventException.java","messageBody":"","fileTypesAndContributionMap":{"java":{"insertions":3,"deletions":0}}},{"hash":"c79fa5156a98b6e4904a5400eb5021922fd220bc","isMergeCommit":false,"messageTitle":"Add Javadocs for TaskException.java","messageBody":"","fileTypesAndContributionMap":{"java":{"insertions":3,"deletions":0}}},{"hash":"f39efd520554c770fc5d05513df5372bc4f303a4","isMergeCommit":false,"messageTitle":"Add Javadocs for ToDoException.java","messageBody":"","fileTypesAndContributionMap":{"java":{"insertions":3,"deletions":0}}},{"hash":"94ee101c8a771544eddc3d82d52f5f426294ce2f","isMergeCommit":false,"messageTitle":"Add Javadocs for Task.java","messageBody":"","fileTypesAndContributionMap":{"java":{"insertions":14,"deletions":0}}},{"hash":"b5fd67aa1bc052543d37f823620232d7c179b87f","isMergeCommit":false,"messageTitle":"Add Javadocs for ToDo.java","messageBody":"","fileTypesAndContributionMap":{"java":{"insertions":8,"deletions":0}}},{"hash":"d1cb44e639836c18d77aa4e3ae664159bdc1c4e0","isMergeCommit":false,"messageTitle":"Add Javadocs for Parser.java","messageBody":"","fileTypesAndContributionMap":{"java":{"insertions":71,"deletions":0}}},{"hash":"05583419ef1ce6d48c81dabf2080377529e2ad24","isMergeCommit":false,"messageTitle":"Add Javadocs for Storage.java","messageBody":"","fileTypesAndContributionMap":{"java":{"insertions":14,"deletions":0}}},{"hash":"1293f5453fb4976b025b02527f456ebafbf6468a","isMergeCommit":false,"messageTitle":"Add Javadocs for TaskList.java","messageBody":"","fileTypesAndContributionMap":{"java":{"insertions":48,"deletions":0}}},{"hash":"ecd5941b52ff6583e7ef14bd9db210474a60a84e","isMergeCommit":false,"messageTitle":"Add Javadocs for Ui.java","messageBody":"","fileTypesAndContributionMap":{"java":{"insertions":49,"deletions":0}}},{"hash":"05a6aafa0e443f108afad2b91e3b992d74690b1a","isMergeCommit":false,"messageTitle":"Update AddCommand.java code quality","messageBody":"","fileTypesAndContributionMap":{"java":{"insertions":3,"deletions":3}}},{"hash":"ec214f11606f47055ac36cc9fcc20192881594d4","isMergeCommit":false,"messageTitle":"Update Command.java code quality","messageBody":"","fileTypesAndContributionMap":{"java":{"insertions":1,"deletions":1}}},{"hash":"ef5bc7c149376a1e0dda9360787a6b04a10bb07c","isMergeCommit":false,"messageTitle":"Update DeleteCommand.java code quality","messageBody":"","fileTypesAndContributionMap":{"java":{"insertions":3,"deletions":3}}},{"hash":"9fd117c28c5ce262c497e66fcf856110bc7d6c49","isMergeCommit":false,"messageTitle":"Update ExitCommand.java code quality","messageBody":"","fileTypesAndContributionMap":{"java":{"insertions":2,"deletions":2}}},{"hash":"ef04bc73bb3559f9eaa8d50fcc541f706bdba851","isMergeCommit":false,"messageTitle":"Update MarkCommand.java code quality","messageBody":"","fileTypesAndContributionMap":{"java":{"insertions":3,"deletions":3}}},{"hash":"76b9b086e35451e6de312cfa9b7f8f6b0a5f0cb9","isMergeCommit":false,"messageTitle":"Update PrintListCommand.java code quality","messageBody":"","fileTypesAndContributionMap":{"java":{"insertions":2,"deletions":2}}},{"hash":"148d9208b4da7f4768e5dacbfcf0c7d4fcec0dcc","isMergeCommit":false,"messageTitle":"Update UnknownCommand.java code quality","messageBody":"","fileTypesAndContributionMap":{"java":{"insertions":1,"deletions":1}}},{"hash":"b853aab3f33a05726e60c735f97f0f927474675c","isMergeCommit":false,"messageTitle":"Update UnmarkCommand.java code quality","messageBody":"","fileTypesAndContributionMap":{"java":{"insertions":3,"deletions":3}}},{"hash":"fc7a3b2cce96b377ed4906c7bdd71de2fa32b408","isMergeCommit":false,"messageTitle":"Update Deadline.java code quality","messageBody":"","fileTypesAndContributionMap":{"java":{"insertions":4,"deletions":4}}},{"hash":"c5a90220a82ecbce770b1dd73de0c6d3d1fd3b42","isMergeCommit":false,"messageTitle":"Update Event.java code quality","messageBody":"","fileTypesAndContributionMap":{"java":{"insertions":6,"deletions":6}}},{"hash":"4a2bd1714ed8eb62fae68d48d545020b48cdf005","isMergeCommit":false,"messageTitle":"Update ToDo.java code quality","messageBody":"","fileTypesAndContributionMap":{"java":{"insertions":0,"deletions":2}}},{"hash":"2eab95b970dcdd60b8f6567d576ba590fa9eae59","isMergeCommit":false,"messageTitle":"Update Parser.java code quality","messageBody":"","fileTypesAndContributionMap":{"java":{"insertions":16,"deletions":2}}},{"hash":"1e30fd4b3614c26d0fbc10f393ca1bbca248819d","isMergeCommit":false,"messageTitle":"Update Storage.java code quality","messageBody":"","fileTypesAndContributionMap":{"java":{"insertions":3,"deletions":3}}},{"hash":"2233e288a6b6fd0750c0bb1d5c3783de93dd03c9","isMergeCommit":false,"messageTitle":"Update Ui.java code quality","messageBody":"","fileTypesAndContributionMap":{"java":{"insertions":6,"deletions":6}}},{"hash":"13a06be6256aeae96b6c3a16abd691fb82b80164","isMergeCommit":false,"messageTitle":"Update Duke.java code quality","messageBody":"","fileTypesAndContributionMap":{"java":{"insertions":4,"deletions":6}}},{"hash":"c3edf3be7450cb244e9ac3c4832cb4b9d70d24fd","isMergeCommit":false,"messageTitle":"Add support for Find command","messageBody":"","fileTypesAndContributionMap":{"java":{"insertions":30,"deletions":1}}},{"hash":"fa064a6e422a5ddd275afd6f2537d3b223d46d20","isMergeCommit":false,"messageTitle":"Add FindCommand.java","messageBody":"","fileTypesAndContributionMap":{"java":{"insertions":20,"deletions":0}}},{"hash":"f107019dc5ca1bfbf596d209c9946611dd039b8c","isMergeCommit":true,"messageTitle":"Merge branch \u0027branch-A-JavaDoc\u0027","messageBody":"","tags":["A-JavaDoc"],"fileTypesAndContributionMap":{}},{"hash":"61b2f75dc2055e9eb5bec98dd72915340daa081b","isMergeCommit":true,"messageTitle":"Merge branch \u0027branch-A-CodingStandard\u0027","messageBody":"","tags":["A-CodingStandard"],"fileTypesAndContributionMap":{}},{"hash":"e0f01c3bce42534bc07b93f7f962b4d9c53d6953","isMergeCommit":true,"messageTitle":"Merge branch \u0027branch-Level-9\u0027","messageBody":"","tags":["Level-9"],"fileTypesAndContributionMap":{}}]},{"date":"2023-09-01","commitResults":[{"hash":"902750d7176aeb036cee4f764888d23874687af5","isMergeCommit":false,"messageTitle":"Fix missing import statement bug","messageBody":"","fileTypesAndContributionMap":{"java":{"insertions":1,"deletions":0}}},{"hash":"569f2044a5f685f69f98c0b1ee249f3112733bcf","isMergeCommit":false,"messageTitle":"Add functionality to check and create file or directory if not found","messageBody":"","fileTypesAndContributionMap":{"java":{"insertions":10,"deletions":0}}},{"hash":"6fea9057d1cdfb677ae44b97cbf92cffd6bb02d3","isMergeCommit":false,"messageTitle":"Update JavaDoc for AddCommand.java","messageBody":"","fileTypesAndContributionMap":{"java":{"insertions":1,"deletions":1}}},{"hash":"265faa34aa3483b3f2114d6f6aadbeb76c4e038d","isMergeCommit":false,"messageTitle":"Update JavaDoc for Command.java","messageBody":"","fileTypesAndContributionMap":{"java":{"insertions":2,"deletions":2}}},{"hash":"87f1f7fc9aed4885f68da8ef2f9ddd7a12b2f19f","isMergeCommit":false,"messageTitle":"Update JavaDoc for DeleteCommand.java","messageBody":"","fileTypesAndContributionMap":{"java":{"insertions":1,"deletions":1}}},{"hash":"cd8f803e4070ae5c20bcc3179f44cc0981bb3632","isMergeCommit":false,"messageTitle":"Update JavaDoc for ExitCommand.java","messageBody":"","fileTypesAndContributionMap":{"java":{"insertions":1,"deletions":1}}},{"hash":"4e4c49c22aa9254e75fb470ccb3d8d70f8af3e25","isMergeCommit":false,"messageTitle":"Add JavaDoc for FindCommand.java","messageBody":"","fileTypesAndContributionMap":{"java":{"insertions":13,"deletions":3}}},{"hash":"4da3b1fbf28778ea6c27d6e174440c556921e489","isMergeCommit":false,"messageTitle":"Update JavaDoc for MarkCommand.java","messageBody":"","fileTypesAndContributionMap":{"java":{"insertions":1,"deletions":1}}},{"hash":"0d28b83dde236917bcfe2a94ade5c02cc7af15d1","isMergeCommit":false,"messageTitle":"Update JavaDoc for PrintListCommand.java","messageBody":"","fileTypesAndContributionMap":{"java":{"insertions":1,"deletions":1}}},{"hash":"da03f5d44dda9f5ef5a65d5e88e75fb905aafdba","isMergeCommit":false,"messageTitle":"Update JavaDoc for UnknownCommand.java","messageBody":"","fileTypesAndContributionMap":{"java":{"insertions":1,"deletions":1}}},{"hash":"c8168f5d3f214563a672283504a9338cc824bd77","isMergeCommit":false,"messageTitle":"Update JavaDoc for UnmarkCommand.java","messageBody":"","fileTypesAndContributionMap":{"java":{"insertions":1,"deletions":1}}},{"hash":"02c7b22f054bcdd9edbdeae9260b042091966772","isMergeCommit":false,"messageTitle":"Update JavaDoc for Parser.java","messageBody":"","fileTypesAndContributionMap":{"java":{"insertions":7,"deletions":0}}},{"hash":"4b70119980a3e3225b0f23a6cbd0352392eb667d","isMergeCommit":false,"messageTitle":"Refactor Parser and Storage for parsing of TaskList to data","messageBody":"","fileTypesAndContributionMap":{"java":{"insertions":48,"deletions":36}}},{"hash":"efdb44c1f64b69d252d9c270c0b5e7a74a646513","isMergeCommit":false,"messageTitle":"Update Ui.java logic","messageBody":"","fileTypesAndContributionMap":{"java":{"insertions":57,"deletions":61}}},{"hash":"7f58cca295b3499eadb59bdb86b1b2f02e98b9d7","isMergeCommit":false,"messageTitle":"Refactor to work with updated Ui logic","messageBody":"","fileTypesAndContributionMap":{"java":{"insertions":22,"deletions":11}}},{"hash":"ca5212f9cbe7574b920a63614b362ae292733aa4","isMergeCommit":false,"messageTitle":"Update error handling for FileNotFoundException","messageBody":"","fileTypesAndContributionMap":{"java":{"insertions":11,"deletions":14}}}]},{"date":"2023-09-05","commitResults":[{"hash":"dc7a1a50f3cdaf8fb6f7914b413e8be9743864b1","isMergeCommit":false,"messageTitle":"Update build.gradle to include Checkstyle","messageBody":"","fileTypesAndContributionMap":{"gradle":{"insertions":5,"deletions":0}}},{"hash":"b3a0b4af3318260c00d81bf16571ed98a50ad5e9","isMergeCommit":false,"messageTitle":"Fix Duke.java style","messageBody":"","fileTypesAndContributionMap":{"java":{"insertions":14,"deletions":0}}},{"hash":"e4e0e4898c36fe27f19034037440db269d655e9b","isMergeCommit":false,"messageTitle":"Fix AddCommand.java style","messageBody":"","fileTypesAndContributionMap":{"java":{"insertions":5,"deletions":0}}},{"hash":"d63b48cb9bb15c391e1598c6051d83453e60133f","isMergeCommit":false,"messageTitle":"Fix DeleteCommand.java style","messageBody":"","fileTypesAndContributionMap":{"java":{"insertions":5,"deletions":0}}},{"hash":"d7c0e9ad72f5afdf7ea7be2258de4e96fa8e0c8b","isMergeCommit":false,"messageTitle":"Fix FindCommand.java style","messageBody":"","fileTypesAndContributionMap":{"java":{"insertions":6,"deletions":1}}},{"hash":"ad15a5601f9344b6633d6f0b256d7ddece6bf3e9","isMergeCommit":false,"messageTitle":"Fix MarkCommand.java style","messageBody":"","fileTypesAndContributionMap":{"java":{"insertions":5,"deletions":0}}},{"hash":"5804ea00b1e18ac3740c16bb2c0fd373d16325d8","isMergeCommit":false,"messageTitle":"Fix UnmarkCommand.java style","messageBody":"","fileTypesAndContributionMap":{"java":{"insertions":5,"deletions":0}}},{"hash":"189cdc2386eb8f4500faa7e7760c74d57920e557","isMergeCommit":false,"messageTitle":"Fix Deadline.java style","messageBody":"","fileTypesAndContributionMap":{"java":{"insertions":6,"deletions":0}}},{"hash":"c04ba051f0c263f17c3358084421e9b890f6ca31","isMergeCommit":false,"messageTitle":"Fix Event.java style","messageBody":"","fileTypesAndContributionMap":{"java":{"insertions":6,"deletions":0}}},{"hash":"192826c6984335c2f96b29c53d5e0c1d0a0ba297","isMergeCommit":false,"messageTitle":"Fix Task.java style","messageBody":"","fileTypesAndContributionMap":{"java":{"insertions":5,"deletions":0}}},{"hash":"c0b5fb3a38b88488c0231e893d80b643e639342f","isMergeCommit":false,"messageTitle":"Fix ToDoException.java style","messageBody":"","fileTypesAndContributionMap":{"java":{"insertions":1,"deletions":1}}},{"hash":"9adbf9945368e8b44b484b5237cc64bfd9485c58","isMergeCommit":false,"messageTitle":"Fix Parser.java style","messageBody":"","fileTypesAndContributionMap":{"java":{"insertions":2,"deletions":3}}},{"hash":"a54df93dadfe54bfae0d93f42298cea41fcda2c4","isMergeCommit":false,"messageTitle":"Fix Storage.java style","messageBody":"","fileTypesAndContributionMap":{"java":{"insertions":10,"deletions":5}}},{"hash":"68807e93448ccf023131ce271e764035ce960ccf","isMergeCommit":false,"messageTitle":"Fix TaskList.java style","messageBody":"","fileTypesAndContributionMap":{"java":{"insertions":9,"deletions":3}}},{"hash":"4706525b3e339667a638b5a1ed4553ad334ab7a2","isMergeCommit":false,"messageTitle":"Fix Ui.java style","messageBody":"","fileTypesAndContributionMap":{"java":{"insertions":7,"deletions":4}}},{"hash":"ec630976ea72255c248b0ab803fa50b13f0f200b","isMergeCommit":true,"messageTitle":"Merge branch \u0027branch-A-CheckStyle\u0027","messageBody":"","tags":["A-CheckStyle"],"fileTypesAndContributionMap":{}}]},{"date":"2023-09-06","commitResults":[{"hash":"be14dfa48586e52136aa0907966b463f81cfc26a","isMergeCommit":false,"messageTitle":"Add DialogBox.java","messageBody":"","fileTypesAndContributionMap":{"java":{"insertions":60,"deletions":0}}},{"hash":"03b6b703bef5372b1608c0a4cfeb4621d33b661b","isMergeCommit":false,"messageTitle":"Add Launcher.java","messageBody":"","fileTypesAndContributionMap":{"java":{"insertions":9,"deletions":0}}},{"hash":"094cef3bab4acf9dfc6a34cf370c5b508f8f7fb0","isMergeCommit":false,"messageTitle":"Add Main.java","messageBody":"","fileTypesAndContributionMap":{"java":{"insertions":31,"deletions":0}}},{"hash":"9e2b4f232cf169a7e2b7c00355a627d2bee86891","isMergeCommit":false,"messageTitle":"Add MainWindow.java","messageBody":"","fileTypesAndContributionMap":{"java":{"insertions":52,"deletions":0}}},{"hash":"f9b2bfbbc14920ddbf0d409455ba9f7d4ab3f200","isMergeCommit":false,"messageTitle":"Add JavaFX dependencies into build.gradle","messageBody":"","fileTypesAndContributionMap":{"gradle":{"insertions":22,"deletions":1}}},{"hash":"71842100fd11519b98c4963450ace8f3e72bde1c","isMergeCommit":false,"messageTitle":"Update Duke.java with getResponse method","messageBody":"","fileTypesAndContributionMap":{"java":{"insertions":17,"deletions":0}}},{"hash":"63bd01dc1cc7efecd63265cde0246a3465ff4b53","isMergeCommit":false,"messageTitle":"Add resources for GUI","messageBody":"","fileTypesAndContributionMap":{"fxml":{"insertions":35,"deletions":0}}},{"hash":"e478a02c703c6103021b4ef67a1ec8a4105d5126","isMergeCommit":false,"messageTitle":"Update getResponse method logic","messageBody":"","fileTypesAndContributionMap":{"java":{"insertions":14,"deletions":32}}},{"hash":"3ff425b0d7132744e883284333ca96144f8e4da7","isMergeCommit":false,"messageTitle":"Update Ui.java to work with GUI","messageBody":"","fileTypesAndContributionMap":{"java":{"insertions":8,"deletions":18}}},{"hash":"2b0d7f0f35cbf8d1cdfc865e5327032328674217","isMergeCommit":false,"messageTitle":"Update Chad image","messageBody":"","fileTypesAndContributionMap":{"java":{"insertions":1,"deletions":1}}},{"hash":"373ad87c81b4d8386f349e7bb7b328c8ba48bbe5","isMergeCommit":false,"messageTitle":"Update DialogBox Style","messageBody":"","fileTypesAndContributionMap":{"fxml":{"insertions":16,"deletions":4}}},{"hash":"c4869909150921fab0bce3eba1c094983bc8ccab","isMergeCommit":true,"messageTitle":"Merge branch \u0027branch-Level-10\u0027","messageBody":"","tags":["Level-10"],"fileTypesAndContributionMap":{}}]},{"date":"2023-09-12","commitResults":[{"hash":"e0a41f0f26eab793436a55ce805eab38d1d0e7fa","isMergeCommit":false,"messageTitle":"Add Assertions for Deadline.java","messageBody":"","fileTypesAndContributionMap":{"java":{"insertions":2,"deletions":0}}},{"hash":"a38ab4c3d5f661950b6ee2f2e4dbef45f5d32715","isMergeCommit":false,"messageTitle":"Add Assertions for Event.java","messageBody":"","fileTypesAndContributionMap":{"java":{"insertions":3,"deletions":0}}},{"hash":"5dc92219aac2160ba1793b0488f07c57016fd379","isMergeCommit":false,"messageTitle":"Add Assertions for Task.java","messageBody":"","fileTypesAndContributionMap":{"java":{"insertions":2,"deletions":0}}},{"hash":"5e75c36b13feb75b9a9823abc9a64decec18cfdb","isMergeCommit":false,"messageTitle":"Add Assertions for Parser.java","messageBody":"","fileTypesAndContributionMap":{"java":{"insertions":3,"deletions":0}}},{"hash":"419ebbb9d7d46149dfb2ea8b82b5e53dbd9fa3bc","isMergeCommit":false,"messageTitle":"Add Assertions for Storage.java","messageBody":"","fileTypesAndContributionMap":{"java":{"insertions":2,"deletions":0}}},{"hash":"8a1ca71caea1e699ea7ecd19c35eb14e11a0bdd0","isMergeCommit":false,"messageTitle":"Add Assertions for TaskList.java","messageBody":"","fileTypesAndContributionMap":{"java":{"insertions":6,"deletions":0}}},{"hash":"db63e206f74cb4af3d893bb16367794d23562d41","isMergeCommit":false,"messageTitle":"Add Assertions for Ui.java","messageBody":"","fileTypesAndContributionMap":{"java":{"insertions":6,"deletions":0}}},{"hash":"bd6eccab49ea8312923a99b45edb0425c920550d","isMergeCommit":false,"messageTitle":"Fix Style for DialogBox.java","messageBody":"","fileTypesAndContributionMap":{"java":{"insertions":1,"deletions":1}}},{"hash":"1ac004282b4488ef206ba778fed52d62ac2873ee","isMergeCommit":false,"messageTitle":"Add JavaDoc for Launcher.java","messageBody":"","fileTypesAndContributionMap":{"java":{"insertions":3,"deletions":0}}},{"hash":"08559084fabc77cadf048c643ef0b325ae794b02","isMergeCommit":false,"messageTitle":"Add JavaDoc for Ui.java","messageBody":"","fileTypesAndContributionMap":{"java":{"insertions":3,"deletions":8}}},{"hash":"783c41f86c448e36cc262df93d761aef0de67d01","isMergeCommit":false,"messageTitle":"Update Duke.java Code Quality","messageBody":"","fileTypesAndContributionMap":{"java":{"insertions":0,"deletions":10}}},{"hash":"1ae2d7cec6731e932f5d9376c684884fbc4b6e42","isMergeCommit":false,"messageTitle":"Add toDataFormatString method for Deadline.java","messageBody":"","fileTypesAndContributionMap":{"java":{"insertions":14,"deletions":0}}},{"hash":"d70cef63e7638b473f7690ce21999ee96dceda42","isMergeCommit":false,"messageTitle":"Add toDataFormatString method for Event.java","messageBody":"","fileTypesAndContributionMap":{"java":{"insertions":14,"deletions":0}}},{"hash":"cb0e282b208cc2f38b9042bdb0aabefa70362db1","isMergeCommit":false,"messageTitle":"Update Task.java to be abstract and add toDataFormatString abstract method","messageBody":"","fileTypesAndContributionMap":{"java":{"insertions":8,"deletions":1}}},{"hash":"4667236ecc7ff2ae826d9b5cd7f7c0dcb41dfca8","isMergeCommit":false,"messageTitle":"Add toDataFormatString method for ToDo.java","messageBody":"","fileTypesAndContributionMap":{"java":{"insertions":13,"deletions":0}}},{"hash":"bcf95306bea5f7da44867772bd89830ac4caf688","isMergeCommit":false,"messageTitle":"Refactor Parser.java parseTaskListToData method","messageBody":"","fileTypesAndContributionMap":{"java":{"insertions":4,"deletions":39}}},{"hash":"7aa3f1502df5857079ffd19a34efc82d3282a183","isMergeCommit":false,"messageTitle":"Add get method for TaskList.java","messageBody":"","fileTypesAndContributionMap":{"java":{"insertions":10,"deletions":0}}}]},{"date":"2023-09-13","commitResults":[{"hash":"9415705b2b144177753ea43173bd07bc2fe8e87a","isMergeCommit":false,"messageTitle":"Update AddCommand.java code quality","messageBody":"","fileTypesAndContributionMap":{"java":{"insertions":1,"deletions":1}}},{"hash":"4fd335813c46f0c866024956c8fc4e9a965245ab","isMergeCommit":false,"messageTitle":"Update Deadline.java code quality","messageBody":"","fileTypesAndContributionMap":{"java":{"insertions":10,"deletions":6}}},{"hash":"9305b597515521e9c966ab62e904de68714105af","isMergeCommit":false,"messageTitle":"Update Event.java code quality","messageBody":"","fileTypesAndContributionMap":{"java":{"insertions":10,"deletions":6}}},{"hash":"3fbcac057ecb52123001ee207f191291f03ffdd6","isMergeCommit":false,"messageTitle":"Update Task.java code quality","messageBody":"","fileTypesAndContributionMap":{"java":{"insertions":0,"deletions":11}}},{"hash":"e80f2391a820eff707667a979e31bcc66032c9b1","isMergeCommit":false,"messageTitle":"Update ToDo.java code quality","messageBody":"","fileTypesAndContributionMap":{"java":{"insertions":9,"deletions":5}}},{"hash":"e8c63c8282fd4f86be32a186239c802ea725ae6c","isMergeCommit":false,"messageTitle":"Update Parser.java code quality","messageBody":"","fileTypesAndContributionMap":{"java":{"insertions":8,"deletions":1}}},{"hash":"3b11dca275d0c94bea272d9d7cee45777d45d4ba","isMergeCommit":false,"messageTitle":"Update TaskList.java code quality","messageBody":"","fileTypesAndContributionMap":{"java":{"insertions":7,"deletions":1}}},{"hash":"b960bf6bcc32db44dc803e235d27dabf24acdb36","isMergeCommit":false,"messageTitle":"Refactor DialogBox.java to gui package","messageBody":"","fileTypesAndContributionMap":{"java":{"insertions":1,"deletions":1}}},{"hash":"a4baf547f56f52dd394e9915817f9c43864ea916","isMergeCommit":false,"messageTitle":"Refactor Launcher.java to gui package","messageBody":"","fileTypesAndContributionMap":{"java":{"insertions":1,"deletions":1}}},{"hash":"793b2154b6db85d9d665f93829e6728f689d7c74","isMergeCommit":false,"messageTitle":"Refactor Main.java to gui package","messageBody":"","fileTypesAndContributionMap":{"java":{"insertions":2,"deletions":1}}},{"hash":"6862cfb411c9aefd9ca261202c0d8e644b62882a","isMergeCommit":false,"messageTitle":"Refactor MainWindow.java to gui package","messageBody":"","fileTypesAndContributionMap":{"fxml":{"insertions":1,"deletions":1},"java":{"insertions":2,"deletions":4}}},{"hash":"64862abc0e5413972ee437343dd51629e4733907","isMergeCommit":false,"messageTitle":"Update build.gradle application mainClass","messageBody":"","fileTypesAndContributionMap":{"gradle":{"insertions":1,"deletions":1}}},{"hash":"1a8937a47233e5c555e7815d1d50a693022866a3","isMergeCommit":true,"messageTitle":"Merge pull request #1 from yanghengtang/branch-A-Assertions","messageBody":"Merge branch A-Assertions","tags":["A-Assertions"],"fileTypesAndContributionMap":{}},{"hash":"b6ad90a126898e83466890b86b054e99228f3bc1","isMergeCommit":true,"messageTitle":"Merge pull request #2 from yanghengtang/branch-A-CodeQuality","messageBody":"Merge branch A-CodeQuality","tags":["A-CodeQuality"],"fileTypesAndContributionMap":{}}]}]},"authorFileTypeContributionMap":{"yanghengtang":{"java":1434,"md":2,"fxml":47,"sh":0,"bat":1,"gradle":28,"txt":12}},"authorContributionVariance":{"yanghengtang":61987.89},"authorDisplayNameMap":{"yanghengtang":"CS2103T-T08-1 TANG..HENG"}}
