[{"path":"src/main/java/Deadline.java","fileType":"java","lines":[{"lineNumber":1,"author":{"gitId":"limzhenwy"},"content":"/**","lastModifiedDate":"2023-08-29"},{"lineNumber":2,"author":{"gitId":"limzhenwy"},"content":" * Special kind of task that has a description and a deadline","lastModifiedDate":"2023-08-29"},{"lineNumber":3,"author":{"gitId":"limzhenwy"},"content":" */","lastModifiedDate":"2023-08-29"},{"lineNumber":4,"author":{"gitId":"limzhenwy"},"content":"class Deadline extends Task {","lastModifiedDate":"2023-08-30"},{"lineNumber":5,"author":{"gitId":"limzhenwy"},"content":"    /**","lastModifiedDate":"2023-08-29"},{"lineNumber":6,"author":{"gitId":"limzhenwy"},"content":"     * Signifies the specific type of task.","lastModifiedDate":"2023-08-29"},{"lineNumber":7,"author":{"gitId":"limzhenwy"},"content":"     */","lastModifiedDate":"2023-08-29"},{"lineNumber":8,"author":{"gitId":"limzhenwy"},"content":"    protected String type \u003d \"D\";","lastModifiedDate":"2023-08-29"},{"lineNumber":9,"author":{"gitId":"limzhenwy"},"content":"    /**","lastModifiedDate":"2023-08-29"},{"lineNumber":10,"author":{"gitId":"limzhenwy"},"content":"     * The date where the task should be completed by.","lastModifiedDate":"2023-08-29"},{"lineNumber":11,"author":{"gitId":"limzhenwy"},"content":"     */","lastModifiedDate":"2023-08-29"},{"lineNumber":12,"author":{"gitId":"limzhenwy"},"content":"    protected String date;","lastModifiedDate":"2023-08-29"},{"lineNumber":13,"author":{"gitId":"limzhenwy"},"content":"","lastModifiedDate":"2023-08-29"},{"lineNumber":14,"author":{"gitId":"limzhenwy"},"content":"    /**","lastModifiedDate":"2023-08-29"},{"lineNumber":15,"author":{"gitId":"limzhenwy"},"content":"     * Constructor for the Deadline class.","lastModifiedDate":"2023-08-29"},{"lineNumber":16,"author":{"gitId":"limzhenwy"},"content":"     * @param description Describes the task","lastModifiedDate":"2023-08-29"},{"lineNumber":17,"author":{"gitId":"limzhenwy"},"content":"     * @param date When the task should be completed by","lastModifiedDate":"2023-08-29"},{"lineNumber":18,"author":{"gitId":"limzhenwy"},"content":"     */","lastModifiedDate":"2023-08-29"},{"lineNumber":19,"author":{"gitId":"limzhenwy"},"content":"    public Deadline(String description, String date) {","lastModifiedDate":"2023-08-29"},{"lineNumber":20,"author":{"gitId":"limzhenwy"},"content":"        super(description);","lastModifiedDate":"2023-08-29"},{"lineNumber":21,"author":{"gitId":"limzhenwy"},"content":"        this.date \u003d date;","lastModifiedDate":"2023-08-29"},{"lineNumber":22,"author":{"gitId":"limzhenwy"},"content":"    }","lastModifiedDate":"2023-08-29"},{"lineNumber":23,"author":{"gitId":"limzhenwy"},"content":"","lastModifiedDate":"2023-08-29"},{"lineNumber":24,"author":{"gitId":"limzhenwy"},"content":"    /**","lastModifiedDate":"2023-08-29"},{"lineNumber":25,"author":{"gitId":"limzhenwy"},"content":"     * Mark this Deadline task as done.","lastModifiedDate":"2023-08-29"},{"lineNumber":26,"author":{"gitId":"limzhenwy"},"content":"     */","lastModifiedDate":"2023-08-29"},{"lineNumber":27,"author":{"gitId":"limzhenwy"},"content":"    @Override","lastModifiedDate":"2023-08-29"},{"lineNumber":28,"author":{"gitId":"limzhenwy"},"content":"    public void mark() {","lastModifiedDate":"2023-08-29"},{"lineNumber":29,"author":{"gitId":"limzhenwy"},"content":"        this.isDone \u003d true;","lastModifiedDate":"2023-08-29"},{"lineNumber":30,"author":{"gitId":"limzhenwy"},"content":"        System.out.println(\"Nice! I\u0027ve marked this task as done:\\n\"","lastModifiedDate":"2023-08-29"},{"lineNumber":31,"author":{"gitId":"limzhenwy"},"content":"                + this);","lastModifiedDate":"2023-08-29"},{"lineNumber":32,"author":{"gitId":"limzhenwy"},"content":"    }","lastModifiedDate":"2023-08-29"},{"lineNumber":33,"author":{"gitId":"limzhenwy"},"content":"","lastModifiedDate":"2023-08-29"},{"lineNumber":34,"author":{"gitId":"limzhenwy"},"content":"    /**","lastModifiedDate":"2023-08-29"},{"lineNumber":35,"author":{"gitId":"limzhenwy"},"content":"     * Unmark this Deadline task as not done yet.","lastModifiedDate":"2023-08-29"},{"lineNumber":36,"author":{"gitId":"limzhenwy"},"content":"     */","lastModifiedDate":"2023-08-29"},{"lineNumber":37,"author":{"gitId":"limzhenwy"},"content":"    @Override","lastModifiedDate":"2023-08-29"},{"lineNumber":38,"author":{"gitId":"limzhenwy"},"content":"    public void unmark() {","lastModifiedDate":"2023-08-29"},{"lineNumber":39,"author":{"gitId":"limzhenwy"},"content":"        this.isDone \u003d false;","lastModifiedDate":"2023-08-29"},{"lineNumber":40,"author":{"gitId":"limzhenwy"},"content":"        System.out.println(\"OK, I\u0027ve marked this task as not done yet:\\n\"","lastModifiedDate":"2023-08-29"},{"lineNumber":41,"author":{"gitId":"limzhenwy"},"content":"                + this);","lastModifiedDate":"2023-08-29"},{"lineNumber":42,"author":{"gitId":"limzhenwy"},"content":"    }","lastModifiedDate":"2023-08-29"},{"lineNumber":43,"author":{"gitId":"limzhenwy"},"content":"","lastModifiedDate":"2023-08-29"},{"lineNumber":44,"author":{"gitId":"limzhenwy"},"content":"    /**","lastModifiedDate":"2023-08-29"},{"lineNumber":45,"author":{"gitId":"limzhenwy"},"content":"     * Description of this Deadline task.","lastModifiedDate":"2023-08-29"},{"lineNumber":46,"author":{"gitId":"limzhenwy"},"content":"     * @return String containing the all the information of this Deadline task","lastModifiedDate":"2023-08-29"},{"lineNumber":47,"author":{"gitId":"limzhenwy"},"content":"     */","lastModifiedDate":"2023-08-29"},{"lineNumber":48,"author":{"gitId":"limzhenwy"},"content":"    @Override","lastModifiedDate":"2023-08-29"},{"lineNumber":49,"author":{"gitId":"limzhenwy"},"content":"    public String toString() {","lastModifiedDate":"2023-08-29"},{"lineNumber":50,"author":{"gitId":"limzhenwy"},"content":"        return \"[\" + this.type + \"]\" + \"[\" + this.getStatusIcon() + \"] \" + this.description","lastModifiedDate":"2023-08-29"},{"lineNumber":51,"author":{"gitId":"limzhenwy"},"content":"                + \" (by:\" + this.date + \")\";","lastModifiedDate":"2023-08-29"},{"lineNumber":52,"author":{"gitId":"limzhenwy"},"content":"    }","lastModifiedDate":"2023-08-29"},{"lineNumber":53,"author":{"gitId":"limzhenwy"},"content":"}","lastModifiedDate":"2023-08-29"}],"authorContributionMap":{"limzhenwy":53}},{"path":"src/main/java/Duke.java","fileType":"java","lines":[{"lineNumber":1,"author":{"gitId":"limzhenwy"},"content":"import java.io.*;","lastModifiedDate":"2023-08-30"},{"lineNumber":2,"author":{"gitId":"limzhenwy"},"content":"import java.util.Scanner;","lastModifiedDate":"2023-08-19"},{"lineNumber":3,"author":{"gitId":"limzhenwy"},"content":"import java.util.ArrayList;","lastModifiedDate":"2023-08-21"},{"lineNumber":4,"author":{"gitId":"limzhenwy"},"content":"","lastModifiedDate":"2023-08-19"},{"lineNumber":5,"author":{"gitId":"limzhenwy"},"content":"/**","lastModifiedDate":"2023-08-21"},{"lineNumber":6,"author":{"gitId":"limzhenwy"},"content":" * Class for the ChatBot","lastModifiedDate":"2023-08-21"},{"lineNumber":7,"author":{"gitId":"limzhenwy"},"content":" */","lastModifiedDate":"2023-08-21"},{"lineNumber":8,"author":{"gitId":"limzhenwy"},"content":"class Duke implements Serializable {","lastModifiedDate":"2023-08-30"},{"lineNumber":9,"author":{"gitId":"limzhenwy"},"content":"    /**","lastModifiedDate":"2023-08-30"},{"lineNumber":10,"author":{"gitId":"limzhenwy"},"content":"     * Scanner to read user input.","lastModifiedDate":"2023-08-30"},{"lineNumber":11,"author":{"gitId":"limzhenwy"},"content":"     */","lastModifiedDate":"2023-08-30"},{"lineNumber":12,"author":{"gitId":"limzhenwy"},"content":"    public static Scanner sc \u003d new Scanner(System.in).useDelimiter(\"[\\\\s,/]+\");","lastModifiedDate":"2023-08-30"},{"lineNumber":13,"author":{"gitId":"limzhenwy"},"content":"    /**","lastModifiedDate":"2023-08-30"},{"lineNumber":14,"author":{"gitId":"limzhenwy"},"content":"     * An array of Tasks.","lastModifiedDate":"2023-08-30"},{"lineNumber":15,"author":{"gitId":"limzhenwy"},"content":"     */","lastModifiedDate":"2023-08-30"},{"lineNumber":16,"author":{"gitId":"limzhenwy"},"content":"    public static ArrayList\u003cTask\u003e taskArr \u003d new ArrayList\u003c\u003e();","lastModifiedDate":"2023-08-21"},{"lineNumber":17,"author":{"gitId":"limzhenwy"},"content":"    /**","lastModifiedDate":"2023-08-26"},{"lineNumber":18,"author":{"gitId":"limzhenwy"},"content":"     * Name of the text file.","lastModifiedDate":"2023-08-30"},{"lineNumber":19,"author":{"gitId":"limzhenwy"},"content":"     */","lastModifiedDate":"2023-08-26"},{"lineNumber":20,"author":{"gitId":"limzhenwy"},"content":"    public static String filename \u003d \"duke.txt\";","lastModifiedDate":"2023-08-30"},{"lineNumber":21,"author":{"gitId":"limzhenwy"},"content":"    /**","lastModifiedDate":"2023-08-26"},{"lineNumber":22,"author":{"gitId":"limzhenwy"},"content":"     * Greeting from the bot when user launches the program.","lastModifiedDate":"2023-08-30"},{"lineNumber":23,"author":{"gitId":"limzhenwy"},"content":"     */","lastModifiedDate":"2023-08-26"},{"lineNumber":24,"author":{"gitId":"limzhenwy"},"content":"    public static String greeting \u003d \"-------------------------------\\n\"","lastModifiedDate":"2023-08-30"},{"lineNumber":25,"author":{"gitId":"limzhenwy"},"content":"            + \"Hello! I\u0027m Skog.\\n\"","lastModifiedDate":"2023-08-30"},{"lineNumber":26,"author":{"gitId":"limzhenwy"},"content":"            + \"What can I do for you?\\n\"","lastModifiedDate":"2023-08-30"},{"lineNumber":27,"author":{"gitId":"limzhenwy"},"content":"            + \"-------------------------------\\n\";","lastModifiedDate":"2023-08-30"},{"lineNumber":28,"author":{"gitId":"limzhenwy"},"content":"    /**","lastModifiedDate":"2023-08-30"},{"lineNumber":29,"author":{"gitId":"limzhenwy"},"content":"     * Exit message when user exits the bot.","lastModifiedDate":"2023-08-30"},{"lineNumber":30,"author":{"gitId":"limzhenwy"},"content":"     */","lastModifiedDate":"2023-08-30"},{"lineNumber":31,"author":{"gitId":"limzhenwy"},"content":"    public static String exit \u003d \"-------------------------------\\n\"","lastModifiedDate":"2023-08-30"},{"lineNumber":32,"author":{"gitId":"limzhenwy"},"content":"            + \"Bye. Hope to see you again soon!\\n\"","lastModifiedDate":"2023-08-30"},{"lineNumber":33,"author":{"gitId":"limzhenwy"},"content":"            + \"-------------------------------\\n\";","lastModifiedDate":"2023-08-30"},{"lineNumber":34,"author":{"gitId":"limzhenwy"},"content":"    /**","lastModifiedDate":"2023-08-26"},{"lineNumber":35,"author":{"gitId":"limzhenwy"},"content":"     * Creates a Todo task in taskArr.","lastModifiedDate":"2023-08-26"},{"lineNumber":36,"author":{"gitId":"limzhenwy"},"content":"     * @param desc Description of the Todo task","lastModifiedDate":"2023-08-26"},{"lineNumber":37,"author":{"gitId":"limzhenwy"},"content":"     */","lastModifiedDate":"2023-08-26"},{"lineNumber":38,"author":{"gitId":"limzhenwy"},"content":"    public static Todo addTodo(String desc) {","lastModifiedDate":"2023-08-30"},{"lineNumber":39,"author":{"gitId":"limzhenwy"},"content":"        Todo curr \u003d new Todo(desc);","lastModifiedDate":"2023-08-21"},{"lineNumber":40,"author":{"gitId":"limzhenwy"},"content":"        taskArr.add(curr);","lastModifiedDate":"2023-08-21"},{"lineNumber":41,"author":{"gitId":"limzhenwy"},"content":"        System.out.println(\"-------------------------------\\n\"","lastModifiedDate":"2023-08-21"},{"lineNumber":42,"author":{"gitId":"limzhenwy"},"content":"                + \"Got it. I\u0027ve added this task:\\n\"","lastModifiedDate":"2023-08-21"},{"lineNumber":43,"author":{"gitId":"limzhenwy"},"content":"                + curr.toString()","lastModifiedDate":"2023-08-21"},{"lineNumber":44,"author":{"gitId":"limzhenwy"},"content":"                + totalTasks()","lastModifiedDate":"2023-08-21"},{"lineNumber":45,"author":{"gitId":"limzhenwy"},"content":"                + \"\\n-------------------------------\\n\");","lastModifiedDate":"2023-08-21"},{"lineNumber":46,"author":{"gitId":"limzhenwy"},"content":"        return curr;","lastModifiedDate":"2023-08-30"},{"lineNumber":47,"author":{"gitId":"limzhenwy"},"content":"    }","lastModifiedDate":"2023-08-21"},{"lineNumber":48,"author":{"gitId":"limzhenwy"},"content":"    /**","lastModifiedDate":"2023-08-26"},{"lineNumber":49,"author":{"gitId":"limzhenwy"},"content":"     * Creates a Deadline task in taskArr.","lastModifiedDate":"2023-08-26"},{"lineNumber":50,"author":{"gitId":"limzhenwy"},"content":"     * @param desc Description of the Deadline task","lastModifiedDate":"2023-08-26"},{"lineNumber":51,"author":{"gitId":"limzhenwy"},"content":"     * @param date Date to complete the Deadline task by","lastModifiedDate":"2023-08-26"},{"lineNumber":52,"author":{"gitId":"limzhenwy"},"content":"     */","lastModifiedDate":"2023-08-26"},{"lineNumber":53,"author":{"gitId":"limzhenwy"},"content":"    public static Deadline addDeadline(String desc, String date) {","lastModifiedDate":"2023-08-30"},{"lineNumber":54,"author":{"gitId":"limzhenwy"},"content":"        Deadline curr \u003d new Deadline(desc, date);","lastModifiedDate":"2023-08-21"},{"lineNumber":55,"author":{"gitId":"limzhenwy"},"content":"        taskArr.add(curr);","lastModifiedDate":"2023-08-21"},{"lineNumber":56,"author":{"gitId":"limzhenwy"},"content":"        System.out.println(\"-------------------------------\\n\"","lastModifiedDate":"2023-08-21"},{"lineNumber":57,"author":{"gitId":"limzhenwy"},"content":"                + \"Got it. I\u0027ve added this task:\\n\"","lastModifiedDate":"2023-08-21"},{"lineNumber":58,"author":{"gitId":"limzhenwy"},"content":"                + curr.toString()","lastModifiedDate":"2023-08-21"},{"lineNumber":59,"author":{"gitId":"limzhenwy"},"content":"                + totalTasks()","lastModifiedDate":"2023-08-21"},{"lineNumber":60,"author":{"gitId":"limzhenwy"},"content":"                + \"\\n-------------------------------\\n\");","lastModifiedDate":"2023-08-21"},{"lineNumber":61,"author":{"gitId":"limzhenwy"},"content":"        return curr;","lastModifiedDate":"2023-08-30"},{"lineNumber":62,"author":{"gitId":"limzhenwy"},"content":"    }","lastModifiedDate":"2023-08-20"},{"lineNumber":63,"author":{"gitId":"limzhenwy"},"content":"    /**","lastModifiedDate":"2023-08-26"},{"lineNumber":64,"author":{"gitId":"limzhenwy"},"content":"     * Creates an Event task in taskArr.","lastModifiedDate":"2023-08-26"},{"lineNumber":65,"author":{"gitId":"limzhenwy"},"content":"     * @param desc Description of the Event task","lastModifiedDate":"2023-08-26"},{"lineNumber":66,"author":{"gitId":"limzhenwy"},"content":"     * @param from Date when the Event task starts","lastModifiedDate":"2023-08-26"},{"lineNumber":67,"author":{"gitId":"limzhenwy"},"content":"     * @param to Date when the Event tasks end","lastModifiedDate":"2023-08-26"},{"lineNumber":68,"author":{"gitId":"limzhenwy"},"content":"     */","lastModifiedDate":"2023-08-26"},{"lineNumber":69,"author":{"gitId":"limzhenwy"},"content":"    public static Event addEvent(String desc, String from, String to) {","lastModifiedDate":"2023-08-30"},{"lineNumber":70,"author":{"gitId":"limzhenwy"},"content":"        Event curr \u003d new Event(desc, from, to);","lastModifiedDate":"2023-08-21"},{"lineNumber":71,"author":{"gitId":"limzhenwy"},"content":"        taskArr.add(curr);","lastModifiedDate":"2023-08-21"},{"lineNumber":72,"author":{"gitId":"limzhenwy"},"content":"        System.out.println(\"-------------------------------\\n\"","lastModifiedDate":"2023-08-21"},{"lineNumber":73,"author":{"gitId":"limzhenwy"},"content":"                + \"Got it. I\u0027ve added this task:\\n\"","lastModifiedDate":"2023-08-21"},{"lineNumber":74,"author":{"gitId":"limzhenwy"},"content":"                + curr.toString()","lastModifiedDate":"2023-08-21"},{"lineNumber":75,"author":{"gitId":"limzhenwy"},"content":"                + totalTasks()","lastModifiedDate":"2023-08-21"},{"lineNumber":76,"author":{"gitId":"limzhenwy"},"content":"                + \"\\n-------------------------------\\n\");","lastModifiedDate":"2023-08-21"},{"lineNumber":77,"author":{"gitId":"limzhenwy"},"content":"        return curr;","lastModifiedDate":"2023-08-30"},{"lineNumber":78,"author":{"gitId":"limzhenwy"},"content":"    }","lastModifiedDate":"2023-08-21"},{"lineNumber":79,"author":{"gitId":"limzhenwy"},"content":"","lastModifiedDate":"2023-08-26"},{"lineNumber":80,"author":{"gitId":"limzhenwy"},"content":"    /**","lastModifiedDate":"2023-08-26"},{"lineNumber":81,"author":{"gitId":"limzhenwy"},"content":"     * Remove a task from taskArr.","lastModifiedDate":"2023-08-26"},{"lineNumber":82,"author":{"gitId":"limzhenwy"},"content":"     * @param num Indicates the task number to be deleted","lastModifiedDate":"2023-08-26"},{"lineNumber":83,"author":{"gitId":"limzhenwy"},"content":"     */","lastModifiedDate":"2023-08-26"},{"lineNumber":84,"author":{"gitId":"limzhenwy"},"content":"    public static void delete(int num) {","lastModifiedDate":"2023-08-30"},{"lineNumber":85,"author":{"gitId":"limzhenwy"},"content":"        Task toRemove \u003d taskArr.get(num);","lastModifiedDate":"2023-08-21"},{"lineNumber":86,"author":{"gitId":"limzhenwy"},"content":"        taskArr.remove(num);","lastModifiedDate":"2023-08-21"},{"lineNumber":87,"author":{"gitId":"limzhenwy"},"content":"        System.out.println(\"-------------------------------\\n\"","lastModifiedDate":"2023-08-21"},{"lineNumber":88,"author":{"gitId":"limzhenwy"},"content":"        + \"Noted, I\u0027ve removed this task:\\n\"","lastModifiedDate":"2023-08-21"},{"lineNumber":89,"author":{"gitId":"limzhenwy"},"content":"        + toRemove.toString()","lastModifiedDate":"2023-08-21"},{"lineNumber":90,"author":{"gitId":"limzhenwy"},"content":"        + totalTasks()","lastModifiedDate":"2023-08-21"},{"lineNumber":91,"author":{"gitId":"limzhenwy"},"content":"        + \"\\n-------------------------------\\n\");","lastModifiedDate":"2023-08-21"},{"lineNumber":92,"author":{"gitId":"limzhenwy"},"content":"    }","lastModifiedDate":"2023-08-21"},{"lineNumber":93,"author":{"gitId":"limzhenwy"},"content":"","lastModifiedDate":"2023-08-26"},{"lineNumber":94,"author":{"gitId":"limzhenwy"},"content":"    /**","lastModifiedDate":"2023-08-26"},{"lineNumber":95,"author":{"gitId":"limzhenwy"},"content":"     * Lists out all the tasks in taskArr.","lastModifiedDate":"2023-08-26"},{"lineNumber":96,"author":{"gitId":"limzhenwy"},"content":"     */","lastModifiedDate":"2023-08-26"},{"lineNumber":97,"author":{"gitId":"limzhenwy"},"content":"    public static void listOut() {","lastModifiedDate":"2023-08-30"},{"lineNumber":98,"author":{"gitId":"limzhenwy"},"content":"        int size \u003d taskArr.size();","lastModifiedDate":"2023-08-21"},{"lineNumber":99,"author":{"gitId":"limzhenwy"},"content":"        System.out.println(\"-------------------------------\\n\"","lastModifiedDate":"2023-08-21"},{"lineNumber":100,"author":{"gitId":"limzhenwy"},"content":"        + \"Here are the tasks in your list:\");","lastModifiedDate":"2023-08-21"},{"lineNumber":101,"author":{"gitId":"limzhenwy"},"content":"        for (int i \u003d 0; i \u003c size; i++) {","lastModifiedDate":"2023-08-21"},{"lineNumber":102,"author":{"gitId":"limzhenwy"},"content":"            System.out.println(i + 1 + \".\" + taskArr.get(i).toString());","lastModifiedDate":"2023-08-21"},{"lineNumber":103,"author":{"gitId":"limzhenwy"},"content":"        }","lastModifiedDate":"2023-08-20"},{"lineNumber":104,"author":{"gitId":"limzhenwy"},"content":"        System.out.println(\"-------------------------------\\n\");","lastModifiedDate":"2023-08-20"},{"lineNumber":105,"author":{"gitId":"limzhenwy"},"content":"    }","lastModifiedDate":"2023-08-20"},{"lineNumber":106,"author":{"gitId":"limzhenwy"},"content":"    /**","lastModifiedDate":"2023-08-26"},{"lineNumber":107,"author":{"gitId":"limzhenwy"},"content":"     * Number of tasks in taskArr currently.","lastModifiedDate":"2023-08-26"},{"lineNumber":108,"author":{"gitId":"limzhenwy"},"content":"     * @return String containing the number of tasks added to taskArr","lastModifiedDate":"2023-08-26"},{"lineNumber":109,"author":{"gitId":"limzhenwy"},"content":"     */","lastModifiedDate":"2023-08-26"},{"lineNumber":110,"author":{"gitId":"limzhenwy"},"content":"    public static String totalTasks() {","lastModifiedDate":"2023-08-30"},{"lineNumber":111,"author":{"gitId":"limzhenwy"},"content":"        int size \u003d taskArr.size();","lastModifiedDate":"2023-08-21"},{"lineNumber":112,"author":{"gitId":"limzhenwy"},"content":"        return \"\\nNow you have \" + size + \" tasks in the list.\";","lastModifiedDate":"2023-08-21"},{"lineNumber":113,"author":{"gitId":"limzhenwy"},"content":"    }","lastModifiedDate":"2023-08-21"},{"lineNumber":114,"author":{"gitId":"limzhenwy"},"content":"    public static void initiateArr() {","lastModifiedDate":"2023-08-30"},{"lineNumber":115,"author":{"gitId":"limzhenwy"},"content":"        try {","lastModifiedDate":"2023-08-30"},{"lineNumber":116,"author":{"gitId":"limzhenwy"},"content":"            FileInputStream fileIn \u003d new FileInputStream(\"data.txt\");","lastModifiedDate":"2023-08-30"},{"lineNumber":117,"author":{"gitId":"limzhenwy"},"content":"            ObjectInputStream objIn \u003d new ObjectInputStream(fileIn);","lastModifiedDate":"2023-08-30"},{"lineNumber":118,"author":{"gitId":"limzhenwy"},"content":"            // can safely cast because all the methods to modify the array","lastModifiedDate":"2023-08-30"},{"lineNumber":119,"author":{"gitId":"limzhenwy"},"content":"            // guarantee that the elements in the array are all sub-classes","lastModifiedDate":"2023-08-30"},{"lineNumber":120,"author":{"gitId":"limzhenwy"},"content":"            // of Task, the array is type-safe","lastModifiedDate":"2023-08-30"},{"lineNumber":121,"author":{"gitId":"limzhenwy"},"content":"            taskArr \u003d (ArrayList\u003cTask\u003e) objIn.readObject();","lastModifiedDate":"2023-08-30"},{"lineNumber":122,"author":{"gitId":"limzhenwy"},"content":"            objIn.close();","lastModifiedDate":"2023-08-30"},{"lineNumber":123,"author":{"gitId":"limzhenwy"},"content":"        } catch (IOException ignored) {","lastModifiedDate":"2023-08-30"},{"lineNumber":124,"author":{"gitId":"limzhenwy"},"content":"        } catch (ClassNotFoundException e) {","lastModifiedDate":"2023-08-30"},{"lineNumber":125,"author":{"gitId":"limzhenwy"},"content":"            throw new RuntimeException(e);","lastModifiedDate":"2023-08-30"},{"lineNumber":126,"author":{"gitId":"limzhenwy"},"content":"        }","lastModifiedDate":"2023-08-30"},{"lineNumber":127,"author":{"gitId":"limzhenwy"},"content":"    }","lastModifiedDate":"2023-08-30"},{"lineNumber":128,"author":{"gitId":"limzhenwy"},"content":"    public static void save() {","lastModifiedDate":"2023-08-30"},{"lineNumber":129,"author":{"gitId":"limzhenwy"},"content":"        String dataFile \u003d \"data.txt\";","lastModifiedDate":"2023-08-30"},{"lineNumber":130,"author":{"gitId":"limzhenwy"},"content":"","lastModifiedDate":"2023-08-20"},{"lineNumber":131,"author":{"gitId":"limzhenwy"},"content":"        try {","lastModifiedDate":"2023-08-30"},{"lineNumber":132,"author":{"gitId":"limzhenwy"},"content":"            FileOutputStream fos \u003d new FileOutputStream(dataFile);","lastModifiedDate":"2023-08-30"},{"lineNumber":133,"author":{"gitId":"limzhenwy"},"content":"            ObjectOutputStream oos \u003d new ObjectOutputStream(fos);","lastModifiedDate":"2023-08-30"},{"lineNumber":134,"author":{"gitId":"limzhenwy"},"content":"            oos.writeObject(taskArr);","lastModifiedDate":"2023-08-30"},{"lineNumber":135,"author":{"gitId":"limzhenwy"},"content":"            oos.close();","lastModifiedDate":"2023-08-30"},{"lineNumber":136,"author":{"gitId":"limzhenwy"},"content":"        } catch (IOException e) {","lastModifiedDate":"2023-08-30"},{"lineNumber":137,"author":{"gitId":"limzhenwy"},"content":"            System.out.println(e.getMessage());","lastModifiedDate":"2023-08-30"},{"lineNumber":138,"author":{"gitId":"limzhenwy"},"content":"        }","lastModifiedDate":"2023-08-30"},{"lineNumber":139,"author":{"gitId":"limzhenwy"},"content":"","lastModifiedDate":"2023-08-20"},{"lineNumber":140,"author":{"gitId":"limzhenwy"},"content":"    }","lastModifiedDate":"2023-08-30"},{"lineNumber":141,"author":{"gitId":"limzhenwy"},"content":"    /**","lastModifiedDate":"2023-08-30"},{"lineNumber":142,"author":{"gitId":"limzhenwy"},"content":"     * Saves all the tasks\u0027 information in a text file.","lastModifiedDate":"2023-08-30"},{"lineNumber":143,"author":{"gitId":"limzhenwy"},"content":"     */","lastModifiedDate":"2023-08-30"},{"lineNumber":144,"author":{"gitId":"limzhenwy"},"content":"    public static void writeToFile() {","lastModifiedDate":"2023-08-30"},{"lineNumber":145,"author":{"gitId":"limzhenwy"},"content":"        try {","lastModifiedDate":"2023-08-30"},{"lineNumber":146,"author":{"gitId":"limzhenwy"},"content":"            FileWriter fw \u003d new FileWriter(filename);","lastModifiedDate":"2023-08-30"},{"lineNumber":147,"author":{"gitId":"limzhenwy"},"content":"            BufferedWriter bw \u003d new BufferedWriter(fw);","lastModifiedDate":"2023-08-30"},{"lineNumber":148,"author":{"gitId":"limzhenwy"},"content":"            for (int i \u003d 0; i \u003c taskArr.size(); i++) {","lastModifiedDate":"2023-08-30"},{"lineNumber":149,"author":{"gitId":"limzhenwy"},"content":"                bw.write(taskArr.get(i).toString());","lastModifiedDate":"2023-08-30"},{"lineNumber":150,"author":{"gitId":"limzhenwy"},"content":"                bw.newLine();","lastModifiedDate":"2023-08-30"},{"lineNumber":151,"author":{"gitId":"limzhenwy"},"content":"            }","lastModifiedDate":"2023-08-30"},{"lineNumber":152,"author":{"gitId":"limzhenwy"},"content":"            bw.close();","lastModifiedDate":"2023-08-30"},{"lineNumber":153,"author":{"gitId":"limzhenwy"},"content":"            fw.close();","lastModifiedDate":"2023-08-30"},{"lineNumber":154,"author":{"gitId":"limzhenwy"},"content":"        } catch (IOException e) {","lastModifiedDate":"2023-08-30"},{"lineNumber":155,"author":{"gitId":"limzhenwy"},"content":"            System.out.println(e.getMessage());","lastModifiedDate":"2023-08-30"},{"lineNumber":156,"author":{"gitId":"limzhenwy"},"content":"        }","lastModifiedDate":"2023-08-30"},{"lineNumber":157,"author":{"gitId":"limzhenwy"},"content":"    }","lastModifiedDate":"2023-08-30"},{"lineNumber":158,"author":{"gitId":"limzhenwy"},"content":"","lastModifiedDate":"2023-08-19"},{"lineNumber":159,"author":{"gitId":"-"},"content":"    public static void main(String[] args) {","lastModifiedDate":"2023-08-30"},{"lineNumber":160,"author":{"gitId":"limzhenwy"},"content":"        try {","lastModifiedDate":"2023-08-30"},{"lineNumber":161,"author":{"gitId":"limzhenwy"},"content":"            File myFile \u003d new File(filename);","lastModifiedDate":"2023-08-30"},{"lineNumber":162,"author":{"gitId":"limzhenwy"},"content":"            if (myFile.createNewFile()) {","lastModifiedDate":"2023-08-30"},{"lineNumber":163,"author":{"gitId":"limzhenwy"},"content":"                System.out.println(\"-------------------------------\\n\"","lastModifiedDate":"2023-08-30"},{"lineNumber":164,"author":{"gitId":"limzhenwy"},"content":"                        + \"Welcome! New text file created.\");","lastModifiedDate":"2023-08-30"},{"lineNumber":165,"author":{"gitId":"limzhenwy"},"content":"            } else {","lastModifiedDate":"2023-08-30"},{"lineNumber":166,"author":{"gitId":"limzhenwy"},"content":"                // go straight into task control","lastModifiedDate":"2023-08-30"},{"lineNumber":167,"author":{"gitId":"limzhenwy"},"content":"            }","lastModifiedDate":"2023-08-30"},{"lineNumber":168,"author":{"gitId":"limzhenwy"},"content":"        } catch (IOException e) {","lastModifiedDate":"2023-08-30"},{"lineNumber":169,"author":{"gitId":"limzhenwy"},"content":"            System.out.println(\"An error has occurred!\");","lastModifiedDate":"2023-08-30"},{"lineNumber":170,"author":{"gitId":"limzhenwy"},"content":"        }","lastModifiedDate":"2023-08-30"},{"lineNumber":171,"author":{"gitId":"limzhenwy"},"content":"","lastModifiedDate":"2023-08-19"},{"lineNumber":172,"author":{"gitId":"limzhenwy"},"content":"        System.out.println(greeting);","lastModifiedDate":"2023-08-19"},{"lineNumber":173,"author":{"gitId":"limzhenwy"},"content":"        new File(\"data.txt\");","lastModifiedDate":"2023-08-30"},{"lineNumber":174,"author":{"gitId":"limzhenwy"},"content":"        initiateArr();","lastModifiedDate":"2023-08-30"},{"lineNumber":175,"author":{"gitId":"limzhenwy"},"content":"        while (Duke.sc.hasNext()) {","lastModifiedDate":"2023-08-30"},{"lineNumber":176,"author":{"gitId":"limzhenwy"},"content":"            try {","lastModifiedDate":"2023-08-26"},{"lineNumber":177,"author":{"gitId":"limzhenwy"},"content":"                String str \u003d Duke.sc.next();","lastModifiedDate":"2023-08-30"},{"lineNumber":178,"author":{"gitId":"limzhenwy"},"content":"                if (str.equals(\"bye\")) {","lastModifiedDate":"2023-08-20"},{"lineNumber":179,"author":{"gitId":"limzhenwy"},"content":"                    writeToFile();","lastModifiedDate":"2023-08-30"},{"lineNumber":180,"author":{"gitId":"limzhenwy"},"content":"                    save();","lastModifiedDate":"2023-08-30"},{"lineNumber":181,"author":{"gitId":"limzhenwy"},"content":"                    System.out.println(exit);","lastModifiedDate":"2023-08-19"},{"lineNumber":182,"author":{"gitId":"limzhenwy"},"content":"                    break;","lastModifiedDate":"2023-08-20"},{"lineNumber":183,"author":{"gitId":"limzhenwy"},"content":"                } else if (str.equals(\"list\")) {","lastModifiedDate":"2023-08-20"},{"lineNumber":184,"author":{"gitId":"limzhenwy"},"content":"                    listOut();","lastModifiedDate":"2023-08-30"},{"lineNumber":185,"author":{"gitId":"limzhenwy"},"content":"                } else if (str.equals(\"mark\")) {","lastModifiedDate":"2023-08-20"},{"lineNumber":186,"author":{"gitId":"limzhenwy"},"content":"                    if (!Duke.sc.hasNextInt()) {","lastModifiedDate":"2023-08-30"},{"lineNumber":187,"author":{"gitId":"limzhenwy"},"content":"                        throw new WrongInput();","lastModifiedDate":"2023-08-29"},{"lineNumber":188,"author":{"gitId":"limzhenwy"},"content":"                    } else {","lastModifiedDate":"2023-08-21"},{"lineNumber":189,"author":{"gitId":"limzhenwy"},"content":"                        int index \u003d Duke.sc.nextInt() - 1;","lastModifiedDate":"2023-08-30"},{"lineNumber":190,"author":{"gitId":"limzhenwy"},"content":"                        taskArr.get(index).mark();","lastModifiedDate":"2023-08-30"},{"lineNumber":191,"author":{"gitId":"limzhenwy"},"content":"                    }","lastModifiedDate":"2023-08-21"},{"lineNumber":192,"author":{"gitId":"limzhenwy"},"content":"                } else if (str.equals(\"unmark\")) {","lastModifiedDate":"2023-08-20"},{"lineNumber":193,"author":{"gitId":"limzhenwy"},"content":"                    if (!Duke.sc.hasNextInt()) {","lastModifiedDate":"2023-08-30"},{"lineNumber":194,"author":{"gitId":"limzhenwy"},"content":"                        throw new WrongInput();","lastModifiedDate":"2023-08-29"},{"lineNumber":195,"author":{"gitId":"limzhenwy"},"content":"                    } else {","lastModifiedDate":"2023-08-21"},{"lineNumber":196,"author":{"gitId":"limzhenwy"},"content":"                        int index \u003d Duke.sc.nextInt() - 1;","lastModifiedDate":"2023-08-30"},{"lineNumber":197,"author":{"gitId":"limzhenwy"},"content":"                        taskArr.get(index).unmark();","lastModifiedDate":"2023-08-30"},{"lineNumber":198,"author":{"gitId":"limzhenwy"},"content":"                    }","lastModifiedDate":"2023-08-21"},{"lineNumber":199,"author":{"gitId":"limzhenwy"},"content":"                } else if (str.equals(\"delete\")) {","lastModifiedDate":"2023-08-21"},{"lineNumber":200,"author":{"gitId":"limzhenwy"},"content":"                    if (!Duke.sc.hasNextInt()) {","lastModifiedDate":"2023-08-30"},{"lineNumber":201,"author":{"gitId":"limzhenwy"},"content":"                        throw new WrongInput();","lastModifiedDate":"2023-08-29"},{"lineNumber":202,"author":{"gitId":"limzhenwy"},"content":"                    } else {","lastModifiedDate":"2023-08-21"},{"lineNumber":203,"author":{"gitId":"limzhenwy"},"content":"                        int index \u003d Duke.sc.nextInt();","lastModifiedDate":"2023-08-30"},{"lineNumber":204,"author":{"gitId":"limzhenwy"},"content":"                        if (index \u003e taskArr.size()) {","lastModifiedDate":"2023-08-30"},{"lineNumber":205,"author":{"gitId":"limzhenwy"},"content":"                            throw new WrongInput();","lastModifiedDate":"2023-08-29"},{"lineNumber":206,"author":{"gitId":"limzhenwy"},"content":"                        } else {","lastModifiedDate":"2023-08-20"},{"lineNumber":207,"author":{"gitId":"limzhenwy"},"content":"                            delete(index - 1);","lastModifiedDate":"2023-08-30"},{"lineNumber":208,"author":{"gitId":"limzhenwy"},"content":"                        }","lastModifiedDate":"2023-08-21"},{"lineNumber":209,"author":{"gitId":"limzhenwy"},"content":"                    }","lastModifiedDate":"2023-08-21"},{"lineNumber":210,"author":{"gitId":"limzhenwy"},"content":"                } else {","lastModifiedDate":"2023-08-26"},{"lineNumber":211,"author":{"gitId":"limzhenwy"},"content":"                    // check for task type first","lastModifiedDate":"2023-08-21"},{"lineNumber":212,"author":{"gitId":"limzhenwy"},"content":"                    if (str.equals(\"todo\")) {","lastModifiedDate":"2023-08-21"},{"lineNumber":213,"author":{"gitId":"limzhenwy"},"content":"                        String desc \u003d Duke.sc.nextLine();","lastModifiedDate":"2023-08-30"},{"lineNumber":214,"author":{"gitId":"limzhenwy"},"content":"                        if (desc.equals(\"\") || desc.equals(\" \")) {","lastModifiedDate":"2023-08-21"},{"lineNumber":215,"author":{"gitId":"limzhenwy"},"content":"                            throw new EmptyDescription();","lastModifiedDate":"2023-08-29"},{"lineNumber":216,"author":{"gitId":"limzhenwy"},"content":"                        } else {","lastModifiedDate":"2023-08-21"},{"lineNumber":217,"author":{"gitId":"limzhenwy"},"content":"                            Todo curr \u003d addTodo(desc);","lastModifiedDate":"2023-08-30"},{"lineNumber":218,"author":{"gitId":"limzhenwy"},"content":"                        }","lastModifiedDate":"2023-08-21"},{"lineNumber":219,"author":{"gitId":"limzhenwy"},"content":"                    } else if (str.equals(\"deadline\")) {","lastModifiedDate":"2023-08-21"},{"lineNumber":220,"author":{"gitId":"limzhenwy"},"content":"                        String desc \u003d Duke.sc.next();","lastModifiedDate":"2023-08-30"},{"lineNumber":221,"author":{"gitId":"limzhenwy"},"content":"                        String date \u003d null;","lastModifiedDate":"2023-08-21"},{"lineNumber":222,"author":{"gitId":"limzhenwy"},"content":"                        while (Duke.sc.hasNext()) {","lastModifiedDate":"2023-08-30"},{"lineNumber":223,"author":{"gitId":"limzhenwy"},"content":"                            String next \u003d Duke.sc.next();","lastModifiedDate":"2023-08-30"},{"lineNumber":224,"author":{"gitId":"limzhenwy"},"content":"                            if (!next.equals(\"by\")) {","lastModifiedDate":"2023-08-21"},{"lineNumber":225,"author":{"gitId":"limzhenwy"},"content":"                                desc \u003d desc + \" \" + next;","lastModifiedDate":"2023-08-21"},{"lineNumber":226,"author":{"gitId":"limzhenwy"},"content":"                            } else {","lastModifiedDate":"2023-08-21"},{"lineNumber":227,"author":{"gitId":"limzhenwy"},"content":"                                date \u003d Duke.sc.nextLine();","lastModifiedDate":"2023-08-30"},{"lineNumber":228,"author":{"gitId":"limzhenwy"},"content":"                                break;","lastModifiedDate":"2023-08-21"},{"lineNumber":229,"author":{"gitId":"limzhenwy"},"content":"                            }","lastModifiedDate":"2023-08-21"},{"lineNumber":230,"author":{"gitId":"limzhenwy"},"content":"                        }","lastModifiedDate":"2023-08-21"},{"lineNumber":231,"author":{"gitId":"limzhenwy"},"content":"                        Deadline curr \u003d addDeadline(desc, date);","lastModifiedDate":"2023-08-30"},{"lineNumber":232,"author":{"gitId":"limzhenwy"},"content":"                    } else if (str.equals(\"event\")) {","lastModifiedDate":"2023-08-21"},{"lineNumber":233,"author":{"gitId":"limzhenwy"},"content":"                        String desc \u003d Duke.sc.next();","lastModifiedDate":"2023-08-30"},{"lineNumber":234,"author":{"gitId":"limzhenwy"},"content":"                        String from \u003d null;","lastModifiedDate":"2023-08-21"},{"lineNumber":235,"author":{"gitId":"limzhenwy"},"content":"                        String to \u003d null;","lastModifiedDate":"2023-08-21"},{"lineNumber":236,"author":{"gitId":"limzhenwy"},"content":"                        while (Duke.sc.hasNext()) {","lastModifiedDate":"2023-08-30"},{"lineNumber":237,"author":{"gitId":"limzhenwy"},"content":"                            String next \u003d Duke.sc.next();","lastModifiedDate":"2023-08-30"},{"lineNumber":238,"author":{"gitId":"limzhenwy"},"content":"                            if (!next.equals(\"from\")) {","lastModifiedDate":"2023-08-21"},{"lineNumber":239,"author":{"gitId":"limzhenwy"},"content":"                                desc \u003d desc + \" \" + next;","lastModifiedDate":"2023-08-21"},{"lineNumber":240,"author":{"gitId":"limzhenwy"},"content":"                            } else {","lastModifiedDate":"2023-08-21"},{"lineNumber":241,"author":{"gitId":"limzhenwy"},"content":"                                from \u003d Duke.sc.next();","lastModifiedDate":"2023-08-30"},{"lineNumber":242,"author":{"gitId":"limzhenwy"},"content":"                                while (Duke.sc.hasNext()) {","lastModifiedDate":"2023-08-30"},{"lineNumber":243,"author":{"gitId":"limzhenwy"},"content":"                                    String temp \u003d Duke.sc.next();","lastModifiedDate":"2023-08-30"},{"lineNumber":244,"author":{"gitId":"limzhenwy"},"content":"                                    if (!temp.equals(\"to\")) {","lastModifiedDate":"2023-08-21"},{"lineNumber":245,"author":{"gitId":"limzhenwy"},"content":"                                        from \u003d from + \" \" + temp;","lastModifiedDate":"2023-08-21"},{"lineNumber":246,"author":{"gitId":"limzhenwy"},"content":"                                    } else {","lastModifiedDate":"2023-08-21"},{"lineNumber":247,"author":{"gitId":"limzhenwy"},"content":"                                        to \u003d Duke.sc.nextLine();","lastModifiedDate":"2023-08-30"},{"lineNumber":248,"author":{"gitId":"limzhenwy"},"content":"                                        break;","lastModifiedDate":"2023-08-21"},{"lineNumber":249,"author":{"gitId":"limzhenwy"},"content":"                                    }","lastModifiedDate":"2023-08-21"},{"lineNumber":250,"author":{"gitId":"limzhenwy"},"content":"                                }","lastModifiedDate":"2023-08-21"},{"lineNumber":251,"author":{"gitId":"limzhenwy"},"content":"                                break;","lastModifiedDate":"2023-08-21"},{"lineNumber":252,"author":{"gitId":"limzhenwy"},"content":"                            }","lastModifiedDate":"2023-08-21"},{"lineNumber":253,"author":{"gitId":"limzhenwy"},"content":"                        }","lastModifiedDate":"2023-08-21"},{"lineNumber":254,"author":{"gitId":"limzhenwy"},"content":"                        Event curr \u003d addEvent(desc, from, to);","lastModifiedDate":"2023-08-30"},{"lineNumber":255,"author":{"gitId":"limzhenwy"},"content":"                    } else {","lastModifiedDate":"2023-08-21"},{"lineNumber":256,"author":{"gitId":"limzhenwy"},"content":"                        throw new WrongInput();","lastModifiedDate":"2023-08-29"},{"lineNumber":257,"author":{"gitId":"limzhenwy"},"content":"                    }","lastModifiedDate":"2023-08-21"},{"lineNumber":258,"author":{"gitId":"limzhenwy"},"content":"                }","lastModifiedDate":"2023-08-21"},{"lineNumber":259,"author":{"gitId":"limzhenwy"},"content":"            } catch (EmptyDescription e) {","lastModifiedDate":"2023-08-29"},{"lineNumber":260,"author":{"gitId":"limzhenwy"},"content":"                System.out.println(e.getMessage());","lastModifiedDate":"2023-08-21"},{"lineNumber":261,"author":{"gitId":"limzhenwy"},"content":"            } catch (WrongInput e) {","lastModifiedDate":"2023-08-29"},{"lineNumber":262,"author":{"gitId":"limzhenwy"},"content":"                System.out.println(e.getMessage());","lastModifiedDate":"2023-08-21"},{"lineNumber":263,"author":{"gitId":"limzhenwy"},"content":"            }","lastModifiedDate":"2023-08-26"},{"lineNumber":264,"author":{"gitId":"limzhenwy"},"content":"        }","lastModifiedDate":"2023-08-19"},{"lineNumber":265,"author":{"gitId":"-"},"content":"    }","lastModifiedDate":"2019-07-29"},{"lineNumber":266,"author":{"gitId":"-"},"content":"}","lastModifiedDate":"2019-07-29"}],"authorContributionMap":{"limzhenwy":263,"-":3}},{"path":"src/main/java/DukeException.java","fileType":"java","lines":[{"lineNumber":1,"author":{"gitId":"limzhenwy"},"content":"/**","lastModifiedDate":"2023-08-30"},{"lineNumber":2,"author":{"gitId":"limzhenwy"},"content":" * Special exceptions encountered by the chatbot.","lastModifiedDate":"2023-08-30"},{"lineNumber":3,"author":{"gitId":"limzhenwy"},"content":" */","lastModifiedDate":"2023-08-30"},{"lineNumber":4,"author":{"gitId":"limzhenwy"},"content":"class DukeException extends Exception {","lastModifiedDate":"2023-08-30"},{"lineNumber":5,"author":{"gitId":"limzhenwy"},"content":"    /**","lastModifiedDate":"2023-08-29"},{"lineNumber":6,"author":{"gitId":"limzhenwy"},"content":"     * Constructor for the DukeException class.","lastModifiedDate":"2023-08-29"},{"lineNumber":7,"author":{"gitId":"limzhenwy"},"content":"     * @param errorMessage Message about the error.","lastModifiedDate":"2023-08-29"},{"lineNumber":8,"author":{"gitId":"limzhenwy"},"content":"     */","lastModifiedDate":"2023-08-29"},{"lineNumber":9,"author":{"gitId":"limzhenwy"},"content":"    public DukeException(String errorMessage) {","lastModifiedDate":"2023-08-29"},{"lineNumber":10,"author":{"gitId":"limzhenwy"},"content":"        super(errorMessage);","lastModifiedDate":"2023-08-29"},{"lineNumber":11,"author":{"gitId":"limzhenwy"},"content":"    }","lastModifiedDate":"2023-08-29"},{"lineNumber":12,"author":{"gitId":"limzhenwy"},"content":"}","lastModifiedDate":"2023-08-29"}],"authorContributionMap":{"limzhenwy":12}},{"path":"src/main/java/EmptyDescription.java","fileType":"java","lines":[{"lineNumber":1,"author":{"gitId":"limzhenwy"},"content":"/**","lastModifiedDate":"2023-08-29"},{"lineNumber":2,"author":{"gitId":"limzhenwy"},"content":" * Exception when no description is found.","lastModifiedDate":"2023-08-29"},{"lineNumber":3,"author":{"gitId":"limzhenwy"},"content":" */","lastModifiedDate":"2023-08-29"},{"lineNumber":4,"author":{"gitId":"limzhenwy"},"content":"class EmptyDescription extends DukeException {","lastModifiedDate":"2023-08-30"},{"lineNumber":5,"author":{"gitId":"limzhenwy"},"content":"    /**","lastModifiedDate":"2023-08-29"},{"lineNumber":6,"author":{"gitId":"limzhenwy"},"content":"     * Constructor for the EmptyDescription class.","lastModifiedDate":"2023-08-29"},{"lineNumber":7,"author":{"gitId":"limzhenwy"},"content":"     */","lastModifiedDate":"2023-08-29"},{"lineNumber":8,"author":{"gitId":"limzhenwy"},"content":"    public EmptyDescription() {","lastModifiedDate":"2023-08-29"},{"lineNumber":9,"author":{"gitId":"limzhenwy"},"content":"        super(\"-------------------------------\\n\"","lastModifiedDate":"2023-08-29"},{"lineNumber":10,"author":{"gitId":"limzhenwy"},"content":"                + \"☹ OOPS!!! The description of a todo cannot be empty.\\n\"","lastModifiedDate":"2023-08-29"},{"lineNumber":11,"author":{"gitId":"limzhenwy"},"content":"                + \"-------------------------------\\n\");","lastModifiedDate":"2023-08-29"},{"lineNumber":12,"author":{"gitId":"limzhenwy"},"content":"    }","lastModifiedDate":"2023-08-29"},{"lineNumber":13,"author":{"gitId":"limzhenwy"},"content":"}","lastModifiedDate":"2023-08-29"},{"lineNumber":14,"author":{"gitId":"limzhenwy"},"content":"","lastModifiedDate":"2023-08-29"}],"authorContributionMap":{"limzhenwy":14}},{"path":"src/main/java/Event.java","fileType":"java","lines":[{"lineNumber":1,"author":{"gitId":"limzhenwy"},"content":"/**","lastModifiedDate":"2023-08-29"},{"lineNumber":2,"author":{"gitId":"limzhenwy"},"content":" * Special type of task that has a description, \u0027from\u0027 date and \u0027to\u0027 date.","lastModifiedDate":"2023-08-29"},{"lineNumber":3,"author":{"gitId":"limzhenwy"},"content":" */","lastModifiedDate":"2023-08-29"},{"lineNumber":4,"author":{"gitId":"limzhenwy"},"content":"class Event extends Task {","lastModifiedDate":"2023-08-30"},{"lineNumber":5,"author":{"gitId":"limzhenwy"},"content":"    /**","lastModifiedDate":"2023-08-29"},{"lineNumber":6,"author":{"gitId":"limzhenwy"},"content":"     * Signifies the \u0027Event\u0027 task.","lastModifiedDate":"2023-08-29"},{"lineNumber":7,"author":{"gitId":"limzhenwy"},"content":"     */","lastModifiedDate":"2023-08-29"},{"lineNumber":8,"author":{"gitId":"limzhenwy"},"content":"    protected String type \u003d \"E\";","lastModifiedDate":"2023-08-29"},{"lineNumber":9,"author":{"gitId":"limzhenwy"},"content":"    /**","lastModifiedDate":"2023-08-29"},{"lineNumber":10,"author":{"gitId":"limzhenwy"},"content":"     * Starting date of this task.","lastModifiedDate":"2023-08-29"},{"lineNumber":11,"author":{"gitId":"limzhenwy"},"content":"     */","lastModifiedDate":"2023-08-29"},{"lineNumber":12,"author":{"gitId":"limzhenwy"},"content":"    protected String from;","lastModifiedDate":"2023-08-29"},{"lineNumber":13,"author":{"gitId":"limzhenwy"},"content":"    /**","lastModifiedDate":"2023-08-29"},{"lineNumber":14,"author":{"gitId":"limzhenwy"},"content":"     * Ending date of this task.","lastModifiedDate":"2023-08-29"},{"lineNumber":15,"author":{"gitId":"limzhenwy"},"content":"     */","lastModifiedDate":"2023-08-29"},{"lineNumber":16,"author":{"gitId":"limzhenwy"},"content":"    protected String to;","lastModifiedDate":"2023-08-29"},{"lineNumber":17,"author":{"gitId":"limzhenwy"},"content":"","lastModifiedDate":"2023-08-29"},{"lineNumber":18,"author":{"gitId":"limzhenwy"},"content":"    /**","lastModifiedDate":"2023-08-29"},{"lineNumber":19,"author":{"gitId":"limzhenwy"},"content":"     * Constructor for Event class.","lastModifiedDate":"2023-08-29"},{"lineNumber":20,"author":{"gitId":"limzhenwy"},"content":"     * @param description Describes the event","lastModifiedDate":"2023-08-29"},{"lineNumber":21,"author":{"gitId":"limzhenwy"},"content":"     * @param from Start of the event","lastModifiedDate":"2023-08-29"},{"lineNumber":22,"author":{"gitId":"limzhenwy"},"content":"     * @param to End of the event","lastModifiedDate":"2023-08-29"},{"lineNumber":23,"author":{"gitId":"limzhenwy"},"content":"     */","lastModifiedDate":"2023-08-29"},{"lineNumber":24,"author":{"gitId":"limzhenwy"},"content":"    public Event(String description, String from, String to) {","lastModifiedDate":"2023-08-29"},{"lineNumber":25,"author":{"gitId":"limzhenwy"},"content":"        super(description);","lastModifiedDate":"2023-08-29"},{"lineNumber":26,"author":{"gitId":"limzhenwy"},"content":"        this.from \u003d from;","lastModifiedDate":"2023-08-29"},{"lineNumber":27,"author":{"gitId":"limzhenwy"},"content":"        this.to \u003d to;","lastModifiedDate":"2023-08-29"},{"lineNumber":28,"author":{"gitId":"limzhenwy"},"content":"    }","lastModifiedDate":"2023-08-29"},{"lineNumber":29,"author":{"gitId":"limzhenwy"},"content":"","lastModifiedDate":"2023-08-29"},{"lineNumber":30,"author":{"gitId":"limzhenwy"},"content":"    /**","lastModifiedDate":"2023-08-29"},{"lineNumber":31,"author":{"gitId":"limzhenwy"},"content":"     * Mark this Event task as done.","lastModifiedDate":"2023-08-29"},{"lineNumber":32,"author":{"gitId":"limzhenwy"},"content":"     */","lastModifiedDate":"2023-08-29"},{"lineNumber":33,"author":{"gitId":"limzhenwy"},"content":"    @Override","lastModifiedDate":"2023-08-29"},{"lineNumber":34,"author":{"gitId":"limzhenwy"},"content":"    public void mark() {","lastModifiedDate":"2023-08-29"},{"lineNumber":35,"author":{"gitId":"limzhenwy"},"content":"        this.isDone \u003d true;","lastModifiedDate":"2023-08-29"},{"lineNumber":36,"author":{"gitId":"limzhenwy"},"content":"        System.out.println(\"Nice! I\u0027ve marked this task as done:\\n\"","lastModifiedDate":"2023-08-29"},{"lineNumber":37,"author":{"gitId":"limzhenwy"},"content":"                + this);","lastModifiedDate":"2023-08-29"},{"lineNumber":38,"author":{"gitId":"limzhenwy"},"content":"    }","lastModifiedDate":"2023-08-29"},{"lineNumber":39,"author":{"gitId":"limzhenwy"},"content":"","lastModifiedDate":"2023-08-29"},{"lineNumber":40,"author":{"gitId":"limzhenwy"},"content":"    /**","lastModifiedDate":"2023-08-29"},{"lineNumber":41,"author":{"gitId":"limzhenwy"},"content":"     * Unmark this Event task as not done yet.","lastModifiedDate":"2023-08-29"},{"lineNumber":42,"author":{"gitId":"limzhenwy"},"content":"     */","lastModifiedDate":"2023-08-29"},{"lineNumber":43,"author":{"gitId":"limzhenwy"},"content":"    @Override","lastModifiedDate":"2023-08-29"},{"lineNumber":44,"author":{"gitId":"limzhenwy"},"content":"    public void unmark() {","lastModifiedDate":"2023-08-29"},{"lineNumber":45,"author":{"gitId":"limzhenwy"},"content":"        this.isDone \u003d false;","lastModifiedDate":"2023-08-29"},{"lineNumber":46,"author":{"gitId":"limzhenwy"},"content":"        System.out.println(\"OK, I\u0027ve marked this task as not done yet:\\n\"","lastModifiedDate":"2023-08-29"},{"lineNumber":47,"author":{"gitId":"limzhenwy"},"content":"                + this);","lastModifiedDate":"2023-08-29"},{"lineNumber":48,"author":{"gitId":"limzhenwy"},"content":"    }","lastModifiedDate":"2023-08-29"},{"lineNumber":49,"author":{"gitId":"limzhenwy"},"content":"","lastModifiedDate":"2023-08-29"},{"lineNumber":50,"author":{"gitId":"limzhenwy"},"content":"    /**","lastModifiedDate":"2023-08-29"},{"lineNumber":51,"author":{"gitId":"limzhenwy"},"content":"     * Description of this Event task.","lastModifiedDate":"2023-08-29"},{"lineNumber":52,"author":{"gitId":"limzhenwy"},"content":"     * @return String containing all the relevant information of this Event task","lastModifiedDate":"2023-08-29"},{"lineNumber":53,"author":{"gitId":"limzhenwy"},"content":"     */","lastModifiedDate":"2023-08-29"},{"lineNumber":54,"author":{"gitId":"limzhenwy"},"content":"    @Override","lastModifiedDate":"2023-08-29"},{"lineNumber":55,"author":{"gitId":"limzhenwy"},"content":"    public String toString() {","lastModifiedDate":"2023-08-29"},{"lineNumber":56,"author":{"gitId":"limzhenwy"},"content":"        return \"[\" + this.type + \"]\" + \"[\" + this.getStatusIcon() + \"] \"","lastModifiedDate":"2023-08-30"},{"lineNumber":57,"author":{"gitId":"limzhenwy"},"content":"                + this.description + \" (from: \" + this.from","lastModifiedDate":"2023-08-30"},{"lineNumber":58,"author":{"gitId":"limzhenwy"},"content":"                + \" to:\" + this.to + \")\";","lastModifiedDate":"2023-08-30"},{"lineNumber":59,"author":{"gitId":"limzhenwy"},"content":"    }","lastModifiedDate":"2023-08-29"},{"lineNumber":60,"author":{"gitId":"limzhenwy"},"content":"}","lastModifiedDate":"2023-08-29"}],"authorContributionMap":{"limzhenwy":60}},{"path":"src/main/java/Task.java","fileType":"java","lines":[{"lineNumber":1,"author":{"gitId":"limzhenwy"},"content":"import java.io.Serializable;","lastModifiedDate":"2023-08-30"},{"lineNumber":2,"author":{"gitId":"limzhenwy"},"content":"","lastModifiedDate":"2023-08-30"},{"lineNumber":3,"author":{"gitId":"limzhenwy"},"content":"/**","lastModifiedDate":"2023-08-29"},{"lineNumber":4,"author":{"gitId":"limzhenwy"},"content":" * Class representing a task to be completed.","lastModifiedDate":"2023-08-29"},{"lineNumber":5,"author":{"gitId":"limzhenwy"},"content":" */","lastModifiedDate":"2023-08-29"},{"lineNumber":6,"author":{"gitId":"limzhenwy"},"content":"class Task implements Serializable {","lastModifiedDate":"2023-08-30"},{"lineNumber":7,"author":{"gitId":"limzhenwy"},"content":"    /**","lastModifiedDate":"2023-08-29"},{"lineNumber":8,"author":{"gitId":"limzhenwy"},"content":"     * Description of the specific task.","lastModifiedDate":"2023-08-29"},{"lineNumber":9,"author":{"gitId":"limzhenwy"},"content":"     */","lastModifiedDate":"2023-08-29"},{"lineNumber":10,"author":{"gitId":"limzhenwy"},"content":"    protected String description;","lastModifiedDate":"2023-08-29"},{"lineNumber":11,"author":{"gitId":"limzhenwy"},"content":"    /**","lastModifiedDate":"2023-08-29"},{"lineNumber":12,"author":{"gitId":"limzhenwy"},"content":"     * Whether the task is completed or not.","lastModifiedDate":"2023-08-29"},{"lineNumber":13,"author":{"gitId":"limzhenwy"},"content":"     */","lastModifiedDate":"2023-08-29"},{"lineNumber":14,"author":{"gitId":"limzhenwy"},"content":"    protected boolean isDone;","lastModifiedDate":"2023-08-29"},{"lineNumber":15,"author":{"gitId":"limzhenwy"},"content":"","lastModifiedDate":"2023-08-29"},{"lineNumber":16,"author":{"gitId":"limzhenwy"},"content":"    /**","lastModifiedDate":"2023-08-29"},{"lineNumber":17,"author":{"gitId":"limzhenwy"},"content":"     * Constructor for the Task object.","lastModifiedDate":"2023-08-29"},{"lineNumber":18,"author":{"gitId":"limzhenwy"},"content":"     * @param description The description of what the task is about","lastModifiedDate":"2023-08-29"},{"lineNumber":19,"author":{"gitId":"limzhenwy"},"content":"     */","lastModifiedDate":"2023-08-29"},{"lineNumber":20,"author":{"gitId":"limzhenwy"},"content":"    public Task(String description) {","lastModifiedDate":"2023-08-29"},{"lineNumber":21,"author":{"gitId":"limzhenwy"},"content":"        this.description \u003d description;","lastModifiedDate":"2023-08-29"},{"lineNumber":22,"author":{"gitId":"limzhenwy"},"content":"        this.isDone \u003d false;","lastModifiedDate":"2023-08-29"},{"lineNumber":23,"author":{"gitId":"limzhenwy"},"content":"    }","lastModifiedDate":"2023-08-29"},{"lineNumber":24,"author":{"gitId":"limzhenwy"},"content":"","lastModifiedDate":"2023-08-29"},{"lineNumber":25,"author":{"gitId":"limzhenwy"},"content":"    /**","lastModifiedDate":"2023-08-29"},{"lineNumber":26,"author":{"gitId":"limzhenwy"},"content":"     * Task\u0027s completion status.","lastModifiedDate":"2023-08-29"},{"lineNumber":27,"author":{"gitId":"limzhenwy"},"content":"     * @return An \"X\" if the task is completed and a blank space otherwise","lastModifiedDate":"2023-08-29"},{"lineNumber":28,"author":{"gitId":"limzhenwy"},"content":"     */","lastModifiedDate":"2023-08-29"},{"lineNumber":29,"author":{"gitId":"limzhenwy"},"content":"    public String getStatusIcon() {","lastModifiedDate":"2023-08-29"},{"lineNumber":30,"author":{"gitId":"limzhenwy"},"content":"        return (isDone ? \"X\" : \" \");","lastModifiedDate":"2023-08-29"},{"lineNumber":31,"author":{"gitId":"limzhenwy"},"content":"    }","lastModifiedDate":"2023-08-29"},{"lineNumber":32,"author":{"gitId":"limzhenwy"},"content":"","lastModifiedDate":"2023-08-29"},{"lineNumber":33,"author":{"gitId":"limzhenwy"},"content":"    /**","lastModifiedDate":"2023-08-29"},{"lineNumber":34,"author":{"gitId":"limzhenwy"},"content":"     * Mark the task as done.","lastModifiedDate":"2023-08-29"},{"lineNumber":35,"author":{"gitId":"limzhenwy"},"content":"     */","lastModifiedDate":"2023-08-29"},{"lineNumber":36,"author":{"gitId":"limzhenwy"},"content":"    public void mark() {","lastModifiedDate":"2023-08-29"},{"lineNumber":37,"author":{"gitId":"limzhenwy"},"content":"        this.isDone \u003d true;","lastModifiedDate":"2023-08-29"},{"lineNumber":38,"author":{"gitId":"limzhenwy"},"content":"        System.out.println(\"Nice! I\u0027ve marked this task as done:\\n\"","lastModifiedDate":"2023-08-29"},{"lineNumber":39,"author":{"gitId":"limzhenwy"},"content":"                + \"[X] \" + this.desc());","lastModifiedDate":"2023-08-29"},{"lineNumber":40,"author":{"gitId":"limzhenwy"},"content":"    }","lastModifiedDate":"2023-08-29"},{"lineNumber":41,"author":{"gitId":"limzhenwy"},"content":"","lastModifiedDate":"2023-08-29"},{"lineNumber":42,"author":{"gitId":"limzhenwy"},"content":"    /**","lastModifiedDate":"2023-08-29"},{"lineNumber":43,"author":{"gitId":"limzhenwy"},"content":"     * Unmark a task as not done yet.","lastModifiedDate":"2023-08-29"},{"lineNumber":44,"author":{"gitId":"limzhenwy"},"content":"     */","lastModifiedDate":"2023-08-29"},{"lineNumber":45,"author":{"gitId":"limzhenwy"},"content":"    public void unmark() {","lastModifiedDate":"2023-08-29"},{"lineNumber":46,"author":{"gitId":"limzhenwy"},"content":"        this.isDone \u003d false;","lastModifiedDate":"2023-08-29"},{"lineNumber":47,"author":{"gitId":"limzhenwy"},"content":"        System.out.println(\"OK, I\u0027ve marked this task as not done yet:\\n\"","lastModifiedDate":"2023-08-29"},{"lineNumber":48,"author":{"gitId":"limzhenwy"},"content":"                + \"[ ] \" + this.desc());","lastModifiedDate":"2023-08-29"},{"lineNumber":49,"author":{"gitId":"limzhenwy"},"content":"    }","lastModifiedDate":"2023-08-29"},{"lineNumber":50,"author":{"gitId":"limzhenwy"},"content":"","lastModifiedDate":"2023-08-29"},{"lineNumber":51,"author":{"gitId":"limzhenwy"},"content":"    /**","lastModifiedDate":"2023-08-29"},{"lineNumber":52,"author":{"gitId":"limzhenwy"},"content":"     * Returns the description of the task.","lastModifiedDate":"2023-08-29"},{"lineNumber":53,"author":{"gitId":"limzhenwy"},"content":"     * @return Description of the task in a String","lastModifiedDate":"2023-08-29"},{"lineNumber":54,"author":{"gitId":"limzhenwy"},"content":"     */","lastModifiedDate":"2023-08-29"},{"lineNumber":55,"author":{"gitId":"limzhenwy"},"content":"    public String desc() {","lastModifiedDate":"2023-08-29"},{"lineNumber":56,"author":{"gitId":"limzhenwy"},"content":"        return this.description;","lastModifiedDate":"2023-08-29"},{"lineNumber":57,"author":{"gitId":"limzhenwy"},"content":"    }","lastModifiedDate":"2023-08-29"},{"lineNumber":58,"author":{"gitId":"limzhenwy"},"content":"}","lastModifiedDate":"2023-08-29"}],"authorContributionMap":{"limzhenwy":58}},{"path":"src/main/java/Todo.java","fileType":"java","lines":[{"lineNumber":1,"author":{"gitId":"limzhenwy"},"content":"/**","lastModifiedDate":"2023-08-29"},{"lineNumber":2,"author":{"gitId":"limzhenwy"},"content":" * Special kind of task that only has a description","lastModifiedDate":"2023-08-29"},{"lineNumber":3,"author":{"gitId":"limzhenwy"},"content":" */","lastModifiedDate":"2023-08-29"},{"lineNumber":4,"author":{"gitId":"limzhenwy"},"content":"class Todo extends Task {","lastModifiedDate":"2023-08-30"},{"lineNumber":5,"author":{"gitId":"limzhenwy"},"content":"    /**","lastModifiedDate":"2023-08-29"},{"lineNumber":6,"author":{"gitId":"limzhenwy"},"content":"     * Signifies the specific type of task.","lastModifiedDate":"2023-08-29"},{"lineNumber":7,"author":{"gitId":"limzhenwy"},"content":"     */","lastModifiedDate":"2023-08-29"},{"lineNumber":8,"author":{"gitId":"limzhenwy"},"content":"    protected String type \u003d \"T\";","lastModifiedDate":"2023-08-29"},{"lineNumber":9,"author":{"gitId":"limzhenwy"},"content":"","lastModifiedDate":"2023-08-29"},{"lineNumber":10,"author":{"gitId":"limzhenwy"},"content":"    /**","lastModifiedDate":"2023-08-29"},{"lineNumber":11,"author":{"gitId":"limzhenwy"},"content":"     * Constructor for the Todo task type.","lastModifiedDate":"2023-08-29"},{"lineNumber":12,"author":{"gitId":"limzhenwy"},"content":"     * @param description String describing what the Todo task is about","lastModifiedDate":"2023-08-29"},{"lineNumber":13,"author":{"gitId":"limzhenwy"},"content":"     */","lastModifiedDate":"2023-08-29"},{"lineNumber":14,"author":{"gitId":"limzhenwy"},"content":"    public Todo(String description) {","lastModifiedDate":"2023-08-29"},{"lineNumber":15,"author":{"gitId":"limzhenwy"},"content":"        super(description);","lastModifiedDate":"2023-08-29"},{"lineNumber":16,"author":{"gitId":"limzhenwy"},"content":"    }","lastModifiedDate":"2023-08-29"},{"lineNumber":17,"author":{"gitId":"limzhenwy"},"content":"","lastModifiedDate":"2023-08-29"},{"lineNumber":18,"author":{"gitId":"limzhenwy"},"content":"    /**","lastModifiedDate":"2023-08-29"},{"lineNumber":19,"author":{"gitId":"limzhenwy"},"content":"     * Mark this Todo task as done.","lastModifiedDate":"2023-08-29"},{"lineNumber":20,"author":{"gitId":"limzhenwy"},"content":"     */","lastModifiedDate":"2023-08-29"},{"lineNumber":21,"author":{"gitId":"limzhenwy"},"content":"    @Override","lastModifiedDate":"2023-08-29"},{"lineNumber":22,"author":{"gitId":"limzhenwy"},"content":"    public void mark() {","lastModifiedDate":"2023-08-29"},{"lineNumber":23,"author":{"gitId":"limzhenwy"},"content":"        this.isDone \u003d true;","lastModifiedDate":"2023-08-29"},{"lineNumber":24,"author":{"gitId":"limzhenwy"},"content":"        System.out.println(\"Nice! I\u0027ve marked this task as done:\\n\"","lastModifiedDate":"2023-08-29"},{"lineNumber":25,"author":{"gitId":"limzhenwy"},"content":"                + this);","lastModifiedDate":"2023-08-29"},{"lineNumber":26,"author":{"gitId":"limzhenwy"},"content":"    }","lastModifiedDate":"2023-08-29"},{"lineNumber":27,"author":{"gitId":"limzhenwy"},"content":"","lastModifiedDate":"2023-08-29"},{"lineNumber":28,"author":{"gitId":"limzhenwy"},"content":"    /**","lastModifiedDate":"2023-08-29"},{"lineNumber":29,"author":{"gitId":"limzhenwy"},"content":"     * Unmark this Todo task as not done yet.","lastModifiedDate":"2023-08-29"},{"lineNumber":30,"author":{"gitId":"limzhenwy"},"content":"     */","lastModifiedDate":"2023-08-29"},{"lineNumber":31,"author":{"gitId":"limzhenwy"},"content":"    @Override","lastModifiedDate":"2023-08-29"},{"lineNumber":32,"author":{"gitId":"limzhenwy"},"content":"    public void unmark() {","lastModifiedDate":"2023-08-29"},{"lineNumber":33,"author":{"gitId":"limzhenwy"},"content":"        this.isDone \u003d false;","lastModifiedDate":"2023-08-29"},{"lineNumber":34,"author":{"gitId":"limzhenwy"},"content":"        System.out.println(\"OK, I\u0027ve marked this task as not done yet:\\n\"","lastModifiedDate":"2023-08-29"},{"lineNumber":35,"author":{"gitId":"limzhenwy"},"content":"                + this);","lastModifiedDate":"2023-08-29"},{"lineNumber":36,"author":{"gitId":"limzhenwy"},"content":"    }","lastModifiedDate":"2023-08-29"},{"lineNumber":37,"author":{"gitId":"limzhenwy"},"content":"","lastModifiedDate":"2023-08-29"},{"lineNumber":38,"author":{"gitId":"limzhenwy"},"content":"    /**","lastModifiedDate":"2023-08-29"},{"lineNumber":39,"author":{"gitId":"limzhenwy"},"content":"     * Description of this Todo task.","lastModifiedDate":"2023-08-29"},{"lineNumber":40,"author":{"gitId":"limzhenwy"},"content":"     * @return String containing all relevant information about this Todo task","lastModifiedDate":"2023-08-29"},{"lineNumber":41,"author":{"gitId":"limzhenwy"},"content":"     */","lastModifiedDate":"2023-08-29"},{"lineNumber":42,"author":{"gitId":"limzhenwy"},"content":"    @Override","lastModifiedDate":"2023-08-29"},{"lineNumber":43,"author":{"gitId":"limzhenwy"},"content":"    public String toString() {","lastModifiedDate":"2023-08-29"},{"lineNumber":44,"author":{"gitId":"limzhenwy"},"content":"        return \"[\" + this.type + \"]\" + \"[\"","lastModifiedDate":"2023-08-30"},{"lineNumber":45,"author":{"gitId":"limzhenwy"},"content":"                + this.getStatusIcon() + \"]\" + this.description;","lastModifiedDate":"2023-08-30"},{"lineNumber":46,"author":{"gitId":"limzhenwy"},"content":"    }","lastModifiedDate":"2023-08-29"},{"lineNumber":47,"author":{"gitId":"limzhenwy"},"content":"}","lastModifiedDate":"2023-08-29"}],"authorContributionMap":{"limzhenwy":47}},{"path":"src/main/java/WrongInput.java","fileType":"java","lines":[{"lineNumber":1,"author":{"gitId":"limzhenwy"},"content":"/**","lastModifiedDate":"2023-08-29"},{"lineNumber":2,"author":{"gitId":"limzhenwy"},"content":" * Exception when an illegal argument is found.","lastModifiedDate":"2023-08-29"},{"lineNumber":3,"author":{"gitId":"limzhenwy"},"content":" */","lastModifiedDate":"2023-08-29"},{"lineNumber":4,"author":{"gitId":"limzhenwy"},"content":"class WrongInput extends DukeException {","lastModifiedDate":"2023-08-30"},{"lineNumber":5,"author":{"gitId":"limzhenwy"},"content":"    /**","lastModifiedDate":"2023-08-29"},{"lineNumber":6,"author":{"gitId":"limzhenwy"},"content":"     * Constructor for the WrongInput class.","lastModifiedDate":"2023-08-29"},{"lineNumber":7,"author":{"gitId":"limzhenwy"},"content":"     */","lastModifiedDate":"2023-08-29"},{"lineNumber":8,"author":{"gitId":"limzhenwy"},"content":"    public WrongInput() {","lastModifiedDate":"2023-08-29"},{"lineNumber":9,"author":{"gitId":"limzhenwy"},"content":"        super(\"-------------------------------\\n\"","lastModifiedDate":"2023-08-29"},{"lineNumber":10,"author":{"gitId":"limzhenwy"},"content":"                +  \"☹ OOPS!!! I\u0027m sorry, but I don\u0027t know what that means :-(\\n\"","lastModifiedDate":"2023-08-29"},{"lineNumber":11,"author":{"gitId":"limzhenwy"},"content":"                +  \"-------------------------------\\n\");","lastModifiedDate":"2023-08-29"},{"lineNumber":12,"author":{"gitId":"limzhenwy"},"content":"    }","lastModifiedDate":"2023-08-29"},{"lineNumber":13,"author":{"gitId":"limzhenwy"},"content":"}","lastModifiedDate":"2023-08-29"}],"authorContributionMap":{"limzhenwy":13}}]
