{"authorDailyContributionsMap":{"ldinghan":[{"date":"2023-08-21","commitResults":[{"hash":"0db0fcaa9955cc9071dd3f3f10fd26a835ff4c5e","isMergeCommit":false,"messageTitle":"Level-0","messageBody":"","tags":["Level-0"],"fileTypesAndContributionMap":{"java":{"insertions":10,"deletions":6}}},{"hash":"eeb6ea6440ef06c8adefcdce926c86fcb65c0c58","isMergeCommit":false,"messageTitle":"Level-1","messageBody":"","tags":["Level-1"],"fileTypesAndContributionMap":{"java":{"insertions":15,"deletions":2}}},{"hash":"ba641a7279cc59147e6418bdde1a0038c5ded883","isMergeCommit":false,"messageTitle":"Level-2","messageBody":"","tags":["Level-2"],"fileTypesAndContributionMap":{"java":{"insertions":17,"deletions":7}}},{"hash":"d77224edafe3631c288bd902d4adc85073a37673","isMergeCommit":false,"messageTitle":"Level-3","messageBody":"","tags":["Level-3"],"fileTypesAndContributionMap":{"java":{"insertions":42,"deletions":7}}}]},{"date":"2023-08-22","commitResults":[{"hash":"e9208bdcf49406ef1d2c8fb2eda833e62d47798e","isMergeCommit":false,"messageTitle":"Level-4","messageBody":"","tags":["Level-4"],"fileTypesAndContributionMap":{"java":{"insertions":125,"deletions":21}}},{"hash":"e578b5f17be5cce96e13c2171ad4b59fd1b71dfd","isMergeCommit":false,"messageTitle":"A-TextUiTesting","messageBody":"","tags":["A-TextUiTesting"],"fileTypesAndContributionMap":{"txt":{"insertions":10,"deletions":0}}},{"hash":"e7e4754d37c63f1973cd97ca6fa87f22841d1030","isMergeCommit":false,"messageTitle":"A-Exceptions","messageBody":"","fileTypesAndContributionMap":{"java":{"insertions":125,"deletions":76}}},{"hash":"3625d04f4a8c62c9edd25f916e633f5a58a0ed36","isMergeCommit":false,"messageTitle":"Level-5","messageBody":"","tags":["Level-5"],"fileTypesAndContributionMap":{"java":{"insertions":3,"deletions":3}}}]},{"date":"2023-08-23","commitResults":[{"hash":"0d10374bb3314ab6b5dd23e108a000d3b1bed9d8","isMergeCommit":false,"messageTitle":"Level-6","messageBody":"","tags":["Level-6"],"fileTypesAndContributionMap":{"java":{"insertions":38,"deletions":31}}},{"hash":"44440507a6041002625ec6e888c57658fa628589","isMergeCommit":false,"messageTitle":"A-Enums","messageBody":"","tags":["A-Enums"],"fileTypesAndContributionMap":{"java":{"insertions":24,"deletions":24}}},{"hash":"338ba6a08b5377dab52bb6590436e51cb9142826","isMergeCommit":false,"messageTitle":"update javadocs","messageBody":"","fileTypesAndContributionMap":{"java":{"insertions":112,"deletions":3}}}]},{"date":"2023-08-30","commitResults":[{"hash":"dfa5cc57e16c676b594c74a17313443a14faaf2c","isMergeCommit":false,"messageTitle":"Add Level-7","messageBody":"","fileTypesAndContributionMap":{"txt":{"insertions":2,"deletions":0},"java":{"insertions":250,"deletions":105}}},{"hash":"426a96e259eaa9c18c51e0f9b64cc2388fdd3662","isMergeCommit":true,"messageTitle":"Merge branch \u0027branch-Level-7\u0027 Add Save functionality","messageBody":"","tags":["Level-7"],"fileTypesAndContributionMap":{}}]}]},"authorFileTypeContributionMap":{"ldinghan":{"java":482,"md":0,"fxml":0,"sh":0,"bat":0,"gradle":0,"txt":12}},"authorContributionVariance":{"ldinghan":18321.004},"authorDisplayNameMap":{"ldinghan":"CS2103T-T15-1 LIM .. HAN"}}
