{"authorDailyContributionsMap":{"s-peiran":[{"date":"2023-08-24","commitResults":[{"hash":"2a81b3acdca1e53bfa4b6cf4c7e29bcc6c35edb5","isMergeCommit":false,"messageTitle":"level 0","messageBody":"","tags":["Level-0"],"fileTypesAndContributionMap":{"java":{"insertions":7,"deletions":6}}}]},{"date":"2023-08-25","commitResults":[{"hash":"b97016054aea72048996b27adeff5460498ff16c","isMergeCommit":false,"messageTitle":"level 1","messageBody":"","tags":["Level-1"],"fileTypesAndContributionMap":{"java":{"insertions":18,"deletions":5}}},{"hash":"1504d883e4cbdd0baf486ff1870a6faec82419ca","isMergeCommit":false,"messageTitle":"update Level-2","messageBody":"","tags":["Level-2"],"fileTypesAndContributionMap":{"java":{"insertions":10,"deletions":1}}},{"hash":"432db48365c25684aa502bc346fe29599ea9b97a","isMergeCommit":false,"messageTitle":"Level-3","messageBody":"","tags":["Level-3"],"fileTypesAndContributionMap":{"java":{"insertions":63,"deletions":3}}}]},{"date":"2023-08-26","commitResults":[{"hash":"895c9d3e235330490632f6a36d1b0f11d94b61f7","isMergeCommit":false,"messageTitle":"complete Level-4","messageBody":"","tags":["Level-4"],"fileTypesAndContributionMap":{"java":{"insertions":186,"deletions":31}}},{"hash":"319ddeeefe51092bb9aa3df723c4dfd4d24042f8","isMergeCommit":false,"messageTitle":"A-TextUiTesting","messageBody":"","tags":["A-TextUiTesting"],"fileTypesAndContributionMap":{"txt":{"insertions":9,"deletions":0},"java":{"insertions":0,"deletions":15}}}]},{"date":"2023-08-27","commitResults":[{"hash":"87085f56dda0b02cc2e6fa30dd3e98da9558ce23","isMergeCommit":false,"messageTitle":"Level-5","messageBody":"","tags":["Level-5"],"fileTypesAndContributionMap":{"txt":{"insertions":3,"deletions":0},"java":{"insertions":39,"deletions":3}}},{"hash":"3b626375b08aafc8236fab022113516b02cd9a45","isMergeCommit":false,"messageTitle":"Level-6 with Exception enchancements","messageBody":"","tags":["Level-6"],"fileTypesAndContributionMap":{"txt":{"insertions":3,"deletions":0},"java":{"insertions":35,"deletions":15}}}]},{"date":"2023-09-02","commitResults":[{"hash":"384d5b00b18bafa53d7f3fb77a032f4b4dc9861c","isMergeCommit":false,"messageTitle":"add save function","messageBody":"","fileTypesAndContributionMap":{"txt":{"insertions":3,"deletions":0},"java":{"insertions":469,"deletions":152},"sh":{"insertions":1,"deletions":1},"md":{"insertions":2,"deletions":2}}},{"hash":"7ab11d218d83839a1fd024a9671dba5c4bddee5c","isMergeCommit":false,"messageTitle":"commit to master branch","messageBody":"","fileTypesAndContributionMap":{"txt":{"insertions":3,"deletions":1},"java":{"insertions":524,"deletions":185}}},{"hash":"5052dfb373ff016240c0afe1c7358afaab2fab15","isMergeCommit":false,"messageTitle":"commit for merging","messageBody":"","fileTypesAndContributionMap":{"txt":{"insertions":2,"deletions":3}}}]},{"date":"2023-09-03","commitResults":[{"hash":"7c358f4e8798e01711bc9cf95037cf08b0efbea0","isMergeCommit":false,"messageTitle":"modify deadline","messageBody":"","fileTypesAndContributionMap":{"java":{"insertions":5,"deletions":7}}},{"hash":"cc807ca1eec66cb59645ae201e73ca56adcdf950","isMergeCommit":true,"messageTitle":"Merge branch \u0027branch-Level-7\u0027","messageBody":"# Conflicts:\n#\tsrc/main/java/functional/DukeException.java\n#\tsrc/main/java/tasks/Deadline.java\n","tags":["Level-7"],"fileTypesAndContributionMap":{}},{"hash":"53c33a79cf301568b4eb711b61754714c43a6935","isMergeCommit":false,"messageTitle":"add dateTime to Deadline","messageBody":"","fileTypesAndContributionMap":{"txt":{"insertions":1,"deletions":2},"java":{"insertions":35,"deletions":26}}},{"hash":"564adc85b4a6c8fc14b030514677230bccb8430b","isMergeCommit":false,"messageTitle":"progress on master branch","messageBody":"","fileTypesAndContributionMap":{"java":{"insertions":1,"deletions":0}}},{"hash":"ce4a37ee8457e8544613df9e554b202322b2f595","isMergeCommit":false,"messageTitle":"add dateTime for Event","messageBody":"","fileTypesAndContributionMap":{"txt":{"insertions":4,"deletions":0},"java":{"insertions":1,"deletions":0}}},{"hash":"202458c017a5c5c796bf9541091a89e9031d239f","isMergeCommit":false,"messageTitle":"add event for master branch","messageBody":"","fileTypesAndContributionMap":{"java":{"insertions":1,"deletions":0}}},{"hash":"b44382550c0d92e385a2ab57bfa904260dd33290","isMergeCommit":true,"messageTitle":"Merge branch \u0027Level-8\u0027","messageBody":"# Conflicts:\n#\tsrc/main/java/tasks/Deadline.java\n","tags":["Level-8","A-Packages","A-MoreOOP"],"fileTypesAndContributionMap":{}}]}]},"authorFileTypeContributionMap":{"s-peiran":{"java":629,"md":0,"fxml":0,"sh":0,"bat":0,"gradle":0,"txt":20}},"authorContributionVariance":{"s-peiran":99604.55},"authorDisplayNameMap":{"s-peiran":"CS2103-W14-2 SHE ..IRAN"}}
