{"authorDailyContributionsMap":{"chuababyy":[{"date":"2023-08-23","commitResults":[{"hash":"6165647ad2b4144ca81041d2362abecf45eb1352","isMergeCommit":false,"messageTitle":"Level 0: Rename, Greet, Exit","messageBody":"","tags":["Level-0"],"fileTypesAndContributionMap":{"java":{"insertions":22,"deletions":6}}},{"hash":"3d8a9cb7abb5649c7ae6fa5604f49a2425bc8b24","isMergeCommit":false,"messageTitle":"Level-1 Echo","messageBody":"","tags":["Level-1"],"fileTypesAndContributionMap":{"java":{"insertions":11,"deletions":9}}},{"hash":"579ac138c877dea80a1998c39eebb3fa023cd7be","isMergeCommit":false,"messageTitle":"Level-2 Add, List","messageBody":"","fileTypesAndContributionMap":{"java":{"insertions":23,"deletions":6}}},{"hash":"ed62fe1e17036cd6f171fc5184207ad41b1ae4d4","isMergeCommit":false,"messageTitle":"Level-2 Add, List","messageBody":"","tags":["Level-2"],"fileTypesAndContributionMap":{"java":{"insertions":16,"deletions":1}}}]},{"date":"2023-08-24","commitResults":[{"hash":"f6bcc368353482bb923a600fb857b23f4929497b","isMergeCommit":false,"messageTitle":"Level-3 Mark as Done","messageBody":"","tags":["Level-3"],"fileTypesAndContributionMap":{"java":{"insertions":71,"deletions":10}}}]}]},"authorFileTypeContributionMap":{"chuababyy":{"java":117,"md":0,"fxml":0,"sh":0,"bat":0,"gradle":0,"txt":0}},"authorContributionVariance":{"chuababyy":1574.5714},"authorDisplayNameMap":{"chuababyy":"ALTH..XUAN"}}
