{"authorDailyContributionsMap":{"ivanleekk":[{"date":"2023-08-23","commitResults":[{"hash":"0abb929481dc1330d14ce939bdafdf16d08044fb","isMergeCommit":false,"messageTitle":"Rename bot to Ax and added divider line","messageBody":"","fileTypesAndContributionMap":{"java":{"insertions":35,"deletions":10},"bat":{"insertions":1,"deletions":1},"md":{"insertions":2,"deletions":2}}},{"hash":"4b5c28f09b96dfafb388d0393945b89644536de7","isMergeCommit":false,"messageTitle":"Added a new bye msg","messageBody":"","fileTypesAndContributionMap":{"java":{"insertions":9,"deletions":1}}},{"hash":"567dc8023f74a8fae2f3c74e4deeae04c6396c75","isMergeCommit":false,"messageTitle":"remove old logo","messageBody":"","fileTypesAndContributionMap":{"java":{"insertions":0,"deletions":5}}},{"hash":"90a7b21d66046909d65fcd3f2a4063624f3bd4c5","isMergeCommit":false,"messageTitle":"added a echo thing where you repeat what you type","messageBody":"","fileTypesAndContributionMap":{"java":{"insertions":23,"deletions":0}}},{"hash":"10846a2f952f6f65e59601b09c9437b57f7180ed","isMergeCommit":false,"messageTitle":"simplify if else","messageBody":"","tags":["Level-0"],"fileTypesAndContributionMap":{"java":{"insertions":2,"deletions":6}}},{"hash":"e9b8b5f1ed88dc4449baa3a90d80dd2e9ab9ca70","isMergeCommit":false,"messageTitle":"make the list work","messageBody":"","fileTypesAndContributionMap":{"java":{"insertions":21,"deletions":3}}},{"hash":"0d186c8e816494ee4393bad41b702e75ee6ab10a","isMergeCommit":false,"messageTitle":"use printf","messageBody":"","tags":["Level-2","Level-1"],"fileTypesAndContributionMap":{"java":{"insertions":1,"deletions":1}}},{"hash":"7eab4ee3598803fcc67511584d0cd85574f7c98b","isMergeCommit":false,"messageTitle":"seperate mark and unmark, also use 1 index","messageBody":"","tags":["Level-3"],"fileTypesAndContributionMap":{"java":{"insertions":53,"deletions":5}}},{"hash":"b16dd8910a53ab4fd3d708be14ebb0a7a64cfe1a","isMergeCommit":false,"messageTitle":"added 3 classes for the types of items in checklist","messageBody":"","tags":["Level-4"],"fileTypesAndContributionMap":{"java":{"insertions":52,"deletions":10}}},{"hash":"1700b238d981f42ff4a53d9c2b4db3e5e4226371","isMergeCommit":false,"messageTitle":"added error handling","messageBody":"","tags":["Level-5"],"fileTypesAndContributionMap":{"java":{"insertions":50,"deletions":24}}},{"hash":"0d828a9f47c45c03be273787bec01edf1bc89b86","isMergeCommit":false,"messageTitle":"added the delete function","messageBody":"","tags":["Level-6"],"fileTypesAndContributionMap":{"java":{"insertions":6,"deletions":0}}},{"hash":"49da167846b6865f337cfe6c21e5f32fd2ac35cf","isMergeCommit":false,"messageTitle":"added the delete function","messageBody":"","fileTypesAndContributionMap":{"java":{"insertions":2,"deletions":2}}},{"hash":"e5492acfee13e5985f4fbedd11f5ec0eaba01750","isMergeCommit":false,"messageTitle":"change expected txt","messageBody":"","fileTypesAndContributionMap":{"sh":{"insertions":1,"deletions":1}}},{"hash":"b49a5830d6117ec07a2713c64b50d89fe90a3aba","isMergeCommit":false,"messageTitle":"try to do testing","messageBody":"","fileTypesAndContributionMap":{"txt":{"insertions":8,"deletions":0}}},{"hash":"0368a77346cc0b4cd6ed703ee28265f415b58c9b","isMergeCommit":false,"messageTitle":"working automated test","messageBody":"","tags":["A-TextUiTesting"],"fileTypesAndContributionMap":{"sh":{"insertions":0,"deletions":1}}},{"hash":"a67f6a2ad8c56d7be706adb7ac5ba266ed788908","isMergeCommit":false,"messageTitle":"add in javadocs","messageBody":"","fileTypesAndContributionMap":{"java":{"insertions":259,"deletions":164}}},{"hash":"95def82e0d3c99e7661b3ee173d4797191dc4a6c","isMergeCommit":false,"messageTitle":"style check","messageBody":"","fileTypesAndContributionMap":{"java":{"insertions":251,"deletions":245}}},{"hash":"74a31365299128333a95b006bcbbdef3be0c57a4","isMergeCommit":false,"messageTitle":"fix throwing exception","messageBody":"","fileTypesAndContributionMap":{"java":{"insertions":2,"deletions":4}}}]},{"date":"2023-08-31","commitResults":[{"hash":"fd7f8c629248f5139220d475c581eae1f3357499","isMergeCommit":false,"messageTitle":"can create an empty file now","messageBody":"","fileTypesAndContributionMap":{"java":{"insertions":23,"deletions":0}}},{"hash":"e4b68a18f699226dc61f2d2e6cd33dce9b16b9f4","isMergeCommit":false,"messageTitle":"can now save a file with text inside","messageBody":"","fileTypesAndContributionMap":{"java":{"insertions":1,"deletions":0}}},{"hash":"36e37b1e24ff99c447bc7061f064a2147d020ed7","isMergeCommit":false,"messageTitle":"can now read from file too","messageBody":"","fileTypesAndContributionMap":{"java":{"insertions":44,"deletions":4}}},{"hash":"933c22c9c6f64308f31af8e6e879467410af849a","isMergeCommit":false,"messageTitle":"handle if dir does not exist","messageBody":"","tags":["Level-7"],"fileTypesAndContributionMap":{"java":{"insertions":15,"deletions":6}}}]},{"date":"2023-09-01","commitResults":[{"hash":"2f0b42037342f3a8143171bc9ec7a1bf76de9323","isMergeCommit":false,"messageTitle":"handle localdate and parsing","messageBody":"","tags":["Level-8"],"fileTypesAndContributionMap":{"java":{"insertions":26,"deletions":10}}},{"hash":"87babb55b9e7879d3fca4835640a0b9a72cc6951","isMergeCommit":false,"messageTitle":"Moved everything into a different class","messageBody":"","fileTypesAndContributionMap":{"java":{"insertions":243,"deletions":221}}},{"hash":"b734a483d2148cbd764d7326f141cc9c76bd0ad8","isMergeCommit":false,"messageTitle":"Moved everything into a packages","messageBody":"","tags":["A-Packages","A-MoreOOP"],"fileTypesAndContributionMap":{"java":{"insertions":62,"deletions":26},"bat":{"insertions":1,"deletions":1},"md":{"insertions":2,"deletions":2}}},{"hash":"6deb4ccc078876dbfe9b8012f73c1b388f382f2a","isMergeCommit":true,"messageTitle":"Merge branch \u0027master\u0027 into add-gradle-support","messageBody":"","fileTypesAndContributionMap":{}},{"hash":"24b639feab55de95a721c8bb063dab4eaa95cada","isMergeCommit":false,"messageTitle":"edit build.gradle such that it works with the new names","messageBody":"","fileTypesAndContributionMap":{"gradle":{"insertions":2,"deletions":2}}},{"hash":"ec4c1c7270160c720b8a41fcb19607e7caadf195","isMergeCommit":false,"messageTitle":"add junit test for task package","messageBody":"","fileTypesAndContributionMap":{"gradle":{"insertions":1,"deletions":0},"java":{"insertions":128,"deletions":0}}},{"hash":"55136992ccb97f29ed661c86203669af4f1bc41a","isMergeCommit":false,"messageTitle":"add junit test for listitem","messageBody":"","fileTypesAndContributionMap":{"java":{"insertions":2,"deletions":0}}},{"hash":"ac5c4bd92d0e7d79e148e305d19fd273e0fc9bae","isMergeCommit":true,"messageTitle":"Merge branch \u0027add-gradle-support\u0027","messageBody":"","tags":["A-Jar","A-JUnit","A-Gradle"],"fileTypesAndContributionMap":{}},{"hash":"ab64aaf565e090cccd06dec00b8c35a80578c9d4","isMergeCommit":false,"messageTitle":"add more javadocs","messageBody":"","fileTypesAndContributionMap":{"java":{"insertions":17,"deletions":2}}},{"hash":"592f1b1c0703b84efcb28d12e99227e0a3576040","isMergeCommit":false,"messageTitle":"apply code style","messageBody":"","fileTypesAndContributionMap":{"java":{"insertions":20,"deletions":20}}},{"hash":"16dde243f90de9d881d03954ecb457abc7119778","isMergeCommit":false,"messageTitle":"add find function","messageBody":"","fileTypesAndContributionMap":{"java":{"insertions":12,"deletions":0}}},{"hash":"0b5c4039ae0568a8ce466a900ccf1dce10c19f90","isMergeCommit":true,"messageTitle":"Merge branch \u0027branch-Level-9\u0027","messageBody":"","fileTypesAndContributionMap":{}},{"hash":"edad91d360b96a83376bd61653a34b89afe2e64c","isMergeCommit":true,"messageTitle":"Merge branch \u0027branch-A-CodingStandard\u0027","messageBody":"","fileTypesAndContributionMap":{}},{"hash":"b749a60ae5822261f3e50e95c0fc1931e19f0710","isMergeCommit":true,"messageTitle":"Merge branch \u0027branch-A-JavaDoc\u0027","messageBody":"","tags":["Level-9","A-JavaDoc","A-CodingStandard"],"fileTypesAndContributionMap":{}}]},{"date":"2023-09-04","commitResults":[{"hash":"7cb07d6a7a30091e412bc8e0b107fd28d53aab51","isMergeCommit":false,"messageTitle":"Contains checkstyle in gradle and used it to fix all files","messageBody":"","tags":["A-CheckStyle"],"fileTypesAndContributionMap":{"gradle":{"insertions":7,"deletions":0},"java":{"insertions":88,"deletions":52}}},{"hash":"cfb60809edbae59f53e0da829188e24d333d19cd","isMergeCommit":false,"messageTitle":"add javafx to gradle and fix test checkstyle","messageBody":"","fileTypesAndContributionMap":{"gradle":{"insertions":14,"deletions":1},"java":{"insertions":13,"deletions":11}}}]},{"date":"2023-09-06","commitResults":[{"hash":"dad637dca680068d4950c2402ad4bacfabc90ea2","isMergeCommit":false,"messageTitle":"working prototype","messageBody":"","fileTypesAndContributionMap":{"gradle":{"insertions":7,"deletions":1},"java":{"insertions":203,"deletions":2}}},{"hash":"9885ba0efdb4ff80847a27bd20a923ab7ab76a32","isMergeCommit":false,"messageTitle":"moved functionality to gui and change duke image","messageBody":"","fileTypesAndContributionMap":{"gradle":{"insertions":1,"deletions":1},"java":{"insertions":142,"deletions":3}}}]},{"date":"2023-09-07","commitResults":[{"hash":"ab32b21669b0fc314daee3ff7848b3c31010c5ae","isMergeCommit":false,"messageTitle":"added fxml","messageBody":"","fileTypesAndContributionMap":{"fxml":{"insertions":42,"deletions":0},"java":{"insertions":22,"deletions":11}}},{"hash":"542c18f8c0ef455dba39a523ad7659aaa66f8ebb","isMergeCommit":true,"messageTitle":"Merge branch \u0027branch-gui\u0027","messageBody":"","tags":["Level-10"],"fileTypesAndContributionMap":{}}]},{"date":"2023-09-11","commitResults":[{"hash":"97792c3c8c06773aa22c1dd7bcfd99ee9b7a4fa8","isMergeCommit":false,"messageTitle":"added img to README.md","messageBody":"","fileTypesAndContributionMap":{"java":{"insertions":3,"deletions":3},"md":{"insertions":2,"deletions":9}}},{"hash":"2bbfa2b5326000d44bb542de7f3ff10bc878e926","isMergeCommit":true,"messageTitle":"Merge branch \u0027branch-Level-10\u0027","messageBody":"","fileTypesAndContributionMap":{}}]},{"date":"2023-09-12","commitResults":[{"hash":"62096641c6bc4707e788a476fe3f53c21466c67a","isMergeCommit":false,"messageTitle":"Add assertion to ListItem.java","messageBody":"","fileTypesAndContributionMap":{"java":{"insertions":1,"deletions":0}}},{"hash":"ae0b284983302c1aba8b604504fd7cda1c2b67dc","isMergeCommit":true,"messageTitle":"Merge pull request #1 from ivanleekk/branch-A-Assertions","messageBody":"Add assertion to ListItem.java","tags":["A-Assertions"],"fileTypesAndContributionMap":{}},{"hash":"4efb8396e76aa07b48e9a87ca0952febdeb991b6","isMergeCommit":false,"messageTitle":"Refactor getInputString in Parser.java","messageBody":"Remove unnecessary toString calls in Parser.java\n","fileTypesAndContributionMap":{"java":{"insertions":84,"deletions":70}}},{"hash":"ecf01fb9646b173027cf9a0d7c27352cf2e89699","isMergeCommit":true,"messageTitle":"Merge pull request #2 from ivanleekk/branch-A-CodeQuality","messageBody":"Improve Code Quality","tags":["A-CodeQuality"],"fileTypesAndContributionMap":{}}]},{"date":"2023-09-17","commitResults":[{"hash":"db64f5611a88aded4b0b5a0b2e9b35b72bf070df","isMergeCommit":false,"messageTitle":"Implement Reminders","messageBody":"Add Reminders Interface\n\nAdd getDueDate to ListItem\n\nSo that the Ui package can check the due date without type checking if it is an Event or Deadline\n","fileTypesAndContributionMap":{"java":{"insertions":119,"deletions":17}}},{"hash":"00cfdf841cc4ec876c2eee11bb35c7c5e4ce7eec","isMergeCommit":true,"messageTitle":"Merge pull request #5 from ivanleekk/branch-B-Reminders","messageBody":"Implement Reminders","tags":["BCD-Extension"],"fileTypesAndContributionMap":{}}]},{"date":"2023-09-20","commitResults":[{"hash":"150862a82075beaee319ca1898182473d9ce4f8d","isMergeCommit":false,"messageTitle":"Make MainLayout and ScrollPane resizeable","messageBody":"Change by binding the width and height of scrollpane to mainlayout\n","fileTypesAndContributionMap":{"java":{"insertions":5,"deletions":4}}},{"hash":"2b204401b9bdb049cbea8a6b8ce595220e827237","isMergeCommit":false,"messageTitle":"Add spacing between image and text","messageBody":"Add rounded corners to image\n","fileTypesAndContributionMap":{"java":{"insertions":14,"deletions":0}}},{"hash":"4444e45eb02b2ad18ad3096854d1ed4db7dfa343","isMergeCommit":false,"messageTitle":"Change width of userInput to prevent overlap","messageBody":"","fileTypesAndContributionMap":{"java":{"insertions":9,"deletions":6}}},{"hash":"81bb4b820af764b58b0271d59b76537ee7863da8","isMergeCommit":true,"messageTitle":"Merge pull request #6 from ivanleekk/branch-A-BetterGui","messageBody":"Branch a better gui","tags":["A-Personality","A-BetterGui"],"fileTypesAndContributionMap":{}},{"hash":"cff8065191b9d6ba17da0ebcc798574750f94b0a","isMergeCommit":false,"messageTitle":"Update README.md","messageBody":"","tags":["A-UserGuide"],"fileTypesAndContributionMap":{"md":{"insertions":25,"deletions":6}}}]}]},"authorFileTypeContributionMap":{"ivanleekk":{"java":1126,"md":26,"fxml":42,"sh":1,"bat":1,"gradle":29,"txt":8}},"authorContributionVariance":{"ivanleekk":63783.22},"authorDisplayNameMap":{"ivanleekk":"CS2103T-W08-1 LEE ..IVAN"}}
