{"authorDailyContributionsMap":{"jylow":[{"date":"2023-08-22","commitResults":[{"hash":"b5aa68d63fdd4770693967c233c3e10c95b0d034","isMergeCommit":false,"messageTitle":"Level-0","messageBody":"","tags":["Level-0"],"fileTypesAndContributionMap":{"java":{"insertions":9,"deletions":0}}},{"hash":"e2765b73d914ece46ffb61ec9c58fd47df6b39f4","isMergeCommit":false,"messageTitle":"Level-0","messageBody":"","fileTypesAndContributionMap":{"java":{"insertions":1,"deletions":0}}},{"hash":"2c154b269eab3340f479cab35b855c59dcb08c46","isMergeCommit":false,"messageTitle":"Level-0","messageBody":"","fileTypesAndContributionMap":{"java":{"insertions":0,"deletions":1}}},{"hash":"52d42eec6212642712668520ab3d8ee24830ab87","isMergeCommit":false,"messageTitle":"Level-1","messageBody":"","tags":["Level-1"],"fileTypesAndContributionMap":{"java":{"insertions":27,"deletions":6}}},{"hash":"99caea2a04f5a95049084adde6404f8ebf1a12e3","isMergeCommit":false,"messageTitle":"Level-2","messageBody":"","tags":["Level-2"],"fileTypesAndContributionMap":{"java":{"insertions":42,"deletions":7}}},{"hash":"3f0c4e2b20403aebb123c0ceb821717d3e72d7b1","isMergeCommit":false,"messageTitle":"Level-3","messageBody":"","tags":["Level-3"],"fileTypesAndContributionMap":{"java":{"insertions":79,"deletions":11}}},{"hash":"5cc98f1f0fc2beaab70fd671c796388288972453","isMergeCommit":false,"messageTitle":"Level-4","messageBody":"","tags":["Level-4"],"fileTypesAndContributionMap":{"java":{"insertions":165,"deletions":26}}}]},{"date":"2023-08-23","commitResults":[{"hash":"8ed1b0eee00714f32dbc52b091b4814f5defc09a","isMergeCommit":false,"messageTitle":"A-TextUiTesting","messageBody":"","tags":["A-TextUiTesting"],"fileTypesAndContributionMap":{"txt":{"insertions":8,"deletions":0},"java":{"insertions":0,"deletions":1}}},{"hash":"5ec95ba9383efd87214282511bee68cc5ffd8089","isMergeCommit":false,"messageTitle":"Level-5","messageBody":"","fileTypesAndContributionMap":{"txt":{"insertions":2,"deletions":0},"java":{"insertions":110,"deletions":45}}},{"hash":"4dba30eb65325cb6082dbd5b06b993ea1ecf0809","isMergeCommit":false,"messageTitle":"Level-5","messageBody":"","tags":["Level-5"],"fileTypesAndContributionMap":{"java":{"insertions":22,"deletions":11}}},{"hash":"f2886241008659a30fb0f3958ced24e2ee077308","isMergeCommit":false,"messageTitle":"Level-6","messageBody":"","tags":["Level-6"],"fileTypesAndContributionMap":{"java":{"insertions":57,"deletions":23}}}]},{"date":"2023-08-30","commitResults":[{"hash":"30ac23d475ac39d80ae18ca6525fd7548dd63ce2","isMergeCommit":false,"messageTitle":"Level-7","messageBody":"","tags":["Level-7"],"fileTypesAndContributionMap":{"java":{"insertions":200,"deletions":70}}},{"hash":"c901872ed153dfdba5ec76945d1e5e0d0a7f80c3","isMergeCommit":false,"messageTitle":"Level-7","messageBody":"","fileTypesAndContributionMap":{"java":{"insertions":200,"deletions":70}}}]},{"date":"2023-08-31","commitResults":[{"hash":"7594578b9684815167a30c7cd0ccf50fc0c19a09","isMergeCommit":false,"messageTitle":"Level-8","messageBody":"","tags":["Level-8"],"fileTypesAndContributionMap":{"java":{"insertions":79,"deletions":36}}},{"hash":"36ee12e6a9a01200ade2cd9a926492ba86ad2214","isMergeCommit":true,"messageTitle":"Merge pull request #2 from jylow/branch-Level-8","messageBody":"Level-8","fileTypesAndContributionMap":{}}]},{"date":"2023-09-02","commitResults":[{"hash":"cf5d97f5ceabdb708fb582caee0a053f0c35cdd2","isMergeCommit":false,"messageTitle":"A-MoreOOP","messageBody":"","fileTypesAndContributionMap":{"java":{"insertions":716,"deletions":366}}},{"hash":"d3b615b4f991eeca8b9edd95b21e221dd504d75d","isMergeCommit":false,"messageTitle":"A-MoreOOP","messageBody":"","tags":["A-MoreOOP"],"fileTypesAndContributionMap":{"java":{"insertions":14,"deletions":6}}},{"hash":"954dab70003bc44a1a5773c8193653104cfa670e","isMergeCommit":true,"messageTitle":"Merge pull request #4 from jylow/branch-A-MoreOOP","messageBody":"Add better OOP design","fileTypesAndContributionMap":{}},{"hash":"2887bc44c538a39c457edb55facf776647d4a6a3","isMergeCommit":false,"messageTitle":"A-Packages","messageBody":"","tags":["A-Packages"],"fileTypesAndContributionMap":{"java":{"insertions":112,"deletions":3}}},{"hash":"1f9358c41536e429deef8694a83c1d2d199dad95","isMergeCommit":true,"messageTitle":"Merge pull request #5 from jylow/branch-A-Packages","messageBody":"Sort classes into packages","fileTypesAndContributionMap":{}}]},{"date":"2023-09-03","commitResults":[{"hash":"a5d51dea53d2162b7a6a7ce892521c5323f6cf66","isMergeCommit":false,"messageTitle":"A-Gradle","messageBody":"","tags":["A-Gradle"],"fileTypesAndContributionMap":{"gradle":{"insertions":9,"deletions":1},"java":{"insertions":17,"deletions":0}}},{"hash":"f5972cbbab674786f95cd7d3b1b3d0d7fc0aae9a","isMergeCommit":true,"messageTitle":"Merge pull request #6 from jylow/add-gradle-support","messageBody":"Add gradle support","fileTypesAndContributionMap":{}},{"hash":"e5d7059f438fee45b696409f6fd267c14d00e678","isMergeCommit":false,"messageTitle":"A-JUnit","messageBody":"","tags":["A-JUnit"],"fileTypesAndContributionMap":{"java":{"insertions":267,"deletions":175}}},{"hash":"666c498949766d72a41cbda1b38d9a85341cdafb","isMergeCommit":true,"messageTitle":"Merge pull request #7 from jylow/branch-A-JUnit","messageBody":"Add JUnit tests","fileTypesAndContributionMap":{}}]},{"date":"2023-09-04","commitResults":[{"hash":"8d73678a42ac474a5e46a4f0cab776721cfeb120","isMergeCommit":false,"messageTitle":"A-Jar","messageBody":"","tags":["A-Jar"],"fileTypesAndContributionMap":{"gradle":{"insertions":1,"deletions":0}}},{"hash":"5ac606ad68f4c395fd84a13289268567011a71f2","isMergeCommit":true,"messageTitle":"Merge pull request #8 from jylow/branch-A-Jar","messageBody":"Add A-Jar","fileTypesAndContributionMap":{}},{"hash":"b5e26cef833a3e623722c566653f63cbe6f6b197","isMergeCommit":false,"messageTitle":"A-JavaDoc","messageBody":"","tags":["A-JavaDoc"],"fileTypesAndContributionMap":{"java":{"insertions":1,"deletions":5}}},{"hash":"82e2ed699f4fe22a06ff3e5ecf378c469b6ebdd4","isMergeCommit":false,"messageTitle":"Level-9","messageBody":"","tags":["Level-9"],"fileTypesAndContributionMap":{"java":{"insertions":101,"deletions":10}}}]},{"date":"2023-09-05","commitResults":[{"hash":"f7ded63af614de603c961d5ceb68857b9fe7d7b7","isMergeCommit":true,"messageTitle":"Merge pull request #10 from jylow/branch-A-JavaDoc","messageBody":"Add JavaDoc","fileTypesAndContributionMap":{}},{"hash":"d844d74a6cba9b91f7331fe9adeaae852b155cf9","isMergeCommit":true,"messageTitle":"Merge pull request #9 from jylow/branch-Level-9","messageBody":"Add find feature","fileTypesAndContributionMap":{}},{"hash":"c0a51ca0019d0b3d3dc5875cd599b1c92e3d5b46","isMergeCommit":false,"messageTitle":"A-CodingStandard","messageBody":"","tags":["A-CodingStandard"],"fileTypesAndContributionMap":{"java":{"insertions":5,"deletions":5}}},{"hash":"db3c55031073cc5817ba4c95a756c5fd9ff72307","isMergeCommit":true,"messageTitle":"Merge pull request #11 from jylow/branch-A-CodingStandard","messageBody":"Add coding standard","fileTypesAndContributionMap":{}}]},{"date":"2023-09-06","commitResults":[{"hash":"7e5a55b5e7c7cdf35a22ed5a328574afbfebf299","isMergeCommit":false,"messageTitle":"A-Checkstyle","messageBody":"","fileTypesAndContributionMap":{"java":{"insertions":59,"deletions":59}}},{"hash":"cd8097a3dcc6ccd6be7412a774a0349393681761","isMergeCommit":false,"messageTitle":"Revert \"A-Checkstyle\"","messageBody":"This reverts commit 7e5a55b5e7c7cdf35a22ed5a328574afbfebf299.\n","fileTypesAndContributionMap":{"java":{"insertions":59,"deletions":59}}},{"hash":"220070a92e95bfea8008f1f293d2148477b6f185","isMergeCommit":false,"messageTitle":"A-CheckStyle","messageBody":"","tags":["A-CheckStyle"],"fileTypesAndContributionMap":{"java":{"insertions":56,"deletions":56}}},{"hash":"fcba1d1f4da72750e446679a85b565ed59f3557e","isMergeCommit":true,"messageTitle":"Merge pull request #12 from jylow/branch-A-CheckStyle","messageBody":"Add check style","fileTypesAndContributionMap":{}}]},{"date":"2023-09-08","commitResults":[{"hash":"643cbdf6e11399939b04ce30126d1a99701c135b","isMergeCommit":false,"messageTitle":"A-Level10","messageBody":"","fileTypesAndContributionMap":{"gradle":{"insertions":6,"deletions":0},"java":{"insertions":184,"deletions":1}}}]},{"date":"2023-09-13","commitResults":[{"hash":"102a00595ecc91dc210ff185fbc06f5c749c98a1","isMergeCommit":false,"messageTitle":"A-Level10","messageBody":"","tags":["Level-10"],"fileTypesAndContributionMap":{"fxml":{"insertions":35,"deletions":0},"java":{"insertions":266,"deletions":306}}},{"hash":"2980a453b45b6b0c8e0803da749d84425702037a","isMergeCommit":true,"messageTitle":"Merge pull request #13 from jylow/branch-Level-10","messageBody":"Branch level 10","fileTypesAndContributionMap":{}}]}]},"authorFileTypeContributionMap":{"jylow":{"java":1368,"md":0,"fxml":35,"sh":0,"bat":0,"gradle":14,"txt":10}},"authorContributionVariance":{"jylow":77369.984},"authorDisplayNameMap":{"jylow":"CS2103T-F12-1 LOW ..N YU"}}
