[{"path":"src/main/java/Blip.java","fileType":"java","lines":[{"lineNumber":1,"author":{"gitId":"maypfv"},"content":"import java.util.Scanner;","lastModifiedDate":"2023-08-21"},{"lineNumber":2,"author":{"gitId":"maypfv"},"content":"","lastModifiedDate":"2023-08-22"},{"lineNumber":3,"author":{"gitId":"maypfv"},"content":"public class Blip {","lastModifiedDate":"2023-08-21"},{"lineNumber":4,"author":{"gitId":"maypfv"},"content":"","lastModifiedDate":"2023-08-22"},{"lineNumber":5,"author":{"gitId":"maypfv"},"content":"    public static void main(String[] args) {","lastModifiedDate":"2023-08-21"},{"lineNumber":6,"author":{"gitId":"maypfv"},"content":"        // Intro message by Blip.","lastModifiedDate":"2023-08-21"},{"lineNumber":7,"author":{"gitId":"maypfv"},"content":"        String intro \u003d \"Hello! I\u0027m Blip\\n\"","lastModifiedDate":"2023-08-22"},{"lineNumber":8,"author":{"gitId":"maypfv"},"content":"                + \"What can I do for you?\";","lastModifiedDate":"2023-08-22"},{"lineNumber":9,"author":{"gitId":"maypfv"},"content":"","lastModifiedDate":"2023-08-21"},{"lineNumber":10,"author":{"gitId":"maypfv"},"content":"        // Outro message by Blip.","lastModifiedDate":"2023-08-21"},{"lineNumber":11,"author":{"gitId":"maypfv"},"content":"        String outro \u003d \"Bye. Hope to see you again soon!\";","lastModifiedDate":"2023-08-22"},{"lineNumber":12,"author":{"gitId":"maypfv"},"content":"","lastModifiedDate":"2023-08-21"},{"lineNumber":13,"author":{"gitId":"maypfv"},"content":"        // Constant end trigger word to end the chat with outro.","lastModifiedDate":"2023-08-21"},{"lineNumber":14,"author":{"gitId":"maypfv"},"content":"        String END_TRIGGER \u003d \"bye\";","lastModifiedDate":"2023-08-21"},{"lineNumber":15,"author":{"gitId":"maypfv"},"content":"","lastModifiedDate":"2023-08-21"},{"lineNumber":16,"author":{"gitId":"maypfv"},"content":"        // Constant list trigger word to display back stored text.","lastModifiedDate":"2023-08-22"},{"lineNumber":17,"author":{"gitId":"maypfv"},"content":"        String LIST_TRIGGER \u003d \"list\";","lastModifiedDate":"2023-08-22"},{"lineNumber":18,"author":{"gitId":"maypfv"},"content":"","lastModifiedDate":"2023-08-22"},{"lineNumber":19,"author":{"gitId":"maypfv"},"content":"        // Constant mark trigger word to update status of task.","lastModifiedDate":"2023-08-22"},{"lineNumber":20,"author":{"gitId":"maypfv"},"content":"        String MARK_TRIGGER \u003d \"mark\";","lastModifiedDate":"2023-08-22"},{"lineNumber":21,"author":{"gitId":"maypfv"},"content":"","lastModifiedDate":"2023-08-22"},{"lineNumber":22,"author":{"gitId":"maypfv"},"content":"        // Constant unmark trigger word to update status of task.","lastModifiedDate":"2023-08-22"},{"lineNumber":23,"author":{"gitId":"maypfv"},"content":"        String UNMARK_TRIGGER \u003d \"unmark\";","lastModifiedDate":"2023-08-22"},{"lineNumber":24,"author":{"gitId":"maypfv"},"content":"","lastModifiedDate":"2023-08-22"},{"lineNumber":25,"author":{"gitId":"maypfv"},"content":"        // Constant deadline trigger word to create new task with deadline.","lastModifiedDate":"2023-08-22"},{"lineNumber":26,"author":{"gitId":"maypfv"},"content":"        String DEADLINE_TRIGGER \u003d \"deadline\";","lastModifiedDate":"2023-08-22"},{"lineNumber":27,"author":{"gitId":"maypfv"},"content":"","lastModifiedDate":"2023-08-22"},{"lineNumber":28,"author":{"gitId":"maypfv"},"content":"        // Constant event trigger word to create new task with deadline.","lastModifiedDate":"2023-08-22"},{"lineNumber":29,"author":{"gitId":"maypfv"},"content":"        String EVENT_TRIGGER \u003d \"event\";","lastModifiedDate":"2023-08-22"},{"lineNumber":30,"author":{"gitId":"maypfv"},"content":"","lastModifiedDate":"2023-08-22"},{"lineNumber":31,"author":{"gitId":"maypfv"},"content":"        // Constant to do trigger word to create new task with deadline.","lastModifiedDate":"2023-08-22"},{"lineNumber":32,"author":{"gitId":"maypfv"},"content":"        String TODO_TRIGGER \u003d \"todo\";","lastModifiedDate":"2023-08-22"},{"lineNumber":33,"author":{"gitId":"maypfv"},"content":"","lastModifiedDate":"2023-08-22"},{"lineNumber":34,"author":{"gitId":"maypfv"},"content":"        // Constant empty string for exception handling.","lastModifiedDate":"2023-08-23"},{"lineNumber":35,"author":{"gitId":"maypfv"},"content":"        String EMPTY \u003d \"\";","lastModifiedDate":"2023-08-23"},{"lineNumber":36,"author":{"gitId":"maypfv"},"content":"","lastModifiedDate":"2023-08-23"},{"lineNumber":37,"author":{"gitId":"maypfv"},"content":"        // Fixed-size array of tasks to do.","lastModifiedDate":"2023-08-22"},{"lineNumber":38,"author":{"gitId":"maypfv"},"content":"        Task[] tasks \u003d new Task[100];","lastModifiedDate":"2023-08-22"},{"lineNumber":39,"author":{"gitId":"maypfv"},"content":"        int index \u003d 0;","lastModifiedDate":"2023-08-22"},{"lineNumber":40,"author":{"gitId":"maypfv"},"content":"","lastModifiedDate":"2023-08-22"},{"lineNumber":41,"author":{"gitId":"maypfv"},"content":"","lastModifiedDate":"2023-08-22"},{"lineNumber":42,"author":{"gitId":"maypfv"},"content":"        // Bot starts here!","lastModifiedDate":"2023-08-22"},{"lineNumber":43,"author":{"gitId":"maypfv"},"content":"        System.out.println(intro);","lastModifiedDate":"2023-08-21"},{"lineNumber":44,"author":{"gitId":"maypfv"},"content":"","lastModifiedDate":"2023-08-21"},{"lineNumber":45,"author":{"gitId":"maypfv"},"content":"        String userInput;","lastModifiedDate":"2023-08-21"},{"lineNumber":46,"author":{"gitId":"maypfv"},"content":"        Scanner scanIn \u003d new Scanner(System.in);","lastModifiedDate":"2023-08-21"},{"lineNumber":47,"author":{"gitId":"maypfv"},"content":"        userInput \u003d scanIn.nextLine();","lastModifiedDate":"2023-08-21"},{"lineNumber":48,"author":{"gitId":"maypfv"},"content":"","lastModifiedDate":"2023-08-21"},{"lineNumber":49,"author":{"gitId":"maypfv"},"content":"","lastModifiedDate":"2023-08-21"},{"lineNumber":50,"author":{"gitId":"maypfv"},"content":"        while (!userInput.equals(END_TRIGGER)) {","lastModifiedDate":"2023-08-21"},{"lineNumber":51,"author":{"gitId":"maypfv"},"content":"            try {","lastModifiedDate":"2023-08-23"},{"lineNumber":52,"author":{"gitId":"maypfv"},"content":"                if (!userInput.equals(LIST_TRIGGER)) {","lastModifiedDate":"2023-08-22"},{"lineNumber":53,"author":{"gitId":"maypfv"},"content":"                    // To mark a task.","lastModifiedDate":"2023-08-22"},{"lineNumber":54,"author":{"gitId":"maypfv"},"content":"                    if (userInput.split(\" \")[0].equals(MARK_TRIGGER)) {","lastModifiedDate":"2023-08-22"},{"lineNumber":55,"author":{"gitId":"maypfv"},"content":"","lastModifiedDate":"2023-08-23"},{"lineNumber":56,"author":{"gitId":"maypfv"},"content":"                        // Missing task number to mark.","lastModifiedDate":"2023-08-23"},{"lineNumber":57,"author":{"gitId":"maypfv"},"content":"                        if (userInput.split(\"\\\\s+\", 2).length \u003c 2) {","lastModifiedDate":"2023-08-23"},{"lineNumber":58,"author":{"gitId":"maypfv"},"content":"                            throw new EmptyTaskNumberException(\"!!! Missing Task Number Error !!!\\n\");","lastModifiedDate":"2023-08-23"},{"lineNumber":59,"author":{"gitId":"maypfv"},"content":"                        }","lastModifiedDate":"2023-08-23"},{"lineNumber":60,"author":{"gitId":"maypfv"},"content":"                        int taskNum \u003d Integer.parseInt(userInput.split(\" \")[1]) - 1;","lastModifiedDate":"2023-08-22"},{"lineNumber":61,"author":{"gitId":"maypfv"},"content":"","lastModifiedDate":"2023-08-23"},{"lineNumber":62,"author":{"gitId":"maypfv"},"content":"                        // Task number does not exist.","lastModifiedDate":"2023-08-23"},{"lineNumber":63,"author":{"gitId":"maypfv"},"content":"                        if (taskNum \u003e\u003d index) {","lastModifiedDate":"2023-08-23"},{"lineNumber":64,"author":{"gitId":"maypfv"},"content":"                            throw new WrongNumberException(\"!!! Wrong Task Number Error !!!\\n\");","lastModifiedDate":"2023-08-23"},{"lineNumber":65,"author":{"gitId":"maypfv"},"content":"                        }","lastModifiedDate":"2023-08-23"},{"lineNumber":66,"author":{"gitId":"maypfv"},"content":"                        Task taskToUpdate \u003d tasks[taskNum];","lastModifiedDate":"2023-08-22"},{"lineNumber":67,"author":{"gitId":"maypfv"},"content":"","lastModifiedDate":"2023-08-23"},{"lineNumber":68,"author":{"gitId":"maypfv"},"content":"                        taskToUpdate.markStatus();","lastModifiedDate":"2023-08-22"},{"lineNumber":69,"author":{"gitId":"maypfv"},"content":"                        System.out.println(\"Nice! I\u0027ve marked this task as done:\\n\" + taskToUpdate.toString());","lastModifiedDate":"2023-08-22"},{"lineNumber":70,"author":{"gitId":"maypfv"},"content":"                        userInput \u003d scanIn.nextLine();","lastModifiedDate":"2023-08-22"},{"lineNumber":71,"author":{"gitId":"maypfv"},"content":"","lastModifiedDate":"2023-08-22"},{"lineNumber":72,"author":{"gitId":"maypfv"},"content":"                    // To unmark a task.","lastModifiedDate":"2023-08-22"},{"lineNumber":73,"author":{"gitId":"maypfv"},"content":"                    } else if (userInput.split(\" \")[0].equals(UNMARK_TRIGGER)) {","lastModifiedDate":"2023-08-22"},{"lineNumber":74,"author":{"gitId":"maypfv"},"content":"","lastModifiedDate":"2023-08-23"},{"lineNumber":75,"author":{"gitId":"maypfv"},"content":"                        // Missing task number to unmark.","lastModifiedDate":"2023-08-23"},{"lineNumber":76,"author":{"gitId":"maypfv"},"content":"                        if (userInput.split(\"\\\\s+\", 2).length \u003c 2) {","lastModifiedDate":"2023-08-23"},{"lineNumber":77,"author":{"gitId":"maypfv"},"content":"                            throw new EmptyTaskNumberException(\"!!! Missing Task Number error !!!\");","lastModifiedDate":"2023-08-23"},{"lineNumber":78,"author":{"gitId":"maypfv"},"content":"                        }","lastModifiedDate":"2023-08-23"},{"lineNumber":79,"author":{"gitId":"maypfv"},"content":"                        int taskNum \u003d Integer.parseInt(userInput.split(\" \")[1]) - 1;","lastModifiedDate":"2023-08-22"},{"lineNumber":80,"author":{"gitId":"maypfv"},"content":"","lastModifiedDate":"2023-08-23"},{"lineNumber":81,"author":{"gitId":"maypfv"},"content":"                        // Task number does not exist.","lastModifiedDate":"2023-08-23"},{"lineNumber":82,"author":{"gitId":"maypfv"},"content":"                        if (taskNum \u003c tasks.length) {","lastModifiedDate":"2023-08-23"},{"lineNumber":83,"author":{"gitId":"maypfv"},"content":"                            throw new WrongNumberException(\"!!! Wrong Task Number Error !!!\\n\");","lastModifiedDate":"2023-08-23"},{"lineNumber":84,"author":{"gitId":"maypfv"},"content":"                        }","lastModifiedDate":"2023-08-23"},{"lineNumber":85,"author":{"gitId":"maypfv"},"content":"                        Task taskToUpdate \u003d tasks[taskNum];","lastModifiedDate":"2023-08-22"},{"lineNumber":86,"author":{"gitId":"maypfv"},"content":"                        taskToUpdate.unmarkStatus();","lastModifiedDate":"2023-08-22"},{"lineNumber":87,"author":{"gitId":"maypfv"},"content":"                        System.out.println(\"Ok, I\u0027ve marked this task as not done yet:\\n\" + taskToUpdate.toString());","lastModifiedDate":"2023-08-22"},{"lineNumber":88,"author":{"gitId":"maypfv"},"content":"                        userInput \u003d scanIn.nextLine();","lastModifiedDate":"2023-08-22"},{"lineNumber":89,"author":{"gitId":"maypfv"},"content":"","lastModifiedDate":"2023-08-22"},{"lineNumber":90,"author":{"gitId":"maypfv"},"content":"                        // For a deadline task.","lastModifiedDate":"2023-08-22"},{"lineNumber":91,"author":{"gitId":"maypfv"},"content":"                    } else if (userInput.split(\" \")[0].equals(DEADLINE_TRIGGER)) {","lastModifiedDate":"2023-08-22"},{"lineNumber":92,"author":{"gitId":"maypfv"},"content":"                        String[] test \u003d userInput.split(\"\\\\s+\", 2);","lastModifiedDate":"2023-08-23"},{"lineNumber":93,"author":{"gitId":"maypfv"},"content":"                        // Missing Deadline Description.","lastModifiedDate":"2023-08-23"},{"lineNumber":94,"author":{"gitId":"maypfv"},"content":"","lastModifiedDate":"2023-08-23"},{"lineNumber":95,"author":{"gitId":"maypfv"},"content":"                        if (test.length \u003c 2 || test[1].equals(EMPTY)) {","lastModifiedDate":"2023-08-23"},{"lineNumber":96,"author":{"gitId":"maypfv"},"content":"                            throw new EmptyDescriptionException(\"!!! Missing DEADLINE Description !!!\\n\");","lastModifiedDate":"2023-08-23"},{"lineNumber":97,"author":{"gitId":"maypfv"},"content":"                        }","lastModifiedDate":"2023-08-23"},{"lineNumber":98,"author":{"gitId":"maypfv"},"content":"","lastModifiedDate":"2023-08-23"},{"lineNumber":99,"author":{"gitId":"maypfv"},"content":"                        String[] deadlineInfo \u003d userInput.split(\"/\");","lastModifiedDate":"2023-08-22"},{"lineNumber":100,"author":{"gitId":"maypfv"},"content":"                        Deadline newDeadlineTask \u003d new Deadline(deadlineInfo[0], deadlineInfo[1]);","lastModifiedDate":"2023-08-22"},{"lineNumber":101,"author":{"gitId":"maypfv"},"content":"                        tasks[index] \u003d newDeadlineTask;","lastModifiedDate":"2023-08-22"},{"lineNumber":102,"author":{"gitId":"maypfv"},"content":"                        index++;","lastModifiedDate":"2023-08-22"},{"lineNumber":103,"author":{"gitId":"maypfv"},"content":"                        System.out.println(\"Alright! I\u0027ve added this task: \\n \" + newDeadlineTask.toString()","lastModifiedDate":"2023-08-22"},{"lineNumber":104,"author":{"gitId":"maypfv"},"content":"                                + \"\\nNow you have \" + (index) + \" tasks in the list.\");","lastModifiedDate":"2023-08-22"},{"lineNumber":105,"author":{"gitId":"maypfv"},"content":"                        userInput \u003d scanIn.nextLine();","lastModifiedDate":"2023-08-22"},{"lineNumber":106,"author":{"gitId":"maypfv"},"content":"","lastModifiedDate":"2023-08-22"},{"lineNumber":107,"author":{"gitId":"maypfv"},"content":"                        // For an event task.","lastModifiedDate":"2023-08-22"},{"lineNumber":108,"author":{"gitId":"maypfv"},"content":"                    } else if (userInput.split(\" \")[0].equals(EVENT_TRIGGER)) {","lastModifiedDate":"2023-08-22"},{"lineNumber":109,"author":{"gitId":"maypfv"},"content":"                        String[] test \u003d userInput.split(\"\\\\s+\", 2);","lastModifiedDate":"2023-08-23"},{"lineNumber":110,"author":{"gitId":"maypfv"},"content":"                        // Missing Deadline Description.","lastModifiedDate":"2023-08-23"},{"lineNumber":111,"author":{"gitId":"maypfv"},"content":"","lastModifiedDate":"2023-08-23"},{"lineNumber":112,"author":{"gitId":"maypfv"},"content":"                        // Missing Event Description.","lastModifiedDate":"2023-08-23"},{"lineNumber":113,"author":{"gitId":"maypfv"},"content":"                        if (test.length \u003c 2 || test[1].equals(EMPTY)) {","lastModifiedDate":"2023-08-23"},{"lineNumber":114,"author":{"gitId":"maypfv"},"content":"                            throw new EmptyDescriptionException(\"!!! Missing EVENT Description !!!\\n\");","lastModifiedDate":"2023-08-23"},{"lineNumber":115,"author":{"gitId":"maypfv"},"content":"                        }","lastModifiedDate":"2023-08-23"},{"lineNumber":116,"author":{"gitId":"maypfv"},"content":"","lastModifiedDate":"2023-08-23"},{"lineNumber":117,"author":{"gitId":"maypfv"},"content":"                        String[] eventInfo \u003d userInput.split(\"/\");","lastModifiedDate":"2023-08-22"},{"lineNumber":118,"author":{"gitId":"maypfv"},"content":"                        Event newEventTask \u003d new Event(eventInfo[0], eventInfo[1], eventInfo[2]);","lastModifiedDate":"2023-08-22"},{"lineNumber":119,"author":{"gitId":"maypfv"},"content":"                        tasks[index] \u003d newEventTask;","lastModifiedDate":"2023-08-22"},{"lineNumber":120,"author":{"gitId":"maypfv"},"content":"                        index++;","lastModifiedDate":"2023-08-22"},{"lineNumber":121,"author":{"gitId":"maypfv"},"content":"                        System.out.println(\"Alright! I\u0027ve added this task: \\n \" + newEventTask.toString()","lastModifiedDate":"2023-08-22"},{"lineNumber":122,"author":{"gitId":"maypfv"},"content":"                                + \"\\nNow you have \" + (index) + \" tasks in the list.\");","lastModifiedDate":"2023-08-22"},{"lineNumber":123,"author":{"gitId":"maypfv"},"content":"                        userInput \u003d scanIn.nextLine();","lastModifiedDate":"2023-08-22"},{"lineNumber":124,"author":{"gitId":"maypfv"},"content":"","lastModifiedDate":"2023-08-22"},{"lineNumber":125,"author":{"gitId":"maypfv"},"content":"                        // For to do task.","lastModifiedDate":"2023-08-22"},{"lineNumber":126,"author":{"gitId":"maypfv"},"content":"                    } else if (userInput.split(\" \")[0].equals(TODO_TRIGGER)) {","lastModifiedDate":"2023-08-22"},{"lineNumber":127,"author":{"gitId":"maypfv"},"content":"                        String[] test \u003d userInput.split(\"\\\\s+\", 2);","lastModifiedDate":"2023-08-23"},{"lineNumber":128,"author":{"gitId":"maypfv"},"content":"","lastModifiedDate":"2023-08-23"},{"lineNumber":129,"author":{"gitId":"maypfv"},"content":"                        // Missing TO DO Description.","lastModifiedDate":"2023-08-23"},{"lineNumber":130,"author":{"gitId":"maypfv"},"content":"                        if (test.length \u003c 2 || test[1].equals(EMPTY)) {","lastModifiedDate":"2023-08-23"},{"lineNumber":131,"author":{"gitId":"maypfv"},"content":"                            throw new EmptyDescriptionException(\"!!! Missing TO DO Description !!!\\n\");","lastModifiedDate":"2023-08-23"},{"lineNumber":132,"author":{"gitId":"maypfv"},"content":"                        }","lastModifiedDate":"2023-08-23"},{"lineNumber":133,"author":{"gitId":"maypfv"},"content":"","lastModifiedDate":"2023-08-23"},{"lineNumber":134,"author":{"gitId":"maypfv"},"content":"                        ToDo newToDoTask \u003d new ToDo(userInput);","lastModifiedDate":"2023-08-22"},{"lineNumber":135,"author":{"gitId":"maypfv"},"content":"                        tasks[index] \u003d newToDoTask;","lastModifiedDate":"2023-08-22"},{"lineNumber":136,"author":{"gitId":"maypfv"},"content":"                        index++;","lastModifiedDate":"2023-08-22"},{"lineNumber":137,"author":{"gitId":"maypfv"},"content":"                        System.out.println(\"Alright! I\u0027ve added this task: \\n \" + newToDoTask.toString()","lastModifiedDate":"2023-08-22"},{"lineNumber":138,"author":{"gitId":"maypfv"},"content":"                                + \"\\nNow you have \" + (index) + \" tasks in the list.\");","lastModifiedDate":"2023-08-22"},{"lineNumber":139,"author":{"gitId":"maypfv"},"content":"                        userInput \u003d scanIn.nextLine();","lastModifiedDate":"2023-08-22"},{"lineNumber":140,"author":{"gitId":"maypfv"},"content":"                    } else {","lastModifiedDate":"2023-08-23"},{"lineNumber":141,"author":{"gitId":"maypfv"},"content":"                        throw new InvalidCommandException(\"!!! Your command is invalid !!!\\n\");","lastModifiedDate":"2023-08-23"},{"lineNumber":142,"author":{"gitId":"maypfv"},"content":"                    }","lastModifiedDate":"2023-08-22"},{"lineNumber":143,"author":{"gitId":"maypfv"},"content":"","lastModifiedDate":"2023-08-22"},{"lineNumber":144,"author":{"gitId":"maypfv"},"content":"                    // To list out tasks.","lastModifiedDate":"2023-08-22"},{"lineNumber":145,"author":{"gitId":"maypfv"},"content":"                } else {","lastModifiedDate":"2023-08-22"},{"lineNumber":146,"author":{"gitId":"maypfv"},"content":"                    System.out.println(\"Here are the tasks in your list:\");","lastModifiedDate":"2023-08-22"},{"lineNumber":147,"author":{"gitId":"maypfv"},"content":"                    for (int i \u003d 0; i \u003c index; i++) {","lastModifiedDate":"2023-08-22"},{"lineNumber":148,"author":{"gitId":"maypfv"},"content":"                        System.out.println((i + 1) + \".\" + tasks[i].toString());","lastModifiedDate":"2023-08-22"},{"lineNumber":149,"author":{"gitId":"maypfv"},"content":"                    }","lastModifiedDate":"2023-08-22"},{"lineNumber":150,"author":{"gitId":"maypfv"},"content":"                    userInput \u003d scanIn.nextLine();","lastModifiedDate":"2023-08-21"},{"lineNumber":151,"author":{"gitId":"maypfv"},"content":"                }","lastModifiedDate":"2023-08-21"},{"lineNumber":152,"author":{"gitId":"maypfv"},"content":"            } catch (EmptyTaskNumberException e1) {","lastModifiedDate":"2023-08-23"},{"lineNumber":153,"author":{"gitId":"maypfv"},"content":"                System.out.println(e1.getMessage() + \"\\nOh no! The task number cannot be empty.\\n\" +","lastModifiedDate":"2023-08-23"},{"lineNumber":154,"author":{"gitId":"maypfv"},"content":"                        \"Please key in the task number you would like to mark/unmark.\\n\");","lastModifiedDate":"2023-08-23"},{"lineNumber":155,"author":{"gitId":"maypfv"},"content":"                userInput \u003d scanIn.nextLine();","lastModifiedDate":"2023-08-23"},{"lineNumber":156,"author":{"gitId":"maypfv"},"content":"            } catch (WrongNumberException e2) {","lastModifiedDate":"2023-08-23"},{"lineNumber":157,"author":{"gitId":"maypfv"},"content":"                System.out.println(e2.getMessage() + \"Oh no! The task number does not exist.\\n\" +","lastModifiedDate":"2023-08-23"},{"lineNumber":158,"author":{"gitId":"maypfv"},"content":"                        \"You can find out the tasks and their numbers by typing list.\\n\" +","lastModifiedDate":"2023-08-23"},{"lineNumber":159,"author":{"gitId":"maypfv"},"content":"                        \"Please re-enter the correct task number to mark/unmark.\");","lastModifiedDate":"2023-08-23"},{"lineNumber":160,"author":{"gitId":"maypfv"},"content":"                userInput \u003d scanIn.nextLine();","lastModifiedDate":"2023-08-23"},{"lineNumber":161,"author":{"gitId":"maypfv"},"content":"            } catch (EmptyDescriptionException e3) {","lastModifiedDate":"2023-08-23"},{"lineNumber":162,"author":{"gitId":"maypfv"},"content":"                System.out.println(e3.getMessage() + \"Oh no! The task description cannot be empty.\\n\" +","lastModifiedDate":"2023-08-23"},{"lineNumber":163,"author":{"gitId":"maypfv"},"content":"                        \"Please key in the task description, with timings where applicable.\\n\");","lastModifiedDate":"2023-08-23"},{"lineNumber":164,"author":{"gitId":"maypfv"},"content":"                userInput \u003d scanIn.nextLine();","lastModifiedDate":"2023-08-23"},{"lineNumber":165,"author":{"gitId":"maypfv"},"content":"            } catch (InvalidCommandException e4) {","lastModifiedDate":"2023-08-23"},{"lineNumber":166,"author":{"gitId":"maypfv"},"content":"                System.out.println(e4.getMessage() + \"Oh no! I don\u0027t understand what you mean. Please key in either\\n\" +","lastModifiedDate":"2023-08-23"},{"lineNumber":167,"author":{"gitId":"maypfv"},"content":"                        \"1. deadline [task description] /by [deadline datetime]\\n\" +","lastModifiedDate":"2023-08-23"},{"lineNumber":168,"author":{"gitId":"maypfv"},"content":"                        \"2. event [task description] /from [start datetime] /to [end datetime]\\n\" +","lastModifiedDate":"2023-08-23"},{"lineNumber":169,"author":{"gitId":"maypfv"},"content":"                        \"3. todo [task description].\");","lastModifiedDate":"2023-08-23"},{"lineNumber":170,"author":{"gitId":"maypfv"},"content":"                userInput \u003d scanIn.nextLine();","lastModifiedDate":"2023-08-23"},{"lineNumber":171,"author":{"gitId":"maypfv"},"content":"            }","lastModifiedDate":"2023-08-23"},{"lineNumber":172,"author":{"gitId":"maypfv"},"content":"        }","lastModifiedDate":"2023-08-22"},{"lineNumber":173,"author":{"gitId":"maypfv"},"content":"","lastModifiedDate":"2023-08-21"},{"lineNumber":174,"author":{"gitId":"maypfv"},"content":"            // If \"bye\" is triggered, exit while loop and print outro message.","lastModifiedDate":"2023-08-22"},{"lineNumber":175,"author":{"gitId":"maypfv"},"content":"            System.out.println(outro);","lastModifiedDate":"2023-08-22"},{"lineNumber":176,"author":{"gitId":"maypfv"},"content":"","lastModifiedDate":"2023-08-21"},{"lineNumber":177,"author":{"gitId":"maypfv"},"content":"","lastModifiedDate":"2023-08-23"},{"lineNumber":178,"author":{"gitId":"maypfv"},"content":"        }","lastModifiedDate":"2023-08-21"},{"lineNumber":179,"author":{"gitId":"maypfv"},"content":"    }","lastModifiedDate":"2023-08-21"}],"authorContributionMap":{"maypfv":179}},{"path":"src/main/java/Deadline.java","fileType":"java","lines":[{"lineNumber":1,"author":{"gitId":"maypfv"},"content":"public class Deadline extends Task {","lastModifiedDate":"2023-08-22"},{"lineNumber":2,"author":{"gitId":"maypfv"},"content":"","lastModifiedDate":"2023-08-22"},{"lineNumber":3,"author":{"gitId":"maypfv"},"content":"    protected String deadline;","lastModifiedDate":"2023-08-22"},{"lineNumber":4,"author":{"gitId":"maypfv"},"content":"","lastModifiedDate":"2023-08-22"},{"lineNumber":5,"author":{"gitId":"maypfv"},"content":"    public Deadline(String description, String deadline) {","lastModifiedDate":"2023-08-22"},{"lineNumber":6,"author":{"gitId":"maypfv"},"content":"        super(description);","lastModifiedDate":"2023-08-22"},{"lineNumber":7,"author":{"gitId":"maypfv"},"content":"        this.deadline \u003d deadline;","lastModifiedDate":"2023-08-22"},{"lineNumber":8,"author":{"gitId":"maypfv"},"content":"    }","lastModifiedDate":"2023-08-22"},{"lineNumber":9,"author":{"gitId":"maypfv"},"content":"","lastModifiedDate":"2023-08-22"},{"lineNumber":10,"author":{"gitId":"maypfv"},"content":"","lastModifiedDate":"2023-08-23"},{"lineNumber":11,"author":{"gitId":"maypfv"},"content":"    @Override","lastModifiedDate":"2023-08-22"},{"lineNumber":12,"author":{"gitId":"maypfv"},"content":"    public String toString() {","lastModifiedDate":"2023-08-22"},{"lineNumber":13,"author":{"gitId":"maypfv"},"content":"        return \"[D]\" + super.toString() + deadline.replace(\"by\", \"(by:\") + \")\";","lastModifiedDate":"2023-08-22"},{"lineNumber":14,"author":{"gitId":"maypfv"},"content":"    }","lastModifiedDate":"2023-08-22"},{"lineNumber":15,"author":{"gitId":"maypfv"},"content":"}","lastModifiedDate":"2023-08-22"}],"authorContributionMap":{"maypfv":15}},{"path":"src/main/java/EmptyDescriptionException.java","fileType":"java","lines":[{"lineNumber":1,"author":{"gitId":"maypfv"},"content":"public class EmptyDescriptionException extends Exception {","lastModifiedDate":"2023-08-23"},{"lineNumber":2,"author":{"gitId":"maypfv"},"content":"","lastModifiedDate":"2023-08-23"},{"lineNumber":3,"author":{"gitId":"maypfv"},"content":"    public EmptyDescriptionException(String message) { super(message); }","lastModifiedDate":"2023-08-23"},{"lineNumber":4,"author":{"gitId":"maypfv"},"content":"}","lastModifiedDate":"2023-08-23"}],"authorContributionMap":{"maypfv":4}},{"path":"src/main/java/EmptyTaskNumberException.java","fileType":"java","lines":[{"lineNumber":1,"author":{"gitId":"maypfv"},"content":"public class EmptyTaskNumberException extends Exception {","lastModifiedDate":"2023-08-23"},{"lineNumber":2,"author":{"gitId":"maypfv"},"content":"","lastModifiedDate":"2023-08-23"},{"lineNumber":3,"author":{"gitId":"maypfv"},"content":"    public EmptyTaskNumberException(String message) {","lastModifiedDate":"2023-08-23"},{"lineNumber":4,"author":{"gitId":"maypfv"},"content":"        super(message);","lastModifiedDate":"2023-08-23"},{"lineNumber":5,"author":{"gitId":"maypfv"},"content":"    }","lastModifiedDate":"2023-08-23"},{"lineNumber":6,"author":{"gitId":"maypfv"},"content":"","lastModifiedDate":"2023-08-23"},{"lineNumber":7,"author":{"gitId":"maypfv"},"content":"}","lastModifiedDate":"2023-08-23"}],"authorContributionMap":{"maypfv":7}},{"path":"src/main/java/Event.java","fileType":"java","lines":[{"lineNumber":1,"author":{"gitId":"maypfv"},"content":"public class Event extends Task {","lastModifiedDate":"2023-08-22"},{"lineNumber":2,"author":{"gitId":"maypfv"},"content":"    protected String eventStart;","lastModifiedDate":"2023-08-22"},{"lineNumber":3,"author":{"gitId":"maypfv"},"content":"    protected String eventEnd;","lastModifiedDate":"2023-08-22"},{"lineNumber":4,"author":{"gitId":"maypfv"},"content":"","lastModifiedDate":"2023-08-22"},{"lineNumber":5,"author":{"gitId":"maypfv"},"content":"    public Event(String description, String eventStart, String eventEnd) {","lastModifiedDate":"2023-08-22"},{"lineNumber":6,"author":{"gitId":"maypfv"},"content":"        super(description);","lastModifiedDate":"2023-08-22"},{"lineNumber":7,"author":{"gitId":"maypfv"},"content":"        this.eventStart \u003d eventStart;","lastModifiedDate":"2023-08-22"},{"lineNumber":8,"author":{"gitId":"maypfv"},"content":"        this.eventEnd \u003d eventEnd;","lastModifiedDate":"2023-08-22"},{"lineNumber":9,"author":{"gitId":"maypfv"},"content":"    }","lastModifiedDate":"2023-08-22"},{"lineNumber":10,"author":{"gitId":"maypfv"},"content":"","lastModifiedDate":"2023-08-22"},{"lineNumber":11,"author":{"gitId":"maypfv"},"content":"    @Override","lastModifiedDate":"2023-08-22"},{"lineNumber":12,"author":{"gitId":"maypfv"},"content":"    public String toString() {","lastModifiedDate":"2023-08-22"},{"lineNumber":13,"author":{"gitId":"maypfv"},"content":"        return \"[E]\" + super.toString() + eventStart.replace(\"from\", \"(from:\")","lastModifiedDate":"2023-08-22"},{"lineNumber":14,"author":{"gitId":"maypfv"},"content":"                + eventEnd.replace(\"to\", \"to:\") + \")\";","lastModifiedDate":"2023-08-22"},{"lineNumber":15,"author":{"gitId":"maypfv"},"content":"    }","lastModifiedDate":"2023-08-22"},{"lineNumber":16,"author":{"gitId":"maypfv"},"content":"}","lastModifiedDate":"2023-08-22"}],"authorContributionMap":{"maypfv":16}},{"path":"src/main/java/InvalidCommandException.java","fileType":"java","lines":[{"lineNumber":1,"author":{"gitId":"maypfv"},"content":"public class InvalidCommandException extends Exception {","lastModifiedDate":"2023-08-23"},{"lineNumber":2,"author":{"gitId":"maypfv"},"content":"","lastModifiedDate":"2023-08-23"},{"lineNumber":3,"author":{"gitId":"maypfv"},"content":"    public InvalidCommandException(String message) { super(message); }","lastModifiedDate":"2023-08-23"},{"lineNumber":4,"author":{"gitId":"maypfv"},"content":"}","lastModifiedDate":"2023-08-23"}],"authorContributionMap":{"maypfv":4}},{"path":"src/main/java/Task.java","fileType":"java","lines":[{"lineNumber":1,"author":{"gitId":"maypfv"},"content":"public class Task {","lastModifiedDate":"2023-08-22"},{"lineNumber":2,"author":{"gitId":"maypfv"},"content":"        protected String description;","lastModifiedDate":"2023-08-22"},{"lineNumber":3,"author":{"gitId":"maypfv"},"content":"        protected boolean isDone;","lastModifiedDate":"2023-08-22"},{"lineNumber":4,"author":{"gitId":"maypfv"},"content":"","lastModifiedDate":"2023-08-22"},{"lineNumber":5,"author":{"gitId":"maypfv"},"content":"        protected boolean isSplit;","lastModifiedDate":"2023-08-22"},{"lineNumber":6,"author":{"gitId":"maypfv"},"content":"","lastModifiedDate":"2023-08-22"},{"lineNumber":7,"author":{"gitId":"maypfv"},"content":"        public Task(String description) {","lastModifiedDate":"2023-08-22"},{"lineNumber":8,"author":{"gitId":"maypfv"},"content":"            this.description \u003d description;","lastModifiedDate":"2023-08-22"},{"lineNumber":9,"author":{"gitId":"maypfv"},"content":"            this.isDone \u003d false;","lastModifiedDate":"2023-08-22"},{"lineNumber":10,"author":{"gitId":"maypfv"},"content":"            this.isSplit \u003d false;","lastModifiedDate":"2023-08-22"},{"lineNumber":11,"author":{"gitId":"maypfv"},"content":"        }","lastModifiedDate":"2023-08-22"},{"lineNumber":12,"author":{"gitId":"maypfv"},"content":"","lastModifiedDate":"2023-08-22"},{"lineNumber":13,"author":{"gitId":"maypfv"},"content":"        public String getStatusIcon() {","lastModifiedDate":"2023-08-22"},{"lineNumber":14,"author":{"gitId":"maypfv"},"content":"            return (isDone ? \"[X] \" : \"[ ] \");","lastModifiedDate":"2023-08-22"},{"lineNumber":15,"author":{"gitId":"maypfv"},"content":"        }","lastModifiedDate":"2023-08-22"},{"lineNumber":16,"author":{"gitId":"maypfv"},"content":"","lastModifiedDate":"2023-08-22"},{"lineNumber":17,"author":{"gitId":"maypfv"},"content":"        public void markStatus() {","lastModifiedDate":"2023-08-22"},{"lineNumber":18,"author":{"gitId":"maypfv"},"content":"            this.isDone \u003d true;","lastModifiedDate":"2023-08-22"},{"lineNumber":19,"author":{"gitId":"maypfv"},"content":"        }","lastModifiedDate":"2023-08-22"},{"lineNumber":20,"author":{"gitId":"maypfv"},"content":"","lastModifiedDate":"2023-08-22"},{"lineNumber":21,"author":{"gitId":"maypfv"},"content":"        public void unmarkStatus() {","lastModifiedDate":"2023-08-22"},{"lineNumber":22,"author":{"gitId":"maypfv"},"content":"            this.isDone \u003d false;","lastModifiedDate":"2023-08-22"},{"lineNumber":23,"author":{"gitId":"maypfv"},"content":"        }","lastModifiedDate":"2023-08-22"},{"lineNumber":24,"author":{"gitId":"maypfv"},"content":"","lastModifiedDate":"2023-08-22"},{"lineNumber":25,"author":{"gitId":"maypfv"},"content":"        public void splitDescription() {","lastModifiedDate":"2023-08-22"},{"lineNumber":26,"author":{"gitId":"maypfv"},"content":"            if (!isSplit) {","lastModifiedDate":"2023-08-22"},{"lineNumber":27,"author":{"gitId":"maypfv"},"content":"                String[] splitDesc \u003d description.split(\"\\\\s+\", 2);","lastModifiedDate":"2023-08-22"},{"lineNumber":28,"author":{"gitId":"maypfv"},"content":"                this.description \u003d splitDesc[1];","lastModifiedDate":"2023-08-22"},{"lineNumber":29,"author":{"gitId":"maypfv"},"content":"                isSplit \u003d true;","lastModifiedDate":"2023-08-22"},{"lineNumber":30,"author":{"gitId":"maypfv"},"content":"            }","lastModifiedDate":"2023-08-22"},{"lineNumber":31,"author":{"gitId":"maypfv"},"content":"        }","lastModifiedDate":"2023-08-22"},{"lineNumber":32,"author":{"gitId":"maypfv"},"content":"","lastModifiedDate":"2023-08-22"},{"lineNumber":33,"author":{"gitId":"maypfv"},"content":"","lastModifiedDate":"2023-08-22"},{"lineNumber":34,"author":{"gitId":"maypfv"},"content":"        @Override","lastModifiedDate":"2023-08-22"},{"lineNumber":35,"author":{"gitId":"maypfv"},"content":"        public String toString() {","lastModifiedDate":"2023-08-22"},{"lineNumber":36,"author":{"gitId":"maypfv"},"content":"            splitDescription();","lastModifiedDate":"2023-08-22"},{"lineNumber":37,"author":{"gitId":"maypfv"},"content":"            return getStatusIcon() + this.description;","lastModifiedDate":"2023-08-22"},{"lineNumber":38,"author":{"gitId":"maypfv"},"content":"        }","lastModifiedDate":"2023-08-22"},{"lineNumber":39,"author":{"gitId":"maypfv"},"content":"","lastModifiedDate":"2023-08-22"},{"lineNumber":40,"author":{"gitId":"maypfv"},"content":"}","lastModifiedDate":"2023-08-22"}],"authorContributionMap":{"maypfv":40}},{"path":"src/main/java/ToDo.java","fileType":"java","lines":[{"lineNumber":1,"author":{"gitId":"maypfv"},"content":"public class ToDo extends Task{","lastModifiedDate":"2023-08-22"},{"lineNumber":2,"author":{"gitId":"maypfv"},"content":"","lastModifiedDate":"2023-08-22"},{"lineNumber":3,"author":{"gitId":"maypfv"},"content":"    public ToDo(String description) {","lastModifiedDate":"2023-08-22"},{"lineNumber":4,"author":{"gitId":"maypfv"},"content":"        super(description);","lastModifiedDate":"2023-08-22"},{"lineNumber":5,"author":{"gitId":"maypfv"},"content":"    }","lastModifiedDate":"2023-08-22"},{"lineNumber":6,"author":{"gitId":"maypfv"},"content":"","lastModifiedDate":"2023-08-22"},{"lineNumber":7,"author":{"gitId":"maypfv"},"content":"    @Override","lastModifiedDate":"2023-08-22"},{"lineNumber":8,"author":{"gitId":"maypfv"},"content":"    public String toString() {","lastModifiedDate":"2023-08-22"},{"lineNumber":9,"author":{"gitId":"maypfv"},"content":"        return \"[T]\" + super.toString();","lastModifiedDate":"2023-08-22"},{"lineNumber":10,"author":{"gitId":"maypfv"},"content":"    }","lastModifiedDate":"2023-08-22"},{"lineNumber":11,"author":{"gitId":"maypfv"},"content":"}","lastModifiedDate":"2023-08-22"}],"authorContributionMap":{"maypfv":11}},{"path":"src/main/java/WrongNumberException.java","fileType":"java","lines":[{"lineNumber":1,"author":{"gitId":"maypfv"},"content":"public class WrongNumberException extends Exception{","lastModifiedDate":"2023-08-23"},{"lineNumber":2,"author":{"gitId":"maypfv"},"content":"    public WrongNumberException(String message) {","lastModifiedDate":"2023-08-23"},{"lineNumber":3,"author":{"gitId":"maypfv"},"content":"        super(message);","lastModifiedDate":"2023-08-23"},{"lineNumber":4,"author":{"gitId":"maypfv"},"content":"    }","lastModifiedDate":"2023-08-23"},{"lineNumber":5,"author":{"gitId":"maypfv"},"content":"}","lastModifiedDate":"2023-08-23"}],"authorContributionMap":{"maypfv":5}}]
