{"authorDailyContributionsMap":{"GohTengFong":[{"date":"2023-08-22","commitResults":[{"hash":"a78f9b0767fd3490b24bfbc0f0deed233d66b3a1","isMergeCommit":false,"messageTitle":"Completed Level-0","messageBody":"","tags":["Level-0"],"fileTypesAndContributionMap":{"java":{"insertions":8,"deletions":6}}},{"hash":"2229afc528474dcc7d30c11dfd05908a852869b3","isMergeCommit":false,"messageTitle":"Completed Level-1","messageBody":"","tags":["Level-1"],"fileTypesAndContributionMap":{"java":{"insertions":38,"deletions":2}}},{"hash":"c30b713bfea07d89bc6d7b9990174a9900c4d38b","isMergeCommit":false,"messageTitle":"Completed Level-2","messageBody":"","tags":["Level-2"],"fileTypesAndContributionMap":{"java":{"insertions":35,"deletions":9}}},{"hash":"47891dce21efdbea9ba1ed376d00787d2240adc4","isMergeCommit":false,"messageTitle":"Completed Level-3","messageBody":"","tags":["Level-3"],"fileTypesAndContributionMap":{"java":{"insertions":53,"deletions":4}}},{"hash":"8df02a97962a8b19483ff1b5133a36a7fe5bba53","isMergeCommit":false,"messageTitle":"Completed Level-4","messageBody":"","tags":["Level-4"],"fileTypesAndContributionMap":{"java":{"insertions":72,"deletions":5}}},{"hash":"d29f30da720af56fa0adfbfa1d31e5d399a46080","isMergeCommit":false,"messageTitle":"Completed Level-5","messageBody":"","tags":["Level-5"],"fileTypesAndContributionMap":{"txt":{"insertions":6,"deletions":0},"java":{"insertions":2,"deletions":0}}},{"hash":"efbb4ea9517d22a94d820ae549c7de2f4ebce042","isMergeCommit":false,"messageTitle":"Completed Level-6","messageBody":"","tags":["Level-6"],"fileTypesAndContributionMap":{"java":{"insertions":117,"deletions":14}}}]},{"date":"2023-08-23","commitResults":[{"hash":"58c7925917c409aa354df89a0022c41565ae8050","isMergeCommit":false,"messageTitle":"Added enums","messageBody":"","fileTypesAndContributionMap":{"txt":{"insertions":1,"deletions":0},"java":{"insertions":110,"deletions":64}}},{"hash":"927da31b381b1fc0cbcb063cbe397aef64c40db5","isMergeCommit":false,"messageTitle":"testing","messageBody":"","fileTypesAndContributionMap":{"md":{"insertions":1,"deletions":0}}},{"hash":"2bd4615d6d57dcd7d9bf3a40adf768a0a31079c9","isMergeCommit":false,"messageTitle":"testing","messageBody":"","fileTypesAndContributionMap":{"md":{"insertions":0,"deletions":1}}}]},{"date":"2023-08-29","commitResults":[{"hash":"f56878572d3e674925c2dff9b4ccdae7405ad122","isMergeCommit":false,"messageTitle":"Add Level-7","messageBody":"","tags":["Level-7"],"fileTypesAndContributionMap":{"txt":{"insertions":5,"deletions":0},"java":{"insertions":162,"deletions":43}}}]},{"date":"2023-08-30","commitResults":[{"hash":"8ccf3c92ff2808ef8fabcfac4332a05b91a936ca","isMergeCommit":false,"messageTitle":"undo commit","messageBody":"","fileTypesAndContributionMap":{"txt":{"insertions":5,"deletions":0},"java":{"insertions":162,"deletions":43}}},{"hash":"f4be53b0cb734220df602d1dfebd91cc7d7ff16a","isMergeCommit":false,"messageTitle":"Implement Date recognition for deadlines","messageBody":"","fileTypesAndContributionMap":{"txt":{"insertions":1,"deletions":2},"java":{"insertions":34,"deletions":9}}},{"hash":"322c85152f4601d14321f888d74e9aa926aa30dc","isMergeCommit":true,"messageTitle":"Merge branch \u0027branch-Level-8\u0027","messageBody":"","tags":["Level-8"],"fileTypesAndContributionMap":{}},{"hash":"13740e920d734e3807915089d5845152156cff00","isMergeCommit":false,"messageTitle":"Add more OOP","messageBody":"","tags":["A-MoreOOP"],"fileTypesAndContributionMap":{"txt":{"insertions":1,"deletions":0},"java":{"insertions":410,"deletions":317}}},{"hash":"c4a0471f393374b709e7870adfb17aff4a8c90cd","isMergeCommit":false,"messageTitle":"Organise files into packages","messageBody":"","tags":["A-Packges"],"fileTypesAndContributionMap":{"java":{"insertions":40,"deletions":0}}},{"hash":"a628cc2baa0521b82d931074ebe6ba8aec620f8d","isMergeCommit":true,"messageTitle":"Merge remote-tracking branch \u0027origin/add-gradle-support\u0027","messageBody":"","fileTypesAndContributionMap":{}},{"hash":"af03fbf18071439df5690966cd5bbf1e759620de","isMergeCommit":false,"messageTitle":"Revert \"Merge remote-tracking branch \u0027origin/add-gradle-support\u0027\"","messageBody":"This reverts commit a628cc2baa0521b82d931074ebe6ba8aec620f8d, reversing\nchanges made to c4a0471f393374b709e7870adfb17aff4a8c90cd.\n","fileTypesAndContributionMap":{"gradle":{"insertions":0,"deletions":42},"sh":{"insertions":0,"deletions":0}}}]}]},"authorFileTypeContributionMap":{"GohTengFong":{"java":616,"md":0,"fxml":0,"sh":0,"bat":0,"gradle":0,"txt":12}},"authorContributionVariance":{"GohTengFong":84115.75},"authorDisplayNameMap":{"GohTengFong":"CS2103T-W16-4 GOH ..FONG"}}
