{"authorDailyContributionsMap":{"GohTengFong":[{"date":"2023-08-22","commitResults":[{"hash":"a78f9b0767fd3490b24bfbc0f0deed233d66b3a1","isMergeCommit":false,"messageTitle":"Completed Level-0","messageBody":"","tags":["Level-0"],"fileTypesAndContributionMap":{"java":{"insertions":8,"deletions":6}}},{"hash":"2229afc528474dcc7d30c11dfd05908a852869b3","isMergeCommit":false,"messageTitle":"Completed Level-1","messageBody":"","tags":["Level-1"],"fileTypesAndContributionMap":{"java":{"insertions":38,"deletions":2}}},{"hash":"c30b713bfea07d89bc6d7b9990174a9900c4d38b","isMergeCommit":false,"messageTitle":"Completed Level-2","messageBody":"","tags":["Level-2"],"fileTypesAndContributionMap":{"java":{"insertions":35,"deletions":9}}},{"hash":"47891dce21efdbea9ba1ed376d00787d2240adc4","isMergeCommit":false,"messageTitle":"Completed Level-3","messageBody":"","tags":["Level-3"],"fileTypesAndContributionMap":{"java":{"insertions":53,"deletions":4}}},{"hash":"8df02a97962a8b19483ff1b5133a36a7fe5bba53","isMergeCommit":false,"messageTitle":"Completed Level-4","messageBody":"","tags":["Level-4"],"fileTypesAndContributionMap":{"java":{"insertions":72,"deletions":5}}},{"hash":"d29f30da720af56fa0adfbfa1d31e5d399a46080","isMergeCommit":false,"messageTitle":"Completed Level-5","messageBody":"","tags":["Level-5","A-TextUiTesting"],"fileTypesAndContributionMap":{"txt":{"insertions":6,"deletions":0},"java":{"insertions":2,"deletions":0}}},{"hash":"efbb4ea9517d22a94d820ae549c7de2f4ebce042","isMergeCommit":false,"messageTitle":"Completed Level-6","messageBody":"","tags":["Level-6"],"fileTypesAndContributionMap":{"java":{"insertions":117,"deletions":14}}}]},{"date":"2023-08-23","commitResults":[{"hash":"58c7925917c409aa354df89a0022c41565ae8050","isMergeCommit":false,"messageTitle":"Added enums","messageBody":"","fileTypesAndContributionMap":{"txt":{"insertions":1,"deletions":0},"java":{"insertions":110,"deletions":64}}},{"hash":"927da31b381b1fc0cbcb063cbe397aef64c40db5","isMergeCommit":false,"messageTitle":"testing","messageBody":"","fileTypesAndContributionMap":{"md":{"insertions":1,"deletions":0}}},{"hash":"2bd4615d6d57dcd7d9bf3a40adf768a0a31079c9","isMergeCommit":false,"messageTitle":"testing","messageBody":"","fileTypesAndContributionMap":{"md":{"insertions":0,"deletions":1}}}]},{"date":"2023-08-29","commitResults":[{"hash":"f56878572d3e674925c2dff9b4ccdae7405ad122","isMergeCommit":false,"messageTitle":"Add Level-7","messageBody":"","tags":["Level-7"],"fileTypesAndContributionMap":{"txt":{"insertions":5,"deletions":0},"java":{"insertions":162,"deletions":43}}}]},{"date":"2023-08-30","commitResults":[{"hash":"8ccf3c92ff2808ef8fabcfac4332a05b91a936ca","isMergeCommit":false,"messageTitle":"undo commit","messageBody":"","fileTypesAndContributionMap":{"txt":{"insertions":5,"deletions":0},"java":{"insertions":162,"deletions":43}}},{"hash":"f4be53b0cb734220df602d1dfebd91cc7d7ff16a","isMergeCommit":false,"messageTitle":"Implement Date recognition for deadlines","messageBody":"","fileTypesAndContributionMap":{"txt":{"insertions":1,"deletions":2},"java":{"insertions":34,"deletions":9}}},{"hash":"322c85152f4601d14321f888d74e9aa926aa30dc","isMergeCommit":true,"messageTitle":"Merge branch \u0027branch-Level-8\u0027","messageBody":"","tags":["Level-8"],"fileTypesAndContributionMap":{}},{"hash":"13740e920d734e3807915089d5845152156cff00","isMergeCommit":false,"messageTitle":"Add more OOP","messageBody":"","tags":["A-MoreOOP"],"fileTypesAndContributionMap":{"txt":{"insertions":1,"deletions":0},"java":{"insertions":410,"deletions":317}}},{"hash":"c4a0471f393374b709e7870adfb17aff4a8c90cd","isMergeCommit":false,"messageTitle":"Organise files into packages","messageBody":"","tags":["A-Packages"],"fileTypesAndContributionMap":{"java":{"insertions":40,"deletions":0}}}]},{"date":"2023-08-31","commitResults":[{"hash":"8641d04a2e369cf2315cbf71131b82b497d6bec5","isMergeCommit":true,"messageTitle":"Merge branch \u0027add-gradle-support\u0027","messageBody":"","fileTypesAndContributionMap":{}},{"hash":"94dff8964d62b534b567637f2a7c429d4d288d27","isMergeCommit":false,"messageTitle":"Add gradle support","messageBody":"","tags":["A-Gradle"],"fileTypesAndContributionMap":{"gradle":{"insertions":1,"deletions":1}}}]},{"date":"2023-09-01","commitResults":[{"hash":"64619db12a8d75fe7c33805f8b6b1fe36d284342","isMergeCommit":false,"messageTitle":"Add JUnit Tests","messageBody":"","tags":["A-Jar","A-JUnit"],"fileTypesAndContributionMap":{"java":{"insertions":93,"deletions":3}}},{"hash":"90d045eb43b76a23c1794d20c2bc38f985804b6a","isMergeCommit":false,"messageTitle":"Add JavaDoc","messageBody":"","tags":["A-JavaDoc"],"fileTypesAndContributionMap":{"java":{"insertions":63,"deletions":0}}},{"hash":"e904c96b619262b6e9dc90601731d147dbaae618","isMergeCommit":false,"messageTitle":"Add find function","messageBody":"","tags":["Level-9"],"fileTypesAndContributionMap":{"java":{"insertions":53,"deletions":8}}}]},{"date":"2023-09-06","commitResults":[{"hash":"4d3b53fd43d8ba23199a2c2825376b2d23fe1643","isMergeCommit":false,"messageTitle":"Implement GUI","messageBody":"","tags":["Level-10"],"fileTypesAndContributionMap":{"gradle":{"insertions":22,"deletions":1},"fxml":{"insertions":37,"deletions":0},"java":{"insertions":268,"deletions":118}}}]},{"date":"2023-09-11","commitResults":[{"hash":"29891770c80001d95f93d2e62a82b8261e045499","isMergeCommit":false,"messageTitle":"Add assertions","messageBody":"","fileTypesAndContributionMap":{"java":{"insertions":28,"deletions":0}}},{"hash":"ea64e66bbfa8d1737447c3291ce958d9181a3d6c","isMergeCommit":true,"messageTitle":"Merge pull request #1 from GohTengFong/branch-A-Assertions","messageBody":"Add assertions","tags":["A-Assertions"],"fileTypesAndContributionMap":{}}]},{"date":"2023-09-12","commitResults":[{"hash":"d571e2776d157add00dfd54ea09fd36f5e10082d","isMergeCommit":false,"messageTitle":"Implement recurring tasks","messageBody":"","fileTypesAndContributionMap":{"txt":{"insertions":1,"deletions":0},"java":{"insertions":95,"deletions":7}}},{"hash":"441533cd878ba86e584af5647534d5d15742facf","isMergeCommit":true,"messageTitle":"Merge pull request #2 from GohTengFong/branch-B-RecurringTasks","messageBody":"Implement recurring tasks\r\n\r\nChatbot unable to support recurring tasks.\r\n\r\nRecurring task added as a new class.\r\n\r\nInheritance can be utilised especially with implementations in super class.\r\n\r\nAdd a new recurring task by using the following syntax : \"recur \u0027taskDescription\u0027 /every \u0027recurrence\u0027\"","tags":["BCD-Extension","A-FullCommitMessage"],"fileTypesAndContributionMap":{}}]},{"date":"2023-09-18","commitResults":[{"hash":"c320d2f55458089797f587db1a75303392ac1208","isMergeCommit":false,"messageTitle":"improve coding style","messageBody":"","tags":["A-CodingStandard"],"fileTypesAndContributionMap":{"java":{"insertions":20,"deletions":3}}},{"hash":"6e86c4ffeb60e76850324e069a25b51dc0032de3","isMergeCommit":false,"messageTitle":"Improve code quality","messageBody":"","tags":["A-CodeQuality"],"fileTypesAndContributionMap":{"java":{"insertions":84,"deletions":40}}}]},{"date":"2023-09-19","commitResults":[{"hash":"49d00f6ec105f5840a865ce1daf8daa63d36d3ea","isMergeCommit":false,"messageTitle":"Implement dynamic dialog box and background","messageBody":"","fileTypesAndContributionMap":{"fxml":{"insertions":1,"deletions":1},"java":{"insertions":7,"deletions":0}}},{"hash":"7c5d49d8949b69e4cae7824ed2b66800d5822f81","isMergeCommit":true,"messageTitle":"Merge branch \u0027branch-A-BetterGui\u0027","messageBody":"","tags":["A-BetterGui"],"fileTypesAndContributionMap":{}},{"hash":"78b2501d62a8fe1f03bbf1500d0ec951461d4b71","isMergeCommit":false,"messageTitle":"Add 7 new tests for newly added functions and classes","messageBody":"","fileTypesAndContributionMap":{"java":{"insertions":79,"deletions":0}}},{"hash":"7727be1aa3394f9ca61a65b89ddbb8b25f253a40","isMergeCommit":true,"messageTitle":"Merge branch \u0027branch-A-MoreTesting\u0027","messageBody":"","tags":["A-MoreTesting"],"fileTypesAndContributionMap":{}},{"hash":"23abda8e5b82a875fbc7757bfc5842b9bbe22446","isMergeCommit":false,"messageTitle":"Add userguide","messageBody":"","tags":["A-UserGuide"],"fileTypesAndContributionMap":{"txt":{"insertions":1,"deletions":1},"md":{"insertions":47,"deletions":20}}},{"hash":"2526922ddfb1e8ee3d2929ab8a681d1b9f01f184","isMergeCommit":false,"messageTitle":"Fix UG not rendering correctly","messageBody":"","fileTypesAndContributionMap":{"md":{"insertions":1,"deletions":0}}}]},{"date":"2023-09-20","commitResults":[{"hash":"aa5a72ba92dfbc06a695e4ed94fc87b7b6c52be5","isMergeCommit":false,"messageTitle":"Improve coding standard","messageBody":"","fileTypesAndContributionMap":{"txt":{"insertions":1,"deletions":1},"java":{"insertions":6,"deletions":2}}},{"hash":"864a79e0d81e9e10c16a467c0c6d832ed6e340f2","isMergeCommit":true,"messageTitle":"Merge branch \u0027branch-A-CodingStandard\u0027","messageBody":"","fileTypesAndContributionMap":{}},{"hash":"aab5323afa7c2f019f8bc89dc21268539fe1a94c","isMergeCommit":false,"messageTitle":"Improve code quality","messageBody":"","fileTypesAndContributionMap":{"java":{"insertions":6,"deletions":0}}},{"hash":"1241cf488c8036d5a67f68da27de14e8f7af65dd","isMergeCommit":true,"messageTitle":"Merge branch \u0027branch-A-CodeQuality\u0027","messageBody":"","fileTypesAndContributionMap":{}},{"hash":"e6d55720fcf31c5990d170c5eeb5fe8bea64964c","isMergeCommit":false,"messageTitle":"Bugfix","messageBody":"","fileTypesAndContributionMap":{"java":{"insertions":23,"deletions":2}}}]},{"date":"2023-09-21","commitResults":[{"hash":"823a9a39663ea320039d15153d4ce4680e525ff4","isMergeCommit":false,"messageTitle":"edit UG","messageBody":"","tags":["A-Release"],"fileTypesAndContributionMap":{"md":{"insertions":1,"deletions":1}}}]}]},"authorFileTypeContributionMap":{"GohTengFong":{"java":1258,"md":48,"fxml":37,"sh":0,"bat":0,"gradle":22,"txt":13}},"authorContributionVariance":{"GohTengFong":37814.312},"authorDisplayNameMap":{"GohTengFong":"CS2103T-W16-4 GOH ..FONG"}}
