{"authorDailyContributionsMap":{"mingyuanc":[{"date":"2023-08-21","commitResults":[{"hash":"e66b6547b5769b8505b1998cb87b4cc31812db2f","isMergeCommit":false,"messageTitle":"Renamed, Greet and exited","messageBody":"","fileTypesAndContributionMap":{"java":{"insertions":32,"deletions":0}}},{"hash":"d04adc13d1f03d5970e1cc76dc9df46ffeda1d9c","isMergeCommit":false,"messageTitle":"renamed Duke","messageBody":"","fileTypesAndContributionMap":{"java":{"insertions":0,"deletions":10}}},{"hash":"9e79a98e7dab22bf0f1486a04182c5b8f1fd5c9e","isMergeCommit":false,"messageTitle":"updated logo","messageBody":"","tags":["Level-0"],"fileTypesAndContributionMap":{"java":{"insertions":30,"deletions":8}}},{"hash":"018270d8a28f10decb26b556158ecce939a721bb","isMergeCommit":false,"messageTitle":"Implemented Echo into Quack","messageBody":"","fileTypesAndContributionMap":{"java":{"insertions":70,"deletions":29}}},{"hash":"ca20218bec2eb88d678ff8a6bdfb663047cc27c7","isMergeCommit":false,"messageTitle":"added final to constants","messageBody":"","tags":["Level-1"],"fileTypesAndContributionMap":{"java":{"insertions":5,"deletions":5}}},{"hash":"96191bddf3883e5b5ce24c9d91b9fa057711cdac","isMergeCommit":false,"messageTitle":"added the ability to store and access inputed text","messageBody":"","tags":["Level-2"],"fileTypesAndContributionMap":{"java":{"insertions":47,"deletions":9}}},{"hash":"e26903244ed14a6968abeb47f60be5c633d599d2","isMergeCommit":false,"messageTitle":"created a class task to store the task","messageBody":"","fileTypesAndContributionMap":{"java":{"insertions":49,"deletions":0}}},{"hash":"9f531379ce92879ce6858c5dc7bf2952286f0005","isMergeCommit":false,"messageTitle":"finished level3","messageBody":"","tags":["Level-3"],"fileTypesAndContributionMap":{"java":{"insertions":62,"deletions":28}}},{"hash":"4e3cbc8f3ebc7527a45197e14a8d3c3e5636cca6","isMergeCommit":false,"messageTitle":"updated output messages","messageBody":"","fileTypesAndContributionMap":{"java":{"insertions":2,"deletions":1}}}]},{"date":"2023-08-22","commitResults":[{"hash":"47e6ec7dcc791918565f95bbbcf0651fda3109ba","isMergeCommit":false,"messageTitle":"implemented subclasses for tasks","messageBody":"","fileTypesAndContributionMap":{"java":{"insertions":71,"deletions":0}}},{"hash":"3083a13b9def0a4a9fa8737a58fe6c147f8af1a0","isMergeCommit":false,"messageTitle":"created enum for possible commands","messageBody":"","fileTypesAndContributionMap":{"java":{"insertions":12,"deletions":0}}},{"hash":"b46ab61049da3f141ad973b5ac72a4113986c29f","isMergeCommit":false,"messageTitle":"Implemented a parser class to handle inputs","messageBody":"","tags":["Level-4"],"fileTypesAndContributionMap":{"java":{"insertions":226,"deletions":19}}},{"hash":"841e53529c80e1a62c42ed43cd661884823c213a","isMergeCommit":false,"messageTitle":"added text ui testing","messageBody":"","tags":["A-TextUiTesting"],"fileTypesAndContributionMap":{"txt":{"insertions":16,"deletions":0},"java":{"insertions":55,"deletions":54}}},{"hash":"af459c8ab031fcbdec60794238516e0b2ecfdf42","isMergeCommit":false,"messageTitle":"added error handling","messageBody":"","fileTypesAndContributionMap":{"java":{"insertions":55,"deletions":41}}},{"hash":"27e3c89ab2939bacaf44a5396c4567d6b165d287","isMergeCommit":false,"messageTitle":"Removed redundent field","messageBody":"","fileTypesAndContributionMap":{"java":{"insertions":14,"deletions":24}}},{"hash":"a9571e6e73a93590a1ca131f932f3097815d9a3f","isMergeCommit":false,"messageTitle":"handled error where input cannot be casted to int","messageBody":"","fileTypesAndContributionMap":{"java":{"insertions":46,"deletions":19}}},{"hash":"8b5cc1bd17500e0bcbbca73f8fae2f838645f794","isMergeCommit":false,"messageTitle":"edited error message to be more clear","messageBody":"","tags":["Level-5"],"fileTypesAndContributionMap":{"java":{"insertions":1,"deletions":0}}},{"hash":"8d3aaa46751785590f3644fe5a62b7cba606a3eb","isMergeCommit":false,"messageTitle":"updated tests to include delete command","messageBody":"","fileTypesAndContributionMap":{"txt":{"insertions":4,"deletions":0}}},{"hash":"e5f0ae0612929d00b76c298363424c824e7bb222","isMergeCommit":false,"messageTitle":"added delete to enum","messageBody":"","fileTypesAndContributionMap":{"java":{"insertions":25,"deletions":0}}},{"hash":"a92e224d06ea850b264171b49156ce0270adbb82","isMergeCommit":false,"messageTitle":"handled the additional delete command","messageBody":"","fileTypesAndContributionMap":{"java":{"insertions":36,"deletions":6}}},{"hash":"4f068bc98c7684a4ccef6f1cfe30814ed1abd250","isMergeCommit":false,"messageTitle":"added delete into list of possible commands","messageBody":"","tags":["Level-6","A-Enums"],"fileTypesAndContributionMap":{"java":{"insertions":2,"deletions":1}}}]},{"date":"2023-08-29","commitResults":[{"hash":"dfc95660784e72f946616aa377c29fd9c3e9f110","isMergeCommit":false,"messageTitle":"Fix parser bug","messageBody":"","fileTypesAndContributionMap":{"java":{"insertions":25,"deletions":31}}},{"hash":"4eab7ac2d3a6f5ef645c969cb296d82d0becca1e","isMergeCommit":false,"messageTitle":"add final to constants","messageBody":"","fileTypesAndContributionMap":{"java":{"insertions":29,"deletions":29}}},{"hash":"4dff6375b8cf2a25360f68f554aac4f2ce504489","isMergeCommit":false,"messageTitle":"Updated docs","messageBody":"","fileTypesAndContributionMap":{"java":{"insertions":5,"deletions":2}}},{"hash":"390e105244dea9c8a32b9b333a8e4143c15242a3","isMergeCommit":false,"messageTitle":"add input field","messageBody":"","fileTypesAndContributionMap":{"java":{"insertions":37,"deletions":24}}},{"hash":"ba45be07366f1b96889d2eb2fc98498688b9edf5","isMergeCommit":false,"messageTitle":"create Storage class","messageBody":"","fileTypesAndContributionMap":{"java":{"insertions":145,"deletions":0}}},{"hash":"0d79929379b3a4810528e996243f320b5cabb490","isMergeCommit":false,"messageTitle":"update name","messageBody":"","fileTypesAndContributionMap":{"java":{"insertions":2,"deletions":2}}},{"hash":"36f695be12e6b04071d853f94bc14eb34ca20c0f","isMergeCommit":false,"messageTitle":"update name","messageBody":"","fileTypesAndContributionMap":{"java":{"insertions":22,"deletions":17}}},{"hash":"775ef2c418632fa28aaa6d77afce9b116f4d0347","isMergeCommit":false,"messageTitle":"implement storage class for persistent storage","messageBody":"","fileTypesAndContributionMap":{"java":{"insertions":145,"deletions":49}}},{"hash":"65cdb1bc8d58bf6e29a65adb8de528d212781971","isMergeCommit":true,"messageTitle":"Merge Level-7","messageBody":"","tags":["Level-7"],"fileTypesAndContributionMap":{}},{"hash":"6f2cb7d89937a046be2158d2a68a23e049cda5f6","isMergeCommit":false,"messageTitle":"implement date time parameter","messageBody":"","fileTypesAndContributionMap":{"java":{"insertions":43,"deletions":14}}},{"hash":"6e9b78699854a4d84dc57702d6df15204a454c36","isMergeCommit":true,"messageTitle":"Merge Level-8","messageBody":"","tags":["Level-8"],"fileTypesAndContributionMap":{}},{"hash":"1acc40d9b159d626832ab8b75ab16e0f10bb9740","isMergeCommit":false,"messageTitle":"create Ui class to handle ui operations","messageBody":"","fileTypesAndContributionMap":{"java":{"insertions":139,"deletions":0}}},{"hash":"214c5222cdb6c95827e68edc7445b3bdac90f228","isMergeCommit":false,"messageTitle":"create task list class to handle  operations","messageBody":"","fileTypesAndContributionMap":{"java":{"insertions":66,"deletions":0}}},{"hash":"cc0535be0b02e5f7ea5b9240ef53f05980a9babb","isMergeCommit":false,"messageTitle":"create exception to represent loading issues","messageBody":"","fileTypesAndContributionMap":{"java":{"insertions":13,"deletions":0}}},{"hash":"5caed8250634045df096359d805ae48a7f16b9d9","isMergeCommit":false,"messageTitle":"implemente more OOP","messageBody":"","fileTypesAndContributionMap":{"java":{"insertions":70,"deletions":124}}}]},{"date":"2023-08-30","commitResults":[{"hash":"2468600cb67c4008335ea1207c2bc3f7ab2f6bf0","isMergeCommit":false,"messageTitle":"fix task not storing marked bug","messageBody":"","fileTypesAndContributionMap":{"java":{"insertions":187,"deletions":61}}},{"hash":"6cea953c0174964f3d43150929093c4bf97b2e46","isMergeCommit":false,"messageTitle":"Update Tasks files naming and fixed bugs","messageBody":"","fileTypesAndContributionMap":{"java":{"insertions":45,"deletions":23}}},{"hash":"72183a794cfc77614c894e813de75496bb2a657c","isMergeCommit":false,"messageTitle":"Encapsulate command in their own class","messageBody":"","fileTypesAndContributionMap":{"java":{"insertions":479,"deletions":0}}},{"hash":"2dd0803ef5adaae49f24a37636117b3f3ec9dc99","isMergeCommit":false,"messageTitle":"Move code around to follow OOP","messageBody":"","fileTypesAndContributionMap":{"java":{"insertions":139,"deletions":320}}},{"hash":"7c7e61403231c50c0a1b4bd059ec7a9a1536941a","isMergeCommit":false,"messageTitle":"Deleted Commands.java","messageBody":"","fileTypesAndContributionMap":{"java":{"insertions":0,"deletions":37}}},{"hash":"95207a91d09b7802547cb7f86835bdca771ac478","isMergeCommit":true,"messageTitle":"Merge A-MoreOOP","messageBody":"","tags":["A-MoreOOP"],"fileTypesAndContributionMap":{}},{"hash":"b58210bc3bcf06f5ba1b2a7b4a4deb84dc7e851e","isMergeCommit":false,"messageTitle":"Refactor into packages","messageBody":"","fileTypesAndContributionMap":{"java":{"insertions":156,"deletions":35},"bat":{"insertions":1,"deletions":1},"md":{"insertions":13,"deletions":8}}},{"hash":"b279c1f9e833d5b3ae9ef355aa97c7ab5e010a75","isMergeCommit":true,"messageTitle":"Merge A-Packages","messageBody":"","tags":["A-Packages"],"fileTypesAndContributionMap":{}},{"hash":"96eafa077e1f7bed9193d74785c8d3f3bcbef1db","isMergeCommit":false,"messageTitle":"added gradle support","messageBody":"","fileTypesAndContributionMap":{"gradle":{"insertions":5,"deletions":0}}},{"hash":"b6a0899fbcf5ea0824bb1acddddb3812b2c0bfda","isMergeCommit":false,"messageTitle":"add checkstyle support","messageBody":"","fileTypesAndContributionMap":{"txt":{"insertions":1,"deletions":0}}},{"hash":"4a6b10fbddfb3f5a558f87e9d2c62f46b5a49b13","isMergeCommit":true,"messageTitle":"Merge add-gradle-support","messageBody":"","tags":["A-Gradle"],"fileTypesAndContributionMap":{}},{"hash":"e745e304428add280b4ff0fc49ee7a6a8cfabe31","isMergeCommit":false,"messageTitle":"add junit test to gradle","messageBody":"","fileTypesAndContributionMap":{"gradle":{"insertions":9,"deletions":0}}},{"hash":"3bcffe1f0ac4b93adb5abcde63df0da95b281c8f","isMergeCommit":false,"messageTitle":"fix checkstyle error","messageBody":"","fileTypesAndContributionMap":{"java":{"insertions":147,"deletions":109}}},{"hash":"83dd3f9438270e2fcf71f2bd351909269ad7bbd5","isMergeCommit":false,"messageTitle":"add equals method for testing","messageBody":"","fileTypesAndContributionMap":{"java":{"insertions":122,"deletions":1}}},{"hash":"0c4840e2b880828f32bb5d20d9b10b1b42e94e53","isMergeCommit":false,"messageTitle":"add date.txt to git ignore","messageBody":"","fileTypesAndContributionMap":{"java":{"insertions":33,"deletions":0}}}]},{"date":"2023-08-31","commitResults":[{"hash":"a19b2b4c46ebce9132c626e04bb102ac463cd047","isMergeCommit":false,"messageTitle":"implement parser test","messageBody":"","fileTypesAndContributionMap":{"java":{"insertions":93,"deletions":4}}},{"hash":"be995df3eb6410bc0fd2c00a0fa24d3a85507233","isMergeCommit":false,"messageTitle":"fix bug","messageBody":"","fileTypesAndContributionMap":{"java":{"insertions":2,"deletions":2}}},{"hash":"e7f6bb6dc59c0688af87309683fc509530598db3","isMergeCommit":false,"messageTitle":"follow checkstyle","messageBody":"","fileTypesAndContributionMap":{"java":{"insertions":69,"deletions":62}}},{"hash":"0642a609cd80193ab7dca1ce4f9b73e598d1a6bc","isMergeCommit":false,"messageTitle":"implement unit test for storage","messageBody":"","fileTypesAndContributionMap":{"java":{"insertions":46,"deletions":0}}},{"hash":"b026d633067fd562d989cd633d1f50ba8e89a5b9","isMergeCommit":false,"messageTitle":"implement unit test for storage","messageBody":"","fileTypesAndContributionMap":{"txt":{"insertions":6,"deletions":0}}},{"hash":"168f91b5f5c980f99496901bc036d69fb98a2dcc","isMergeCommit":false,"messageTitle":"implement junit test for Task","messageBody":"","fileTypesAndContributionMap":{"java":{"insertions":35,"deletions":0}}},{"hash":"66e16a79b5b85ee8d6ebb889c3a131966e6933cf","isMergeCommit":false,"messageTitle":"remove data.txt","messageBody":"","fileTypesAndContributionMap":{"txt":{"insertions":0,"deletions":1}}},{"hash":"95db3f4dc3f56eb80aca8cc83ede52edc0d0d068","isMergeCommit":false,"messageTitle":"fix edge case of empty string","messageBody":"","fileTypesAndContributionMap":{"java":{"insertions":5,"deletions":4}}},{"hash":"5afc9b0ee762140660eb189ca9bd9b2f14c1762d","isMergeCommit":true,"messageTitle":"Merge branch-A-JUnit","messageBody":"","tags":["A-Jar","A-JUnit"],"fileTypesAndContributionMap":{}},{"hash":"da8dffa9ed5d09fc80fa0b5378693de0651cd2c0","isMergeCommit":false,"messageTitle":"add javadocs","messageBody":"","tags":["A-JavaDoc"],"fileTypesAndContributionMap":{"java":{"insertions":46,"deletions":33}}},{"hash":"ff3de88be4447e728dfe65dae74a396a426a94e4","isMergeCommit":false,"messageTitle":"check checkstyle","messageBody":"","tags":["A-CodingStandard"],"fileTypesAndContributionMap":{"java":{"insertions":45,"deletions":45}}},{"hash":"4e0bb4f55bb7b17f201b929cafb0bc47e7aeb797","isMergeCommit":false,"messageTitle":"Add find command","messageBody":"","fileTypesAndContributionMap":{"java":{"insertions":99,"deletions":3}}},{"hash":"380f625162693b3c955038619d7ca7423d1f554b","isMergeCommit":false,"messageTitle":"Add find command testcases","messageBody":"","tags":["Level-9"],"fileTypesAndContributionMap":{"java":{"insertions":5,"deletions":1}}},{"hash":"568cc162a9a7969aa4d7dc98e55265577bba5d72","isMergeCommit":true,"messageTitle":"Merge branch-Level-9","messageBody":"","fileTypesAndContributionMap":{}},{"hash":"05afe6d68c691171347124b958bf3b0c862cf240","isMergeCommit":true,"messageTitle":"Merge branch-A-CodingStandard","messageBody":"","fileTypesAndContributionMap":{}},{"hash":"6b867b7e6c87ef6a62a73b4ccef95971f0fc5155","isMergeCommit":true,"messageTitle":"Merge branch-A-JavaDoc","messageBody":"","fileTypesAndContributionMap":{}},{"hash":"41ba9972533791ea3dc917e5624850cf6f915c2f","isMergeCommit":false,"messageTitle":"fix indentation for checkstyle","messageBody":"","fileTypesAndContributionMap":{"java":{"insertions":48,"deletions":48}}}]}]},"authorFileTypeContributionMap":{"mingyuanc":{"java":2062,"md":10,"fxml":0,"sh":0,"bat":1,"gradle":14,"txt":26}},"authorContributionVariance":{"mingyuanc":309864.5},"authorDisplayNameMap":{"mingyuanc":"CS2103T-W15-2 CHIN..YUAN"}}
