{"authorDailyContributionsMap":{"mingyuanc":[{"date":"2023-08-21","commitResults":[{"hash":"e66b6547b5769b8505b1998cb87b4cc31812db2f","isMergeCommit":false,"messageTitle":"Renamed, Greet and exited","messageBody":"","fileTypesAndContributionMap":{"java":{"insertions":32,"deletions":0}}},{"hash":"d04adc13d1f03d5970e1cc76dc9df46ffeda1d9c","isMergeCommit":false,"messageTitle":"renamed Duke","messageBody":"","fileTypesAndContributionMap":{"java":{"insertions":0,"deletions":10}}},{"hash":"9e79a98e7dab22bf0f1486a04182c5b8f1fd5c9e","isMergeCommit":false,"messageTitle":"updated logo","messageBody":"","tags":["Level-0"],"fileTypesAndContributionMap":{"java":{"insertions":30,"deletions":8}}},{"hash":"018270d8a28f10decb26b556158ecce939a721bb","isMergeCommit":false,"messageTitle":"Implemented Echo into Quack","messageBody":"","fileTypesAndContributionMap":{"java":{"insertions":70,"deletions":29}}},{"hash":"ca20218bec2eb88d678ff8a6bdfb663047cc27c7","isMergeCommit":false,"messageTitle":"added final to constants","messageBody":"","tags":["Level-1"],"fileTypesAndContributionMap":{"java":{"insertions":5,"deletions":5}}},{"hash":"96191bddf3883e5b5ce24c9d91b9fa057711cdac","isMergeCommit":false,"messageTitle":"added the ability to store and access inputed text","messageBody":"","tags":["Level-2"],"fileTypesAndContributionMap":{"java":{"insertions":47,"deletions":9}}},{"hash":"e26903244ed14a6968abeb47f60be5c633d599d2","isMergeCommit":false,"messageTitle":"created a class task to store the task","messageBody":"","fileTypesAndContributionMap":{"java":{"insertions":49,"deletions":0}}},{"hash":"9f531379ce92879ce6858c5dc7bf2952286f0005","isMergeCommit":false,"messageTitle":"finished level3","messageBody":"","tags":["Level-3"],"fileTypesAndContributionMap":{"java":{"insertions":62,"deletions":28}}},{"hash":"4e3cbc8f3ebc7527a45197e14a8d3c3e5636cca6","isMergeCommit":false,"messageTitle":"updated output messages","messageBody":"","fileTypesAndContributionMap":{"java":{"insertions":2,"deletions":1}}}]},{"date":"2023-08-22","commitResults":[{"hash":"47e6ec7dcc791918565f95bbbcf0651fda3109ba","isMergeCommit":false,"messageTitle":"implemented subclasses for tasks","messageBody":"","fileTypesAndContributionMap":{"java":{"insertions":71,"deletions":0}}},{"hash":"3083a13b9def0a4a9fa8737a58fe6c147f8af1a0","isMergeCommit":false,"messageTitle":"created enum for possible commands","messageBody":"","fileTypesAndContributionMap":{"java":{"insertions":12,"deletions":0}}},{"hash":"b46ab61049da3f141ad973b5ac72a4113986c29f","isMergeCommit":false,"messageTitle":"Implemented a parser class to handle inputs","messageBody":"","tags":["Level-4"],"fileTypesAndContributionMap":{"java":{"insertions":226,"deletions":19}}},{"hash":"841e53529c80e1a62c42ed43cd661884823c213a","isMergeCommit":false,"messageTitle":"added text ui testing","messageBody":"","tags":["A-TextUiTesting"],"fileTypesAndContributionMap":{"txt":{"insertions":16,"deletions":0},"java":{"insertions":55,"deletions":54}}},{"hash":"af459c8ab031fcbdec60794238516e0b2ecfdf42","isMergeCommit":false,"messageTitle":"added error handling","messageBody":"","fileTypesAndContributionMap":{"java":{"insertions":55,"deletions":41}}},{"hash":"27e3c89ab2939bacaf44a5396c4567d6b165d287","isMergeCommit":false,"messageTitle":"Removed redundent field","messageBody":"","fileTypesAndContributionMap":{"java":{"insertions":14,"deletions":24}}},{"hash":"a9571e6e73a93590a1ca131f932f3097815d9a3f","isMergeCommit":false,"messageTitle":"handled error where input cannot be casted to int","messageBody":"","fileTypesAndContributionMap":{"java":{"insertions":46,"deletions":19}}},{"hash":"8b5cc1bd17500e0bcbbca73f8fae2f838645f794","isMergeCommit":false,"messageTitle":"edited error message to be more clear","messageBody":"","tags":["Level-5"],"fileTypesAndContributionMap":{"java":{"insertions":1,"deletions":0}}},{"hash":"8d3aaa46751785590f3644fe5a62b7cba606a3eb","isMergeCommit":false,"messageTitle":"updated tests to include delete command","messageBody":"","fileTypesAndContributionMap":{"txt":{"insertions":4,"deletions":0}}},{"hash":"e5f0ae0612929d00b76c298363424c824e7bb222","isMergeCommit":false,"messageTitle":"added delete to enum","messageBody":"","fileTypesAndContributionMap":{"java":{"insertions":25,"deletions":0}}},{"hash":"a92e224d06ea850b264171b49156ce0270adbb82","isMergeCommit":false,"messageTitle":"handled the additional delete command","messageBody":"","fileTypesAndContributionMap":{"java":{"insertions":36,"deletions":6}}},{"hash":"4f068bc98c7684a4ccef6f1cfe30814ed1abd250","isMergeCommit":false,"messageTitle":"added delete into list of possible commands","messageBody":"","tags":["Level-6","A-Enums"],"fileTypesAndContributionMap":{"java":{"insertions":2,"deletions":1}}}]}]},"authorFileTypeContributionMap":{"mingyuanc":{"java":592,"md":0,"fxml":0,"sh":0,"bat":0,"gradle":0,"txt":20}},"authorContributionVariance":{"mingyuanc":86019.766},"authorDisplayNameMap":{"mingyuanc":"CHIN..YUAN"}}
