{"authorDailyContributionsMap":{"yihfei":[{"date":"2023-08-23","commitResults":[{"hash":"fcc6b26f747d5e8e313199db12cf106a4126f54d","isMergeCommit":false,"messageTitle":"Level 0","messageBody":"","fileTypesAndContributionMap":{"java":{"insertions":5,"deletions":1}}}]},{"date":"2023-08-24","commitResults":[{"hash":"10abfe9ae2caf99c7306e17dbe399892281108e9","isMergeCommit":false,"messageTitle":"Level 1, 2, 3","messageBody":"","fileTypesAndContributionMap":{"java":{"insertions":82,"deletions":14}}},{"hash":"64af43f3a74952dc60fbfaf56c5255969a4ced03","isMergeCommit":false,"messageTitle":"level 4","messageBody":"","fileTypesAndContributionMap":{"java":{"insertions":91,"deletions":8}}},{"hash":"cb3297d2eb94834841f322670e9c57dee24dc809","isMergeCommit":false,"messageTitle":"Level 4","messageBody":"","fileTypesAndContributionMap":{"java":{"insertions":91,"deletions":8}}},{"hash":"160aa75183ebbe0b4ac4febcccb824852bb83c36","isMergeCommit":false,"messageTitle":"A-TextUiTesting and minor formatting","messageBody":"","fileTypesAndContributionMap":{"txt":{"insertions":8,"deletions":0},"java":{"insertions":61,"deletions":23},"sh":{"insertions":1,"deletions":1}}},{"hash":"be53780f0d31f925781a3160c31b082146ec1818","isMergeCommit":true,"messageTitle":"Merge branch \u0027master\u0027 of github.com:yihfei/ip","messageBody":"","fileTypesAndContributionMap":{}}]}]},"authorFileTypeContributionMap":{"yihfei":{"java":205,"md":0,"fxml":0,"sh":1,"bat":0,"gradle":0,"txt":8}},"authorContributionVariance":{"yihfei":18343.348},"authorDisplayNameMap":{"yihfei":"LIM .. FEI"}}
