{"authorDailyContributionsMap":{"yihfei":[{"date":"2023-08-23","commitResults":[{"hash":"fcc6b26f747d5e8e313199db12cf106a4126f54d","isMergeCommit":false,"messageTitle":"Level 0","messageBody":"","tags":["Level-0"],"fileTypesAndContributionMap":{"java":{"insertions":5,"deletions":1}}}]},{"date":"2023-08-24","commitResults":[{"hash":"10abfe9ae2caf99c7306e17dbe399892281108e9","isMergeCommit":false,"messageTitle":"Level 1, 2, 3","messageBody":"","tags":["Level-3","Level-2","Level-1"],"fileTypesAndContributionMap":{"java":{"insertions":82,"deletions":14}}},{"hash":"64af43f3a74952dc60fbfaf56c5255969a4ced03","isMergeCommit":false,"messageTitle":"level 4","messageBody":"","fileTypesAndContributionMap":{"java":{"insertions":91,"deletions":8}}},{"hash":"cb3297d2eb94834841f322670e9c57dee24dc809","isMergeCommit":false,"messageTitle":"Level 4","messageBody":"","tags":["Level-4"],"fileTypesAndContributionMap":{"java":{"insertions":91,"deletions":8}}},{"hash":"160aa75183ebbe0b4ac4febcccb824852bb83c36","isMergeCommit":false,"messageTitle":"A-TextUiTesting and minor formatting","messageBody":"","tags":["A-TextUiTesting"],"fileTypesAndContributionMap":{"txt":{"insertions":8,"deletions":0},"java":{"insertions":61,"deletions":23},"sh":{"insertions":1,"deletions":1}}},{"hash":"be53780f0d31f925781a3160c31b082146ec1818","isMergeCommit":true,"messageTitle":"Merge branch \u0027master\u0027 of github.com:yihfei/ip","messageBody":"","fileTypesAndContributionMap":{}}]},{"date":"2023-08-25","commitResults":[{"hash":"dec99c59c692d2050de3cb3a1a920212c37a6c1d","isMergeCommit":false,"messageTitle":"Level 5","messageBody":"","tags":["Level-5"],"fileTypesAndContributionMap":{"java":{"insertions":117,"deletions":50}}},{"hash":"d2fd980dfeadd915283587253cfd579cda05b42a","isMergeCommit":false,"messageTitle":"Level 6","messageBody":"","tags":["Level-6"],"fileTypesAndContributionMap":{"txt":{"insertions":1,"deletions":0},"java":{"insertions":38,"deletions":29}}}]},{"date":"2023-08-29","commitResults":[{"hash":"eb070ee316eb13265d12c6a5250db572c5c4acf4","isMergeCommit":false,"messageTitle":"Add TaskList","messageBody":"","fileTypesAndContributionMap":{"java":{"insertions":59,"deletions":44}}},{"hash":"76dda8a429ea325c7546ba7134c5fd60d38814ee","isMergeCommit":false,"messageTitle":"Add save functionality to TaskList","messageBody":"","fileTypesAndContributionMap":{"java":{"insertions":71,"deletions":17}}},{"hash":"4b4195de5af9c12437ab268c8a185dade579c8f6","isMergeCommit":false,"messageTitle":"Change TaskList to handle missing data file","messageBody":"","fileTypesAndContributionMap":{"java":{"insertions":9,"deletions":6}}},{"hash":"6e678c4e3bac7c457b3dd236aaf690d3be1e577c","isMergeCommit":true,"messageTitle":"Merge level 7 branch with master branch","messageBody":"","tags":["Level-7"],"fileTypesAndContributionMap":{}}]},{"date":"2023-08-30","commitResults":[{"hash":"188c067c90d29dac420155d53791bfcad1799caf","isMergeCommit":false,"messageTitle":"Add TimeParser class to handle Strings of date and time","messageBody":"","fileTypesAndContributionMap":{"txt":{"insertions":4,"deletions":2},"java":{"insertions":63,"deletions":14}}},{"hash":"d5cd5c60c707c01c4d94b6f7321eb61fc530b711","isMergeCommit":true,"messageTitle":"Merge branch-level-8 to master","messageBody":"","tags":["Level-8"],"fileTypesAndContributionMap":{}}]},{"date":"2023-08-31","commitResults":[{"hash":"bf532376c0852740f77d57a7d0d63fd53b684727","isMergeCommit":false,"messageTitle":"Add Ui and Parser classes to handle user interactions and commands respectively","messageBody":"","fileTypesAndContributionMap":{"txt":{"insertions":0,"deletions":2},"java":{"insertions":163,"deletions":135}}},{"hash":"368db40bcc18a47119f26c9ffbb089d65eb5b375","isMergeCommit":false,"messageTitle":"Add Storage class and organise packages","messageBody":"","fileTypesAndContributionMap":{"java":{"insertions":154,"deletions":100}}},{"hash":"4370075ea03aef483f1c3889711b9af28dacb89c","isMergeCommit":true,"messageTitle":"Merge branch-oop to master","messageBody":"","tags":["A-MoreOOP"],"fileTypesAndContributionMap":{}}]},{"date":"2023-09-01","commitResults":[{"hash":"284c5155310938c80b1c773f2670be9b695942be","isMergeCommit":false,"messageTitle":"Organise packages","messageBody":"","fileTypesAndContributionMap":{"java":{"insertions":7,"deletions":8}}},{"hash":"6d51538aa73b7c6d243b377ed3c01a89957c908f","isMergeCommit":true,"messageTitle":"Merge branch-packages to master","messageBody":"","tags":["A-Packages"],"fileTypesAndContributionMap":{}},{"hash":"2bcac05cdfd06a59bc47d8d36153818c792b2f50","isMergeCommit":true,"messageTitle":"Merge master to add-gradle-support","messageBody":"","fileTypesAndContributionMap":{}},{"hash":"fa7409e2f8a6d1ed768a509cd9ea6f19bfc5fce7","isMergeCommit":false,"messageTitle":"Add gradle with basic run functionality","messageBody":"","fileTypesAndContributionMap":{"gradle":{"insertions":1,"deletions":1}}},{"hash":"fb66dc3f28e9948c288f0d49e1572e7d806374d4","isMergeCommit":true,"messageTitle":"Merge add-gradle-support to master","messageBody":"","tags":["A-Gradle"],"fileTypesAndContributionMap":{}},{"hash":"e3d99d40adb31a0653faa519f283aedf858d9f2e","isMergeCommit":false,"messageTitle":"Organise packages into haste package","messageBody":"","fileTypesAndContributionMap":{"java":{"insertions":0,"deletions":0}}},{"hash":"ccfd853c6a8f99313c3a5ba726102c767d33d323","isMergeCommit":false,"messageTitle":"Fix minor bug","messageBody":"","fileTypesAndContributionMap":{"java":{"insertions":55,"deletions":38}}}]}]},"authorFileTypeContributionMap":{"yihfei":{"java":500,"md":0,"fxml":0,"sh":1,"bat":0,"gradle":1,"txt":9}},"authorContributionVariance":{"yihfei":27153.182},"authorDisplayNameMap":{"yihfei":"CS2103T-F10-4 LIM .. FEI"}}
