{"authorDailyContributionsMap":{"JeremyYong128":[{"date":"2023-08-24","commitResults":[{"hash":"56cb8b8d76779172e10520b5ea8e37e3bf0e25cb","isMergeCommit":false,"messageTitle":"Increment: Level-0","messageBody":"","tags":["Level-1"],"fileTypesAndContributionMap":{"java":{"insertions":7,"deletions":0}}},{"hash":"68ba3fae8ce309506b24fdac849c0766bd163f17","isMergeCommit":false,"messageTitle":"Increment: Level-1","messageBody":"","tags":["Level-2"],"fileTypesAndContributionMap":{"java":{"insertions":12,"deletions":0}}},{"hash":"be50c4972b9c360b58dd4ab17f82094b22795627","isMergeCommit":false,"messageTitle":"Increment: Level-2","messageBody":"","tags":["Level-3"],"fileTypesAndContributionMap":{"java":{"insertions":19,"deletions":4}}},{"hash":"d47d499a429f903af697fc7047d9e1759bb1a34a","isMergeCommit":false,"messageTitle":"Increment: Level-3","messageBody":"","tags":["Level-4"],"fileTypesAndContributionMap":{"java":{"insertions":37,"deletions":5}}},{"hash":"bce00342d690875f9489ca9547b518600e6ac14f","isMergeCommit":false,"messageTitle":"Increment: Level-4","messageBody":"","fileTypesAndContributionMap":{"java":{"insertions":93,"deletions":13}}},{"hash":"76fc6c9468bdd885d1dd0ea3fce144afeaa5303f","isMergeCommit":false,"messageTitle":"Increment: A-TextUiTesting","messageBody":"","tags":["Level-5","A-TextUiTesting"],"fileTypesAndContributionMap":{"txt":{"insertions":4,"deletions":0},"java":{"insertions":59,"deletions":40},"sh":{"insertions":1,"deletions":1}}},{"hash":"693ca049e5f69d80917272095ed41efdd7cbf3c1","isMergeCommit":false,"messageTitle":"Increment: A-TextUiTesting","messageBody":"","fileTypesAndContributionMap":{"java":{"insertions":3,"deletions":3}}},{"hash":"a2c916d48a7169da8aa92fe7ea8f2d8e3a6ba7f2","isMergeCommit":false,"messageTitle":"Increment: Level-5","messageBody":"","tags":["Level-6"],"fileTypesAndContributionMap":{"java":{"insertions":3,"deletions":3}}},{"hash":"4f6285b1fb654c6d9ceb29b91943e54e3e6ec0da","isMergeCommit":false,"messageTitle":"Increment: Level-6","messageBody":"","tags":["Level-7"],"fileTypesAndContributionMap":{"java":{"insertions":19,"deletions":11}}}]},{"date":"2023-08-31","commitResults":[{"hash":"b603106098200b6c1cca02857c06e23537e2b46b","isMergeCommit":false,"messageTitle":"Increment: Level-7","messageBody":"","tags":["Level-8"],"fileTypesAndContributionMap":{"java":{"insertions":158,"deletions":24}}},{"hash":"37c7d60ea7b6d4ea5800ce5f6072e737fe556723","isMergeCommit":false,"messageTitle":"Increment: Level-8","messageBody":"","tags":["A-MoreOOP"],"fileTypesAndContributionMap":{"java":{"insertions":219,"deletions":112}}},{"hash":"346652acdc56e893498a4b28e4cbd759299aec96","isMergeCommit":false,"messageTitle":"Increment: A-MoreOOP","messageBody":"","tags":["A-Packages"],"fileTypesAndContributionMap":{"java":{"insertions":194,"deletions":96}}},{"hash":"d3af56f5eed491dc816f6046d713de033ae89e83","isMergeCommit":false,"messageTitle":"Increment: A-Packages","messageBody":"","fileTypesAndContributionMap":{"java":{"insertions":46,"deletions":26},"bat":{"insertions":1,"deletions":1},"md":{"insertions":2,"deletions":2}}},{"hash":"c9c5d131fc47dd89b25fdbf7b43ec99595a51a05","isMergeCommit":true,"messageTitle":"Merge remote-tracking branch \u0027origin/add-gradle-support\u0027 into branch-Level-7","messageBody":"","tags":["A-Gradle"],"fileTypesAndContributionMap":{}},{"hash":"4022c39ff4f2b03f773fd9373b3658d1ffde8060","isMergeCommit":false,"messageTitle":"Increment: A-Gradle","messageBody":"","tags":["A-JUnit"],"fileTypesAndContributionMap":{"gradle":{"insertions":2,"deletions":1}}},{"hash":"5d5a88abd0ce428471faab19c68afc29b23ff9ef","isMergeCommit":false,"messageTitle":"Increment: A-JUnit","messageBody":"","tags":["A-Jar"],"fileTypesAndContributionMap":{"gradle":{"insertions":0,"deletions":1},"java":{"insertions":35,"deletions":2}}},{"hash":"805cbdf87134a2d9e6a2dc4a9d608a2dc642894d","isMergeCommit":false,"messageTitle":"Increment: A-Jar","messageBody":"","tags":["Level-9","A-JavaDoc","A-CodingStandard"],"fileTypesAndContributionMap":{"java":{"insertions":2,"deletions":0}}}]},{"date":"2023-09-01","commitResults":[{"hash":"66bc7e655acfeba8c7e0866e5cd77b6be4adf402","isMergeCommit":false,"messageTitle":"Increment: A-JavaDoc","messageBody":"","fileTypesAndContributionMap":{"java":{"insertions":268,"deletions":69}}},{"hash":"62296c47542552ebb5956e91539d9d25dec7786c","isMergeCommit":false,"messageTitle":"Ensure code complies with coding standards.","messageBody":"","fileTypesAndContributionMap":{"java":{"insertions":23,"deletions":23}}},{"hash":"8be69e70c3b76bce54062e639b30a249720f56df","isMergeCommit":false,"messageTitle":"Add feature to find tasks containing a substring.","messageBody":"","fileTypesAndContributionMap":{"java":{"insertions":51,"deletions":24}}},{"hash":"e438d7ce7ef3ba166901d679e11cc91ae78f5a0b","isMergeCommit":true,"messageTitle":"Merge remote-tracking branch \u0027origin/branch-A-CodingStandard\u0027","messageBody":"","fileTypesAndContributionMap":{}},{"hash":"54ef8b8d7cc4c6076526ec2e8ca33b0e6ab45728","isMergeCommit":true,"messageTitle":"Merge branch \u0027branch-Level-9\u0027","messageBody":"","tags":["Level-10"],"fileTypesAndContributionMap":{}}]},{"date":"2023-09-09","commitResults":[{"hash":"a11ed3de5b99194fceeded52ccc9cae949f2faad","isMergeCommit":false,"messageTitle":"Add GUI.","messageBody":"","tags":["A-FullCommitMessage","A-Assertions"],"fileTypesAndContributionMap":{"fxml":{"insertions":35,"deletions":0},"java":{"insertions":318,"deletions":68}}}]},{"date":"2023-09-12","commitResults":[{"hash":"950b1f4adde785b6918e0a4fed12512208ac5540","isMergeCommit":false,"messageTitle":"Assumptions at certain stages of the program are not verified when calling certain methods.","messageBody":"If the assumptions do not hold, the program might throw runtime errors\nwhen a user is interacting with it.\n\nAdd assertions to determine if these assumptions hold at point of\nexecution of the methods.\n\nThese will highlight any cases in which the assumptions do not hold so\nthat attention can be drawn to bugs in the code.\n","fileTypesAndContributionMap":{"java":{"insertions":3,"deletions":0}}},{"hash":"ee3b0177c2c7efca8ad975f2270ff959e09bfb1c","isMergeCommit":false,"messageTitle":"Change the build.gradle file to allow Gradle to build the jar file.","messageBody":"","tags":["BDC-Extension","A-CodeQuality"],"fileTypesAndContributionMap":{"gradle":{"insertions":16,"deletions":1}}},{"hash":"ccf630dc3a3655cf444d2094e7d2da28e6e126b1","isMergeCommit":false,"messageTitle":"Improve code quality.","messageBody":"Code is messy in some areas. These include:\n* Chunks of commented code\n* Redundant initialisation of variables\n* Unused methods\n* Unnecessary nesting\n\nClean up these areas to improve readability of code.\n","fileTypesAndContributionMap":{"java":{"insertions":84,"deletions":170}}},{"hash":"7e196ec2b4256bdc8593cd0a4f7be2928204cbc0","isMergeCommit":false,"messageTitle":"Add feature to detect duplicates.","messageBody":"Users are able to add multiple tasks which have the same attributes.\n\nThis is redundant as having 2 identical tasks only makes the list harder\nto read.\n\nUpon adding a new task, the bot will not add the task if it already\nexists and inform the user of an existing task.\n\nThis prevents duplicates from being added to the list.\n","fileTypesAndContributionMap":{"java":{"insertions":100,"deletions":2}}},{"hash":"4f02bcd600cc71e11201a24b25442ec17f3f7b90","isMergeCommit":true,"messageTitle":"Merge pull request #1 from JeremyYong128/branch-A-Assertions","messageBody":"Merge assertions","fileTypesAndContributionMap":{}},{"hash":"ebc446ffce436f40aee440c6cc76221d72036868","isMergeCommit":true,"messageTitle":"Merge branch \u0027master\u0027 into branch-A-CodeQuality","messageBody":"","fileTypesAndContributionMap":{}},{"hash":"5aa1fabfc0eeeb36cdfb6e0863b8b9a397d60ba1","isMergeCommit":true,"messageTitle":"Merge pull request #2 from JeremyYong128/branch-A-CodeQuality","messageBody":"Improve code quality","fileTypesAndContributionMap":{}},{"hash":"aec34a087340123ffa1aea092fbe6185dfdebf6f","isMergeCommit":true,"messageTitle":"Merge branch \u0027master\u0027 into branch-C-DetectDuplicates","messageBody":"","fileTypesAndContributionMap":{}},{"hash":"d79b73efc44b8bc67b34e5b2d27a77fef298d0a5","isMergeCommit":true,"messageTitle":"Merge pull request #3 from JeremyYong128/branch-C-DetectDuplicates","messageBody":"Add feature to detect duplicates.","fileTypesAndContributionMap":{}},{"hash":"32a0eeb610df06ffe431d0d576d65366f02e3de4","isMergeCommit":false,"messageTitle":"Fix merge conflict issues","messageBody":"Pull request merge conflicts were resolved wrongly previously, removing\nthe functionality of the Parser to check for duplicates.\n\nAdd the functionality into the Parser class to ensure duplicate\ndetection works.\n","tags":["A-UserGuide"],"fileTypesAndContributionMap":{"java":{"insertions":8,"deletions":1}}}]},{"date":"2023-09-19","commitResults":[{"hash":"777fba2fca111273087d0052426bb54ce730b9f2","isMergeCommit":false,"messageTitle":"Add user guide.","messageBody":"Add user documentation for users to understand the functionality of the\nchatbot.\n","fileTypesAndContributionMap":{"java":{"insertions":1,"deletions":1},"md":{"insertions":132,"deletions":10}}}]}]},"authorFileTypeContributionMap":{"JeremyYong128":{"java":1066,"md":133,"fxml":35,"sh":1,"bat":1,"gradle":16,"txt":4}},"authorContributionVariance":{"JeremyYong128":39619.562},"authorDisplayNameMap":{"JeremyYong128":"CS2103T-W12-3 JERE..MING"}}
