{"authorDailyContributionsMap":{"JeremyYong128":[{"date":"2023-08-24","commitResults":[{"hash":"56cb8b8d76779172e10520b5ea8e37e3bf0e25cb","isMergeCommit":false,"messageTitle":"Increment: Level-0","messageBody":"","tags":["Level-1"],"fileTypesAndContributionMap":{"java":{"insertions":7,"deletions":0}}},{"hash":"68ba3fae8ce309506b24fdac849c0766bd163f17","isMergeCommit":false,"messageTitle":"Increment: Level-1","messageBody":"","tags":["Level-2"],"fileTypesAndContributionMap":{"java":{"insertions":12,"deletions":0}}},{"hash":"be50c4972b9c360b58dd4ab17f82094b22795627","isMergeCommit":false,"messageTitle":"Increment: Level-2","messageBody":"","tags":["Level-3"],"fileTypesAndContributionMap":{"java":{"insertions":19,"deletions":4}}},{"hash":"d47d499a429f903af697fc7047d9e1759bb1a34a","isMergeCommit":false,"messageTitle":"Increment: Level-3","messageBody":"","tags":["Level-4"],"fileTypesAndContributionMap":{"java":{"insertions":37,"deletions":5}}},{"hash":"bce00342d690875f9489ca9547b518600e6ac14f","isMergeCommit":false,"messageTitle":"Increment: Level-4","messageBody":"","fileTypesAndContributionMap":{"java":{"insertions":93,"deletions":13}}},{"hash":"76fc6c9468bdd885d1dd0ea3fce144afeaa5303f","isMergeCommit":false,"messageTitle":"Increment: A-TextUiTesting","messageBody":"","tags":["Level-5","A-TextUiTesting"],"fileTypesAndContributionMap":{"txt":{"insertions":4,"deletions":0},"java":{"insertions":59,"deletions":40},"sh":{"insertions":1,"deletions":1}}},{"hash":"693ca049e5f69d80917272095ed41efdd7cbf3c1","isMergeCommit":false,"messageTitle":"Increment: A-TextUiTesting","messageBody":"","fileTypesAndContributionMap":{"java":{"insertions":3,"deletions":3}}},{"hash":"a2c916d48a7169da8aa92fe7ea8f2d8e3a6ba7f2","isMergeCommit":false,"messageTitle":"Increment: Level-5","messageBody":"","tags":["Level-6"],"fileTypesAndContributionMap":{"java":{"insertions":3,"deletions":3}}},{"hash":"4f6285b1fb654c6d9ceb29b91943e54e3e6ec0da","isMergeCommit":false,"messageTitle":"Increment: Level-6","messageBody":"","tags":["Level-7"],"fileTypesAndContributionMap":{"java":{"insertions":19,"deletions":11}}}]}]},"authorFileTypeContributionMap":{"JeremyYong128":{"java":173,"md":0,"fxml":0,"sh":1,"bat":0,"gradle":0,"txt":4}},"authorContributionVariance":{"JeremyYong128":13906.408},"authorDisplayNameMap":{"JeremyYong128":"CS2103T-W12-3 JERE..MING"}}
