{"authorDailyContributionsMap":{"siqirua":[{"date":"2023-08-22","commitResults":[{"hash":"33ee8f618bb1c72a4b4f9a7bd7bde8b68828a2ac","isMergeCommit":false,"messageTitle":"Change Chatbot name and beginning message","messageBody":"","tags":["Level-0"],"fileTypesAndContributionMap":{"java":{"insertions":11,"deletions":10}}},{"hash":"5578cd026bfd4c20c0de049e9c5aad7006771084","isMergeCommit":false,"messageTitle":"Add Echo Feature","messageBody":"","tags":["Level-1"],"fileTypesAndContributionMap":{"java":{"insertions":21,"deletions":5}}},{"hash":"5e7dabd1320543d1a199f328fe9f7fd08289ee88","isMergeCommit":false,"messageTitle":"Add list feature and create TaskList and Task class","messageBody":"","tags":["Level-2"],"fileTypesAndContributionMap":{"java":{"insertions":57,"deletions":4}}},{"hash":"bbe56776d9b2946c538b954b934c995d6ce5e62d","isMergeCommit":false,"messageTitle":"Add mark feature","messageBody":"","tags":["Level-3"],"fileTypesAndContributionMap":{"java":{"insertions":48,"deletions":11}}},{"hash":"88824b472d9e5e1d0323d6f5e2222273fc1800b1","isMergeCommit":false,"messageTitle":"Add Task Type and implement 3 subclass of Task","messageBody":"","tags":["Level-4"],"fileTypesAndContributionMap":{"java":{"insertions":105,"deletions":4}}},{"hash":"0fa3baef74211f1c984f8b13930e36f3bd082b16","isMergeCommit":false,"messageTitle":"Edit the SUT","messageBody":"","tags":["A-TextUiTesting"],"fileTypesAndContributionMap":{"txt":{"insertions":6,"deletions":0},"bat":{"insertions":1,"deletions":1}}},{"hash":"c724eaff75249c05cc13c613c4ea2e776ed87eaf","isMergeCommit":false,"messageTitle":"Add two exceptions","messageBody":"","tags":["Level-5"],"fileTypesAndContributionMap":{"java":{"insertions":58,"deletions":29}}},{"hash":"e27902deebe6126810c4e4ab96b651397075020c","isMergeCommit":false,"messageTitle":"Add delete feature","messageBody":"","tags":["Level-6"],"fileTypesAndContributionMap":{"java":{"insertions":13,"deletions":0}}}]},{"date":"2023-08-24","commitResults":[{"hash":"7d0cc290af755ad65dbb8ba6b33cad9d18e76bcb","isMergeCommit":true,"messageTitle":"Merge commit \u002753a652449724fb82b59d5384dc000f41897686cf\u0027","messageBody":"","tags":["Level-6.1"],"fileTypesAndContributionMap":{}}]},{"date":"2023-08-26","commitResults":[{"hash":"ac273095928c55b3c1dfad16f211ef08dd6a6750","isMergeCommit":false,"messageTitle":"Add save feature","messageBody":"","tags":["Level-7.1"],"fileTypesAndContributionMap":{"java":{"insertions":86,"deletions":12}}},{"hash":"4d03e21abf1334d21d44169f71527ea73a9dd0e6","isMergeCommit":true,"messageTitle":"Merge branch \u0027branch-Level-7\u0027","messageBody":"","tags":["Level-7"],"fileTypesAndContributionMap":{}}]},{"date":"2023-08-27","commitResults":[{"hash":"6fc47f039365a607f7d7d561c21ccb83dbc68f78","isMergeCommit":false,"messageTitle":"Change the time from String type to LocalDate type","messageBody":"","tags":["Level-8.1"],"fileTypesAndContributionMap":{"java":{"insertions":27,"deletions":13}}},{"hash":"e892e74d8328929da4cb4218044634242f666c75","isMergeCommit":true,"messageTitle":"Merge branch \u0027branch-Level-8\u0027","messageBody":"","tags":["Level-8"],"fileTypesAndContributionMap":{}},{"hash":"f6118ff49ce298141fe7c5c99353573c8bacbbc5","isMergeCommit":false,"messageTitle":"Add feature of searching by date","messageBody":"","tags":["Level-8.2"],"fileTypesAndContributionMap":{"java":{"insertions":37,"deletions":1}}},{"hash":"665ddd93d1f3d51db38a627d1e3689141780091b","isMergeCommit":true,"messageTitle":"Merge branch \u0027branch-Level-8\u0027","messageBody":"","tags":["Level-8.3"],"fileTypesAndContributionMap":{}},{"hash":"ea89ff3e8b9e94915f824258ca1b022fa40efb64","isMergeCommit":false,"messageTitle":"Unfinished edit to include more OOP","messageBody":"","fileTypesAndContributionMap":{"java":{"insertions":182,"deletions":11}}},{"hash":"62540a31d5f8b223bbd7c18ecb8cf82abfe82b4c","isMergeCommit":false,"messageTitle":"Include more OOP","messageBody":"","fileTypesAndContributionMap":{"java":{"insertions":447,"deletions":190}}},{"hash":"ea8a2fd51ff20207c2a0c163a1c2db3f7dcef9c5","isMergeCommit":true,"messageTitle":"Merge branch \u0027branch-more-oop\u0027","messageBody":"","tags":["A-MoreOOP"],"fileTypesAndContributionMap":{}},{"hash":"b0f63937988c2cf23df7f5f999a360020eccec6a","isMergeCommit":false,"messageTitle":"Organize the classes into suitable java packages.","messageBody":"","tags":["A-Packages"],"fileTypesAndContributionMap":{"java":{"insertions":148,"deletions":63}}},{"hash":"c0ed9b2c228b90dd7b669de133974e0a7ff31350","isMergeCommit":false,"messageTitle":"Set up gradle","messageBody":"","tags":["A-Gradle"],"fileTypesAndContributionMap":{"gradle":{"insertions":30,"deletions":0},"java":{"insertions":3,"deletions":3}}},{"hash":"e73c04f521b30273d06e9a40bb67c6fe05b24b8a","isMergeCommit":false,"messageTitle":"Include 2 JUnit Test","messageBody":"","tags":["A-Jar","A-JUnit"],"fileTypesAndContributionMap":{"gradle":{"insertions":10,"deletions":0},"java":{"insertions":229,"deletions":11}}},{"hash":"0b007c9c64676efe4663b9a9f24571c5c8259e00","isMergeCommit":false,"messageTitle":"Add JavaDoc for some methods","messageBody":"","fileTypesAndContributionMap":{"gradle":{"insertions":4,"deletions":0},"java":{"insertions":366,"deletions":51}}},{"hash":"cc0f347b3bc9a28c4df247d23cb15efaabe61d70","isMergeCommit":false,"messageTitle":"Add JavaDoc to some methods","messageBody":"","fileTypesAndContributionMap":{"java":{"insertions":154,"deletions":0}}}]},{"date":"2023-08-31","commitResults":[{"hash":"c1477f31d361407035c58acb9c28919519c2cb6d","isMergeCommit":false,"messageTitle":"Tweak the code to comply with a coding standard","messageBody":"","fileTypesAndContributionMap":{"java":{"insertions":178,"deletions":167}}},{"hash":"9862ad859d7928db510347ab3b2c0fdf4a31342a","isMergeCommit":false,"messageTitle":"Implement keyword search function","messageBody":"","fileTypesAndContributionMap":{"java":{"insertions":63,"deletions":2}}},{"hash":"48a7137d6f859c51bcccd8d54c9a751b6ecd16c8","isMergeCommit":true,"messageTitle":"Merge branch \u0027branch-A-JavaDoc\u0027","messageBody":"","tags":["A-JavaDoc"],"fileTypesAndContributionMap":{}},{"hash":"de66cd769a3431bb6cdcd8d4366f79eb21ea7f6c","isMergeCommit":true,"messageTitle":"Merge branch \u0027branch-A-CodingStandard\u0027","messageBody":"# Conflicts:\n#\tsrc/main/java/rua/Rua.java\n#\tsrc/main/java/rua/command/ClearCommand.java\n#\tsrc/main/java/rua/command/Command.java\n#\tsrc/main/java/rua/common/Storage.java\n#\tsrc/main/java/rua/exception/EmptyDescriptionException.java\n#\tsrc/main/java/rua/exception/InvalidCommandException.java\n#\tsrc/main/java/rua/exception/InvalidTypeException.java\n#\tsrc/main/java/rua/task/Event.java\n#\tsrc/main/java/rua/task/Task.java\n#\tsrc/main/java/rua/task/TaskList.java\n#\tsrc/main/java/rua/task/Todo.java\n","tags":["A-CodingStandard"],"fileTypesAndContributionMap":{}}]},{"date":"2023-09-01","commitResults":[{"hash":"521db9777b93c4afed00894363b0cfee348e6429","isMergeCommit":true,"messageTitle":"Merge branch \u0027branch-Level-9\u0027","messageBody":"# Conflicts:\n#\tsrc/main/java/rua/common/Parser.java\n#\tsrc/main/java/rua/task/TaskList.java\n","tags":["Level-9"],"fileTypesAndContributionMap":{}}]},{"date":"2023-09-03","commitResults":[{"hash":"c98018a9888dbf868fba4596cd6b494383d9313a","isMergeCommit":false,"messageTitle":"Use checkStyle to detect coding style violations","messageBody":"","tags":["A-CheckStyle"],"fileTypesAndContributionMap":{"gradle":{"insertions":4,"deletions":0},"java":{"insertions":65,"deletions":58}}},{"hash":"d91d9263a6092eea613cac96d8363f290672c644","isMergeCommit":false,"messageTitle":"Create a GUI for this project","messageBody":"","fileTypesAndContributionMap":{"gradle":{"insertions":6,"deletions":1},"java":{"insertions":93,"deletions":2}}},{"hash":"06cfa276d8631c762470cac5ce024bcb0f983e42","isMergeCommit":false,"messageTitle":"Improve GUI further","messageBody":"","fileTypesAndContributionMap":{"java":{"insertions":106,"deletions":3}}},{"hash":"53624ad68b5ced2daabe7502e0ee5e8c4163abdf","isMergeCommit":false,"messageTitle":"Implement GUI partially","messageBody":"","fileTypesAndContributionMap":{"java":{"insertions":145,"deletions":117}}}]},{"date":"2023-09-05","commitResults":[{"hash":"df9432dfe58a5dbd8c34c74ef5dff845811deab9","isMergeCommit":false,"messageTitle":"Update README.md","messageBody":"","fileTypesAndContributionMap":{"md":{"insertions":33,"deletions":24}}},{"hash":"cae20c31600aeda0f442c875aef5b9ddc5db7a14","isMergeCommit":true,"messageTitle":"Merge pull request #1 from siqirua/patch-1","messageBody":"Update README.md","fileTypesAndContributionMap":{}}]},{"date":"2023-09-06","commitResults":[{"hash":"181cfa015fbe94b43661728318b39939fa8de9ef","isMergeCommit":false,"messageTitle":"Update README.md","messageBody":"","fileTypesAndContributionMap":{"md":{"insertions":2,"deletions":2}}}]},{"date":"2023-09-10","commitResults":[{"hash":"00853cd404a1b5aea688bd6d5a598be3b21d7a77","isMergeCommit":false,"messageTitle":"Implement GUI further","messageBody":"","fileTypesAndContributionMap":{"fxml":{"insertions":35,"deletions":0},"java":{"insertions":212,"deletions":194}}},{"hash":"e64b983ad8938f3ffe3df63751c4910e1ad9cc89","isMergeCommit":true,"messageTitle":"Merge branch \u0027branch-Level-10\u0027","messageBody":"","tags":["Level-10"],"fileTypesAndContributionMap":{}},{"hash":"788dbc6c1087b8962b5645e100ba21f866fed61a","isMergeCommit":false,"messageTitle":"Include some assertions in Event and TaskList files","messageBody":"Currently, the \"mark\", \"unmark\" and \"delete\" command is unchecked and\nmay cause potential errors. To address this problem, let\u0027s include some\nassertions to make sure that the index given is no more than the size of\ncurrent task list.\n","tags":["A-FullCommitMessage","A-Assertions"],"fileTypesAndContributionMap":{"java":{"insertions":5,"deletions":0}}}]},{"date":"2023-09-12","commitResults":[{"hash":"3d5f4073b1825537e6688f59fcef918a03a9e4e2","isMergeCommit":false,"messageTitle":"Improve code quality","messageBody":"","fileTypesAndContributionMap":{"java":{"insertions":85,"deletions":69}}},{"hash":"44a8b94304187ac4e2092029671e2b6a096881b6","isMergeCommit":false,"messageTitle":"Improve code quality further","messageBody":"Currently the parser class only has one chunky method and there are\nquite a number of magic strings, to improve the readability, let\u0027s apply\nSLAP and refractor codes.\n","tags":["A-CodeQuality"],"fileTypesAndContributionMap":{"java":{"insertions":60,"deletions":57}}},{"hash":"0ac198ff0a46a18a0ed5fabce5ac307d0d4eb06f","isMergeCommit":true,"messageTitle":"Merge pull request #3 from siqirua/branch-A-CodeQuality","messageBody":"Merge with branch a code quality","fileTypesAndContributionMap":{}},{"hash":"d39ac121e0f052e01c767a1796edd20dba2b088d","isMergeCommit":true,"messageTitle":"Merge pull request #2 from siqirua/branch-A-Assertions","messageBody":"Include some assertions in Event and TaskList files","fileTypesAndContributionMap":{}}]},{"date":"2023-09-13","commitResults":[{"hash":"addfa47f93ad1ccf29968795f8fdeb0520515301","isMergeCommit":false,"messageTitle":"Implement tagging feature partially","messageBody":"","fileTypesAndContributionMap":{"java":{"insertions":150,"deletions":16}}},{"hash":"3c168bf2707d9685ef29655baf3b7532e1017941","isMergeCommit":false,"messageTitle":"Implement Tagging feature","messageBody":"Currently we do not have tagging system and it would be difficult to see\nthe grouping of the tasks. Let\u0027s implement adding, deleting and clearing\ntag functions in our chatbot!\n","fileTypesAndContributionMap":{"java":{"insertions":165,"deletions":96}}},{"hash":"bc927cd70eb683cf65ffe7167d67f69b74e0edee","isMergeCommit":true,"messageTitle":"Merge branch \u0027branch-C-Tagging\u0027","messageBody":"","tags":["BCD-Extension"],"fileTypesAndContributionMap":{}}]}]},"authorFileTypeContributionMap":{"siqirua":{"java":2135,"md":28,"fxml":35,"sh":0,"bat":1,"gradle":53,"txt":6}},"authorContributionVariance":{"siqirua":157531.53},"authorDisplayNameMap":{"siqirua":"CS2103T-W08-2 LI S..SIQI"}}
