{"authorDailyContributionsMap":{"matochichap":[{"date":"2023-08-20","commitResults":[{"hash":"1ac89b87a6a488b3967a60de76d15885ef71a7e9","isMergeCommit":false,"messageTitle":"Complete Level-0","messageBody":"","tags":["Level-0"],"fileTypesAndContributionMap":{"java":{"insertions":5,"deletions":6}}},{"hash":"b962425b67307275b2d9b443545c3963a347d14d","isMergeCommit":false,"messageTitle":"Complete Level-1","messageBody":"","tags":["Level-1"],"fileTypesAndContributionMap":{"java":{"insertions":74,"deletions":5}}},{"hash":"973874fccdb7aca104c4cbdcb1e0efbf30606fa1","isMergeCommit":false,"messageTitle":"Complete Level-2","messageBody":"","tags":["Level-2"],"fileTypesAndContributionMap":{"java":{"insertions":54,"deletions":5}}},{"hash":"6dbcca7ec5e985c410e31c09a42765f843f95784","isMergeCommit":false,"messageTitle":"Complete Level-3","messageBody":"","tags":["Level-3","A-Classes"],"fileTypesAndContributionMap":{"java":{"insertions":88,"deletions":41}}},{"hash":"6f6df521ad652dd685663d528f1c51fc871604bd","isMergeCommit":false,"messageTitle":"Complete Level-4","messageBody":"","tags":["Level-4","A-Inheritance"],"fileTypesAndContributionMap":{"java":{"insertions":108,"deletions":19}}},{"hash":"a764ead195fb2e01013dff507385e184f2328429","isMergeCommit":false,"messageTitle":"Complete A-TextUiTesting","messageBody":"","tags":["A-TextUiTesting"],"fileTypesAndContributionMap":{"txt":{"insertions":10,"deletions":0}}}]},{"date":"2023-08-21","commitResults":[{"hash":"9e46da83d9ada9f3706a3b987801c5f7ebb6fba0","isMergeCommit":false,"messageTitle":"Complete Level-5","messageBody":"","tags":["Level-5","A-Exceptions"],"fileTypesAndContributionMap":{"java":{"insertions":35,"deletions":10}}},{"hash":"8d796a6aee1b8baf833c43af0e88c734cf2a84f9","isMergeCommit":false,"messageTitle":"Complete Level-6","messageBody":"","tags":["Level-6","A-Collections"],"fileTypesAndContributionMap":{"txt":{"insertions":7,"deletions":1},"java":{"insertions":40,"deletions":11}}},{"hash":"5a1477f6ffa519d5d35b4fe496c195b46c098817","isMergeCommit":false,"messageTitle":"Complete A-Enums","messageBody":"","tags":["A-Enums"],"fileTypesAndContributionMap":{"java":{"insertions":64,"deletions":35}}}]},{"date":"2023-08-26","commitResults":[{"hash":"26bf2c588698d322a8ab3c5e1b8b80c862a953ae","isMergeCommit":false,"messageTitle":"Complete Level-7","messageBody":"","tags":["Level-7"],"fileTypesAndContributionMap":{"txt":{"insertions":1,"deletions":0},"java":{"insertions":243,"deletions":51}}},{"hash":"8f8b97e857e0fd16b33bcf82d46e9dbd09ade29c","isMergeCommit":false,"messageTitle":"Revert \"Complete A-Enums\"","messageBody":"This reverts commit 5a1477f6ffa519d5d35b4fe496c195b46c098817.\n","fileTypesAndContributionMap":{"java":{"insertions":35,"deletions":64}}},{"hash":"20f7fe0ee71b4e4cfaddd08171cdcc9e706fd03b","isMergeCommit":true,"messageTitle":"Merge branch \u0027branch-Level-7\u0027","messageBody":"# Conflicts:\n#\tsrc/main/java/duke/Action.java\n#\tsrc/main/java/duke/ChatManager.java\n","fileTypesAndContributionMap":{}},{"hash":"7bd70a011a3bfa67a83ce4c050f65022074551ce","isMergeCommit":false,"messageTitle":"Complete Level-8","messageBody":"","tags":["Level-8"],"fileTypesAndContributionMap":{"txt":{"insertions":2,"deletions":1},"java":{"insertions":50,"deletions":5}}},{"hash":"97c03ef755c1907d79481c3cd9ad59ba1a99faf3","isMergeCommit":true,"messageTitle":"Merge branch \u0027branch-level-8\u0027","messageBody":"","fileTypesAndContributionMap":{}}]},{"date":"2023-08-27","commitResults":[{"hash":"71570f120e0953214808f7c2270381507f2a58c1","isMergeCommit":false,"messageTitle":"Complete A-MoreOOP and A-Packages","messageBody":"","tags":["A-Packages","A-MoreOOP"],"fileTypesAndContributionMap":{"txt":{"insertions":3,"deletions":2},"java":{"insertions":257,"deletions":180}}}]}]},"authorFileTypeContributionMap":{"matochichap":{"java":656,"md":0,"fxml":0,"sh":0,"bat":0,"gradle":0,"txt":19}},"authorContributionVariance":{"matochichap":38448.758},"authorDisplayNameMap":{"matochichap":"CHAN.. JIA"}}
