{"authorDailyContributionsMap":{"matochichap":[{"date":"2023-08-20","commitResults":[{"hash":"1ac89b87a6a488b3967a60de76d15885ef71a7e9","isMergeCommit":false,"messageTitle":"Complete Level-0","messageBody":"","tags":["Level-0"],"fileTypesAndContributionMap":{"java":{"insertions":5,"deletions":6}}},{"hash":"b962425b67307275b2d9b443545c3963a347d14d","isMergeCommit":false,"messageTitle":"Complete Level-1","messageBody":"","tags":["Level-1"],"fileTypesAndContributionMap":{"java":{"insertions":74,"deletions":5}}},{"hash":"973874fccdb7aca104c4cbdcb1e0efbf30606fa1","isMergeCommit":false,"messageTitle":"Complete Level-2","messageBody":"","tags":["Level-2"],"fileTypesAndContributionMap":{"java":{"insertions":54,"deletions":5}}},{"hash":"6dbcca7ec5e985c410e31c09a42765f843f95784","isMergeCommit":false,"messageTitle":"Complete Level-3","messageBody":"","tags":["Level-3","A-Classes"],"fileTypesAndContributionMap":{"java":{"insertions":88,"deletions":41}}},{"hash":"6f6df521ad652dd685663d528f1c51fc871604bd","isMergeCommit":false,"messageTitle":"Complete Level-4","messageBody":"","tags":["Level-4","A-Inheritance"],"fileTypesAndContributionMap":{"java":{"insertions":108,"deletions":19}}},{"hash":"a764ead195fb2e01013dff507385e184f2328429","isMergeCommit":false,"messageTitle":"Complete A-TextUiTesting","messageBody":"","tags":["A-TextUiTesting"],"fileTypesAndContributionMap":{"txt":{"insertions":10,"deletions":0}}}]},{"date":"2023-08-21","commitResults":[{"hash":"9e46da83d9ada9f3706a3b987801c5f7ebb6fba0","isMergeCommit":false,"messageTitle":"Complete Level-5","messageBody":"","tags":["Level-5","A-Exceptions"],"fileTypesAndContributionMap":{"java":{"insertions":35,"deletions":10}}},{"hash":"8d796a6aee1b8baf833c43af0e88c734cf2a84f9","isMergeCommit":false,"messageTitle":"Complete Level-6","messageBody":"","tags":["Level-6","A-Collections"],"fileTypesAndContributionMap":{"txt":{"insertions":7,"deletions":1},"java":{"insertions":40,"deletions":11}}},{"hash":"5a1477f6ffa519d5d35b4fe496c195b46c098817","isMergeCommit":false,"messageTitle":"Complete A-Enums","messageBody":"","tags":["A-Enums"],"fileTypesAndContributionMap":{"java":{"insertions":64,"deletions":35}}}]},{"date":"2023-08-26","commitResults":[{"hash":"26bf2c588698d322a8ab3c5e1b8b80c862a953ae","isMergeCommit":false,"messageTitle":"Complete Level-7","messageBody":"","tags":["Level-7"],"fileTypesAndContributionMap":{"txt":{"insertions":1,"deletions":0},"java":{"insertions":243,"deletions":51}}},{"hash":"8f8b97e857e0fd16b33bcf82d46e9dbd09ade29c","isMergeCommit":false,"messageTitle":"Revert \"Complete A-Enums\"","messageBody":"This reverts commit 5a1477f6ffa519d5d35b4fe496c195b46c098817.\n","fileTypesAndContributionMap":{"java":{"insertions":35,"deletions":64}}},{"hash":"20f7fe0ee71b4e4cfaddd08171cdcc9e706fd03b","isMergeCommit":true,"messageTitle":"Merge branch \u0027branch-Level-7\u0027","messageBody":"# Conflicts:\n#\tsrc/main/java/duke/Action.java\n#\tsrc/main/java/duke/ChatManager.java\n","fileTypesAndContributionMap":{}},{"hash":"7bd70a011a3bfa67a83ce4c050f65022074551ce","isMergeCommit":false,"messageTitle":"Complete Level-8","messageBody":"","tags":["Level-8"],"fileTypesAndContributionMap":{"txt":{"insertions":2,"deletions":1},"java":{"insertions":50,"deletions":5}}},{"hash":"97c03ef755c1907d79481c3cd9ad59ba1a99faf3","isMergeCommit":true,"messageTitle":"Merge branch \u0027branch-level-8\u0027","messageBody":"","fileTypesAndContributionMap":{}}]},{"date":"2023-08-27","commitResults":[{"hash":"71570f120e0953214808f7c2270381507f2a58c1","isMergeCommit":false,"messageTitle":"Complete A-MoreOOP and A-Packages","messageBody":"","tags":["A-Packages","A-MoreOOP"],"fileTypesAndContributionMap":{"txt":{"insertions":3,"deletions":2},"java":{"insertions":257,"deletions":180}}},{"hash":"33fbfc7464c96a3ef2388517ba7ff6e9fe8b25f4","isMergeCommit":false,"messageTitle":"Move Duke.java into duke package","messageBody":"","fileTypesAndContributionMap":{"java":{"insertions":2,"deletions":2},"bat":{"insertions":1,"deletions":1},"md":{"insertions":2,"deletions":2}}},{"hash":"1da64be34119cacc90cc799fb44529529346d68a","isMergeCommit":true,"messageTitle":"Merge branch \u0027add-gradle-support\u0027","messageBody":"","fileTypesAndContributionMap":{}},{"hash":"a9140154d8d6d3305e8a1242819e20f96ea95e24","isMergeCommit":false,"messageTitle":"Edit build gradle","messageBody":"","tags":["A-Gradle"],"fileTypesAndContributionMap":{"gradle":{"insertions":1,"deletions":1}}},{"hash":"c86fdd05cd8ff70c0c549dd1d9097f730ae9874b","isMergeCommit":false,"messageTitle":"Complete A-JUnit","messageBody":"","tags":["A-Jar","A-JUnit"],"fileTypesAndContributionMap":{"txt":{"insertions":1,"deletions":1},"java":{"insertions":224,"deletions":34}}},{"hash":"0c3a77b82b1a31ccdb049ba0630b9b1c58928c96","isMergeCommit":false,"messageTitle":"Edit build.gradle","messageBody":"","fileTypesAndContributionMap":{"gradle":{"insertions":1,"deletions":0}}},{"hash":"120bc08346835c4a36267fd0e04db66fff6f033c","isMergeCommit":false,"messageTitle":"Complete A-JavaDoc","messageBody":"","tags":["A-JavaDoc"],"fileTypesAndContributionMap":{"java":{"insertions":338,"deletions":1}}},{"hash":"d8d8b05c6b513c163fe3e49ec19a2e8df7d5c556","isMergeCommit":false,"messageTitle":"Complete A-CodingStandard","messageBody":"","tags":["A-CodingStandard"],"fileTypesAndContributionMap":{"java":{"insertions":93,"deletions":8}}},{"hash":"103e384c6b5fccde7c2cabe694fe91ec4e791395","isMergeCommit":false,"messageTitle":"Complete Level-9","messageBody":"","tags":["Level-9"],"fileTypesAndContributionMap":{"java":{"insertions":55,"deletions":1}}},{"hash":"e55593dbc427344347345fc262a89f12ceffba81","isMergeCommit":true,"messageTitle":"Merge branch \u0027branch-A-JavaDoc\u0027","messageBody":"","fileTypesAndContributionMap":{}},{"hash":"51e6d6138251f8a4d16ee48ff200453968cfa717","isMergeCommit":true,"messageTitle":"Merge branch \u0027branch-A-CodingStandard\u0027","messageBody":"# Conflicts:\n#\tsrc/main/java/duke/Duke.java\n#\tsrc/main/java/duke/Storage.java\n#\tsrc/main/java/duke/Ui.java\n#\tsrc/main/java/duke/message/AddTaskMessage.java\n#\tsrc/main/java/duke/message/DeleteTaskMessage.java\n#\tsrc/main/java/duke/message/ErrorMessage.java\n#\tsrc/main/java/duke/message/MarkTaskMessage.java\n#\tsrc/main/java/duke/message/Message.java\n#\tsrc/main/java/duke/message/TaskListMessage.java\n#\tsrc/main/java/duke/message/UnmarkTaskMessage.java\n#\tsrc/main/java/duke/parser/DateTimeParser.java\n#\tsrc/main/java/duke/parser/FileParser.java\n#\tsrc/main/java/duke/parser/UserInputParser.java\n#\tsrc/main/java/duke/task/DeadlinesTask.java\n#\tsrc/main/java/duke/task/EventsTask.java\n#\tsrc/main/java/duke/task/Task.java\n#\tsrc/main/java/duke/task/TaskList.java\n#\tsrc/main/java/duke/task/TodoTask.java\n","fileTypesAndContributionMap":{}},{"hash":"aada23e1c173b9d312ad92440134d25079119ec1","isMergeCommit":true,"messageTitle":"Merge branch \u0027branch-Level-9\u0027","messageBody":"# Conflicts:\n#\tsrc/main/java/duke/task/TaskList.java\n","fileTypesAndContributionMap":{}}]},{"date":"2023-09-02","commitResults":[{"hash":"7cb60b5c8f665059cb4670021ce1439e02bf75a7","isMergeCommit":false,"messageTitle":"Complete A-CheckStyle","messageBody":"","tags":["A-CheckStyle"],"fileTypesAndContributionMap":{"gradle":{"insertions":5,"deletions":0},"java":{"insertions":101,"deletions":71}}},{"hash":"06f711f1cfa40e4b2ff8a7f545b1a1907bf354b6","isMergeCommit":true,"messageTitle":"Merge branch \u0027branch-A-CheckStyle\u0027","messageBody":"","fileTypesAndContributionMap":{}},{"hash":"cd4b622997df9ba1e2cfbdf07738d00eeafd0cbf","isMergeCommit":false,"messageTitle":"Complete Level-10","messageBody":"","tags":["Level-10","A-Varargs"],"fileTypesAndContributionMap":{"gradle":{"insertions":21,"deletions":0},"txt":{"insertions":2,"deletions":2},"java":{"insertions":279,"deletions":99}}},{"hash":"58cbb0991519a97a82d73a8c9ba46b2c19845c02","isMergeCommit":true,"messageTitle":"Merge branch \u0027branch-level-10\u0027","messageBody":"","fileTypesAndContributionMap":{}}]}]},"authorFileTypeContributionMap":{"matochichap":{"java":1561,"md":2,"fxml":0,"sh":0,"bat":1,"gradle":26,"txt":19}},"authorContributionVariance":{"matochichap":106817.266},"authorDisplayNameMap":{"matochichap":"CS2103T-W15-3 CHAN.. JIA"}}
