[{"path":"src/main/java/Deadline.java","fileType":"java","lines":[{"lineNumber":1,"author":{"gitId":"pzl111"},"content":"public class Deadline extends Task {","lastModifiedDate":"2023-08-20"},{"lineNumber":2,"author":{"gitId":"pzl111"},"content":"","lastModifiedDate":"2023-08-20"},{"lineNumber":3,"author":{"gitId":"pzl111"},"content":"    protected String by;","lastModifiedDate":"2023-08-20"},{"lineNumber":4,"author":{"gitId":"pzl111"},"content":"","lastModifiedDate":"2023-08-20"},{"lineNumber":5,"author":{"gitId":"pzl111"},"content":"    public Deadline(String description, String by) {","lastModifiedDate":"2023-08-20"},{"lineNumber":6,"author":{"gitId":"pzl111"},"content":"        super(description);","lastModifiedDate":"2023-08-20"},{"lineNumber":7,"author":{"gitId":"pzl111"},"content":"        this.by \u003d by;","lastModifiedDate":"2023-08-20"},{"lineNumber":8,"author":{"gitId":"pzl111"},"content":"    }","lastModifiedDate":"2023-08-20"},{"lineNumber":9,"author":{"gitId":"pzl111"},"content":"","lastModifiedDate":"2023-08-20"},{"lineNumber":10,"author":{"gitId":"pzl111"},"content":"    @Override","lastModifiedDate":"2023-08-20"},{"lineNumber":11,"author":{"gitId":"pzl111"},"content":"    public String toString() {","lastModifiedDate":"2023-08-20"},{"lineNumber":12,"author":{"gitId":"pzl111"},"content":"        return \"[D]\" + super.toString() + \" (by: \" + by + \")\";","lastModifiedDate":"2023-08-20"},{"lineNumber":13,"author":{"gitId":"pzl111"},"content":"    }","lastModifiedDate":"2023-08-20"},{"lineNumber":14,"author":{"gitId":"pzl111"},"content":"}","lastModifiedDate":"2023-08-20"}],"authorContributionMap":{"pzl111":14}},{"path":"src/main/java/Event.java","fileType":"java","lines":[{"lineNumber":1,"author":{"gitId":"pzl111"},"content":"public class Event extends Task {","lastModifiedDate":"2023-08-20"},{"lineNumber":2,"author":{"gitId":"pzl111"},"content":"","lastModifiedDate":"2023-08-20"},{"lineNumber":3,"author":{"gitId":"pzl111"},"content":"    protected String from;","lastModifiedDate":"2023-08-20"},{"lineNumber":4,"author":{"gitId":"pzl111"},"content":"    protected String to;","lastModifiedDate":"2023-08-20"},{"lineNumber":5,"author":{"gitId":"pzl111"},"content":"","lastModifiedDate":"2023-08-20"},{"lineNumber":6,"author":{"gitId":"pzl111"},"content":"    public Event(String description, String from, String to) {","lastModifiedDate":"2023-08-20"},{"lineNumber":7,"author":{"gitId":"pzl111"},"content":"        super(description);","lastModifiedDate":"2023-08-20"},{"lineNumber":8,"author":{"gitId":"pzl111"},"content":"        this.from \u003d from;","lastModifiedDate":"2023-08-20"},{"lineNumber":9,"author":{"gitId":"pzl111"},"content":"        this.to \u003d to;","lastModifiedDate":"2023-08-20"},{"lineNumber":10,"author":{"gitId":"pzl111"},"content":"    }","lastModifiedDate":"2023-08-20"},{"lineNumber":11,"author":{"gitId":"pzl111"},"content":"","lastModifiedDate":"2023-08-20"},{"lineNumber":12,"author":{"gitId":"pzl111"},"content":"    @Override","lastModifiedDate":"2023-08-20"},{"lineNumber":13,"author":{"gitId":"pzl111"},"content":"    public String toString() {","lastModifiedDate":"2023-08-20"},{"lineNumber":14,"author":{"gitId":"pzl111"},"content":"        return \"[E]\" + super.toString() + \" (from: \" + from + \", to: \" + to + \")\";","lastModifiedDate":"2023-08-20"},{"lineNumber":15,"author":{"gitId":"pzl111"},"content":"    }","lastModifiedDate":"2023-08-20"},{"lineNumber":16,"author":{"gitId":"pzl111"},"content":"}","lastModifiedDate":"2023-08-20"}],"authorContributionMap":{"pzl111":16}},{"path":"src/main/java/Smolbrain.java","fileType":"java","lines":[{"lineNumber":1,"author":{"gitId":"pzl111"},"content":"import java.util.ArrayList;","lastModifiedDate":"2023-08-20"},{"lineNumber":2,"author":{"gitId":"pzl111"},"content":"import java.util.Scanner;","lastModifiedDate":"2023-08-20"},{"lineNumber":3,"author":{"gitId":"pzl111"},"content":"","lastModifiedDate":"2023-08-20"},{"lineNumber":4,"author":{"gitId":"pzl111"},"content":"public class Smolbrain {","lastModifiedDate":"2023-08-20"},{"lineNumber":5,"author":{"gitId":"pzl111"},"content":"    public static void main(String[] args) {","lastModifiedDate":"2023-08-20"},{"lineNumber":6,"author":{"gitId":"pzl111"},"content":"","lastModifiedDate":"2023-08-20"},{"lineNumber":7,"author":{"gitId":"pzl111"},"content":"        System.out.println(\"____________________________________________________________\");","lastModifiedDate":"2023-08-20"},{"lineNumber":8,"author":{"gitId":"pzl111"},"content":"        System.out.println(\"Hello! I\u0027m Smolbrain\\nWhat can I do for you?\");","lastModifiedDate":"2023-08-20"},{"lineNumber":9,"author":{"gitId":"pzl111"},"content":"        System.out.println(\"____________________________________________________________\\n\");","lastModifiedDate":"2023-08-20"},{"lineNumber":10,"author":{"gitId":"pzl111"},"content":"","lastModifiedDate":"2023-08-20"},{"lineNumber":11,"author":{"gitId":"pzl111"},"content":"        Scanner sc \u003d new Scanner(System.in);","lastModifiedDate":"2023-08-20"},{"lineNumber":12,"author":{"gitId":"pzl111"},"content":"        ArrayList\u003cTask\u003e data \u003d new ArrayList\u003c\u003e();","lastModifiedDate":"2023-08-20"},{"lineNumber":13,"author":{"gitId":"pzl111"},"content":"        boolean run \u003d true;","lastModifiedDate":"2023-08-20"},{"lineNumber":14,"author":{"gitId":"pzl111"},"content":"","lastModifiedDate":"2023-08-20"},{"lineNumber":15,"author":{"gitId":"pzl111"},"content":"        while(run) {","lastModifiedDate":"2023-08-20"},{"lineNumber":16,"author":{"gitId":"pzl111"},"content":"            String input \u003d sc.nextLine();","lastModifiedDate":"2023-08-20"},{"lineNumber":17,"author":{"gitId":"pzl111"},"content":"            System.out.println(\"____________________________________________________________\");","lastModifiedDate":"2023-08-20"},{"lineNumber":18,"author":{"gitId":"pzl111"},"content":"            String[] words \u003d input.split(\" \");","lastModifiedDate":"2023-08-20"},{"lineNumber":19,"author":{"gitId":"pzl111"},"content":"            String descr \u003d \"\";","lastModifiedDate":"2023-08-20"},{"lineNumber":20,"author":{"gitId":"pzl111"},"content":"","lastModifiedDate":"2023-08-20"},{"lineNumber":21,"author":{"gitId":"pzl111"},"content":"            switch (words[0]) {","lastModifiedDate":"2023-08-20"},{"lineNumber":22,"author":{"gitId":"pzl111"},"content":"                case \"list\":","lastModifiedDate":"2023-08-20"},{"lineNumber":23,"author":{"gitId":"pzl111"},"content":"                    System.out.println(\"Here are the tasks in your list: \");","lastModifiedDate":"2023-08-20"},{"lineNumber":24,"author":{"gitId":"pzl111"},"content":"                    for (int i \u003d 0; i \u003c data.size(); i++) {","lastModifiedDate":"2023-08-20"},{"lineNumber":25,"author":{"gitId":"pzl111"},"content":"                        System.out.println((i+1) + \". \" + data.get(i));","lastModifiedDate":"2023-08-20"},{"lineNumber":26,"author":{"gitId":"pzl111"},"content":"                    }","lastModifiedDate":"2023-08-20"},{"lineNumber":27,"author":{"gitId":"pzl111"},"content":"                    break;","lastModifiedDate":"2023-08-20"},{"lineNumber":28,"author":{"gitId":"pzl111"},"content":"","lastModifiedDate":"2023-08-20"},{"lineNumber":29,"author":{"gitId":"pzl111"},"content":"                case \"todo\":","lastModifiedDate":"2023-08-20"},{"lineNumber":30,"author":{"gitId":"pzl111"},"content":"                    for (int i \u003d 1; i \u003c words.length; i++) {","lastModifiedDate":"2023-08-20"},{"lineNumber":31,"author":{"gitId":"pzl111"},"content":"                        descr \u003d descr + words[i] + \" \";","lastModifiedDate":"2023-08-20"},{"lineNumber":32,"author":{"gitId":"pzl111"},"content":"                    }","lastModifiedDate":"2023-08-20"},{"lineNumber":33,"author":{"gitId":"pzl111"},"content":"                    descr \u003d descr.substring(0, descr.length()-1);","lastModifiedDate":"2023-08-20"},{"lineNumber":34,"author":{"gitId":"pzl111"},"content":"                    Todo todo \u003d new Todo(descr);","lastModifiedDate":"2023-08-20"},{"lineNumber":35,"author":{"gitId":"pzl111"},"content":"                    data.add(todo);","lastModifiedDate":"2023-08-20"},{"lineNumber":36,"author":{"gitId":"pzl111"},"content":"                    System.out.println(\"Got it. I\u0027ve added this task: \");","lastModifiedDate":"2023-08-20"},{"lineNumber":37,"author":{"gitId":"pzl111"},"content":"                    System.out.println(todo);","lastModifiedDate":"2023-08-20"},{"lineNumber":38,"author":{"gitId":"pzl111"},"content":"                    System.out.println(\"Now you have \" + data.size() +\" tasks in the list.\");","lastModifiedDate":"2023-08-20"},{"lineNumber":39,"author":{"gitId":"pzl111"},"content":"                    break;","lastModifiedDate":"2023-08-20"},{"lineNumber":40,"author":{"gitId":"pzl111"},"content":"","lastModifiedDate":"2023-08-20"},{"lineNumber":41,"author":{"gitId":"pzl111"},"content":"                case \"deadline\":","lastModifiedDate":"2023-08-20"},{"lineNumber":42,"author":{"gitId":"pzl111"},"content":"                    boolean by \u003d false;","lastModifiedDate":"2023-08-20"},{"lineNumber":43,"author":{"gitId":"pzl111"},"content":"                    String by_text \u003d \"\";","lastModifiedDate":"2023-08-20"},{"lineNumber":44,"author":{"gitId":"pzl111"},"content":"                    for (int i \u003d 1; i \u003c words.length; i++) {","lastModifiedDate":"2023-08-20"},{"lineNumber":45,"author":{"gitId":"pzl111"},"content":"                        if (words[i].equals(\"/by\")) {","lastModifiedDate":"2023-08-20"},{"lineNumber":46,"author":{"gitId":"pzl111"},"content":"                            by \u003d true;","lastModifiedDate":"2023-08-20"},{"lineNumber":47,"author":{"gitId":"pzl111"},"content":"                            continue;","lastModifiedDate":"2023-08-20"},{"lineNumber":48,"author":{"gitId":"pzl111"},"content":"                        }","lastModifiedDate":"2023-08-20"},{"lineNumber":49,"author":{"gitId":"pzl111"},"content":"                        if (by) {","lastModifiedDate":"2023-08-20"},{"lineNumber":50,"author":{"gitId":"pzl111"},"content":"                            by_text \u003d by_text + words[i] + \" \";","lastModifiedDate":"2023-08-20"},{"lineNumber":51,"author":{"gitId":"pzl111"},"content":"                        } else {","lastModifiedDate":"2023-08-20"},{"lineNumber":52,"author":{"gitId":"pzl111"},"content":"                            descr \u003d descr + words[i] + \" \";","lastModifiedDate":"2023-08-20"},{"lineNumber":53,"author":{"gitId":"pzl111"},"content":"                        }","lastModifiedDate":"2023-08-20"},{"lineNumber":54,"author":{"gitId":"pzl111"},"content":"                    }","lastModifiedDate":"2023-08-20"},{"lineNumber":55,"author":{"gitId":"pzl111"},"content":"                    descr \u003d descr.substring(0, descr.length()-1);","lastModifiedDate":"2023-08-20"},{"lineNumber":56,"author":{"gitId":"pzl111"},"content":"                    by_text \u003d by_text.substring(0, by_text.length()-1);","lastModifiedDate":"2023-08-20"},{"lineNumber":57,"author":{"gitId":"pzl111"},"content":"                    Deadline deadline \u003d new Deadline(descr, by_text);","lastModifiedDate":"2023-08-20"},{"lineNumber":58,"author":{"gitId":"pzl111"},"content":"                    data.add(deadline);","lastModifiedDate":"2023-08-20"},{"lineNumber":59,"author":{"gitId":"pzl111"},"content":"                    System.out.println(\"Got it. I\u0027ve added this task: \");","lastModifiedDate":"2023-08-20"},{"lineNumber":60,"author":{"gitId":"pzl111"},"content":"                    System.out.println(deadline);","lastModifiedDate":"2023-08-20"},{"lineNumber":61,"author":{"gitId":"pzl111"},"content":"                    System.out.println(\"Now you have \" + data.size() +\" tasks in the list.\");","lastModifiedDate":"2023-08-20"},{"lineNumber":62,"author":{"gitId":"pzl111"},"content":"                    break;","lastModifiedDate":"2023-08-20"},{"lineNumber":63,"author":{"gitId":"pzl111"},"content":"","lastModifiedDate":"2023-08-20"},{"lineNumber":64,"author":{"gitId":"pzl111"},"content":"                case \"event\":","lastModifiedDate":"2023-08-20"},{"lineNumber":65,"author":{"gitId":"pzl111"},"content":"                    boolean from \u003d false;","lastModifiedDate":"2023-08-20"},{"lineNumber":66,"author":{"gitId":"pzl111"},"content":"                    boolean to \u003d false;","lastModifiedDate":"2023-08-20"},{"lineNumber":67,"author":{"gitId":"pzl111"},"content":"                    String from_text \u003d \"\";","lastModifiedDate":"2023-08-20"},{"lineNumber":68,"author":{"gitId":"pzl111"},"content":"                    String to_text \u003d \"\";","lastModifiedDate":"2023-08-20"},{"lineNumber":69,"author":{"gitId":"pzl111"},"content":"                    for (int i \u003d 1; i \u003c words.length; i++) {","lastModifiedDate":"2023-08-20"},{"lineNumber":70,"author":{"gitId":"pzl111"},"content":"                        if (words[i].equals(\"/from\")) {","lastModifiedDate":"2023-08-20"},{"lineNumber":71,"author":{"gitId":"pzl111"},"content":"                            from \u003d true;","lastModifiedDate":"2023-08-20"},{"lineNumber":72,"author":{"gitId":"pzl111"},"content":"                            continue;","lastModifiedDate":"2023-08-20"},{"lineNumber":73,"author":{"gitId":"pzl111"},"content":"                        } else if (words[i].equals(\"/to\")){","lastModifiedDate":"2023-08-20"},{"lineNumber":74,"author":{"gitId":"pzl111"},"content":"                            to \u003d true;","lastModifiedDate":"2023-08-20"},{"lineNumber":75,"author":{"gitId":"pzl111"},"content":"                            continue;","lastModifiedDate":"2023-08-20"},{"lineNumber":76,"author":{"gitId":"pzl111"},"content":"                        }","lastModifiedDate":"2023-08-20"},{"lineNumber":77,"author":{"gitId":"pzl111"},"content":"                        if (to) {","lastModifiedDate":"2023-08-20"},{"lineNumber":78,"author":{"gitId":"pzl111"},"content":"                            to_text \u003d to_text + words[i] + \" \";","lastModifiedDate":"2023-08-20"},{"lineNumber":79,"author":{"gitId":"pzl111"},"content":"                        } else if (from) {","lastModifiedDate":"2023-08-20"},{"lineNumber":80,"author":{"gitId":"pzl111"},"content":"                            from_text \u003d from_text + words[i] + \" \";","lastModifiedDate":"2023-08-20"},{"lineNumber":81,"author":{"gitId":"pzl111"},"content":"                        } else {","lastModifiedDate":"2023-08-20"},{"lineNumber":82,"author":{"gitId":"pzl111"},"content":"                            descr \u003d descr + words[i] + \" \";","lastModifiedDate":"2023-08-20"},{"lineNumber":83,"author":{"gitId":"pzl111"},"content":"                        }","lastModifiedDate":"2023-08-20"},{"lineNumber":84,"author":{"gitId":"pzl111"},"content":"                    }","lastModifiedDate":"2023-08-20"},{"lineNumber":85,"author":{"gitId":"pzl111"},"content":"                    descr \u003d descr.substring(0, descr.length()-1);","lastModifiedDate":"2023-08-20"},{"lineNumber":86,"author":{"gitId":"pzl111"},"content":"                    from_text \u003d from_text.substring(0, from_text.length()-1);","lastModifiedDate":"2023-08-20"},{"lineNumber":87,"author":{"gitId":"pzl111"},"content":"                    to_text \u003d to_text.substring(0, to_text.length()-1);","lastModifiedDate":"2023-08-20"},{"lineNumber":88,"author":{"gitId":"pzl111"},"content":"                    Event event \u003d new Event(descr, from_text, to_text);","lastModifiedDate":"2023-08-20"},{"lineNumber":89,"author":{"gitId":"pzl111"},"content":"                    data.add(event);","lastModifiedDate":"2023-08-20"},{"lineNumber":90,"author":{"gitId":"pzl111"},"content":"                    System.out.println(\"Got it. I\u0027ve added this task: \");","lastModifiedDate":"2023-08-20"},{"lineNumber":91,"author":{"gitId":"pzl111"},"content":"                    System.out.println(event);","lastModifiedDate":"2023-08-20"},{"lineNumber":92,"author":{"gitId":"pzl111"},"content":"                    System.out.println(\"Now you have \" + data.size() +\" tasks in the list.\");","lastModifiedDate":"2023-08-20"},{"lineNumber":93,"author":{"gitId":"pzl111"},"content":"                    break;","lastModifiedDate":"2023-08-20"},{"lineNumber":94,"author":{"gitId":"pzl111"},"content":"","lastModifiedDate":"2023-08-20"},{"lineNumber":95,"author":{"gitId":"pzl111"},"content":"                case \"mark\":","lastModifiedDate":"2023-08-20"},{"lineNumber":96,"author":{"gitId":"pzl111"},"content":"                    int marknum \u003d Integer.parseInt(words[1]);","lastModifiedDate":"2023-08-20"},{"lineNumber":97,"author":{"gitId":"pzl111"},"content":"                    data.get(marknum-1).mark();","lastModifiedDate":"2023-08-20"},{"lineNumber":98,"author":{"gitId":"pzl111"},"content":"                    System.out.println(\"Nice! I\u0027ve marked this task as done: \");","lastModifiedDate":"2023-08-20"},{"lineNumber":99,"author":{"gitId":"pzl111"},"content":"                    System.out.println(data.get(marknum-1));","lastModifiedDate":"2023-08-20"},{"lineNumber":100,"author":{"gitId":"pzl111"},"content":"                    break;","lastModifiedDate":"2023-08-20"},{"lineNumber":101,"author":{"gitId":"pzl111"},"content":"","lastModifiedDate":"2023-08-20"},{"lineNumber":102,"author":{"gitId":"pzl111"},"content":"                case \"unmark\":","lastModifiedDate":"2023-08-20"},{"lineNumber":103,"author":{"gitId":"pzl111"},"content":"                    int unmarknum \u003d Integer.parseInt(words[1]);","lastModifiedDate":"2023-08-20"},{"lineNumber":104,"author":{"gitId":"pzl111"},"content":"                    data.get(unmarknum-1).unmark();","lastModifiedDate":"2023-08-20"},{"lineNumber":105,"author":{"gitId":"pzl111"},"content":"                    System.out.println(\"OK, I\u0027ve marked this task as not done yet: \");","lastModifiedDate":"2023-08-20"},{"lineNumber":106,"author":{"gitId":"pzl111"},"content":"                    System.out.println(data.get(unmarknum-1));","lastModifiedDate":"2023-08-20"},{"lineNumber":107,"author":{"gitId":"pzl111"},"content":"                    break;","lastModifiedDate":"2023-08-20"},{"lineNumber":108,"author":{"gitId":"pzl111"},"content":"","lastModifiedDate":"2023-08-20"},{"lineNumber":109,"author":{"gitId":"pzl111"},"content":"                case \"bye\":","lastModifiedDate":"2023-08-20"},{"lineNumber":110,"author":{"gitId":"pzl111"},"content":"                    System.out.println(\"Bye. Hope to see you again soon!\");","lastModifiedDate":"2023-08-20"},{"lineNumber":111,"author":{"gitId":"pzl111"},"content":"                    run \u003d false;","lastModifiedDate":"2023-08-20"},{"lineNumber":112,"author":{"gitId":"pzl111"},"content":"                    break;","lastModifiedDate":"2023-08-20"},{"lineNumber":113,"author":{"gitId":"pzl111"},"content":"","lastModifiedDate":"2023-08-20"},{"lineNumber":114,"author":{"gitId":"pzl111"},"content":"                default:","lastModifiedDate":"2023-08-20"},{"lineNumber":115,"author":{"gitId":"pzl111"},"content":"                    System.out.println(\"☹ OOPS!!! I\u0027m sorry, but I don\u0027t know what that means :-(\");","lastModifiedDate":"2023-08-20"},{"lineNumber":116,"author":{"gitId":"pzl111"},"content":"                    break;","lastModifiedDate":"2023-08-20"},{"lineNumber":117,"author":{"gitId":"pzl111"},"content":"            }","lastModifiedDate":"2023-08-20"},{"lineNumber":118,"author":{"gitId":"pzl111"},"content":"","lastModifiedDate":"2023-08-20"},{"lineNumber":119,"author":{"gitId":"pzl111"},"content":"            System.out.println(\"____________________________________________________________\\n\");","lastModifiedDate":"2023-08-20"},{"lineNumber":120,"author":{"gitId":"pzl111"},"content":"        }","lastModifiedDate":"2023-08-20"},{"lineNumber":121,"author":{"gitId":"pzl111"},"content":"","lastModifiedDate":"2023-08-20"},{"lineNumber":122,"author":{"gitId":"pzl111"},"content":"    }","lastModifiedDate":"2023-08-20"},{"lineNumber":123,"author":{"gitId":"pzl111"},"content":"}","lastModifiedDate":"2023-08-20"}],"authorContributionMap":{"pzl111":123}},{"path":"src/main/java/Task.java","fileType":"java","lines":[{"lineNumber":1,"author":{"gitId":"pzl111"},"content":"public class Task {","lastModifiedDate":"2023-08-20"},{"lineNumber":2,"author":{"gitId":"pzl111"},"content":"    protected String description;","lastModifiedDate":"2023-08-20"},{"lineNumber":3,"author":{"gitId":"pzl111"},"content":"    protected boolean isDone;","lastModifiedDate":"2023-08-20"},{"lineNumber":4,"author":{"gitId":"pzl111"},"content":"","lastModifiedDate":"2023-08-20"},{"lineNumber":5,"author":{"gitId":"pzl111"},"content":"    public Task(String description) {","lastModifiedDate":"2023-08-20"},{"lineNumber":6,"author":{"gitId":"pzl111"},"content":"        this.description \u003d description;","lastModifiedDate":"2023-08-20"},{"lineNumber":7,"author":{"gitId":"pzl111"},"content":"        this.isDone \u003d false;","lastModifiedDate":"2023-08-20"},{"lineNumber":8,"author":{"gitId":"pzl111"},"content":"    }","lastModifiedDate":"2023-08-20"},{"lineNumber":9,"author":{"gitId":"pzl111"},"content":"","lastModifiedDate":"2023-08-20"},{"lineNumber":10,"author":{"gitId":"pzl111"},"content":"    public String getStatusIcon() {","lastModifiedDate":"2023-08-20"},{"lineNumber":11,"author":{"gitId":"pzl111"},"content":"        return (isDone ? \"X\" : \" \"); // mark done task with X","lastModifiedDate":"2023-08-20"},{"lineNumber":12,"author":{"gitId":"pzl111"},"content":"    }","lastModifiedDate":"2023-08-20"},{"lineNumber":13,"author":{"gitId":"pzl111"},"content":"","lastModifiedDate":"2023-08-20"},{"lineNumber":14,"author":{"gitId":"pzl111"},"content":"    public void mark() {","lastModifiedDate":"2023-08-20"},{"lineNumber":15,"author":{"gitId":"pzl111"},"content":"        this.isDone \u003d true;","lastModifiedDate":"2023-08-20"},{"lineNumber":16,"author":{"gitId":"pzl111"},"content":"    }","lastModifiedDate":"2023-08-20"},{"lineNumber":17,"author":{"gitId":"pzl111"},"content":"","lastModifiedDate":"2023-08-20"},{"lineNumber":18,"author":{"gitId":"pzl111"},"content":"    public void unmark() {","lastModifiedDate":"2023-08-20"},{"lineNumber":19,"author":{"gitId":"pzl111"},"content":"        this.isDone \u003d false;","lastModifiedDate":"2023-08-20"},{"lineNumber":20,"author":{"gitId":"pzl111"},"content":"    }","lastModifiedDate":"2023-08-20"},{"lineNumber":21,"author":{"gitId":"pzl111"},"content":"","lastModifiedDate":"2023-08-20"},{"lineNumber":22,"author":{"gitId":"pzl111"},"content":"    @Override","lastModifiedDate":"2023-08-20"},{"lineNumber":23,"author":{"gitId":"pzl111"},"content":"    public String toString() {","lastModifiedDate":"2023-08-20"},{"lineNumber":24,"author":{"gitId":"pzl111"},"content":"        return String.format(\"[%s] %s\", getStatusIcon(), description);","lastModifiedDate":"2023-08-20"},{"lineNumber":25,"author":{"gitId":"pzl111"},"content":"    }","lastModifiedDate":"2023-08-20"},{"lineNumber":26,"author":{"gitId":"pzl111"},"content":"}","lastModifiedDate":"2023-08-20"}],"authorContributionMap":{"pzl111":26}},{"path":"src/main/java/Todo.java","fileType":"java","lines":[{"lineNumber":1,"author":{"gitId":"pzl111"},"content":"public class Todo extends Task {","lastModifiedDate":"2023-08-20"},{"lineNumber":2,"author":{"gitId":"pzl111"},"content":"","lastModifiedDate":"2023-08-20"},{"lineNumber":3,"author":{"gitId":"pzl111"},"content":"    public Todo(String description) {","lastModifiedDate":"2023-08-20"},{"lineNumber":4,"author":{"gitId":"pzl111"},"content":"        super(description);","lastModifiedDate":"2023-08-20"},{"lineNumber":5,"author":{"gitId":"pzl111"},"content":"    }","lastModifiedDate":"2023-08-20"},{"lineNumber":6,"author":{"gitId":"pzl111"},"content":"","lastModifiedDate":"2023-08-20"},{"lineNumber":7,"author":{"gitId":"pzl111"},"content":"    @Override","lastModifiedDate":"2023-08-20"},{"lineNumber":8,"author":{"gitId":"pzl111"},"content":"    public String toString() {","lastModifiedDate":"2023-08-20"},{"lineNumber":9,"author":{"gitId":"pzl111"},"content":"        return \"[T]\" + super.toString();","lastModifiedDate":"2023-08-20"},{"lineNumber":10,"author":{"gitId":"pzl111"},"content":"    }","lastModifiedDate":"2023-08-20"},{"lineNumber":11,"author":{"gitId":"pzl111"},"content":"}","lastModifiedDate":"2023-08-20"}],"authorContributionMap":{"pzl111":11}}]
