{"authorDailyContributionsMap":{"winson8222":[{"date":"2023-08-23","commitResults":[{"hash":"459db77a1012750d247be084a6fd7a813de38325","isMergeCommit":false,"messageTitle":"Level0","messageBody":"","tags":["Level0"],"fileTypesAndContributionMap":{"java":{"insertions":5,"deletions":6}}},{"hash":"a984dead9d85943a92ca116d4dccefc3c5d97357","isMergeCommit":false,"messageTitle":"Added echo","messageBody":"","tags":["Level1"],"fileTypesAndContributionMap":{"java":{"insertions":17,"deletions":0}}},{"hash":"ef259893f76310131e41b9bc801b7438bb85f26b","isMergeCommit":false,"messageTitle":"Added list","messageBody":"","tags":["Level2"],"fileTypesAndContributionMap":{"java":{"insertions":57,"deletions":12}}},{"hash":"6cb61092f6d6f63b4fd4edf825f8cae4b7665a37","isMergeCommit":false,"messageTitle":"Added mark as done","messageBody":"","fileTypesAndContributionMap":{"java":{"insertions":2,"deletions":0}}},{"hash":"8a0f2aac5e00087af5b60ceb3452d6870ce163b0","isMergeCommit":false,"messageTitle":"Added mark as done","messageBody":"","tags":["Level3"],"fileTypesAndContributionMap":{"java":{"insertions":94,"deletions":6}}}]},{"date":"2023-08-24","commitResults":[{"hash":"2434f38384a3ab57ac525678bd9e1890ca632354","isMergeCommit":false,"messageTitle":"Added different task types","messageBody":"","fileTypesAndContributionMap":{"java":{"insertions":6,"deletions":0}}},{"hash":"02423f5c76a1fffeaf909e242390aebd23a247f5","isMergeCommit":false,"messageTitle":"Added different task types","messageBody":"","tags":["Level4","A-TextUiTesting"],"fileTypesAndContributionMap":{"java":{"insertions":127,"deletions":7}}},{"hash":"c4925ebbe8e6965796c90fccfb34dadb7dd33192","isMergeCommit":false,"messageTitle":"Added first test","messageBody":"","fileTypesAndContributionMap":{"txt":{"insertions":0,"deletions":0},"sh":{"insertions":42,"deletions":0}}},{"hash":"01f1a9d2a4e8ff1b760748b32c44c4f41950d9d6","isMergeCommit":false,"messageTitle":"Added first test","messageBody":"","tags":["Level5"],"fileTypesAndContributionMap":{"txt":{"insertions":6,"deletions":0},"java":{"insertions":1,"deletions":1},"sh":{"insertions":14,"deletions":13}}},{"hash":"86a148e6f1f49f81dee535b4e909ed35ec0709e9","isMergeCommit":false,"messageTitle":"Added some exceptions","messageBody":"","fileTypesAndContributionMap":{"java":{"insertions":125,"deletions":50}}},{"hash":"d1829b2d80a70fc984242b568bc6913352ed42a2","isMergeCommit":false,"messageTitle":"Added delete","messageBody":"","tags":["Level6"],"fileTypesAndContributionMap":{"java":{"insertions":40,"deletions":1}}},{"hash":"57defda310ae42d3bac317e9dc003b9c604cc6eb","isMergeCommit":false,"messageTitle":"Added Enum","messageBody":"","tags":["A-Enums"],"fileTypesAndContributionMap":{"txt":{"insertions":2,"deletions":1},"java":{"insertions":294,"deletions":143}}}]}]},"authorFileTypeContributionMap":{"winson8222":{"java":548,"md":0,"fxml":0,"sh":45,"bat":0,"gradle":0,"txt":7}},"authorContributionVariance":{"winson8222":91080.125},"authorDisplayNameMap":{"winson8222":"CS2103T-W17-4 ZHEN..NSON"}}
