{"authorDailyContributionsMap":{"ruiyangzh":[{"date":"2023-08-22","commitResults":[{"hash":"440db9aeeda30333f3a2d07dfdf3a5bdc594c596","isMergeCommit":false,"messageTitle":"Stage 1; renamed bot to Luke. Gave it basic startup and end lines.","messageBody":"","tags":["Level-0"],"fileTypesAndContributionMap":{"java":{"insertions":9,"deletions":6}}},{"hash":"b4b3d7887e339512078d5c88bc4f1ae636215f7f","isMergeCommit":false,"messageTitle":"Stage 1; added echo for user input, implemented using scanner.","messageBody":"","tags":["Level-1"],"fileTypesAndContributionMap":{"java":{"insertions":10,"deletions":1}}}]},{"date":"2023-08-23","commitResults":[{"hash":"49ec4fca52e2d74ba90a950038f95bfcbd4b98f2","isMergeCommit":false,"messageTitle":"Level 2. Added list functionality (implemented using an array of String).","messageBody":"","tags":["Level-2"],"fileTypesAndContributionMap":{"java":{"insertions":12,"deletions":2}}},{"hash":"18768f5c56b1a3d046c7c8d143a34f1a4ae345cc","isMergeCommit":false,"messageTitle":"Level 3. Implemented Task class, added ability to mark tasks as done or undone. Restructured the holding array from String[] to Task[].","messageBody":"","tags":["Level-3","A-Classes"],"fileTypesAndContributionMap":{"java":{"insertions":33,"deletions":4}}},{"hash":"5bae13cf8d960d7a165ebc0816178a86fe351739","isMergeCommit":false,"messageTitle":"Added Deadline, Event and ToDo classes that extend Task.","messageBody":"","tags":["A-Inheritance"],"fileTypesAndContributionMap":{"java":{"insertions":34,"deletions":0}}},{"hash":"652cff0150e1555af277433a7ce65437c784a4ae","isMergeCommit":false,"messageTitle":"Restructured Duke; with a processInput that handles scanner inputs. Implemented adding each task variant into the list of Duke.","messageBody":"","tags":["Level-4"],"fileTypesAndContributionMap":{"java":{"insertions":90,"deletions":30}}}]},{"date":"2023-08-24","commitResults":[{"hash":"ef93a524c36e9f440e540bff7b740011c6f03bf1","isMergeCommit":false,"messageTitle":"Implemented A-TextUiTesting, with defined input/output.","messageBody":"","tags":["A-TextUiTesting"],"fileTypesAndContributionMap":{"txt":{"insertions":16,"deletions":0},"java":{"insertions":1,"deletions":1}}},{"hash":"79ac7dfd9870a7d858368a128d046337d7787762","isMergeCommit":false,"messageTitle":"Implemented A-Exceptions, partway through Level 5.","messageBody":"","tags":["Level-5","A-Exceptions"],"fileTypesAndContributionMap":{"java":{"insertions":60,"deletions":10}}}]},{"date":"2023-08-25","commitResults":[{"hash":"394be8b9216f35e397bbe960a399aeeda820c391","isMergeCommit":false,"messageTitle":"Implemented Level 5, exceptions added for invalid user inputs.","messageBody":"","fileTypesAndContributionMap":{"java":{"insertions":77,"deletions":20}}},{"hash":"89ee93595bf9ea2de0c6a90433fd4b2507a2519f","isMergeCommit":false,"messageTitle":"Implemented A-Collections, using an arraylist to store tasks.","messageBody":"","tags":["A-Collections"],"fileTypesAndContributionMap":{"java":{"insertions":14,"deletions":10}}},{"hash":"7ea7fcf712239d13035757bb0a0d9637759349db","isMergeCommit":false,"messageTitle":"Implemented Level-6, added delete functionality.","messageBody":"","tags":["Level-6"],"fileTypesAndContributionMap":{"java":{"insertions":23,"deletions":2}}}]}]},"authorFileTypeContributionMap":{"ruiyangzh":{"java":282,"md":0,"fxml":0,"sh":0,"bat":0,"gradle":0,"txt":16}},"authorContributionVariance":{"ruiyangzh":5591.6094},"authorDisplayNameMap":{"ruiyangzh":"ZHAO..YANG"}}
