{"authorDailyContributionsMap":{"wxwern":[{"date":"2023-08-22","commitResults":[{"hash":"55ee9edefd399cd35ec7630b84cd0940c484227a","isMergeCommit":false,"messageTitle":"add skeletal chatbot implementation","messageBody":"","tags":["Level-0"],"fileTypesAndContributionMap":{"java":{"insertions":225,"deletions":6}}},{"hash":"6319c1f3bef8680c4b16cbab0b49fd9b7a014201","isMergeCommit":false,"messageTitle":"add echoing POC, fix convo open/close behaviour and printouts","messageBody":"","fileTypesAndContributionMap":{"java":{"insertions":17,"deletions":5}}},{"hash":"730b04173962fd06355beeb949039f2c8b501b05","isMergeCommit":false,"messageTitle":"improve interactive CLI display","messageBody":"","tags":["Level-1"],"fileTypesAndContributionMap":{"java":{"insertions":6,"deletions":0}}},{"hash":"71f80ffaff1ba9577d8f0cd240ed09da4e30d4d8","isMergeCommit":false,"messageTitle":"add wip task manager abstraction","messageBody":"","tags":["A-Collections"],"fileTypesAndContributionMap":{"java":{"insertions":136,"deletions":0}}},{"hash":"6da1b6c28e6cf114cc41395f961c76acf114b292","isMergeCommit":false,"messageTitle":"add wip chatbot integration with task manager","messageBody":"","tags":["Level-2"],"fileTypesAndContributionMap":{"java":{"insertions":47,"deletions":11}}},{"hash":"52ee2c9180c3b08cfccb1790f6f7a659adeb2fff","isMergeCommit":false,"messageTitle":"add mark/unmark as complete support","messageBody":"","tags":["Level-3"],"fileTypesAndContributionMap":{"java":{"insertions":30,"deletions":3}}},{"hash":"8a0fd259555d3d53cd0977e3c193118ca3dd28e9","isMergeCommit":false,"messageTitle":"complete task class implementation","messageBody":"","tags":["A-Classes"],"fileTypesAndContributionMap":{"java":{"insertions":20,"deletions":4}}},{"hash":"643f4a8f68dfc3da4f262557e6aa5c4e7716a154","isMergeCommit":false,"messageTitle":"add distinct tasks: todos, events, deadlines","messageBody":"","tags":["A-Inheritance"],"fileTypesAndContributionMap":{"java":{"insertions":80,"deletions":1}}},{"hash":"f604651be6e1452e9f655bf66538fbbe74032156","isMergeCommit":false,"messageTitle":"add wip integration with new task types to chatbot","messageBody":"","fileTypesAndContributionMap":{"java":{"insertions":46,"deletions":11}}}]},{"date":"2023-08-23","commitResults":[{"hash":"3bc41634e58b22a5e0be561550e7893e1419d739","isMergeCommit":false,"messageTitle":"add new command parser","messageBody":"","fileTypesAndContributionMap":{"java":{"insertions":148,"deletions":0}}},{"hash":"31e1d59bbffdcc42f2e60769a29f5c688728f2f7","isMergeCommit":false,"messageTitle":"update chatbot to use command parser plus fun convo style","messageBody":"","tags":["Level-4"],"fileTypesAndContributionMap":{"java":{"insertions":46,"deletions":39}}},{"hash":"b4077090197322c3bc563ad410783e07930d6658","isMergeCommit":false,"messageTitle":"update tests","messageBody":"","tags":["A-TextUiTesting"],"fileTypesAndContributionMap":{"txt":{"insertions":25,"deletions":0},"sh":{"insertions":0,"deletions":0}}},{"hash":"34158bb883bf2d793184fde88f998f2c79ae4219","isMergeCommit":false,"messageTitle":"add new chatbot exception classes","messageBody":"","fileTypesAndContributionMap":{"java":{"insertions":10,"deletions":0}}},{"hash":"fd95407560b5a83130f77a6345f87853009f043f","isMergeCommit":false,"messageTitle":"make chatbot handle exceptions and report to user","messageBody":"","tags":["A-Exceptions"],"fileTypesAndContributionMap":{"java":{"insertions":185,"deletions":146}}},{"hash":"8835d8936191839a94df64aad6f659affbe3f52b","isMergeCommit":false,"messageTitle":"improve error phrasing, add missing error handling","messageBody":"","tags":["Level-5"],"fileTypesAndContributionMap":{"java":{"insertions":42,"deletions":5}}},{"hash":"e0e85efa443146d767c52151c450236260a7d43a","isMergeCommit":false,"messageTitle":"add task delete support to chatbot","messageBody":"","tags":["Level-6"],"fileTypesAndContributionMap":{"java":{"insertions":35,"deletions":16}}},{"hash":"66843b3bbea24a6c411167c7c79389229dd9a9b5","isMergeCommit":false,"messageTitle":"Fix chatbot singleton not actually being a singleton","messageBody":"","fileTypesAndContributionMap":{"java":{"insertions":10,"deletions":6}}},{"hash":"d8a9636ebe928c04259652ea927acefb4ce03d31","isMergeCommit":false,"messageTitle":"fix functional interface","messageBody":"","fileTypesAndContributionMap":{"java":{"insertions":2,"deletions":1}}},{"hash":"f7c26f7a8a8f8fde8b0d0e462ef613ec4920b00c","isMergeCommit":false,"messageTitle":"Refactor commands to support enums","messageBody":"","fileTypesAndContributionMap":{"java":{"insertions":76,"deletions":28}}},{"hash":"7f628605b0c4b4a161d4bcd7159173a017ecf2e9","isMergeCommit":false,"messageTitle":"Rephrase Mark list operation enum to MarkComplete","messageBody":"","tags":["A-Enums"],"fileTypesAndContributionMap":{"java":{"insertions":9,"deletions":9}}},{"hash":"f06ec1ae608153da485e5fc8aa7ed0c21cd1f6f5","isMergeCommit":false,"messageTitle":"Update unit tests to also test deletions and errors","messageBody":"","fileTypesAndContributionMap":{"txt":{"insertions":9,"deletions":0}}}]},{"date":"2023-08-27","commitResults":[{"hash":"38e03dd2098fa595065f620cde2b6c4a91aa58dc","isMergeCommit":false,"messageTitle":"Add WIP persistent storage support","messageBody":"","fileTypesAndContributionMap":{"java":{"insertions":147,"deletions":2}}},{"hash":"4fa7c4d3872b5c29037eeca69d87ff4e7c40f18a","isMergeCommit":true,"messageTitle":"Merge branch \u0027add-gradle-support\u0027","messageBody":"","tags":["A-Gradle"],"fileTypesAndContributionMap":{}},{"hash":"aa169f6d6e9093f864eeb714ff4f592b7f3fce29","isMergeCommit":true,"messageTitle":"Merge branch \u0027add-gradle-support\u0027 into branch-Level-7","messageBody":"","fileTypesAndContributionMap":{}},{"hash":"438aa1a631229b50d8d2927edc866d9c0ac4a1e2","isMergeCommit":false,"messageTitle":"Add datetime input validation","messageBody":"","fileTypesAndContributionMap":{"java":{"insertions":119,"deletions":19}}},{"hash":"ccdb8e48656f8a34981a6ea2a0516f400da41037","isMergeCommit":false,"messageTitle":"Update unit tests for new datetime formats","messageBody":"","tags":["Level-8"],"fileTypesAndContributionMap":{"txt":{"insertions":4,"deletions":4},"bat":{"insertions":1,"deletions":1},"sh":{"insertions":2,"deletions":2}}},{"hash":"5745f726474c7e6b5d25b64ff1e6496b87597b26","isMergeCommit":true,"messageTitle":"Merge branch \u0027branch-Level-8\u0027","messageBody":"","fileTypesAndContributionMap":{}},{"hash":"5930c3b292ccb03b6fb111b937dd7061ed6299e8","isMergeCommit":false,"messageTitle":"Add Gson dependency for JSON conversion","messageBody":"","fileTypesAndContributionMap":{"gradle":{"insertions":1,"deletions":0}}}]},{"date":"2023-08-28","commitResults":[{"hash":"fade8f263f05497c981d25b1e00a4fcd4b8e4568","isMergeCommit":false,"messageTitle":"Complete persistent storage support","messageBody":"This integrates with Google\u0027s Gson and saves data in the relative\nlocation `todoifydata/tasks.json`.\n\nNote: The text-based unit test suite is currently broken by inability\nto compile Gson (it doesn\u0027t use Gradle). It should be migrated to JUnit\nsoon.\n","tags":["Level-7","A-Varargs"],"fileTypesAndContributionMap":{"java":{"insertions":106,"deletions":6}}},{"hash":"0fefa353e9bd22dca49ac35140a1080bec3e835a","isMergeCommit":true,"messageTitle":"Merge branch \u0027branch-Level-7\u0027 into master","messageBody":"","fileTypesAndContributionMap":{}},{"hash":"c5777cc002dc31caace73d3a2a1df0a464db9b2d","isMergeCommit":false,"messageTitle":"Improve class structures and documentation","messageBody":"","fileTypesAndContributionMap":{"java":{"insertions":215,"deletions":99}}}]},{"date":"2023-08-29","commitResults":[{"hash":"1f58da5460fa17a85290682ee4538d7c12a2ad8d","isMergeCommit":false,"messageTitle":"Improve Chatbot class organization","messageBody":"","tags":["A-MoreOOP"],"fileTypesAndContributionMap":{"java":{"insertions":327,"deletions":189}}},{"hash":"8bd712509e29e5f7555355ec2dec02e2fa7b175b","isMergeCommit":false,"messageTitle":"Refactor classes into packages","messageBody":"","tags":["A-Packages"],"fileTypesAndContributionMap":{"java":{"insertions":548,"deletions":463}}},{"hash":"71ed521b1e1fc22e210f72ebe2ab7a00d5d58cf8","isMergeCommit":false,"messageTitle":"Improve CLI design to mimic chatting","messageBody":"","fileTypesAndContributionMap":{"java":{"insertions":33,"deletions":28}}},{"hash":"8412ebea632032351a2d91f4d4f929befafc413c","isMergeCommit":false,"messageTitle":"Add some JUnit tests","messageBody":"","tags":["A-JUnit"],"fileTypesAndContributionMap":{"gradle":{"insertions":3,"deletions":3},"java":{"insertions":195,"deletions":19}}},{"hash":"adb13beca39c1e1bf400dc6ea8ca467c2115b334","isMergeCommit":false,"messageTitle":"Update project main class name and command syntax","messageBody":"","fileTypesAndContributionMap":{"gradle":{"insertions":1,"deletions":1},"java":{"insertions":15,"deletions":11},"bat":{"insertions":1,"deletions":1},"sh":{"insertions":1,"deletions":1},"md":{"insertions":16,"deletions":9}}},{"hash":"48fd17409cd3ea20e8ae6d606c3bde6c50fcd150","isMergeCommit":false,"messageTitle":"Add version number","messageBody":"","tags":["v0.0.1-alpha","A-Jar"],"fileTypesAndContributionMap":{"gradle":{"insertions":1,"deletions":1}}},{"hash":"5c78c6d07d5c555e7b5f01ed72f46fe41a1b9d28","isMergeCommit":false,"messageTitle":"Fix tests to follow new syntax","messageBody":"","fileTypesAndContributionMap":{"java":{"insertions":7,"deletions":7}}},{"hash":"47ba7fa77c49ecb52df8691000c402cbd61307b3","isMergeCommit":false,"messageTitle":"Made documentation formatting consistent","messageBody":"","tags":["A-JavaDoc"],"fileTypesAndContributionMap":{"java":{"insertions":45,"deletions":4}}},{"hash":"04023b24caf1f220de9fc03cd375e0d867610d0c","isMergeCommit":false,"messageTitle":"Apply codestyle formatting as per requirements","messageBody":"","fileTypesAndContributionMap":{"java":{"insertions":216,"deletions":189}}},{"hash":"5f77a876c4d611a5ba984f6b55c7075e666e4d1e","isMergeCommit":false,"messageTitle":"Update phrasing and more code auto-formatting","messageBody":"","tags":["A-CodingStandard"],"fileTypesAndContributionMap":{"java":{"insertions":100,"deletions":82}}},{"hash":"6256c06d1a37171ac469391c4dbe51134f54587c","isMergeCommit":false,"messageTitle":"Add support for task search","messageBody":"","tags":["Level-9"],"fileTypesAndContributionMap":{"java":{"insertions":43,"deletions":13}}},{"hash":"48c445d450bf11c98a04daf1f0c53d6d7cc2a8bc","isMergeCommit":true,"messageTitle":"Merge branch \u0027branch-A-JavaDoc\u0027","messageBody":"","fileTypesAndContributionMap":{}},{"hash":"cfe70d5ccbe07207f3d7a3ed57458cf8968f89e9","isMergeCommit":true,"messageTitle":"Merge branch \u0027branch-A-CodingStandard\u0027","messageBody":"","fileTypesAndContributionMap":{}},{"hash":"adc1226e3387e3ace4876f2e784417cad380b97e","isMergeCommit":true,"messageTitle":"Merge branch \u0027branch-Level-9\u0027","messageBody":"","fileTypesAndContributionMap":{}},{"hash":"e2a96e6d6837ab27ab5569f5cd06c4a3c86949dd","isMergeCommit":false,"messageTitle":"Fix access modifiers for internal methods","messageBody":"","fileTypesAndContributionMap":{"java":{"insertions":3,"deletions":3}}},{"hash":"d1e28f2ee390ae504d6a90fe6547268744b73294","isMergeCommit":false,"messageTitle":"Refactor source files into a single package","messageBody":"","fileTypesAndContributionMap":{"gradle":{"insertions":2,"deletions":2},"java":{"insertions":63,"deletions":55}}}]},{"date":"2023-09-02","commitResults":[{"hash":"308f6720f2f0ec17710403686f95885f1528fdfc","isMergeCommit":false,"messageTitle":"Add checkstyle","messageBody":"","fileTypesAndContributionMap":{"gradle":{"insertions":5,"deletions":0}}},{"hash":"cdb9f424e7ab2320783bca402ee157b252fdb210","isMergeCommit":false,"messageTitle":"Refactor code for checkstyle compliance","messageBody":"","tags":["A-Checkstyle"],"fileTypesAndContributionMap":{"gradle":{"insertions":1,"deletions":1},"java":{"insertions":93,"deletions":122},"bat":{"insertions":1,"deletions":1},"sh":{"insertions":1,"deletions":1},"md":{"insertions":1,"deletions":1}}}]},{"date":"2023-09-06","commitResults":[{"hash":"1b3cc1ba82de62cd30373b285022dffc70b85687","isMergeCommit":false,"messageTitle":"Refactor command processing to better use exceptions","messageBody":"","fileTypesAndContributionMap":{"java":{"insertions":108,"deletions":41}}},{"hash":"1f600b75263550a04077def16202448e4855932b","isMergeCommit":false,"messageTitle":"Fix an overly long line","messageBody":"","fileTypesAndContributionMap":{"java":{"insertions":3,"deletions":1}}},{"hash":"da1f863fd68e57eb9116c769a43bd2fa7f1ee25e","isMergeCommit":false,"messageTitle":"Add rudimentary UI with JavaFX","messageBody":"","fileTypesAndContributionMap":{"gradle":{"insertions":16,"deletions":1},"fxml":{"insertions":79,"deletions":0},"java":{"insertions":290,"deletions":10}}}]},{"date":"2023-09-08","commitResults":[{"hash":"4e898232149ffe17232a58fafa225569a18d3564","isMergeCommit":false,"messageTitle":"Fix UI layout bugs on small window sizes","messageBody":"","tags":["Level-10"],"fileTypesAndContributionMap":{"fxml":{"insertions":8,"deletions":15},"java":{"insertions":6,"deletions":1}}},{"hash":"9b011ef55c0d6a03bec01ddf275d97122a22f830","isMergeCommit":true,"messageTitle":"Merge branch \u0027branch-Level-10\u0027","messageBody":"","fileTypesAndContributionMap":{}},{"hash":"5f2d02ab77ddeaa856376f4e09f4c7aba389a245","isMergeCommit":false,"messageTitle":"Update README and build version","messageBody":"","tags":["v0.0.3-alpha"],"fileTypesAndContributionMap":{"gradle":{"insertions":1,"deletions":1},"md":{"insertions":1,"deletions":1}}}]},{"date":"2023-09-12","commitResults":[{"hash":"bf9aff33d491a4ea16d838b888088b660273d513","isMergeCommit":false,"messageTitle":"Add assertions to document some code assumptions","messageBody":"Some parts of the code rely on certain assumptions to function\ncorrectly. This commit notes the trivial assumptions made across some\nregions of the codebase, which can be tested by enabling Java\nassertions.\n","tags":["A-Assertions"],"fileTypesAndContributionMap":{"java":{"insertions":37,"deletions":2}}}]},{"date":"2023-09-13","commitResults":[{"hash":"72280555722be3c5da42613fe89468e2778abeb0","isMergeCommit":false,"messageTitle":"Improve code quality by updating phrasing and docs","messageBody":"These changes are based on feedback as per the pull request\nhttps://github.com/nus-cs2103-AY2324S1/ip/pull/67\n\nThis mostly involves updating method and variable names for improved\nclarity, and adding appropriate documentation to some internal sections.\n","tags":["A-FullCommitMessage"],"fileTypesAndContributionMap":{"java":{"insertions":39,"deletions":22}}},{"hash":"757fefc511a0c1d0bb8828db339a6dd3978d9bd1","isMergeCommit":false,"messageTitle":"Refactor the long ChatCommand#parse method","messageBody":"The functionality in this method has been extracted into multiple,\nsmaller methods to improve understanding.\n","fileTypesAndContributionMap":{"java":{"insertions":101,"deletions":42}}},{"hash":"a57bfd22cdd5cb67f9293fd2a7a04440426fee19","isMergeCommit":false,"messageTitle":"Improve code formatting","messageBody":"","fileTypesAndContributionMap":{"java":{"insertions":17,"deletions":17}}},{"hash":"faf9b4f3add94a1547bed91663a163d775e3ffe0","isMergeCommit":false,"messageTitle":"Remove the need for warning suppression annotation","messageBody":"This is done by swapping out an array that needed to use generics\n(but does not support it) with a Java Collections List (which supports\ngenerics).\n","fileTypesAndContributionMap":{"java":{"insertions":2,"deletions":3}}},{"hash":"bb07cfb5afc44ed308e11ef4406c433131654d2b","isMergeCommit":false,"messageTitle":"Remove an unused Gson object","messageBody":"","tags":["A-CodeQuality"],"fileTypesAndContributionMap":{"java":{"insertions":0,"deletions":1}}},{"hash":"d10b706e72ec38a66ab9f096349b234fcf25b586","isMergeCommit":false,"messageTitle":"Refactor task list retrieval to Java streams","messageBody":"","tags":["A-Streams"],"fileTypesAndContributionMap":{"java":{"insertions":37,"deletions":19}}},{"hash":"2ae97151c0bae6d70973e715520550a60751975a","isMergeCommit":true,"messageTitle":"Merge pull request #2 from wxwern/branch-A-CodeQuality","messageBody":"Code quality improvements","fileTypesAndContributionMap":{}},{"hash":"7bcb3566bd52365918b3b66f33c445241fa63d9c","isMergeCommit":true,"messageTitle":"Merge branch \u0027master\u0027 into branch-A-Assertions","messageBody":"","fileTypesAndContributionMap":{}},{"hash":"f7cfefe61ab30dd7923dd3a2b332d7a6e5abb453","isMergeCommit":true,"messageTitle":"Merge pull request #1 from wxwern/branch-A-Assertions","messageBody":"Add assertions to document some code assumptions","fileTypesAndContributionMap":{}},{"hash":"2ee33e2e5c018308bbf8ed373eb7e9f88cbbbea0","isMergeCommit":true,"messageTitle":"Merge branch \u0027master\u0027 into branch-A-Streams","messageBody":"","fileTypesAndContributionMap":{}},{"hash":"8ace4674ded8b352cf3c14b6c0369418dcf74460","isMergeCommit":true,"messageTitle":"Merge pull request #3 from wxwern/branch-A-Streams","messageBody":"Add task list retrieval via Java streams","fileTypesAndContributionMap":{}},{"hash":"3592470fd1d113f4da0936aa8ed60c19b4166868","isMergeCommit":false,"messageTitle":"Update README with content and fix its formatting","messageBody":"","fileTypesAndContributionMap":{"md":{"insertions":24,"deletions":17}}},{"hash":"2cbf51dee36a811673554f20ed916ccaf48f09ca","isMergeCommit":false,"messageTitle":"Add command mappings and info in enum declaration","messageBody":"","fileTypesAndContributionMap":{"java":{"insertions":129,"deletions":50}}},{"hash":"4514c215d0397a2434d698cbb0823c603c909a03","isMergeCommit":false,"messageTitle":"Add help command","messageBody":"","tags":["C-Help","BCD-Extension"],"fileTypesAndContributionMap":{"java":{"insertions":45,"deletions":3}}},{"hash":"b15a124d374d53225b28dff6dfd531f370b71fbe","isMergeCommit":true,"messageTitle":"Merge branch \u0027branch-C-Help\u0027","messageBody":"","fileTypesAndContributionMap":{}}]}]},"authorFileTypeContributionMap":{"wxwern":{"java":2488,"md":29,"fxml":72,"sh":1,"bat":1,"gradle":22,"txt":34}},"authorContributionVariance":{"wxwern":292385.8},"authorDisplayNameMap":{"wxwern":"CS2103T-W08-3 LIM .. JIE"}}
