{"authorDailyContributionsMap":{"newway1814":[{"date":"2023-08-21","commitResults":[{"hash":"d42f96bb8e4da557af7a48e019ddcb08d4d70db8","isMergeCommit":false,"messageTitle":"Completed Level 0","messageBody":"","tags":["Level-0"],"fileTypesAndContributionMap":{"java":{"insertions":21,"deletions":6}}},{"hash":"8f55f340e45de94b32afa30cb70936ca142b09cc","isMergeCommit":false,"messageTitle":"Completed Level-1","messageBody":"","tags":["Level-1"],"fileTypesAndContributionMap":{"java":{"insertions":18,"deletions":2}}},{"hash":"81b86166e103585dd91e441ba80c734e5c7f999c","isMergeCommit":false,"messageTitle":"Completed Level-2","messageBody":"","tags":["Level-2"],"fileTypesAndContributionMap":{"java":{"insertions":36,"deletions":5}}}]},{"date":"2023-08-22","commitResults":[{"hash":"538f536c5d5239927f248f15be977b3547667b49","isMergeCommit":false,"messageTitle":"Completed Level-3","messageBody":"","tags":["Level-3"],"fileTypesAndContributionMap":{"java":{"insertions":93,"deletions":15}}}]},{"date":"2023-08-23","commitResults":[{"hash":"1629c14337e0ce258340287e44cc613b101ba3f6","isMergeCommit":false,"messageTitle":"Completed Level-4","messageBody":"","tags":["Level-4"],"fileTypesAndContributionMap":{"java":{"insertions":110,"deletions":19}}},{"hash":"e5d48b14970de13986bfe88b741d67e05d286249","isMergeCommit":false,"messageTitle":"Completed Level-5","messageBody":"","tags":["Level-5"],"fileTypesAndContributionMap":{"java":{"insertions":45,"deletions":34},"bat":{"insertions":1,"deletions":1},"md":{"insertions":2,"deletions":2}}},{"hash":"c7fb908f5a9b70b4cefda2a3fabf876db88b444b","isMergeCommit":false,"messageTitle":"Completed Level-6","messageBody":"","tags":["Level-6"],"fileTypesAndContributionMap":{"java":{"insertions":19,"deletions":1}}}]},{"date":"2023-08-24","commitResults":[{"hash":"33b4900041f576db8dad24c04effedd2b49d09b6","isMergeCommit":false,"messageTitle":"Completed A-TextUiTesting","messageBody":"","tags":["A-TextUiTesting"],"fileTypesAndContributionMap":{"txt":{"insertions":8,"deletions":0},"java":{"insertions":5,"deletions":4},"bat":{"insertions":0,"deletions":1}}}]},{"date":"2023-08-29","commitResults":[{"hash":"e3eee20de7828887e124e1dfae5476e22b1864f6","isMergeCommit":false,"messageTitle":"Completed Level-7","messageBody":"","fileTypesAndContributionMap":{"txt":{"insertions":1,"deletions":1},"java":{"insertions":203,"deletions":54}}},{"hash":"af42de9e8d7635329a5b8aa15a5f07a7010d4c56","isMergeCommit":true,"messageTitle":"Merge branch \u0027branch-Level-7\u0027","messageBody":"","tags":["Level-7"],"fileTypesAndContributionMap":{}},{"hash":"320d8cf47c4c5f246795650226ae3a34fc9c1d48","isMergeCommit":false,"messageTitle":"make illegal date format exception","messageBody":"","fileTypesAndContributionMap":{"java":{"insertions":6,"deletions":0}}},{"hash":"ed81083c0231e589a441e99ac047f841a39d0512","isMergeCommit":false,"messageTitle":"add basic date parsing functionality for deadline events","messageBody":"","fileTypesAndContributionMap":{"java":{"insertions":54,"deletions":16}}},{"hash":"6526e142c7c5b168a9743da4ecfc6aca3be699d9","isMergeCommit":true,"messageTitle":"fix merge conflicts","messageBody":"","fileTypesAndContributionMap":{}},{"hash":"788372ea8d770e7fac539ab3c2452c012912f322","isMergeCommit":false,"messageTitle":"fix datetime parse error in halting the program","messageBody":"","tags":["Level-8"],"fileTypesAndContributionMap":{"java":{"insertions":16,"deletions":6}}}]},{"date":"2023-08-30","commitResults":[{"hash":"2634eb189025a2a5adcff0fc9f602b5a82b1827f","isMergeCommit":false,"messageTitle":"Applied OOP Principles","messageBody":"","fileTypesAndContributionMap":{"txt":{"insertions":7,"deletions":4},"java":{"insertions":383,"deletions":256},"bat":{"insertions":3,"deletions":3}}},{"hash":"4bfe79fcbc6ff3861c78c15d393a0c6780fcce14","isMergeCommit":true,"messageTitle":"Merge branch \u0027branch-A-OOP\u0027","messageBody":"","tags":["A-MoreOOP"],"fileTypesAndContributionMap":{}},{"hash":"f184cff5d421a3c0f6419da6e043a669aa73f30e","isMergeCommit":false,"messageTitle":"Organised the code into packages","messageBody":"","tags":["A-Packages"],"fileTypesAndContributionMap":{"java":{"insertions":15,"deletions":18},"bat":{"insertions":2,"deletions":2}}}]},{"date":"2023-08-31","commitResults":[{"hash":"e01de48d9b0d76166d8d40765e6b0a611c0b9be9","isMergeCommit":false,"messageTitle":"Solve conflicts","messageBody":"","fileTypesAndContributionMap":{"txt":{"insertions":5,"deletions":0},"java":{"insertions":183,"deletions":172}}}]}]},"authorFileTypeContributionMap":{"newway1814":{"java":602,"md":2,"fxml":0,"sh":0,"bat":4,"gradle":0,"txt":16}},"authorContributionVariance":{"newway1814":40371.63},"authorDisplayNameMap":{"newway1814":"CS2103T-W15-1 GAND..EJAS"}}
