{"authorDailyContributionsMap":{"newway1814":[{"date":"2023-08-21","commitResults":[{"hash":"d42f96bb8e4da557af7a48e019ddcb08d4d70db8","isMergeCommit":false,"messageTitle":"Completed Level 0","messageBody":"","tags":["Level-0"],"fileTypesAndContributionMap":{"java":{"insertions":21,"deletions":6}}},{"hash":"8f55f340e45de94b32afa30cb70936ca142b09cc","isMergeCommit":false,"messageTitle":"Completed Level-1","messageBody":"","tags":["Level-1"],"fileTypesAndContributionMap":{"java":{"insertions":18,"deletions":2}}},{"hash":"81b86166e103585dd91e441ba80c734e5c7f999c","isMergeCommit":false,"messageTitle":"Completed Level-2","messageBody":"","tags":["Level-2"],"fileTypesAndContributionMap":{"java":{"insertions":36,"deletions":5}}}]},{"date":"2023-08-22","commitResults":[{"hash":"538f536c5d5239927f248f15be977b3547667b49","isMergeCommit":false,"messageTitle":"Completed Level-3","messageBody":"","tags":["Level-3"],"fileTypesAndContributionMap":{"java":{"insertions":93,"deletions":15}}}]},{"date":"2023-08-23","commitResults":[{"hash":"1629c14337e0ce258340287e44cc613b101ba3f6","isMergeCommit":false,"messageTitle":"Completed Level-4","messageBody":"","tags":["Level-4"],"fileTypesAndContributionMap":{"java":{"insertions":110,"deletions":19}}},{"hash":"e5d48b14970de13986bfe88b741d67e05d286249","isMergeCommit":false,"messageTitle":"Completed Level-5","messageBody":"","tags":["Level-5"],"fileTypesAndContributionMap":{"java":{"insertions":45,"deletions":34},"bat":{"insertions":1,"deletions":1},"md":{"insertions":2,"deletions":2}}},{"hash":"c7fb908f5a9b70b4cefda2a3fabf876db88b444b","isMergeCommit":false,"messageTitle":"Completed Level-6","messageBody":"","tags":["Level-6"],"fileTypesAndContributionMap":{"java":{"insertions":19,"deletions":1}}}]},{"date":"2023-08-24","commitResults":[{"hash":"33b4900041f576db8dad24c04effedd2b49d09b6","isMergeCommit":false,"messageTitle":"Completed A-TextUiTesting","messageBody":"","tags":["A-TextUiTesting"],"fileTypesAndContributionMap":{"txt":{"insertions":8,"deletions":0},"java":{"insertions":5,"deletions":4},"bat":{"insertions":0,"deletions":1}}}]},{"date":"2023-08-29","commitResults":[{"hash":"e3eee20de7828887e124e1dfae5476e22b1864f6","isMergeCommit":false,"messageTitle":"Completed Level-7","messageBody":"","fileTypesAndContributionMap":{"txt":{"insertions":1,"deletions":1},"java":{"insertions":203,"deletions":54}}},{"hash":"af42de9e8d7635329a5b8aa15a5f07a7010d4c56","isMergeCommit":true,"messageTitle":"Merge branch \u0027branch-Level-7\u0027","messageBody":"","tags":["Level-7"],"fileTypesAndContributionMap":{}},{"hash":"320d8cf47c4c5f246795650226ae3a34fc9c1d48","isMergeCommit":false,"messageTitle":"make illegal date format exception","messageBody":"","fileTypesAndContributionMap":{"java":{"insertions":6,"deletions":0}}},{"hash":"ed81083c0231e589a441e99ac047f841a39d0512","isMergeCommit":false,"messageTitle":"add basic date parsing functionality for deadline events","messageBody":"","fileTypesAndContributionMap":{"java":{"insertions":54,"deletions":16}}},{"hash":"6526e142c7c5b168a9743da4ecfc6aca3be699d9","isMergeCommit":true,"messageTitle":"fix merge conflicts","messageBody":"","fileTypesAndContributionMap":{}},{"hash":"788372ea8d770e7fac539ab3c2452c012912f322","isMergeCommit":false,"messageTitle":"fix datetime parse error in halting the program","messageBody":"","tags":["Level-8"],"fileTypesAndContributionMap":{"java":{"insertions":16,"deletions":6}}}]},{"date":"2023-08-30","commitResults":[{"hash":"2634eb189025a2a5adcff0fc9f602b5a82b1827f","isMergeCommit":false,"messageTitle":"Applied OOP Principles","messageBody":"","fileTypesAndContributionMap":{"txt":{"insertions":7,"deletions":4},"java":{"insertions":383,"deletions":256},"bat":{"insertions":3,"deletions":3}}},{"hash":"4bfe79fcbc6ff3861c78c15d393a0c6780fcce14","isMergeCommit":true,"messageTitle":"Merge branch \u0027branch-A-OOP\u0027","messageBody":"","tags":["A-MoreOOP"],"fileTypesAndContributionMap":{}},{"hash":"f184cff5d421a3c0f6419da6e043a669aa73f30e","isMergeCommit":false,"messageTitle":"Organised the code into packages","messageBody":"","tags":["A-Packages"],"fileTypesAndContributionMap":{"java":{"insertions":15,"deletions":18},"bat":{"insertions":2,"deletions":2}}}]},{"date":"2023-08-31","commitResults":[{"hash":"e01de48d9b0d76166d8d40765e6b0a611c0b9be9","isMergeCommit":false,"messageTitle":"Solve conflicts","messageBody":"","fileTypesAndContributionMap":{"txt":{"insertions":5,"deletions":0},"java":{"insertions":183,"deletions":172}}},{"hash":"b871ba6e18ebd232dee7f56588d65d4a78461520","isMergeCommit":true,"messageTitle":"Merge branch \u0027add-gradle-support\u0027","messageBody":"","fileTypesAndContributionMap":{}}]},{"date":"2023-09-01","commitResults":[{"hash":"adf006df8d52a879eb6b17559e3f14f2679cd1ac","isMergeCommit":false,"messageTitle":"Add gradle support","messageBody":"","tags":["A-Gradle"],"fileTypesAndContributionMap":{"gradle":{"insertions":11,"deletions":2},"txt":{"insertions":0,"deletions":3},"java":{"insertions":0,"deletions":0}}},{"hash":"500afb1d0a5a7b6aae051958ec85080922cc7291","isMergeCommit":false,"messageTitle":"Set up J-unit","messageBody":"","tags":["A-Jar","A-JUnit"],"fileTypesAndContributionMap":{"java":{"insertions":228,"deletions":149}}},{"hash":"48d6d4d1ece48d0dd148e1881c2d99b23e1bf3f6","isMergeCommit":false,"messageTitle":"Set up jar file","messageBody":"","fileTypesAndContributionMap":{"gradle":{"insertions":1,"deletions":0},"java":{"insertions":1,"deletions":0}}},{"hash":"40e6496abb2910b62aa7b26e00c337ae0580887b","isMergeCommit":false,"messageTitle":"Add JavaDoc","messageBody":"","fileTypesAndContributionMap":{"java":{"insertions":163,"deletions":30}}},{"hash":"5faff06e0021565f2a0f4280288da24f8aa13ac6","isMergeCommit":true,"messageTitle":"Merge branch \u0027A-JavaDoc\u0027","messageBody":"","tags":["A-JavaDoc"],"fileTypesAndContributionMap":{}},{"hash":"3725ad9b4e7d5e5723bb798077c705d062f42cda","isMergeCommit":false,"messageTitle":"Complete Level-9","messageBody":"","fileTypesAndContributionMap":{"java":{"insertions":25,"deletions":0}}},{"hash":"5723567b110e95b5b2ddf2ff13ebee976c00231b","isMergeCommit":true,"messageTitle":"Merge branch \u0027branch-level-9\u0027","messageBody":"","tags":["Level-9"],"fileTypesAndContributionMap":{}},{"hash":"85a98055054da922c558d70ca601942a736c6c07","isMergeCommit":false,"messageTitle":"Add Coding Standard","messageBody":"","fileTypesAndContributionMap":{"java":{"insertions":6,"deletions":6}}},{"hash":"51f34448b5cf3c97dad7fdcb1c3bb4ca8705767b","isMergeCommit":true,"messageTitle":"Merge branch \u0027branch-A-CodingStandard\u0027","messageBody":"","tags":["A-CodingStandard"],"fileTypesAndContributionMap":{}}]},{"date":"2023-09-07","commitResults":[{"hash":"6ab1cb0e03489d1e17e77dc0c5a438d676ebab7b","isMergeCommit":false,"messageTitle":"Add GuI","messageBody":"","fileTypesAndContributionMap":{"gradle":{"insertions":23,"deletions":1},"fxml":{"insertions":47,"deletions":0},"txt":{"insertions":0,"deletions":0},"java":{"insertions":430,"deletions":73}}},{"hash":"fdd0f3359e8fc98540b4a127ba3f67a940affd45","isMergeCommit":true,"messageTitle":"Merge branch \u0027branch-Level-10\u0027","messageBody":"","tags":["Level-10"],"fileTypesAndContributionMap":{}}]},{"date":"2023-09-13","commitResults":[{"hash":"f335ba90c0872ec1c567abbc23d60a3de1729a4d","isMergeCommit":false,"messageTitle":"Add Assertions for Code Reliabilty","messageBody":"In this commit, I have added a series of assert statements to increase\nthe reliability and robustness of the project.\n\nAssertions help the programmers to catch bugs in early stages making it\neasier for the programmers to fix the issue.\n\nKey Changes:\n-\u003e Added assertions to TaskList and parser.\n-\u003e Checked for edge cases to ensure proper correctness of the logic.\n-\u003e Improved error handling by using assertion to prevent haywire\nbehaviour of the program.\nMore documentation on assertions please refer -\u003e https://www.javatpoint.com/assertion-in-java\n","fileTypesAndContributionMap":{"gradle":{"insertions":1,"deletions":0},"java":{"insertions":14,"deletions":4}}},{"hash":"567a93198903ce273c831a0ac4d54566f36d5269","isMergeCommit":false,"messageTitle":"Enhance Code Quality for improved directness","messageBody":"In this commit, I have focused on improving overall code quality.\nEnhancing Code Quality is useful for better understanding of the code.\n\nIn this Commit I have focused on improving the overall code quality of\nthe project.\n\nI have refactored complex functions into smaller, modular components for\nbetter readability.\nAppplied consistent coding conventions along with formatting the [pre\nexisting code to enhance code consistency.\n","fileTypesAndContributionMap":{"java":{"insertions":22,"deletions":51}}}]},{"date":"2023-09-14","commitResults":[{"hash":"6e5c7584b75d49753949878bf632d53940610d36","isMergeCommit":true,"messageTitle":"Merge pull request #1 from newway1814/branch-A-Assertions","messageBody":"Add Assertions for Code Reliabilty","fileTypesAndContributionMap":{}},{"hash":"034e1a7dac32119d639d1d6e2d020d43c21aa119","isMergeCommit":true,"messageTitle":"Merge pull request #2 from newway1814/branch-A-CodeQuality","messageBody":"Enhance Code Quality for improved directness","fileTypesAndContributionMap":{}},{"hash":"dc2047a397f28c45ad69ffbcc13f48370956539f","isMergeCommit":false,"messageTitle":"Add Extension","messageBody":"","fileTypesAndContributionMap":{"java":{"insertions":50,"deletions":0}}},{"hash":"52181656b536b443b3702a86101eec42d25a4811","isMergeCommit":true,"messageTitle":"Merge branch \u0027Extension\u0027","messageBody":"","tags":["BCD-Extension"],"fileTypesAndContributionMap":{}},{"hash":"05eccb4b3663dc08fed815b0b5c67d8130bcf78a","isMergeCommit":false,"messageTitle":"Correct Styling","messageBody":"","tags":["A-FullCommitMessage"],"fileTypesAndContributionMap":{"java":{"insertions":8,"deletions":10}}}]}]},"authorFileTypeContributionMap":{"newway1814":{"java":1226,"md":2,"fxml":47,"sh":0,"bat":4,"gradle":33,"txt":13}},"authorContributionVariance":{"newway1814":41977.312},"authorDisplayNameMap":{"newway1814":"CS2103T-W15-1 GAND..EJAS"}}
