{"authorDailyContributionsMap":{"tiongjjyi":[{"date":"2023-08-23","commitResults":[{"hash":"a28710c9510ad3ebe8b4188902d51744a361ab31","isMergeCommit":false,"messageTitle":"Level-0","messageBody":"","fileTypesAndContributionMap":{"java":{"insertions":10,"deletions":6}}},{"hash":"2225d9647daaed152f9b91389f46bc057c4e9e3d","isMergeCommit":false,"messageTitle":"Level-1","messageBody":"","fileTypesAndContributionMap":{"java":{"insertions":13,"deletions":2}}},{"hash":"54cdddf0b7d24046f289fca404e581b27f3ec1a5","isMergeCommit":false,"messageTitle":"Level-1","messageBody":"","tags":["Level-2"],"fileTypesAndContributionMap":{"java":{"insertions":13,"deletions":1}}},{"hash":"f13db20ef7f52db5f6b6742b8a7790b6a95067bc","isMergeCommit":false,"messageTitle":"Revert \"Level-1\"","messageBody":"This reverts commit 54cdddf0b7d24046f289fca404e581b27f3ec1a5.\n","fileTypesAndContributionMap":{"java":{"insertions":1,"deletions":13}}},{"hash":"862fb703da1aada0c6de0b5fd81495db5d505e53","isMergeCommit":false,"messageTitle":"Level-2","messageBody":"","fileTypesAndContributionMap":{"java":{"insertions":15,"deletions":1}}},{"hash":"3cbcad1699405a4972035db1e40a9b62ad5f3e45","isMergeCommit":false,"messageTitle":"Level-3","messageBody":"","fileTypesAndContributionMap":{"java":{"insertions":44,"deletions":3}}},{"hash":"9c865b1e18baefc8d44a638a66f15e42a4a15786","isMergeCommit":false,"messageTitle":"Level-3","messageBody":"","tags":["Level-3"],"fileTypesAndContributionMap":{"java":{"insertions":5,"deletions":3}}},{"hash":"662e7f8affefe07bca587ca8297b4c9d56869866","isMergeCommit":false,"messageTitle":"Level-4","messageBody":"","tags":["Level-4"],"fileTypesAndContributionMap":{"java":{"insertions":67,"deletions":3}}},{"hash":"2363120de8cc8f3fc19310c6fec4198159b7107d","isMergeCommit":false,"messageTitle":"Level-5","messageBody":"","tags":["Level-5"],"fileTypesAndContributionMap":{"txt":{"insertions":1,"deletions":0},"java":{"insertions":60,"deletions":21}}},{"hash":"83484c46aa8915329c1351b2782c988a8a89968c","isMergeCommit":false,"messageTitle":"Level-6","messageBody":"","tags":["Level-6"],"fileTypesAndContributionMap":{"java":{"insertions":7,"deletions":0}}}]},{"date":"2023-08-27","commitResults":[{"hash":"2f972bcb76e3c53d46ea7c7a3f6b215558681df9","isMergeCommit":false,"messageTitle":"A-TextUiTesting","messageBody":"","tags":["A-TextUiTesting"],"fileTypesAndContributionMap":{"txt":{"insertions":6,"deletions":0},"java":{"insertions":0,"deletions":1}}},{"hash":"a464ea8cfe0b2754f6c8e0d68687c4c375910881","isMergeCommit":false,"messageTitle":"Level-7","messageBody":"","fileTypesAndContributionMap":{"txt":{"insertions":6,"deletions":0},"java":{"insertions":88,"deletions":21}}},{"hash":"9dc1582d584c7808938ab5a08c1fa4fe5b75e642","isMergeCommit":true,"messageTitle":"Level-7 merging","messageBody":"","tags":["Level-7"],"fileTypesAndContributionMap":{}},{"hash":"11726813914c9f548eafac99218035ef4a572ee0","isMergeCommit":false,"messageTitle":"Level-8","messageBody":"","fileTypesAndContributionMap":{"txt":{"insertions":4,"deletions":0},"java":{"insertions":7,"deletions":1}}},{"hash":"6a8545e2c70770a5d20cd12c0b8d3b8d86d9e924","isMergeCommit":true,"messageTitle":"Merge branch \u0027branch-level-8\u0027","messageBody":"","tags":["Level-8"],"fileTypesAndContributionMap":{}},{"hash":"d254e600212cb4c456b19e8b9fb29173e5fc8b5b","isMergeCommit":false,"messageTitle":"A-MoreOOP","messageBody":"","tags":["A-MoreOOP"],"fileTypesAndContributionMap":{"txt":{"insertions":27,"deletions":3},"java":{"insertions":236,"deletions":136}}}]},{"date":"2023-08-28","commitResults":[{"hash":"91f206ee7ac9be6d319d3bfc8bbaac30f4b7cf6e","isMergeCommit":false,"messageTitle":"A-Packages","messageBody":"","tags":["A-Packages"],"fileTypesAndContributionMap":{"txt":{"insertions":1,"deletions":0},"java":{"insertions":10,"deletions":1}}}]},{"date":"2023-08-29","commitResults":[{"hash":"04443843fadca85277da08ff510d33f2c1683cde","isMergeCommit":false,"messageTitle":"Modify Storage to load data","messageBody":"","fileTypesAndContributionMap":{"txt":{"insertions":5,"deletions":34},"java":{"insertions":170,"deletions":22}}},{"hash":"64cb5bc840b14d4dd6b7c83a15072d90dab79997","isMergeCommit":true,"messageTitle":"Merge branch \u0027add-gradle-support\u0027","messageBody":"","fileTypesAndContributionMap":{}},{"hash":"f4ac0c50dabff8505d248bcd7af261f61dbb1e8c","isMergeCommit":false,"messageTitle":"A-Gradle","messageBody":"","tags":["A-Gradle"],"fileTypesAndContributionMap":{"txt":{"insertions":1,"deletions":0}}},{"hash":"66dce179b18223c6dc478189563df182d7911435","isMergeCommit":false,"messageTitle":"add testcases","messageBody":"","tags":["A-JUnit"],"fileTypesAndContributionMap":{"java":{"insertions":38,"deletions":0}}},{"hash":"995ce2874ff988fa6e6ae721963ff25de822476c","isMergeCommit":false,"messageTitle":"A-Jar","messageBody":"","tags":["A-Jar"],"fileTypesAndContributionMap":{"gradle":{"insertions":2,"deletions":0}}},{"hash":"84691aa5c72c734c78a7e3b0bac2a46dedee55c3","isMergeCommit":false,"messageTitle":"A-JavaDoc","messageBody":"","tags":["A-JavaDoc"],"fileTypesAndContributionMap":{"txt":{"insertions":2,"deletions":2},"java":{"insertions":266,"deletions":24}}},{"hash":"d5a5bfaf120a79d8ef4254ba1a1f9496ea948a9b","isMergeCommit":false,"messageTitle":"A-CodingStandard","messageBody":"","tags":["A-CodingStandard"],"fileTypesAndContributionMap":{"java":{"insertions":29,"deletions":27}}},{"hash":"2e6422f254144cf83d952f62dea30e58a24ccbd3","isMergeCommit":false,"messageTitle":"Level-9","messageBody":"","tags":["Level-9"],"fileTypesAndContributionMap":{"txt":{"insertions":2,"deletions":1},"java":{"insertions":24,"deletions":0}}},{"hash":"c2db14957b9ab85dbccad15e3e12378bde2273b1","isMergeCommit":true,"messageTitle":"Merge branch \u0027branch-Level-9\u0027 Add find functionality.","messageBody":"","fileTypesAndContributionMap":{}},{"hash":"1b6089a9c4957309b56b1bff64d01f4336f3b371","isMergeCommit":true,"messageTitle":"Merge branch \u0027branch-A-CodingStandard\u0027 Do checkstyles.","messageBody":"","fileTypesAndContributionMap":{}},{"hash":"d5477d02d4ced15bbaa6f686232d6495a45983b8","isMergeCommit":true,"messageTitle":"merge A-JavaDoc","messageBody":"","fileTypesAndContributionMap":{}}]},{"date":"2023-09-06","commitResults":[{"hash":"bc1cfeeb5ec0fb672570fa483334396eed86d972","isMergeCommit":false,"messageTitle":"minor modification before Level-10","messageBody":"","fileTypesAndContributionMap":{"gradle":{"insertions":8,"deletions":0},"txt":{"insertions":1,"deletions":0},"java":{"insertions":4,"deletions":1}}},{"hash":"6b99d63b6ecdaa3dcb40c417c1d0f277c1116910","isMergeCommit":false,"messageTitle":"add GUI (incomplete)","messageBody":"","fileTypesAndContributionMap":{"gradle":{"insertions":5,"deletions":5},"txt":{"insertions":2,"deletions":0},"fxml":{"insertions":35,"deletions":0},"java":{"insertions":175,"deletions":2}}}]},{"date":"2023-09-11","commitResults":[{"hash":"d6254833e1a64543520561f9f189432a5d1b4e98","isMergeCommit":false,"messageTitle":"complete GUI","messageBody":"","tags":["Level-10"],"fileTypesAndContributionMap":{"txt":{"insertions":7,"deletions":10},"java":{"insertions":82,"deletions":68}}}]}]},"authorFileTypeContributionMap":{"tiongjjyi":{"java":1014,"md":0,"fxml":35,"sh":0,"bat":0,"gradle":13,"txt":15}},"authorContributionVariance":{"tiongjjyi":29346.4},"authorDisplayNameMap":{"tiongjjyi":"CS2103T-W15-4 TION..JJYI"}}
