{"authorDailyContributionsMap":{"TiwKangXu":[{"date":"2023-08-19","commitResults":[{"hash":"4411515996d916e04ffe44a1dc6031f2cf1c6a6a","isMergeCommit":false,"messageTitle":"Update Duke.java","messageBody":"","tags":["v0.1"],"fileTypesAndContributionMap":{"java":{"insertions":1,"deletions":1}}}]},{"date":"2023-08-20","commitResults":[{"hash":"cc411399fe4819555c73614cc91701488bd651e2","isMergeCommit":false,"messageTitle":"Complete Level-0","messageBody":"","tags":["Level-0"],"fileTypesAndContributionMap":{"java":{"insertions":33,"deletions":6}}},{"hash":"a529d7f7c276ea5483da3b5d72139068706eb979","isMergeCommit":false,"messageTitle":"Complete Level-1","messageBody":"","tags":["Level-1"],"fileTypesAndContributionMap":{"java":{"insertions":20,"deletions":5}}},{"hash":"2d06203125c4137e75de2a773367e308c095bcaa","isMergeCommit":false,"messageTitle":"Complete Level-2","messageBody":"","tags":["Level-2"],"fileTypesAndContributionMap":{"java":{"insertions":23,"deletions":3}}},{"hash":"49814d47571d132e3055a3992c93bc7fec3ce3df","isMergeCommit":false,"messageTitle":"Complete Level-3","messageBody":"","tags":["Level-3"],"fileTypesAndContributionMap":{"java":{"insertions":58,"deletions":9}}},{"hash":"f41fd005f07c3133e87e9d28c7a7ef22af82a565","isMergeCommit":false,"messageTitle":"Complete Level-4","messageBody":"","tags":["Level-4"],"fileTypesAndContributionMap":{"java":{"insertions":67,"deletions":9}}},{"hash":"e5db8578d0f9181cb4173346ef8545ef1aca22a1","isMergeCommit":false,"messageTitle":"Complete A-TextUiTesting","messageBody":"","tags":["A-TextUiTesting"],"fileTypesAndContributionMap":{"txt":{"insertions":3,"deletions":0},"java":{"insertions":5,"deletions":5},"sh":{"insertions":0,"deletions":0}}},{"hash":"70f4fdfd213875e53a01fee827f143b0846e7466","isMergeCommit":false,"messageTitle":"Complete Level-5","messageBody":"","tags":["Level-5"],"fileTypesAndContributionMap":{"java":{"insertions":66,"deletions":24}}},{"hash":"ac93910116df1ea950bb40f2db62e106f581c6cd","isMergeCommit":false,"messageTitle":"Complete Level-6","messageBody":"","tags":["Level-6"],"fileTypesAndContributionMap":{"java":{"insertions":24,"deletions":16}}},{"hash":"40111c8bfdfcf312fe7d3a74782afac992495052","isMergeCommit":false,"messageTitle":"Complete A-Enums","messageBody":"","tags":["A-Enums"],"fileTypesAndContributionMap":{"txt":{"insertions":17,"deletions":2},"java":{"insertions":50,"deletions":49}}}]},{"date":"2023-08-21","commitResults":[{"hash":"14573be422798052c408cf32d6e22fce65205cc2","isMergeCommit":false,"messageTitle":"Add Documentation","messageBody":"","tags":["Documentation"],"fileTypesAndContributionMap":{"java":{"insertions":52,"deletions":8}}}]},{"date":"2023-08-27","commitResults":[{"hash":"7bdd68bbe15cbe123d0f7607d8ced9dea53c798b","isMergeCommit":false,"messageTitle":"Add documentation","messageBody":"","fileTypesAndContributionMap":{"java":{"insertions":40,"deletions":12}}},{"hash":"0479730e5966f47d3ecfd55f436439b9573f477f","isMergeCommit":false,"messageTitle":"Draft Level-7","messageBody":"","fileTypesAndContributionMap":{"java":{"insertions":113,"deletions":7}}},{"hash":"c56d01d4d5d0776745bfcbb9fdfdd43cfbe977ef","isMergeCommit":false,"messageTitle":"Complete Level-7","messageBody":"","tags":["Level-7"],"fileTypesAndContributionMap":{"java":{"insertions":61,"deletions":48}}},{"hash":"49f22214470280aff0771eca11908289664ea48a","isMergeCommit":false,"messageTitle":"Complete Level-8","messageBody":"","tags":["Level-8"],"fileTypesAndContributionMap":{"java":{"insertions":50,"deletions":14}}},{"hash":"62b968e619ac058c91e86c99dffe86053ff1b0ab","isMergeCommit":false,"messageTitle":"Complete A-MoreOOP","messageBody":"","tags":["A-MoreOOP"],"fileTypesAndContributionMap":{"txt":{"insertions":5,"deletions":5},"java":{"insertions":290,"deletions":0}}},{"hash":"58a4e179119a28bf837deded6a72a4ab5924fa28","isMergeCommit":false,"messageTitle":"Complete Level-8","messageBody":"","fileTypesAndContributionMap":{"java":{"insertions":50,"deletions":6}}}]},{"date":"2023-08-28","commitResults":[{"hash":"caef5f974f062553031924b6322b2f85ef8e3027","isMergeCommit":false,"messageTitle":"Complete A-Packages","messageBody":"","tags":["A-Packages"],"fileTypesAndContributionMap":{"java":{"insertions":19,"deletions":232},"sh":{"insertions":1,"deletions":1}}},{"hash":"91604a9e97a8e1fb60c93066d0d641ba1aad121d","isMergeCommit":true,"messageTitle":"Merge remote-tracking branch \u0027origin/add-gradle-support\u0027 into branch-A-Gradle","messageBody":"","tags":["A-Gradle"],"fileTypesAndContributionMap":{}},{"hash":"7c0e0d9d48213f69476d35a69304678d55cb185e","isMergeCommit":false,"messageTitle":"Complete A-JUnit","messageBody":"","tags":["A-JUnit"],"fileTypesAndContributionMap":{"java":{"insertions":44,"deletions":0}}},{"hash":"18e10ab5c36a677bf2b778efe4823fac969de469","isMergeCommit":false,"messageTitle":"Update A-JUnit","messageBody":"","tags":["A-Jar"],"fileTypesAndContributionMap":{"java":{"insertions":30,"deletions":4}}},{"hash":"80296a6e7726f2aedc49a814acaff939251f0454","isMergeCommit":true,"messageTitle":"Merge remote-tracking branch \u0027origin/add-gradle-support\u0027 into branch-A-JavaDoc","messageBody":"","fileTypesAndContributionMap":{}},{"hash":"b2cd055f5181a67fb4da7728fcac09e30de41c2b","isMergeCommit":true,"messageTitle":"Merge branch \u0027branch-A-JavaDoc\u0027","messageBody":"","fileTypesAndContributionMap":{}},{"hash":"2d72bf0042c8fc3a0319b68c2dd4dd6ce157843d","isMergeCommit":false,"messageTitle":"Complete A-CodingStandard","messageBody":"","tags":["A-CodingStandard"],"fileTypesAndContributionMap":{"java":{"insertions":46,"deletions":45}}},{"hash":"fa252c6f46993f7c2ab7c0c20e6e8e7e999c080a","isMergeCommit":false,"messageTitle":"Complete Level-9","messageBody":"","tags":["Level-9"],"fileTypesAndContributionMap":{"java":{"insertions":24,"deletions":1}}},{"hash":"e0748ba3dd08ab3437629487563d026e1178ed80","isMergeCommit":true,"messageTitle":"Merge branch \u0027branch-Level-9\u0027","messageBody":"","fileTypesAndContributionMap":{}},{"hash":"ba3bc2543552ce0a23c3dbf0a88c2df7d7f82602","isMergeCommit":false,"messageTitle":"Update Parser","messageBody":"","fileTypesAndContributionMap":{"txt":{"insertions":2,"deletions":0},"java":{"insertions":8,"deletions":8}}},{"hash":"ed40ebf2e921499192af1b8610d23d7312728027","isMergeCommit":false,"messageTitle":"Switch to Java 11 from Java 17","messageBody":"","fileTypesAndContributionMap":{"gradle":{"insertions":1,"deletions":1},"txt":{"insertions":2,"deletions":0}}}]},{"date":"2023-08-31","commitResults":[{"hash":"a3f18d6f619e818fd917e53dfba492ae0aff5dbf","isMergeCommit":false,"messageTitle":"Add documentation.","messageBody":"","fileTypesAndContributionMap":{"java":{"insertions":44,"deletions":4}}},{"hash":"bf5aaa307e3246c9dc6edd61b082c15c54bca792","isMergeCommit":false,"messageTitle":"Update documentation","messageBody":"","tags":["A-JavaDoc"],"fileTypesAndContributionMap":{"java":{"insertions":1,"deletions":1}}}]},{"date":"2023-09-01","commitResults":[{"hash":"265ab49fcf59556fd1c328af02119b4045c40595","isMergeCommit":false,"messageTitle":"Complete A-CheckStyle","messageBody":"","tags":["A-CheckStyle"],"fileTypesAndContributionMap":{"gradle":{"insertions":5,"deletions":0},"txt":{"insertions":0,"deletions":2},"java":{"insertions":167,"deletions":93}}}]}]},"authorFileTypeContributionMap":{"TiwKangXu":{"java":780,"md":0,"fxml":0,"sh":1,"bat":0,"gradle":6,"txt":20}},"authorContributionVariance":{"TiwKangXu":50302.29},"authorDisplayNameMap":{"TiwKangXu":"CS2103T-W13-2 TIW ..G XU"}}
