{"authorDailyContributionsMap":{"TehOPanas":[{"date":"2023-08-21","commitResults":[{"hash":"f018e480950f8314c0ce5e01827651c282086ea0","isMergeCommit":false,"messageTitle":"Implemented starting and ending messages.","messageBody":"","tags":["Level-0"],"fileTypesAndContributionMap":{"java":{"insertions":32,"deletions":0}}},{"hash":"7bd149d7b5923c4a22248662e303b229a2699ae7","isMergeCommit":false,"messageTitle":"Implemented input and echo.","messageBody":"","tags":["Level-1"],"fileTypesAndContributionMap":{"java":{"insertions":25,"deletions":1}}},{"hash":"76c8b5f24ebb1fb84688edc04d473057e24f161b","isMergeCommit":false,"messageTitle":"Implemented Task Class, createTask and readList feature.","messageBody":"","tags":["Level-2"],"fileTypesAndContributionMap":{"java":{"insertions":38,"deletions":1}}},{"hash":"a3b5cd739fd5d806891e12c06dd07ae8ba9ee33f","isMergeCommit":false,"messageTitle":"implemented mark as done feature","messageBody":"","tags":["Level-3"],"fileTypesAndContributionMap":{"java":{"insertions":43,"deletions":2}}},{"hash":"0f96333f8bcd5595de59969d6719be64f7f12008","isMergeCommit":false,"messageTitle":"Implemented subclass of task : event, todo, deadline and integrate it into task list","messageBody":"","tags":["Level-4"],"fileTypesAndContributionMap":{"java":{"insertions":120,"deletions":16}}}]},{"date":"2023-08-22","commitResults":[{"hash":"76c172f5b6b426691d7de44fe0e0f408e85dabc9","isMergeCommit":false,"messageTitle":"Implemented testing","messageBody":"","tags":["A-TextUiTesting"],"fileTypesAndContributionMap":{"txt":{"insertions":12,"deletions":0},"java":{"insertions":10,"deletions":7},"bat":{"insertions":1,"deletions":1}}},{"hash":"d5af2c77a214ac7f62c2da9923091039b3aa7258","isMergeCommit":false,"messageTitle":"Implemented exception handling.","messageBody":"","tags":["Level-5"],"fileTypesAndContributionMap":{"java":{"insertions":96,"deletions":48}}},{"hash":"87f2680e74a4131489f06d71bb686baea22b8a56","isMergeCommit":false,"messageTitle":"implemented delete feature","messageBody":"","tags":["Level-6"],"fileTypesAndContributionMap":{"java":{"insertions":20,"deletions":0}}}]},{"date":"2023-08-27","commitResults":[{"hash":"2f86131361ce47df35dbb039fabae6014699a895","isMergeCommit":true,"messageTitle":"Merge remote-tracking branch \u0027origin/add-gradle-support\u0027","messageBody":"","fileTypesAndContributionMap":{}}]},{"date":"2023-08-28","commitResults":[{"hash":"02fdb1016ff34f50a086c5a2577e16ce442e85b6","isMergeCommit":false,"messageTitle":"Add saving feature to Duke, with the use of GSON and import gradle.","messageBody":"","fileTypesAndContributionMap":{"gradle":{"insertions":14,"deletions":1},"java":{"insertions":225,"deletions":106}}},{"hash":"d06fea77f809520d5b823235d6861e7cc90e9ebf","isMergeCommit":true,"messageTitle":"Merge branch \u0027Level-7\u0027","messageBody":"","tags":["Level-7","A-Gradle"],"fileTypesAndContributionMap":{}},{"hash":"72a53e041d64b545b5bdf1632a2f7c6dd7f94ae1","isMergeCommit":false,"messageTitle":"Add LocalDate feature","messageBody":"","fileTypesAndContributionMap":{"gradle":{"insertions":1,"deletions":0},"java":{"insertions":42,"deletions":14}}},{"hash":"b9f601e3ed188e34dd54b2c049bf368f626f4302","isMergeCommit":true,"messageTitle":"Merge branch \u0027Level-8\u0027","messageBody":"","tags":["Level-8"],"fileTypesAndContributionMap":{}}]},{"date":"2023-08-29","commitResults":[{"hash":"90e1b79b86a6142309ea2cb7dc8cdc02defe3040","isMergeCommit":false,"messageTitle":"Implement OOP","messageBody":"","tags":["A-MoreOOP"],"fileTypesAndContributionMap":{"gradle":{"insertions":0,"deletions":1},"java":{"insertions":456,"deletions":278}}},{"hash":"282b2cc27377cc9ca5181c7a275181ef8e55bfce","isMergeCommit":false,"messageTitle":"Split the files into packages","messageBody":"","tags":["A-Packages"],"fileTypesAndContributionMap":{"gradle":{"insertions":1,"deletions":1},"java":{"insertions":99,"deletions":29},"md":{"insertions":2,"deletions":2}}}]},{"date":"2023-09-02","commitResults":[{"hash":"d4fcdf70ae56de117d167a4330d5a4afff6b441a","isMergeCommit":false,"messageTitle":"Implements unit testing","messageBody":"","tags":["A-Jar","A-JUnit"],"fileTypesAndContributionMap":{"java":{"insertions":635,"deletions":22}}},{"hash":"04328f22f8a4146fae8fe86521cc7ec82cc7bd08","isMergeCommit":false,"messageTitle":"Write JavaDoc and improve code style","messageBody":"","tags":["A-JavaDoc","A-CodingStandard"],"fileTypesAndContributionMap":{"java":{"insertions":323,"deletions":27}}},{"hash":"540a65741da8618050e93ac6fed56b4085b4b9a7","isMergeCommit":false,"messageTitle":"Implements find","messageBody":"","tags":["Level-9"],"fileTypesAndContributionMap":{"java":{"insertions":105,"deletions":1}}}]}]},"authorFileTypeContributionMap":{"TehOPanas":{"java":1724,"md":2,"fxml":0,"sh":0,"bat":1,"gradle":14,"txt":12}},"authorContributionVariance":{"TehOPanas":110071.11},"authorDisplayNameMap":{"TehOPanas":"CS2103T-W16-2 LIAN..XUAN"}}
