{"authorDailyContributionsMap":{"Angelyxx":[{"date":"2023-08-25","commitResults":[{"hash":"d9ed55fcb492a1611dafa452a0d3848248dca85f","isMergeCommit":false,"messageTitle":"Level-2","messageBody":"","tags":["Level-3"],"fileTypesAndContributionMap":{"java":{"insertions":30,"deletions":1}}}]},{"date":"2023-08-26","commitResults":[{"hash":"991e7cc8a052668976d9f46c1071523e22d1565d","isMergeCommit":false,"messageTitle":"Level-3","messageBody":"","tags":["Level-4"],"fileTypesAndContributionMap":{"java":{"insertions":61,"deletions":5}}},{"hash":"71660de8c4a794069dd4a94c5a9a7c3dd8c78485","isMergeCommit":false,"messageTitle":"Level-4","messageBody":"","tags":["Level-5"],"fileTypesAndContributionMap":{"java":{"insertions":90,"deletions":11}}},{"hash":"814a57986ab9f3dd5b39d00bf5c8c85a0aa2acdd","isMergeCommit":false,"messageTitle":"Level-5","messageBody":"","tags":["Level-6"],"fileTypesAndContributionMap":{"java":{"insertions":110,"deletions":46}}},{"hash":"fe2cf03da54a6e5aa12b1ad441cb497d244a053d","isMergeCommit":false,"messageTitle":"Level-6","messageBody":"","tags":["A-TextUiTesting"],"fileTypesAndContributionMap":{"java":{"insertions":11,"deletions":2}}}]},{"date":"2023-08-29","commitResults":[{"hash":"b3e783fa53bb8fabd94a5d1d7e3e6700055075dd","isMergeCommit":false,"messageTitle":"Add classes to packages","messageBody":"","fileTypesAndContributionMap":{"java":{"insertions":27,"deletions":17}}}]},{"date":"2023-08-30","commitResults":[{"hash":"ff0b12fcd36f8c7078a738b2659b3e29a67299a8","isMergeCommit":false,"messageTitle":"complete level-7","messageBody":"","tags":["Level-7"],"fileTypesAndContributionMap":{"java":{"insertions":104,"deletions":0}}},{"hash":"c4abb3cc2be855b1c561ee553093893cfac2bcf0","isMergeCommit":false,"messageTitle":"allow duke to read date/dateTime object for deadline","messageBody":"","fileTypesAndContributionMap":{"java":{"insertions":113,"deletions":27}}},{"hash":"f448a58d123f061f1a4e33f24ef632745950cc67","isMergeCommit":false,"messageTitle":"allow datetime objects for event class","messageBody":"","tags":["Level-8"],"fileTypesAndContributionMap":{"java":{"insertions":79,"deletions":21}}}]},{"date":"2023-08-31","commitResults":[{"hash":"30a723dd5d9e11dd63d42f07ffcf89187f16ca3a","isMergeCommit":false,"messageTitle":"A-MoreOOP","messageBody":"","tags":["A-Packages","A-MoreOOP"],"fileTypesAndContributionMap":{"java":{"insertions":582,"deletions":29}}},{"hash":"d6eb3665b1d59c9fa74c6b7239e12e6ed056b356","isMergeCommit":true,"messageTitle":"Merge branch \u0027master\u0027 into add-gradle-support","messageBody":"","tags":["A-Gradle"],"fileTypesAndContributionMap":{}},{"hash":"819c1c8f612e5e736e479c9364fa41dc3afd4b29","isMergeCommit":false,"messageTitle":"remove duplicate files","messageBody":"","tags":["A-JUnit"],"fileTypesAndContributionMap":{"gradle":{"insertions":1,"deletions":1},"java":{"insertions":0,"deletions":240}}},{"hash":"f51c78a8dde7f0d4b0a26cfa17dc7c170893892f","isMergeCommit":false,"messageTitle":"Add JUnit Tests for ParserTest, StorageTest, TaskListTest","messageBody":"","tags":["Level-9","A-JavaDoc","A-Jar","A-CodingStandard"],"fileTypesAndContributionMap":{"java":{"insertions":225,"deletions":23}}}]},{"date":"2023-09-01","commitResults":[{"hash":"a109990c80bcdfd48bc6efeaadabf1d280a578b5","isMergeCommit":false,"messageTitle":"Added JavaDocs to all classes","messageBody":"","fileTypesAndContributionMap":{"gradle":{"insertions":1,"deletions":3},"java":{"insertions":466,"deletions":12}}},{"hash":"401f8513c890b21808408e7232a7220366c42f0c","isMergeCommit":false,"messageTitle":"Edit code to follow coding conventions","messageBody":"","fileTypesAndContributionMap":{"java":{"insertions":65,"deletions":65}}},{"hash":"b3e15c74c0690bc9d2142e2a900996b656ddc13a","isMergeCommit":false,"messageTitle":"Complete find command","messageBody":"","fileTypesAndContributionMap":{"java":{"insertions":72,"deletions":13}}},{"hash":"4d6562f9e5432c8d40dfa765c5f191b5e2a7489b","isMergeCommit":false,"messageTitle":"Add DukeException class","messageBody":"","fileTypesAndContributionMap":{"java":{"insertions":7,"deletions":0}}},{"hash":"d90719839729f68260e78cb2ced2a6ca2d0f91aa","isMergeCommit":true,"messageTitle":"Merge remote-tracking branch \u0027origin/A-JavaDoc\u0027","messageBody":"","fileTypesAndContributionMap":{}},{"hash":"2e6a844dcae2c39c46f63f5b8457ea39c978a79d","isMergeCommit":true,"messageTitle":"Merge remote-tracking branch \u0027origin/A-CodingStandard\u0027","messageBody":"# Conflicts:\n#\tsrc/main/java/duke/main/Parser.java\n#\tsrc/main/java/duke/main/Storage.java\n#\tsrc/main/java/duke/main/TaskList.java\n#\tsrc/main/java/duke/main/Ui.java\n#\tsrc/main/java/duke/task/Task.java\n","fileTypesAndContributionMap":{}},{"hash":"7512f1b0223da727784590d7f437d84716672a4e","isMergeCommit":true,"messageTitle":"Merge remote-tracking branch \u0027origin/Level-9\u0027","messageBody":"# Conflicts:\n#\tsrc/main/java/duke/command/ListCommand.java\n#\tsrc/main/java/duke/main/Parser.java\n#\tsrc/main/java/duke/main/Ui.java\n","fileTypesAndContributionMap":{}},{"hash":"9fec172b02dfaa769fceee8c1a410917bd596163","isMergeCommit":false,"messageTitle":"Fix TaskList typo error","messageBody":"","tags":["Level-10","A-CheckStyle"],"fileTypesAndContributionMap":{"java":{"insertions":1,"deletions":1}}}]},{"date":"2023-09-13","commitResults":[{"hash":"82fa592802ef651bdb47cfed8d722542e25024d9","isMergeCommit":false,"messageTitle":"add GUI to Duke","messageBody":"","tags":["A-Assertions"],"fileTypesAndContributionMap":{"gradle":{"insertions":15,"deletions":0},"fxml":{"insertions":46,"deletions":0},"java":{"insertions":259,"deletions":126}}},{"hash":"038e15c2cccb9fdcf8688c93d2dc183bd4d9406a","isMergeCommit":false,"messageTitle":"add assertions","messageBody":"","fileTypesAndContributionMap":{"java":{"insertions":15,"deletions":10}}},{"hash":"82bb846c1baed4a5a8bd608556c29d9331a26237","isMergeCommit":true,"messageTitle":"Merge pull request #1 from Angelyxx/A-Assertions","messageBody":"add assertions","tags":["A-CodeQuality"],"fileTypesAndContributionMap":{}},{"hash":"786e8fb6e563502e18a881df9a74bd1fb39373b7","isMergeCommit":false,"messageTitle":"Improve code quality by following java coding conventions","messageBody":"","fileTypesAndContributionMap":{"java":{"insertions":54,"deletions":42}}},{"hash":"e5fc2dcdcbcecefb45287d5291ac911494cd1037","isMergeCommit":false,"messageTitle":"Debug validate methods for todo, deadline and event commands","messageBody":"Previous implementation did not allow for users to include the words \"todo\", \"deadline\" and \"event\" in their description as method used to replace those words for their respective commands.\n\nAdjusting the validation to allow for those words to be included in the description results in better code quality and flexibility.\n","tags":["A-FullCommitMessage"],"fileTypesAndContributionMap":{"java":{"insertions":63,"deletions":58}}},{"hash":"5d3adf76d7af01627fd5b181c227830b9aeda30d","isMergeCommit":true,"messageTitle":"Merge pull request #2 from Angelyxx/A-CodeQuality","messageBody":"A-code quality","tags":["BCD-Extension"],"fileTypesAndContributionMap":{}},{"hash":"3d982d7eb0e4e2e8c827d53cfb86cdc08a6c08d8","isMergeCommit":false,"messageTitle":"Allow for more natural formats of date inputs","messageBody":"This will allow for users to be more flexible in their datetime inputs for their deadline and todo tasks.\n\nLet\u0027s put all date and time parsing methods and dateTime formatters into the dateParser class.\n\nHaving a dateParser utility class allows us to use its methods across different classes, for example date parsing can be done in both Event and Deadline classes.\n","tags":["C-NaturalDates"],"fileTypesAndContributionMap":{"java":{"insertions":205,"deletions":133}}},{"hash":"1ed0d08568798c2b3f476f3cf92666ea1b0af3a6","isMergeCommit":true,"messageTitle":"Merge pull request #3 from Angelyxx/BCD-Extension","messageBody":"Allow for more natural formats of date inputs","fileTypesAndContributionMap":{}}]}]},"authorFileTypeContributionMap":{"Angelyxx":{"java":1778,"md":0,"fxml":46,"sh":0,"bat":0,"gradle":17,"txt":0}},"authorContributionVariance":{"Angelyxx":93356.93},"authorDisplayNameMap":{"Angelyxx":"CS2103-F13-1 ANGE..XUAN"}}
