{"authorDailyContributionsMap":{"asdfghjkxd":[{"date":"2023-08-20","commitResults":[{"hash":"97fbf26abbc245a8bdd2cf07a5ebbefba5dfe7cb","isMergeCommit":false,"messageTitle":"Implementation of Level-0 Requirements.","messageBody":"","tags":["Level-0"],"fileTypesAndContributionMap":{"java":{"insertions":35,"deletions":10}}},{"hash":"13150f9176ef17e7265855b2f54447d1863b58eb","isMergeCommit":false,"messageTitle":"Implementation of Level-1 Requirements, along with improvements to Level-0 Requirements","messageBody":"","tags":["Level-1"],"fileTypesAndContributionMap":{"java":{"insertions":87,"deletions":10}}},{"hash":"d7ecd931481c298c6f14ee8273a6c9b1b62ccf50","isMergeCommit":false,"messageTitle":"Implementation of Level-2 Requirements","messageBody":"","tags":["Level-2"],"fileTypesAndContributionMap":{"java":{"insertions":566,"deletions":86}}},{"hash":"4e425d6b9884ac974410a0818fd3a61c0b2ce16e","isMergeCommit":false,"messageTitle":"Implementation of Level-3 Requirements","messageBody":"","tags":["Level-3"],"fileTypesAndContributionMap":{"java":{"insertions":103,"deletions":0}}}]},{"date":"2023-08-21","commitResults":[{"hash":"7f15b10984f5c0af7c7cf08ec53c4746037c4e75","isMergeCommit":false,"messageTitle":"Implementation of Level-4 Requirements","messageBody":"","tags":["Level-4"],"fileTypesAndContributionMap":{"java":{"insertions":240,"deletions":81}}},{"hash":"bb19c687a3dbaf4e8e18ac960931cb1c7ee13dcc","isMergeCommit":false,"messageTitle":"Implementation of Level-5 Requirements","messageBody":"","tags":["Level-5","A-TextUiTesting"],"fileTypesAndContributionMap":{"txt":{"insertions":6,"deletions":0},"java":{"insertions":102,"deletions":113},"sh":{"insertions":4,"deletions":7}}},{"hash":"38924fcda6e2b8a19789a47fa8ee6e11774ac395","isMergeCommit":false,"messageTitle":"Implementation of Level-6 Requirements","messageBody":"","tags":["Level-6"],"fileTypesAndContributionMap":{"java":{"insertions":219,"deletions":115},"sh":{"insertions":3,"deletions":1}}}]},{"date":"2023-08-26","commitResults":[{"hash":"77e5df0e5971486d2a3b345c230babfc40134c09","isMergeCommit":false,"messageTitle":"Implement Level-7 Requirements","messageBody":"","fileTypesAndContributionMap":{"txt":{"insertions":21,"deletions":1},"java":{"insertions":518,"deletions":153},"sh":{"insertions":28,"deletions":3}}},{"hash":"1a6e259dec344fa077cc701d8a19dc91b5f4aac5","isMergeCommit":true,"messageTitle":"Implement Level-7 Requirements","messageBody":"","tags":["Level-7"],"fileTypesAndContributionMap":{}},{"hash":"6a54344f8eb8cccc446e2e6adb200880c7622cb1","isMergeCommit":false,"messageTitle":"Implement Level-8 Requirements","messageBody":"","fileTypesAndContributionMap":{"txt":{"insertions":12,"deletions":10},"java":{"insertions":139,"deletions":29},"sh":{"insertions":4,"deletions":3}}},{"hash":"97402fb51c7811fe5cbc982ee6c34d014d2c4544","isMergeCommit":true,"messageTitle":"Implement Level-8 Requirements","messageBody":"","tags":["Level-8"],"fileTypesAndContributionMap":{}},{"hash":"b776029d8008c619f435c53cc18c8ffda2021c16","isMergeCommit":false,"messageTitle":"Organise Code into Respective Packages","messageBody":"","fileTypesAndContributionMap":{"java":{"insertions":100,"deletions":91},"sh":{"insertions":20,"deletions":18}}},{"hash":"dc2e2d2bc791be76d274b2baa58a8b1e71434e22","isMergeCommit":true,"messageTitle":"Merge changes to Package Structure","messageBody":"","tags":["A-Packages"],"fileTypesAndContributionMap":{}},{"hash":"e8e7a4d4d67209a738a4eac692d5e7ac973207b5","isMergeCommit":false,"messageTitle":"Refactor classes and rearrange packages","messageBody":"","fileTypesAndContributionMap":{"txt":{"insertions":2,"deletions":2},"java":{"insertions":247,"deletions":262},"sh":{"insertions":0,"deletions":2}}},{"hash":"39f74a500ac10f7bf6960be78b5cd10fb4f3b511","isMergeCommit":true,"messageTitle":"Merge changes to classes and packages","messageBody":"","tags":["A-MoreOOP"],"fileTypesAndContributionMap":{}},{"hash":"ac46eb28007f2adc732f39e3ab57630e9ab7c7ca","isMergeCommit":true,"messageTitle":"Merge Gradle support into current repository","messageBody":"","fileTypesAndContributionMap":{}},{"hash":"5d431c71c729352954fbc3e833984b1c78f22865","isMergeCommit":false,"messageTitle":"Update Gradle Configurations and Fix Style","messageBody":"","fileTypesAndContributionMap":{"gradle":{"insertions":7,"deletions":2},"java":{"insertions":266,"deletions":260}}},{"hash":"78b8e58ece5e50e2ca97fd63dd09a2794aee6895","isMergeCommit":true,"messageTitle":"Merge changes to Gradle files and Code Style","messageBody":"","tags":["A-Gradle"],"fileTypesAndContributionMap":{}}]},{"date":"2023-08-27","commitResults":[{"hash":"6a3ec1796c30b4b4cb927d18e3d932c1d9eabbde","isMergeCommit":false,"messageTitle":"Implement Unit Tests","messageBody":"","fileTypesAndContributionMap":{"txt":{"insertions":1,"deletions":0},"java":{"insertions":354,"deletions":7}}},{"hash":"119f4dec91736293c6d9cf42f4bd7aa7ddc5e5b4","isMergeCommit":true,"messageTitle":"Merge implementation of Unit Tests","messageBody":"","tags":["A-JUnit"],"fileTypesAndContributionMap":{}},{"hash":"53e28903ba5625849605b996d4d73fb570b2b722","isMergeCommit":false,"messageTitle":"Implement JAR file Gradle builds","messageBody":"","fileTypesAndContributionMap":{"gradle":{"insertions":15,"deletions":0}}},{"hash":"79b97be514acb4b28b3efeb8ea7dc838ff5ba3ad","isMergeCommit":true,"messageTitle":"Merge JAR file Gradle builds","messageBody":"","tags":["v0.1","A-Jar"],"fileTypesAndContributionMap":{}},{"hash":"37b0801b6cc10da3e5f3048afc24e442f72f655d","isMergeCommit":false,"messageTitle":"Update Javadoc comments","messageBody":"","fileTypesAndContributionMap":{"java":{"insertions":463,"deletions":217}}},{"hash":"992d6159dce42e4321b8e1b0ec6c7df163e3d6d3","isMergeCommit":false,"messageTitle":"Amend Javadoc to comply with guidelines","messageBody":"","fileTypesAndContributionMap":{"java":{"insertions":116,"deletions":50}}},{"hash":"83d2c9325b2ae3b0be2f48d92ec0bdb429aa1593","isMergeCommit":false,"messageTitle":"Refactor code to meet Java coding standards","messageBody":"","fileTypesAndContributionMap":{"java":{"insertions":121,"deletions":118}}},{"hash":"e36431b7f5e359a0d3c947957767f31278503912","isMergeCommit":false,"messageTitle":"Implement Level-9 Requirements","messageBody":"","fileTypesAndContributionMap":{"java":{"insertions":76,"deletions":1}}},{"hash":"1908fd2bb1d997f97e162e7906f966cefc21bc97","isMergeCommit":true,"messageTitle":"Merge Level-9 changes","messageBody":"","tags":["Level-9"],"fileTypesAndContributionMap":{}},{"hash":"1665ae7332829959356a2b6cb6c2393acf11dce8","isMergeCommit":true,"messageTitle":"Merge improvements to Java coding standards","messageBody":"","tags":["A-CodingStandard"],"fileTypesAndContributionMap":{}},{"hash":"01214c89374646d4758938745572d2e1e9c240c8","isMergeCommit":true,"messageTitle":"Merge changes made to Javadoc","messageBody":"","tags":["v0.2","A-JavaDoc"],"fileTypesAndContributionMap":{}}]},{"date":"2023-08-29","commitResults":[{"hash":"329065b357edfe0d773d545e38a15b8eac2eb15d","isMergeCommit":false,"messageTitle":"Update JUnit tests to satisfy conventions","messageBody":"","fileTypesAndContributionMap":{"java":{"insertions":665,"deletions":69}}}]},{"date":"2023-09-02","commitResults":[{"hash":"60aa34fda5443eea390486177c0d8fc3054b4e50","isMergeCommit":false,"messageTitle":"Abstract command handling logic","messageBody":"","fileTypesAndContributionMap":{"java":{"insertions":183,"deletions":105}}},{"hash":"9d040848984e6730c3fb7a4f211908f4101451a9","isMergeCommit":true,"messageTitle":"Merge changes to command handling logic","messageBody":"","tags":["A-CheckStyle"],"fileTypesAndContributionMap":{}}]},{"date":"2023-09-03","commitResults":[{"hash":"53b09fcfb53532039518e802cf076588fa62dabf","isMergeCommit":false,"messageTitle":"Enhance Juke with GUI","messageBody":"","fileTypesAndContributionMap":{"txt":{"insertions":4,"deletions":1},"fxml":{"insertions":17,"deletions":0},"java":{"insertions":651,"deletions":157}}},{"hash":"c0b1f82ff34569feff1b20575d6d003ee4d14671","isMergeCommit":false,"messageTitle":"Refactor designs of UI into FXML stylesheets","messageBody":"","fileTypesAndContributionMap":{"fxml":{"insertions":113,"deletions":17},"java":{"insertions":83,"deletions":131}}}]},{"date":"2023-09-05","commitResults":[{"hash":"c3e1b1d2c1007f3c618d1f0292ff53dcb1f0752f","isMergeCommit":false,"messageTitle":"Refactor code into new packages","messageBody":"","fileTypesAndContributionMap":{"java":{"insertions":19,"deletions":19}}},{"hash":"bc86e88665eccba44824188502e4e6d0a4c70e63","isMergeCommit":true,"messageTitle":"Merge changes to the UI of the app","messageBody":"","tags":["v1.0","Level-10"],"fileTypesAndContributionMap":{}}]},{"date":"2023-09-08","commitResults":[{"hash":"3415c13df6abf2a7e87293d9f7f82feb6c005e16","isMergeCommit":false,"messageTitle":"Add assertions to ensure correctness of code","messageBody":"There are some methods that amend the underlying implementation\nof the TaskList, and correctness (length of the list after amendments)\nneeds to be checked to ensure that invariants are not violated.\n\nAdding assertions to the code improves code quality and correctness.\n\nIn an effort to ensure correctness, let\u0027s include some assertions at\ncrucial points of the code where correctness is important. Doing so\nwill improve code correctness.\n","tags":["A-FullCommitMessage"],"fileTypesAndContributionMap":{"java":{"insertions":30,"deletions":15}}},{"hash":"6b84b4579dfc9255fa6c0fe739af0aa55e6502d0","isMergeCommit":false,"messageTitle":"Improve code quality of codebase","messageBody":"","fileTypesAndContributionMap":{"java":{"insertions":48,"deletions":46}}},{"hash":"dfe1289a5b8638393d419830c267df064b3fffef","isMergeCommit":true,"messageTitle":"Merge pull request #1 from asdfghjkxd/branch-A-Assertions","messageBody":"Add assertions to ensure correctness of code","tags":["A-Assertions"],"fileTypesAndContributionMap":{}},{"hash":"6ad4e08f446df92e47133a3fdb528e3339a4d89c","isMergeCommit":true,"messageTitle":"Merge branch \u0027master\u0027 into branch-A-CodeQuality","messageBody":"","fileTypesAndContributionMap":{}},{"hash":"06d991aeb4ebf8db8aa1d72c34062955287b0ffe","isMergeCommit":true,"messageTitle":"Merge pull request #2 from asdfghjkxd/branch-A-CodeQuality","messageBody":"Improve code quality of codebase","tags":["v1.1","A-CodeQuality"],"fileTypesAndContributionMap":{}}]},{"date":"2023-09-11","commitResults":[{"hash":"34c45623c697ba4a856aa6d2c971110a290de411","isMergeCommit":false,"messageTitle":"Implement Sort feature for tasks","messageBody":"Previously, the user does not have any reasonable way of sorting the\ntasks that they have added other than to edit the datafile directly,\nwhich may be dangerous as erroneous edits may cause the program to\ncrash.\n\nAdding a sort feature ensures that the user is now able to better\norganise their tasks in a ascending/descending order, based on the\ntask description, start date, end date and deadline of tasks.\n\nTo prevent user-induced errors due to careless edits of the datafile,\nas well as to give users more functionality to customise their\ntask lists, let\u0027s give users a convenient but powerful sort feature\nto allow them to do so.\n","fileTypesAndContributionMap":{"java":{"insertions":514,"deletions":12}}},{"hash":"f2b5c8f47c593b4980257f97780d056ed48daed8","isMergeCommit":true,"messageTitle":"Merge pull request #4 from asdfghjkxd/branch-C-Sort","messageBody":"Implement Sort feature for tasks","tags":["BCD-Extension"],"fileTypesAndContributionMap":{}}]},{"date":"2023-09-12","commitResults":[{"hash":"7547b2d0ac270ba80b947ba13ea22f9555c8afb7","isMergeCommit":false,"messageTitle":"Fix bug with missing datafiles","messageBody":"","fileTypesAndContributionMap":{"java":{"insertions":3,"deletions":1}}},{"hash":"61ae0b54c9339a343af1802347adb18f2243b218","isMergeCommit":true,"messageTitle":"Merge pull request #6 from asdfghjkxd/branch-Fix-Missing-Datafiles","messageBody":"Fix bug with missing datafiles","tags":["v1.2"],"fileTypesAndContributionMap":{}}]},{"date":"2023-09-16","commitResults":[{"hash":"f592082ab73b4d77d6dc113e1a1a58f3cf963428","isMergeCommit":false,"messageTitle":"Add credits and code reuse comments","messageBody":"","fileTypesAndContributionMap":{"fxml":{"insertions":41,"deletions":1},"java":{"insertions":346,"deletions":200},"md":{"insertions":4,"deletions":0}}},{"hash":"17ddd6ed98373001485d07f40d8de70e65bf6cb2","isMergeCommit":true,"messageTitle":"Merge pull request #8 from asdfghjkxd/branch-MoreCodeQuality","messageBody":"Add credits and code reuse comments","fileTypesAndContributionMap":{}},{"hash":"88d1c9eed5bcf47ebb892d3b88683fdca96eb4c2","isMergeCommit":true,"messageTitle":"Merge branch \u0027master\u0027 into branch-MoreJUnit","messageBody":"","fileTypesAndContributionMap":{}},{"hash":"fe9ca123eb49a3711decea20daddf46bb9e40b67","isMergeCommit":true,"messageTitle":"Merge pull request #9 from asdfghjkxd/branch-MoreJUnit","messageBody":"Update JUnit tests to satisfy conventions","fileTypesAndContributionMap":{}},{"hash":"c9bc081697115132aa6d68f6acde75f03cfc9d83","isMergeCommit":false,"messageTitle":"Fix code quality oversights","messageBody":"","fileTypesAndContributionMap":{"java":{"insertions":2,"deletions":23}}},{"hash":"e3c409bd768bd9f27786b0d68c8ac853cd325a7c","isMergeCommit":true,"messageTitle":"Merge pull request #10 from asdfghjkxd/branch-CodeQualityFixes","messageBody":"Fix code quality oversights","tags":["v1.2.1"],"fileTypesAndContributionMap":{}},{"hash":"0028c2db047878bf4c95531a776d2487ca63eb77","isMergeCommit":false,"messageTitle":"Add documentation for Github Pages","messageBody":"","fileTypesAndContributionMap":{"md":{"insertions":460,"deletions":12}}},{"hash":"41a4557ba2e4a6a729b6deaa4cdaa81a4133ab67","isMergeCommit":false,"messageTitle":"Fix minor bugs with GUI","messageBody":"","fileTypesAndContributionMap":{"java":{"insertions":5,"deletions":1}}},{"hash":"a5d91ac89825fb4df108134fb72eac4b75127e3f","isMergeCommit":false,"messageTitle":"Add more recognised parameters","messageBody":"","fileTypesAndContributionMap":{"txt":{"insertions":8,"deletions":4},"java":{"insertions":2,"deletions":2}}},{"hash":"75f731286fcf7b5fb912c4ae73581764c1fa5186","isMergeCommit":true,"messageTitle":"Merge pull request #11 from asdfghjkxd/branch-A-UserGuide","messageBody":"Branch a user guide","tags":["A-UserGuide"],"fileTypesAndContributionMap":{}},{"hash":"ad299544c10adfa96f2189472fdd8890193e9a60","isMergeCommit":false,"messageTitle":"Update GitHub Pages documentations","messageBody":"","fileTypesAndContributionMap":{"md":{"insertions":29,"deletions":29}}},{"hash":"a8f34f8616fa9eff74cc02401dcbf15f1bdeb19f","isMergeCommit":true,"messageTitle":"Merge pull request #12 from asdfghjkxd/branch-A-UserGuide","messageBody":"Update GitHub Pages documentations","fileTypesAndContributionMap":{}},{"hash":"9202c88605b2556159a7fe3ffd82b9c70b9016e5","isMergeCommit":false,"messageTitle":"Update Documentation","messageBody":"","fileTypesAndContributionMap":{"md":{"insertions":10,"deletions":10}}},{"hash":"b64872c6c94fee263688abaeaf43c51b193292db","isMergeCommit":true,"messageTitle":"Merge pull request #13 from asdfghjkxd/branch-A-UserGuide","messageBody":"Update Documentation","fileTypesAndContributionMap":{}},{"hash":"4c4942d92fed0dfd889cc3134a269702f74eccd9","isMergeCommit":false,"messageTitle":"Fix formatting errors in GitHub Pages","messageBody":"","fileTypesAndContributionMap":{"md":{"insertions":15,"deletions":15}}},{"hash":"8adb1dc457cb9d01dece3b8adc05438fa2818f12","isMergeCommit":true,"messageTitle":"Merge pull request #14 from asdfghjkxd/branch-A-UserGuide","messageBody":"Fix formatting errors in GitHub Pages","tags":["v1.2.2"],"fileTypesAndContributionMap":{}},{"hash":"04017e0e8a572fcac47efa821cea762c84e9c4ae","isMergeCommit":false,"messageTitle":"Fix minor formatting errors","messageBody":"","fileTypesAndContributionMap":{"md":{"insertions":3,"deletions":3}}},{"hash":"0224ebe95e31036b6e7f1004b48b0174eac29576","isMergeCommit":true,"messageTitle":"Merge pull request #15 from asdfghjkxd/branch-A-UserGuide","messageBody":"Fix minor formatting errors","fileTypesAndContributionMap":{}},{"hash":"fa9358b1e08495444b58fae90a8cad8343baa8fc","isMergeCommit":false,"messageTitle":"Update documentation","messageBody":"","fileTypesAndContributionMap":{"md":{"insertions":81,"deletions":108}}},{"hash":"2e396f5e3576df62f19e2a8e42c9012673d0f576","isMergeCommit":true,"messageTitle":"Merge pull request #16 from asdfghjkxd/branch-A-UserGuide","messageBody":"Update documentation","fileTypesAndContributionMap":{}}]},{"date":"2023-09-18","commitResults":[{"hash":"4deadfa23b2a51349514fc25d5f12f04fdc7e382","isMergeCommit":false,"messageTitle":"Fix bugs and enhance UI","messageBody":"","fileTypesAndContributionMap":{"txt":{"insertions":4,"deletions":12},"fxml":{"insertions":4,"deletions":4},"java":{"insertions":135,"deletions":171}}},{"hash":"14180277fbd813aa38ad4cdd7bf7c740a56ce6ef","isMergeCommit":true,"messageTitle":"Merge pull request #17 from asdfghjkxd/branch-FinalFixes","messageBody":"Fix bugs and enhance UI","tags":["v1.2.3"],"fileTypesAndContributionMap":{}},{"hash":"b72d4ad7e6ffb07badddc7667e1e28d7cca17e6d","isMergeCommit":false,"messageTitle":"Update user guide","messageBody":"","fileTypesAndContributionMap":{"md":{"insertions":3,"deletions":3}}},{"hash":"426c0cdf87fbb91f98049ae2087e7a298a747898","isMergeCommit":true,"messageTitle":"Merge pull request #18 from asdfghjkxd/branch-A-UserGuide","messageBody":"Update user guide","fileTypesAndContributionMap":{}},{"hash":"c2ccf9755bde508cc269a83402aa9a04849cdae7","isMergeCommit":false,"messageTitle":"Update documentations","messageBody":"","fileTypesAndContributionMap":{"md":{"insertions":6,"deletions":6}}},{"hash":"5eb4c854dea1107cd39e540db2313dacc83c399b","isMergeCommit":true,"messageTitle":"Merge pull request #19 from asdfghjkxd/branch-A-UserGuide","messageBody":"Update documentations","fileTypesAndContributionMap":{}}]},{"date":"2023-09-20","commitResults":[{"hash":"838f4d4fbea0b0a44a13191c4327bf3571287503","isMergeCommit":false,"messageTitle":"Enhance GUI and refactor files","messageBody":"","fileTypesAndContributionMap":{"txt":{"insertions":4,"deletions":2},"java":{"insertions":266,"deletions":197}}},{"hash":"c7fdb1a356f22802d665e9d90065a299f12b230a","isMergeCommit":true,"messageTitle":"Merge pull request #20 from asdfghjkxd/branch-A-BetterGui","messageBody":"Enhance GUI and refactor files","tags":["v1.3","A-Varargs","A-BetterGui"],"fileTypesAndContributionMap":{}},{"hash":"757c6ae6614a8c88de64f878b36a5befaded5a88","isMergeCommit":false,"messageTitle":"Update Ui images","messageBody":"","fileTypesAndContributionMap":{"txt":{"insertions":6,"deletions":12}}},{"hash":"355818394bf70d46678d0fd1e1bd87bdc8a86da0","isMergeCommit":true,"messageTitle":"Merge branch \u0027master\u0027 into branch-A-UserGuide","messageBody":"","fileTypesAndContributionMap":{}},{"hash":"4a8f42c2a59d67b127f448dc00cf1f2a34d59f9d","isMergeCommit":true,"messageTitle":"Merge pull request #21 from asdfghjkxd/branch-A-UserGuide","messageBody":"Update Ui images","fileTypesAndContributionMap":{}},{"hash":"768a70cc758d3ae273c8ec208ccf071baf7c10f4","isMergeCommit":false,"messageTitle":"Enhance UI Dialog Boxes","messageBody":"","fileTypesAndContributionMap":{"fxml":{"insertions":20,"deletions":6},"java":{"insertions":12,"deletions":62}}},{"hash":"e6be7f2e9b281635792aa9aa9baf5bb899163c91","isMergeCommit":false,"messageTitle":"Update Documentations","messageBody":"","fileTypesAndContributionMap":{"md":{"insertions":19,"deletions":1}}},{"hash":"445665d9f5bb8ddd488098f1f1c1d7365eb511c8","isMergeCommit":false,"messageTitle":"Enhance code quality","messageBody":"","fileTypesAndContributionMap":{"txt":{"insertions":3,"deletions":6},"java":{"insertions":7,"deletions":7}}},{"hash":"60e8e7bf27ae0a8e13601ac9f20e494f4f57a1e3","isMergeCommit":false,"messageTitle":"Update JUnit test","messageBody":"","fileTypesAndContributionMap":{"java":{"insertions":1,"deletions":1}}},{"hash":"98c5ff087c669fc367f1331b1eeb1456e40c4786","isMergeCommit":false,"messageTitle":"Fix bug with sorting feature","messageBody":"","fileTypesAndContributionMap":{"txt":{"insertions":3,"deletions":0},"java":{"insertions":62,"deletions":39}}},{"hash":"b3b75e33d3686c653da35f65f42ecc7f2a4f37b9","isMergeCommit":false,"messageTitle":"Fix indexing bug in task list","messageBody":"","fileTypesAndContributionMap":{"txt":{"insertions":7,"deletions":1},"java":{"insertions":3,"deletions":3}}},{"hash":"811c532b3c766f7e3c1fb9a798eb5323745366a1","isMergeCommit":false,"messageTitle":"Update documentation and error texts","messageBody":"","fileTypesAndContributionMap":{"txt":{"insertions":5,"deletions":5},"java":{"insertions":3,"deletions":3},"md":{"insertions":13,"deletions":1}}}]},{"date":"2023-09-21","commitResults":[{"hash":"f4d19f9f0675b93bccc6778a5d98c5b7da0782f2","isMergeCommit":false,"messageTitle":"Fix parser bugs","messageBody":"","fileTypesAndContributionMap":{"txt":{"insertions":6,"deletions":6},"java":{"insertions":21,"deletions":5}}},{"hash":"e69f568da879757d6f7aee409ffce0c1592194f4","isMergeCommit":false,"messageTitle":"Fix bug with exit command","messageBody":"","fileTypesAndContributionMap":{"java":{"insertions":17,"deletions":2}}},{"hash":"95067d6fe58daa00eae3a867955c47a018fc3824","isMergeCommit":false,"messageTitle":"Fix checkstyle error","messageBody":"","fileTypesAndContributionMap":{"java":{"insertions":1,"deletions":1}}},{"hash":"fd4ed0d540ef0964a0e1ba20144a5f202bed8a00","isMergeCommit":true,"messageTitle":"Merge pull request #24 from asdfghjkxd/branch-UiUpgrades","messageBody":"Branch UI upgrades","tags":["v1.4"],"fileTypesAndContributionMap":{}},{"hash":"4b24f443ef84710e5f0283a93d2d59d611328e11","isMergeCommit":false,"messageTitle":"Test callout blocks","messageBody":"","fileTypesAndContributionMap":{"md":{"insertions":17,"deletions":7}}},{"hash":"7539adebd52afa8d215c5561ff1dd12807a1eb42","isMergeCommit":true,"messageTitle":"Merge pull request #25 from asdfghjkxd/branch-BetterUserGuide","messageBody":"Test callout blocks","fileTypesAndContributionMap":{}},{"hash":"e421b08d78b0cdec109e7e20d3a2b25a16780bd1","isMergeCommit":false,"messageTitle":"Update callouts to Jekyll syntax","messageBody":"","fileTypesAndContributionMap":{"md":{"insertions":42,"deletions":55}}},{"hash":"44af5df0504b590e4f65ec3b1af081ed1d138b1c","isMergeCommit":true,"messageTitle":"Merge pull request #26 from asdfghjkxd/branch-BetterUserGuide","messageBody":"Update callouts to Jekyll syntax","fileTypesAndContributionMap":{}},{"hash":"fe4df266c968c01991094710eecbbaf3cf0ae452","isMergeCommit":false,"messageTitle":"Rollback to previous docs","messageBody":"","fileTypesAndContributionMap":{"md":{"insertions":68,"deletions":62}}},{"hash":"15d2f341f5c7540adbcd8ba1f98bc267eccae0b0","isMergeCommit":true,"messageTitle":"Merge pull request #27 from asdfghjkxd/branch-BetterUserGuide","messageBody":"Rollback to previous docs","fileTypesAndContributionMap":{}},{"hash":"1fa5da8e352d22191595fa8b6dda17fcccbf99e7","isMergeCommit":false,"messageTitle":"Revert back to original version","messageBody":"","fileTypesAndContributionMap":{"md":{"insertions":4,"deletions":7}}},{"hash":"82cf458d4076df13868dde615250cdaafc3dea03","isMergeCommit":true,"messageTitle":"Merge pull request #28 from asdfghjkxd/branch-BetterUserGuide","messageBody":"Revert back to original version","fileTypesAndContributionMap":{}}]},{"date":"2023-09-22","commitResults":[{"hash":"7f7a903ec23561476e39c4fb9069d1b4c220d82a","isMergeCommit":false,"messageTitle":"Fix errors in documentations","messageBody":"","fileTypesAndContributionMap":{"java":{"insertions":1,"deletions":1},"md":{"insertions":53,"deletions":21}}},{"hash":"f16c865ee8bc07d0a8865e57c91c11a452917d14","isMergeCommit":true,"messageTitle":"Merge pull request #29 from asdfghjkxd/branch-UiDocFixes","messageBody":"Fix errors in documentations","fileTypesAndContributionMap":{}},{"hash":"2fdd09c463243cf422ca262917754c79491214f5","isMergeCommit":false,"messageTitle":"Update documentation","messageBody":"","fileTypesAndContributionMap":{"md":{"insertions":1,"deletions":1}}},{"hash":"bde1ab81aa7e51379d65787219c242dad7340098","isMergeCommit":true,"messageTitle":"Merge pull request #30 from asdfghjkxd/branch-UiDocFixes","messageBody":"Update documentation","fileTypesAndContributionMap":{}},{"hash":"a1762fde0b4bd71d49789b646daf57d1a4f44f8b","isMergeCommit":false,"messageTitle":"Fix excessive whitespace in dialog box","messageBody":"","fileTypesAndContributionMap":{"java":{"insertions":1,"deletions":1}}},{"hash":"21129cfbd45386ff8f04cabd36615ecf9c1a640b","isMergeCommit":true,"messageTitle":"Merge pull request #31 from asdfghjkxd/branch-UiDocFixes","messageBody":"Fix excessive whitespace in dialog box","tags":["v1.4.1"],"fileTypesAndContributionMap":{}},{"hash":"5e3873577b1a6567ca0baaa2312d9c1c07881acc","isMergeCommit":false,"messageTitle":"Update HTML code","messageBody":"","fileTypesAndContributionMap":{"md":{"insertions":11,"deletions":9}}},{"hash":"4711214dfb559a43052775249c1b9737ce860382","isMergeCommit":true,"messageTitle":"Merge pull request #32 from asdfghjkxd/branch-UiDocFixes","messageBody":"Update HTML code","tags":["v1.4.2"],"fileTypesAndContributionMap":{}},{"hash":"80252faaf933ac0c350791738c883c72d86a8d7f","isMergeCommit":false,"messageTitle":"Remove expandable fields","messageBody":"","fileTypesAndContributionMap":{"md":{"insertions":2,"deletions":15}}},{"hash":"615d840863bfeea093550b6b470bbaa813b436c3","isMergeCommit":true,"messageTitle":"Merge pull request #33 from asdfghjkxd/branch-UiDocFixes","messageBody":"Remove expandable fields","tags":["v1.4.2.1"],"fileTypesAndContributionMap":{}}]}]},"authorFileTypeContributionMap":{"asdfghjkxd":{"java":2491,"md":481,"fxml":167,"sh":33,"bat":0,"gradle":22,"txt":36}},"authorContributionVariance":{"asdfghjkxd":287048.3},"authorDisplayNameMap":{"asdfghjkxd":"CS2103T-T17-1 GEOR.. YAO"}}
