{"authorDailyContributionsMap":{"chiayunrong":[{"date":"2023-08-21","commitResults":[{"hash":"de16bd9439abae0ef6705709f9ac798b9396e8ab","isMergeCommit":false,"messageTitle":"Rename chatbot and implement initial skeletal version","messageBody":"","tags":["Level-0"],"fileTypesAndContributionMap":{"java":{"insertions":11,"deletions":10}}},{"hash":"3eea79e9fbfd0407c9124059ceb57d15fa0ddd4f","isMergeCommit":false,"messageTitle":"Implement echoing commands entered by user","messageBody":"","tags":["Level-1"],"fileTypesAndContributionMap":{"java":{"insertions":20,"deletions":2}}},{"hash":"6e7a4ac92d7ba434c614fd713fde37d6322a8ddc","isMergeCommit":false,"messageTitle":"Add ability to store and display text","messageBody":"","tags":["Level-2"],"fileTypesAndContributionMap":{"java":{"insertions":39,"deletions":7}}},{"hash":"f7c618d5b4560f07deb1172566e08dd53599edbb","isMergeCommit":false,"messageTitle":"Add ability to mark tasks as done and undone","messageBody":"","tags":["Level-3","A-Classes"],"fileTypesAndContributionMap":{"java":{"insertions":55,"deletions":15}}}]},{"date":"2023-08-22","commitResults":[{"hash":"8cda2a6ed20632704a329b8475432b6028db4592","isMergeCommit":false,"messageTitle":"Add support for tracking todo, deadline and event","messageBody":"","tags":["Level-4","A-Inheritance"],"fileTypesAndContributionMap":{"java":{"insertions":125,"deletions":18}}},{"hash":"98d46444013728b8c42171046dc08dee284c7b37","isMergeCommit":false,"messageTitle":"Add regression tests","messageBody":"","tags":["A-TextUiTesting"],"fileTypesAndContributionMap":{"txt":{"insertions":14,"deletions":0},"bat":{"insertions":1,"deletions":1},"sh":{"insertions":1,"deletions":1}}},{"hash":"82d0009e64ec2c187fd61075a1f1070a77e80509","isMergeCommit":false,"messageTitle":"Handle errors","messageBody":"","tags":["Level-5","A-Exceptions"],"fileTypesAndContributionMap":{"txt":{"insertions":2,"deletions":1},"java":{"insertions":337,"deletions":35}}},{"hash":"9d541b868fd7902151a93c9da3b715716fcc8e23","isMergeCommit":false,"messageTitle":"Add support for deleting tasks","messageBody":"","tags":["Level-6","A-Collections"],"fileTypesAndContributionMap":{"txt":{"insertions":2,"deletions":0},"java":{"insertions":18,"deletions":0}}},{"hash":"c405c112ed8ca7a7e0e8714d83684d9d0eaeec07","isMergeCommit":false,"messageTitle":"Fix parser bug","messageBody":"","fileTypesAndContributionMap":{"java":{"insertions":2,"deletions":2}}}]},{"date":"2023-08-24","commitResults":[{"hash":"3828def543c8ac1b98341b3ffb7959374a98b037","isMergeCommit":false,"messageTitle":"Refactor tags and marks into enums","messageBody":"","tags":["A-Enums"],"fileTypesAndContributionMap":{"java":{"insertions":58,"deletions":179}}}]},{"date":"2023-08-27","commitResults":[{"hash":"b520940cd7ee7ec673c033833ec0e1a93a26d4fa","isMergeCommit":false,"messageTitle":"Add support for saving and loading tasks","messageBody":"","tags":["Level-7"],"fileTypesAndContributionMap":{"java":{"insertions":125,"deletions":1}}},{"hash":"52b83c8fa855ef51ce8049db70c1dca55bd235b9","isMergeCommit":true,"messageTitle":"Merge branch \u0027branch-Level-7\u0027","messageBody":"","fileTypesAndContributionMap":{}},{"hash":"77d2d9f797e044518f13287bddb0a7646f193339","isMergeCommit":false,"messageTitle":"Add support for datetime objects","messageBody":"","tags":["Level-8"],"fileTypesAndContributionMap":{"txt":{"insertions":2,"deletions":2},"java":{"insertions":53,"deletions":19},"sh":{"insertions":6,"deletions":0}}},{"hash":"e522bbc214d4875b4303e7d474b458d1c327c976","isMergeCommit":true,"messageTitle":"Merge branch \u0027branch-Level-8\u0027","messageBody":"","fileTypesAndContributionMap":{}},{"hash":"9acad004d07bfb48a51b734fb5ffa73419b3e7fa","isMergeCommit":false,"messageTitle":"Use more OOP throughout codebase","messageBody":"","tags":["A-Packages","A-MoreOOP"],"fileTypesAndContributionMap":{"java":{"insertions":485,"deletions":188}}},{"hash":"abf63c630aa271baad1f4351fd0c1518e9682806","isMergeCommit":true,"messageTitle":"Merge branch \u0027branch-A-MoreOOP\u0027","messageBody":"","fileTypesAndContributionMap":{}},{"hash":"e2fb46f20db37ce36a02603fed5a955e90e7451f","isMergeCommit":true,"messageTitle":"Merge branch \u0027add-gradle-support\u0027 into A-Gradle","messageBody":"","fileTypesAndContributionMap":{}},{"hash":"b19487d3e52a044015f4fe957ea51fc93dde3b10","isMergeCommit":false,"messageTitle":"Add gradle support","messageBody":"","tags":["A-Gradle"],"fileTypesAndContributionMap":{"java":{"insertions":14,"deletions":9}}},{"hash":"44ddd22ce4f196a6b2b3ad54147b64f41769a4e5","isMergeCommit":true,"messageTitle":"Merge branch \u0027branch-A-Gradle\u0027","messageBody":"","fileTypesAndContributionMap":{}},{"hash":"1c7f423e364597ad491d4693a66c4fa06a9c4ecc","isMergeCommit":false,"messageTitle":"Add minimal unit tests","messageBody":"","tags":["A-JUnit"],"fileTypesAndContributionMap":{"java":{"insertions":68,"deletions":9}}},{"hash":"539310ebd92b12834151a37bfdf1b116066732ee","isMergeCommit":true,"messageTitle":"Merge branch \u0027branch-A-JUnit\u0027","messageBody":"","fileTypesAndContributionMap":{}},{"hash":"471d375933a4e758ec8c54497cea41c16684cce5","isMergeCommit":false,"messageTitle":"Package app as JAR using gradle","messageBody":"","tags":["A-Jar"],"fileTypesAndContributionMap":{"gradle":{"insertions":2,"deletions":2}}},{"hash":"21b69bc5756831a9197cb0d31300604d480cf47e","isMergeCommit":true,"messageTitle":"Merge branch \u0027branch-A-Jar\u0027","messageBody":"","fileTypesAndContributionMap":{}}]},{"date":"2023-08-28","commitResults":[{"hash":"4ca840f45be995cef96078219399b38c305c586f","isMergeCommit":false,"messageTitle":"Add checkstyle to codebase","messageBody":"","tags":["A-CodingStandard"],"fileTypesAndContributionMap":{"gradle":{"insertions":1,"deletions":0},"java":{"insertions":572,"deletions":561}}},{"hash":"4e7c84695519f36f832cb7caa2259f94567f81a1","isMergeCommit":true,"messageTitle":"Merge branch \u0027branch-A-CodingStandard\u0027","messageBody":"","fileTypesAndContributionMap":{}},{"hash":"eca74401a3fbcdcd6eadddf88dffc0110f0b685b","isMergeCommit":false,"messageTitle":"Add JavaDoc comments","messageBody":"","tags":["A-JavaDoc"],"fileTypesAndContributionMap":{"java":{"insertions":529,"deletions":12}}},{"hash":"1e667abf3ab249612e85f550e9819de18950f0e7","isMergeCommit":true,"messageTitle":"Merge branch \u0027branch-A-JavaDoc\u0027","messageBody":"","fileTypesAndContributionMap":{}},{"hash":"45f1e54c771fd80508876cdde219f19e2d24017d","isMergeCommit":false,"messageTitle":"Support finding tasks using a search string","messageBody":"","tags":["Level-9"],"fileTypesAndContributionMap":{"txt":{"insertions":1,"deletions":0},"java":{"insertions":58,"deletions":0}}},{"hash":"72a636d69bd8d10c46feeaeab847f7c8fe56ee49","isMergeCommit":true,"messageTitle":"Merge branch \u0027branch-Level-9\u0027","messageBody":"","fileTypesAndContributionMap":{}}]}]},"authorFileTypeContributionMap":{"chiayunrong":{"java":1512,"md":0,"fxml":0,"sh":7,"bat":1,"gradle":3,"txt":18}},"authorContributionVariance":{"chiayunrong":285840.62},"authorDisplayNameMap":{"chiayunrong":"CHIA..RONG"}}
