{"authorDailyContributionsMap":{"nicolengk":[{"date":"2023-08-21","commitResults":[{"hash":"7f8d4e66d653fdc905e918407a433d138ef84087","isMergeCommit":false,"messageTitle":"feat: added goodbye","messageBody":"","fileTypesAndContributionMap":{"java":{"insertions":1,"deletions":0}}},{"hash":"d2c6e7ca11b8a1f34b31fc0a94e1ae33ede19eef","isMergeCommit":false,"messageTitle":"feat: Rename, Greet, Exit","messageBody":"","tags":["Level-0"],"fileTypesAndContributionMap":{"java":{"insertions":9,"deletions":7}}}]},{"date":"2023-08-22","commitResults":[{"hash":"cc4f941d0e7e992b6cb5d3070d2ae35a23ed4e24","isMergeCommit":false,"messageTitle":"feat: echo","messageBody":"","tags":["Level-1"],"fileTypesAndContributionMap":{"java":{"insertions":13,"deletions":0}}}]},{"date":"2023-08-23","commitResults":[{"hash":"16f4a626f51d5046c8207a6b2d92e58dad44c99a","isMergeCommit":false,"messageTitle":"feat: add, list","messageBody":"","fileTypesAndContributionMap":{"java":{"insertions":22,"deletions":7}}},{"hash":"63784f5a3c13c4118d8d4747948e8d1a3d0f7c9d","isMergeCommit":false,"messageTitle":"level 2 fix","messageBody":"","tags":["Level-2"],"fileTypesAndContributionMap":{"java":{"insertions":5,"deletions":4}}},{"hash":"0532d9a19a0f8aff430ab45a9e8b59236d0f74e5","isMergeCommit":false,"messageTitle":"feat: mark as done","messageBody":"","tags":["Level-3"],"fileTypesAndContributionMap":{"java":{"insertions":51,"deletions":4}}},{"hash":"e2d00518c19cb9fc36436eeeafa24dd94e36597e","isMergeCommit":false,"messageTitle":"feat: todos,events,deadlines","messageBody":"","tags":["Level-4"],"fileTypesAndContributionMap":{"java":{"insertions":76,"deletions":5}}},{"hash":"afd81beea8873a6e80fceb89c44d39ff9de15684","isMergeCommit":false,"messageTitle":"testing","messageBody":"","tags":["A-TextUiTesting"],"fileTypesAndContributionMap":{"txt":{"insertions":8,"deletions":0}}}]},{"date":"2023-08-24","commitResults":[{"hash":"15c297003682395828c7dc362d792af39f1ce243","isMergeCommit":false,"messageTitle":"feat: handle errors","messageBody":"","fileTypesAndContributionMap":{"java":{"insertions":85,"deletions":62}}},{"hash":"942d60cd47b7d768ff1963c18297fa568d2c7b3c","isMergeCommit":false,"messageTitle":"handle error fix","messageBody":"","tags":["Level-5"],"fileTypesAndContributionMap":{"java":{"insertions":6,"deletions":2}}},{"hash":"5087bb5e93616b547c7f8dde792d4546fb4f18af","isMergeCommit":false,"messageTitle":"feat: delete","messageBody":"","tags":["Level-6"],"fileTypesAndContributionMap":{"java":{"insertions":22,"deletions":7}}},{"hash":"f111cefb4e120aec358d8b96c52cadde0589044c","isMergeCommit":false,"messageTitle":"seperating classes","messageBody":"","fileTypesAndContributionMap":{"java":{"insertions":71,"deletions":75}}},{"hash":"27fbbee4b8231da1458e760e96f370d0487cd0e7","isMergeCommit":false,"messageTitle":"refactoring","messageBody":"","fileTypesAndContributionMap":{"java":{"insertions":125,"deletions":108}}}]},{"date":"2023-09-01","commitResults":[{"hash":"1b9edc5b4abec88ccd245dbb22ec5c5d64f3a708","isMergeCommit":false,"messageTitle":"add save feature that save the tasks automatically","messageBody":"","tags":["Level-7"],"fileTypesAndContributionMap":{"txt":{"insertions":6,"deletions":0},"java":{"insertions":177,"deletions":8}}},{"hash":"7e38c02854072d5e1e4ad75713a632285a0520f6","isMergeCommit":true,"messageTitle":"Merge branch \u0027branch-Level-7\u0027","messageBody":"","fileTypesAndContributionMap":{}},{"hash":"555f4bafb615b09e99d60515a56ba003331a610f","isMergeCommit":false,"messageTitle":"add feature to read date and time","messageBody":"","fileTypesAndContributionMap":{"txt":{"insertions":2,"deletions":5},"java":{"insertions":67,"deletions":43}}},{"hash":"3a274d5a9ef84f300d7d79665db7eabf859f5d0a","isMergeCommit":true,"messageTitle":"Merge branch \u0027branch-Level-8\u0027","messageBody":"","tags":["Level-8"],"fileTypesAndContributionMap":{}}]},{"date":"2023-09-02","commitResults":[{"hash":"ed7fff1402172a8e859d4cbefe207df8255af0eb","isMergeCommit":false,"messageTitle":"refactor: create Ui Parser and TaskList classes","messageBody":"","tags":["A-MoreOOP"],"fileTypesAndContributionMap":{"txt":{"insertions":3,"deletions":2},"java":{"insertions":257,"deletions":195}}},{"hash":"964736592ad99a76ba8591d305c1b3a9f7db95d5","isMergeCommit":false,"messageTitle":"add duke packages","messageBody":"","tags":["A-Packages"],"fileTypesAndContributionMap":{"txt":{"insertions":0,"deletions":1},"java":{"insertions":44,"deletions":10}}},{"hash":"fe359f5edadf6cccd02bbfb6d6f971ffe11828fb","isMergeCommit":true,"messageTitle":"Merge commit \u002728ad2b878f1a21d03879e81cd441d0175d89e6b1\u0027","messageBody":"","fileTypesAndContributionMap":{}},{"hash":"63f7f9b7cebf65c18f7e086d059cbbd62689d420","isMergeCommit":false,"messageTitle":"Add gradle support","messageBody":"","tags":["A-Gradle"],"fileTypesAndContributionMap":{"gradle":{"insertions":1,"deletions":1},"txt":{"insertions":3,"deletions":1},"java":{"insertions":0,"deletions":1}}},{"hash":"2213cbff3826099a50993184625da3f14eab104c","isMergeCommit":false,"messageTitle":"Add testing for Task and TaskList class","messageBody":"","tags":["A-JUnit"],"fileTypesAndContributionMap":{"gradle":{"insertions":1,"deletions":0},"java":{"insertions":85,"deletions":12}}},{"hash":"bd3d8a5b8ecaadff6bb09fbd992d2924774d53a9","isMergeCommit":false,"messageTitle":"add jar file","messageBody":"","tags":["A-Jar"],"fileTypesAndContributionMap":{"gradle":{"insertions":1,"deletions":0}}},{"hash":"d4dc4daa76952221690bc9c2dcbed7b63c803baf","isMergeCommit":false,"messageTitle":"Add javadocs to classes","messageBody":"","fileTypesAndContributionMap":{"java":{"insertions":262,"deletions":2}}},{"hash":"d767b1b91c887bf3ada4bc547829f2281e74d8ff","isMergeCommit":false,"messageTitle":"Fix code to comply with coding standards","messageBody":"","tags":["A-CodingStandard"],"fileTypesAndContributionMap":{"java":{"insertions":22,"deletions":23}}},{"hash":"3343a6dbbc6a0983bbae0ec9582b1454e74a47a4","isMergeCommit":false,"messageTitle":"add feat: find task","messageBody":"","tags":["Level-9"],"fileTypesAndContributionMap":{"java":{"insertions":29,"deletions":0}}},{"hash":"e67da9c88c104e4eaa1b00fde26118c9e5942754","isMergeCommit":true,"messageTitle":"Merge branch \u0027branch-A-JavaDoc\u0027","messageBody":"","fileTypesAndContributionMap":{}},{"hash":"7e1da50e6ec6dd35e39156b9feca90bdf82b3e88","isMergeCommit":true,"messageTitle":"Merge branch \u0027branch-A-CodingStandard\u0027","messageBody":"# Conflicts:\n#\tsrc/main/java/duke/task/Event.java\n#\tsrc/main/java/duke/task/Task.java\n#\tsrc/main/java/duke/utils/Parser.java\n","fileTypesAndContributionMap":{}},{"hash":"c559d366325464560aba65242fe74269bc4dbaa7","isMergeCommit":true,"messageTitle":"Merge branch \u0027branch-Level-9\u0027","messageBody":"# Conflicts:\n#\tsrc/main/java/duke/task/Task.java\n","tags":["A-JavaDoc"],"fileTypesAndContributionMap":{}}]},{"date":"2023-09-03","commitResults":[{"hash":"c0ac313440df35efd02bf699e685287ebb2d085c","isMergeCommit":false,"messageTitle":"Add javadocs for find feature","messageBody":"","tags":["A-JavaDocs"],"fileTypesAndContributionMap":{"java":{"insertions":16,"deletions":7}}},{"hash":"b567973f37666ec219d2f3ad6dabf440caee33bd","isMergeCommit":false,"messageTitle":"Revert \"Add javadocs for find feature\"","messageBody":"This reverts commit c0ac313440df35efd02bf699e685287ebb2d085c.\n","fileTypesAndContributionMap":{"java":{"insertions":7,"deletions":16}}},{"hash":"929de9296394b299123e28c06a22e5e52da02976","isMergeCommit":false,"messageTitle":"Add javadocs for find feature","messageBody":"","fileTypesAndContributionMap":{"java":{"insertions":16,"deletions":8}}}]},{"date":"2023-09-08","commitResults":[{"hash":"971e0d42bf064a6c36362dc611b611dd3c3382aa","isMergeCommit":false,"messageTitle":"Change greeting logo","messageBody":"","fileTypesAndContributionMap":{"txt":{"insertions":2,"deletions":1},"java":{"insertions":7,"deletions":4}}}]},{"date":"2023-09-09","commitResults":[{"hash":"a83c5ee8fef273eae440fc0033600ba3e0e20198","isMergeCommit":false,"messageTitle":"Add gui","messageBody":"","fileTypesAndContributionMap":{"txt":{"insertions":0,"deletions":5},"fxml":{"insertions":28,"deletions":0},"java":{"insertions":8,"deletions":0}}},{"hash":"89fff483dc9a353300f8c56e5c24ff94658766ee","isMergeCommit":false,"messageTitle":"Add gui","messageBody":"","fileTypesAndContributionMap":{"gradle":{"insertions":14,"deletions":0},"txt":{"insertions":1,"deletions":0},"fxml":{"insertions":32,"deletions":21},"java":{"insertions":238,"deletions":60}}},{"hash":"bf7eb70d21ffb76689a5f47897467b0177b5f2c5","isMergeCommit":false,"messageTitle":"Feat: add gui","messageBody":"","fileTypesAndContributionMap":{"fxml":{"insertions":1,"deletions":1},"java":{"insertions":26,"deletions":60}}},{"hash":"ce1e95f4f42c0b1297acffe3ed8fd06e6464b5f3","isMergeCommit":true,"messageTitle":"Merge branch \u0027branch-Level-10\u0027","messageBody":"","fileTypesAndContributionMap":{}},{"hash":"e43189e8d4ad3a2f5324c9e42dbcd86b5528ef1c","isMergeCommit":false,"messageTitle":"Fix gradle","messageBody":"","tags":["Level-10"],"fileTypesAndContributionMap":{"gradle":{"insertions":1,"deletions":1}}}]},{"date":"2023-09-10","commitResults":[{"hash":"8db744a480bd688502b9913afd0a28c8abdbd086","isMergeCommit":false,"messageTitle":"Fix styling issues","messageBody":"","fileTypesAndContributionMap":{"gradle":{"insertions":5,"deletions":0},"txt":{"insertions":1,"deletions":0},"java":{"insertions":103,"deletions":43}}},{"hash":"96b405ae1674f23dc8c7c8fa630b6e5cc2eccfd0","isMergeCommit":true,"messageTitle":"Merge branch \u0027branch-A-CheckStyle\u0027","messageBody":"","tags":["A-CheckStyle"],"fileTypesAndContributionMap":{}}]},{"date":"2023-09-12","commitResults":[{"hash":"066a28d9f6410a0a362ec51cb252914227a5448d","isMergeCommit":false,"messageTitle":"Add assertions","messageBody":"Currently, the code does not make use of any assertion. Adding assertions helps to improve code quality and ensure code reliability. Using assertions systematically will help catch issues early in the development process, making debugging and maintenance more manageable.\n","fileTypesAndContributionMap":{"java":{"insertions":1,"deletions":0}}}]},{"date":"2023-09-16","commitResults":[{"hash":"1f4d3906d6d8e8fdc1ce1fb8861c80b9f377f1f9","isMergeCommit":false,"messageTitle":"Attempt to extract Message class","messageBody":"","fileTypesAndContributionMap":{"java":{"insertions":96,"deletions":30}}},{"hash":"4d80d90e3723ffffe13eb508d2c6caacb4389c1b","isMergeCommit":false,"messageTitle":"Abstract Message class from Duke class This helps to make the run method from the Duke class shorter and more readerable as it currently contains more than 30 lines of code.","messageBody":"","fileTypesAndContributionMap":{"java":{"insertions":26,"deletions":49}}},{"hash":"208a05481982a3c35c450ecd9ffa0a800a37047d","isMergeCommit":true,"messageTitle":"Merge pull request #1 from nicolengk/branch-A-Assertions","messageBody":"Add assertions","fileTypesAndContributionMap":{}},{"hash":"1e421aae68d98bf972bc9af7801bef97f8d4b59c","isMergeCommit":true,"messageTitle":"Merge pull request #3 from nicolengk/branch-A-CodeQuality","messageBody":"Branch a code quality","tags":["A-CodeQuality"],"fileTypesAndContributionMap":{}},{"hash":"e50cb39aac04302592c2fc250179c2a1cccf9fed","isMergeCommit":false,"messageTitle":"Add FriendlierSyntax","messageBody":"","tags":["C-FriendlierSyntax","BCD-Extension","A-FullCommitMessage","A-Assertions"],"fileTypesAndContributionMap":{"java":{"insertions":9,"deletions":9}}}]},{"date":"2023-09-22","commitResults":[{"hash":"6924cc27c70aaa514cf4bb2c78775f19b669cff5","isMergeCommit":false,"messageTitle":"Fix display issues","messageBody":"","fileTypesAndContributionMap":{"txt":{"insertions":3,"deletions":1},"fxml":{"insertions":6,"deletions":2},"java":{"insertions":36,"deletions":1}}},{"hash":"bce2a7396e53ea47785fcfc8fdc0021395866121","isMergeCommit":true,"messageTitle":"Merge branch \u0027branch-C-FriendlierSyntax\u0027","messageBody":"","fileTypesAndContributionMap":{}},{"hash":"110b83ffde0a88009d82247d047e7a7776e5faf7","isMergeCommit":false,"messageTitle":"Fix text wrapping issue","messageBody":"","fileTypesAndContributionMap":{"fxml":{"insertions":2,"deletions":1}}},{"hash":"01471f079676e94a429d579f4583dcffb1f01b53","isMergeCommit":false,"messageTitle":"Fix text alignment issue","messageBody":"","fileTypesAndContributionMap":{"fxml":{"insertions":8,"deletions":10},"java":{"insertions":2,"deletions":0}}},{"hash":"c2577e60e4e7ba999686cc8485cd423d0ff92b25","isMergeCommit":false,"messageTitle":"Add representative screenshot","messageBody":"","fileTypesAndContributionMap":{"txt":{"insertions":3,"deletions":4}}},{"hash":"cfab7de7066dcf560e2b246d55a9d056722e9ba2","isMergeCommit":false,"messageTitle":"Update user guide","messageBody":"","fileTypesAndContributionMap":{"txt":{"insertions":5,"deletions":2},"md":{"insertions":153,"deletions":13}}},{"hash":"94ae18dfbe65e59a9b28f290e25f6d4b0807881c","isMergeCommit":false,"messageTitle":"Fix delete command and other messages","messageBody":"","tags":["A-UserGuide"],"fileTypesAndContributionMap":{"java":{"insertions":3,"deletions":3}}},{"hash":"19ded5dbc9034fa7a541e718141deb40fd24ca6f","isMergeCommit":true,"messageTitle":"Merge branch \u0027branch-A-UserGuide\u0027","messageBody":"","fileTypesAndContributionMap":{}},{"hash":"a9dc462dfde71b7fed3ee0ac41c4f5787263aa82","isMergeCommit":false,"messageTitle":"Update user guide","messageBody":"","fileTypesAndContributionMap":{"md":{"insertions":2,"deletions":2}}},{"hash":"02a74b398907452f226c76c33bf8e311315bb6d3","isMergeCommit":false,"messageTitle":"Fix find command message","messageBody":"","tags":["A-Release"],"fileTypesAndContributionMap":{"fxml":{"insertions":1,"deletions":1},"java":{"insertions":10,"deletions":6}}},{"hash":"83d3882d0f4cc404db1bcdc51db51dc4f06e8cef","isMergeCommit":false,"messageTitle":"Fix user guide typo","messageBody":"","fileTypesAndContributionMap":{"md":{"insertions":3,"deletions":3}}}]}]},"authorFileTypeContributionMap":{"nicolengk":{"java":1175,"md":144,"fxml":42,"sh":0,"bat":0,"gradle":22,"txt":14}},"authorContributionVariance":{"nicolengk":40717.727},"authorDisplayNameMap":{"nicolengk":"CS2103T-W11-2 NG G..COLE"}}
