[{"path":"src/main/java/Deadline.java","fileType":"java","lines":[{"lineNumber":1,"author":{"gitId":"josepholim"},"content":"public class Deadline extends Task {","lastModifiedDate":"2023-08-24"},{"lineNumber":2,"author":{"gitId":"josepholim"},"content":"","lastModifiedDate":"2023-08-24"},{"lineNumber":3,"author":{"gitId":"josepholim"},"content":"    protected String by;","lastModifiedDate":"2023-08-24"},{"lineNumber":4,"author":{"gitId":"josepholim"},"content":"","lastModifiedDate":"2023-08-24"},{"lineNumber":5,"author":{"gitId":"josepholim"},"content":"    public Deadline(String description, String by) {","lastModifiedDate":"2023-08-24"},{"lineNumber":6,"author":{"gitId":"josepholim"},"content":"        super(description);","lastModifiedDate":"2023-08-24"},{"lineNumber":7,"author":{"gitId":"josepholim"},"content":"        this.by \u003d by;","lastModifiedDate":"2023-08-24"},{"lineNumber":8,"author":{"gitId":"josepholim"},"content":"    }","lastModifiedDate":"2023-08-24"},{"lineNumber":9,"author":{"gitId":"josepholim"},"content":"","lastModifiedDate":"2023-08-24"},{"lineNumber":10,"author":{"gitId":"josepholim"},"content":"    @Override","lastModifiedDate":"2023-08-24"},{"lineNumber":11,"author":{"gitId":"josepholim"},"content":"    public String toString() {","lastModifiedDate":"2023-08-24"},{"lineNumber":12,"author":{"gitId":"josepholim"},"content":"        return \"[D]\" + super.toString() + \" (by: \" + this.by + \")\";","lastModifiedDate":"2023-08-24"},{"lineNumber":13,"author":{"gitId":"josepholim"},"content":"    }","lastModifiedDate":"2023-08-24"},{"lineNumber":14,"author":{"gitId":"josepholim"},"content":"}","lastModifiedDate":"2023-08-24"}],"authorContributionMap":{"josepholim":14}},{"path":"src/main/java/Duke.java","fileType":"java","lines":[{"lineNumber":1,"author":{"gitId":"josepholim"},"content":"import java.util.ArrayList;","lastModifiedDate":"2023-08-24"},{"lineNumber":2,"author":{"gitId":"josepholim"},"content":"import java.util.Scanner;","lastModifiedDate":"2023-08-24"},{"lineNumber":3,"author":{"gitId":"josepholim"},"content":"","lastModifiedDate":"2023-08-24"},{"lineNumber":4,"author":{"gitId":"-"},"content":"public class Duke {","lastModifiedDate":"2019-07-29"},{"lineNumber":5,"author":{"gitId":"josepholim"},"content":"    private static final String HORIZONTAL_LINE \u003d \"____________________________________________________________\";","lastModifiedDate":"2023-08-24"},{"lineNumber":6,"author":{"gitId":"josepholim"},"content":"    private Scanner sc \u003d new Scanner(System.in);","lastModifiedDate":"2023-08-24"},{"lineNumber":7,"author":{"gitId":"josepholim"},"content":"    private ArrayList\u003cTask\u003e tasks \u003d new ArrayList\u003c\u003e();","lastModifiedDate":"2023-08-24"},{"lineNumber":8,"author":{"gitId":"josepholim"},"content":"    private int countTasks \u003d 0;","lastModifiedDate":"2023-08-24"},{"lineNumber":9,"author":{"gitId":"josepholim"},"content":"","lastModifiedDate":"2023-08-24"},{"lineNumber":10,"author":{"gitId":"-"},"content":"    public static void main(String[] args) {","lastModifiedDate":"2019-07-29"},{"lineNumber":11,"author":{"gitId":"josepholim"},"content":"        Duke duke \u003d new Duke();","lastModifiedDate":"2023-08-24"},{"lineNumber":12,"author":{"gitId":"josepholim"},"content":"        duke.run();","lastModifiedDate":"2023-08-24"},{"lineNumber":13,"author":{"gitId":"josepholim"},"content":"    }","lastModifiedDate":"2023-08-24"},{"lineNumber":14,"author":{"gitId":"josepholim"},"content":"","lastModifiedDate":"2023-08-24"},{"lineNumber":15,"author":{"gitId":"josepholim"},"content":"    public void printWithLines(String s) {","lastModifiedDate":"2023-08-24"},{"lineNumber":16,"author":{"gitId":"josepholim"},"content":"        System.out.println(HORIZONTAL_LINE + \"\\n\" + s + \"\\n\" + HORIZONTAL_LINE);","lastModifiedDate":"2023-08-24"},{"lineNumber":17,"author":{"gitId":"josepholim"},"content":"    }","lastModifiedDate":"2023-08-24"},{"lineNumber":18,"author":{"gitId":"josepholim"},"content":"","lastModifiedDate":"2023-08-24"},{"lineNumber":19,"author":{"gitId":"josepholim"},"content":"    public void printTask(String s) {","lastModifiedDate":"2023-08-24"},{"lineNumber":20,"author":{"gitId":"josepholim"},"content":"        printWithLines(\"Got it. I\u0027ve added this task:\" + \"\\n\"","lastModifiedDate":"2023-08-24"},{"lineNumber":21,"author":{"gitId":"josepholim"},"content":"                + s + \"\\n\"","lastModifiedDate":"2023-08-24"},{"lineNumber":22,"author":{"gitId":"josepholim"},"content":"                + \"Now you have \" + this.countTasks + \" tasks in the list.\");","lastModifiedDate":"2023-08-24"},{"lineNumber":23,"author":{"gitId":"josepholim"},"content":"    }","lastModifiedDate":"2023-08-24"},{"lineNumber":24,"author":{"gitId":"josepholim"},"content":"","lastModifiedDate":"2023-08-24"},{"lineNumber":25,"author":{"gitId":"josepholim"},"content":"    public void printDeleteTask(String s) {","lastModifiedDate":"2023-08-24"},{"lineNumber":26,"author":{"gitId":"josepholim"},"content":"        printWithLines(\"Noted. I\u0027ve removed this task:\" + \"\\n\"","lastModifiedDate":"2023-08-24"},{"lineNumber":27,"author":{"gitId":"josepholim"},"content":"                + s + \"\\n\"","lastModifiedDate":"2023-08-24"},{"lineNumber":28,"author":{"gitId":"josepholim"},"content":"                + \"Now you have \" + this.countTasks + \" tasks in the list.\");","lastModifiedDate":"2023-08-24"},{"lineNumber":29,"author":{"gitId":"josepholim"},"content":"    }","lastModifiedDate":"2023-08-24"},{"lineNumber":30,"author":{"gitId":"josepholim"},"content":"","lastModifiedDate":"2023-08-24"},{"lineNumber":31,"author":{"gitId":"josepholim"},"content":"    public void addToDo(String input) throws DukeException {","lastModifiedDate":"2023-08-24"},{"lineNumber":32,"author":{"gitId":"josepholim"},"content":"        if (input.indexOf(\" \") \u003d\u003d -1) {","lastModifiedDate":"2023-08-24"},{"lineNumber":33,"author":{"gitId":"josepholim"},"content":"            throw new DukeException(\"☹ OOPS!!! The description of a todo cannot be empty.\");","lastModifiedDate":"2023-08-24"},{"lineNumber":34,"author":{"gitId":"josepholim"},"content":"        }","lastModifiedDate":"2023-08-24"},{"lineNumber":35,"author":{"gitId":"josepholim"},"content":"        String description \u003d input.substring(input.indexOf(\" \") + 1);","lastModifiedDate":"2023-08-24"},{"lineNumber":36,"author":{"gitId":"josepholim"},"content":"        tasks.add(new ToDo(description));","lastModifiedDate":"2023-08-24"},{"lineNumber":37,"author":{"gitId":"josepholim"},"content":"        countTasks++;","lastModifiedDate":"2023-08-24"},{"lineNumber":38,"author":{"gitId":"josepholim"},"content":"        printTask(tasks.get(countTasks - 1).toString());","lastModifiedDate":"2023-08-24"},{"lineNumber":39,"author":{"gitId":"josepholim"},"content":"    }","lastModifiedDate":"2023-08-24"},{"lineNumber":40,"author":{"gitId":"josepholim"},"content":"","lastModifiedDate":"2023-08-24"},{"lineNumber":41,"author":{"gitId":"josepholim"},"content":"    public void addDeadline(String input) throws DukeException {","lastModifiedDate":"2023-08-24"},{"lineNumber":42,"author":{"gitId":"josepholim"},"content":"        if (input.indexOf(\" \") \u003d\u003d -1) {","lastModifiedDate":"2023-08-24"},{"lineNumber":43,"author":{"gitId":"josepholim"},"content":"            throw new DukeException(\"☹ OOPS!!! The description of a deadline cannot be empty.\");","lastModifiedDate":"2023-08-24"},{"lineNumber":44,"author":{"gitId":"josepholim"},"content":"        }","lastModifiedDate":"2023-08-24"},{"lineNumber":45,"author":{"gitId":"josepholim"},"content":"        String[] split \u003d input.substring(input.indexOf(\" \") + 1).split(\" /by \");","lastModifiedDate":"2023-08-24"},{"lineNumber":46,"author":{"gitId":"josepholim"},"content":"        tasks.add(new Deadline(split[0], split[1]));","lastModifiedDate":"2023-08-24"},{"lineNumber":47,"author":{"gitId":"josepholim"},"content":"        countTasks++;","lastModifiedDate":"2023-08-24"},{"lineNumber":48,"author":{"gitId":"josepholim"},"content":"        printTask(tasks.get(countTasks - 1).toString());","lastModifiedDate":"2023-08-24"},{"lineNumber":49,"author":{"gitId":"josepholim"},"content":"    }","lastModifiedDate":"2023-08-24"},{"lineNumber":50,"author":{"gitId":"josepholim"},"content":"","lastModifiedDate":"2023-08-24"},{"lineNumber":51,"author":{"gitId":"josepholim"},"content":"    public void addEvent(String input) throws DukeException {","lastModifiedDate":"2023-08-24"},{"lineNumber":52,"author":{"gitId":"josepholim"},"content":"        if (input.indexOf(\" \") \u003d\u003d -1) {","lastModifiedDate":"2023-08-24"},{"lineNumber":53,"author":{"gitId":"josepholim"},"content":"            throw new DukeException(\"☹ OOPS!!! The description of an event cannot be empty.\");","lastModifiedDate":"2023-08-24"},{"lineNumber":54,"author":{"gitId":"josepholim"},"content":"        }","lastModifiedDate":"2023-08-24"},{"lineNumber":55,"author":{"gitId":"josepholim"},"content":"        String[] split \u003d input.substring(input.indexOf(\" \") + 1).split(\" /from | /to \");","lastModifiedDate":"2023-08-24"},{"lineNumber":56,"author":{"gitId":"josepholim"},"content":"        tasks.add(new Event(split[0], split[1], split[2]));","lastModifiedDate":"2023-08-24"},{"lineNumber":57,"author":{"gitId":"josepholim"},"content":"        countTasks++;","lastModifiedDate":"2023-08-24"},{"lineNumber":58,"author":{"gitId":"josepholim"},"content":"        printTask(tasks.get(countTasks - 1).toString());","lastModifiedDate":"2023-08-24"},{"lineNumber":59,"author":{"gitId":"josepholim"},"content":"    }","lastModifiedDate":"2023-08-24"},{"lineNumber":60,"author":{"gitId":"josepholim"},"content":"","lastModifiedDate":"2023-08-24"},{"lineNumber":61,"author":{"gitId":"josepholim"},"content":"    public void printList() {","lastModifiedDate":"2023-08-24"},{"lineNumber":62,"author":{"gitId":"josepholim"},"content":"        System.out.println(HORIZONTAL_LINE);","lastModifiedDate":"2023-08-24"},{"lineNumber":63,"author":{"gitId":"josepholim"},"content":"        for (int i \u003d 0; i \u003c countTasks; i++) {","lastModifiedDate":"2023-08-24"},{"lineNumber":64,"author":{"gitId":"josepholim"},"content":"            System.out.println((i + 1) + \". \" + tasks.get(i));","lastModifiedDate":"2023-08-24"},{"lineNumber":65,"author":{"gitId":"josepholim"},"content":"        }","lastModifiedDate":"2023-08-24"},{"lineNumber":66,"author":{"gitId":"josepholim"},"content":"        System.out.println(HORIZONTAL_LINE);","lastModifiedDate":"2023-08-24"},{"lineNumber":67,"author":{"gitId":"josepholim"},"content":"    }","lastModifiedDate":"2023-08-24"},{"lineNumber":68,"author":{"gitId":"josepholim"},"content":"","lastModifiedDate":"2023-08-24"},{"lineNumber":69,"author":{"gitId":"josepholim"},"content":"    public void check(String input) throws DukeException {","lastModifiedDate":"2023-08-24"},{"lineNumber":70,"author":{"gitId":"josepholim"},"content":"        if (input.equals(\"list\")) {","lastModifiedDate":"2023-08-24"},{"lineNumber":71,"author":{"gitId":"josepholim"},"content":"            printList();","lastModifiedDate":"2023-08-24"},{"lineNumber":72,"author":{"gitId":"josepholim"},"content":"        } else if (input.startsWith(\"mark \")) {","lastModifiedDate":"2023-08-24"},{"lineNumber":73,"author":{"gitId":"josepholim"},"content":"            int index \u003d Integer.parseInt(input.replace(\"mark \", \"\"));","lastModifiedDate":"2023-08-24"},{"lineNumber":74,"author":{"gitId":"josepholim"},"content":"            tasks.get(index - 1).markAsDone();","lastModifiedDate":"2023-08-24"},{"lineNumber":75,"author":{"gitId":"josepholim"},"content":"            printWithLines(\"Nice! I\u0027ve marked this task as done:\" + \"\\n\"","lastModifiedDate":"2023-08-24"},{"lineNumber":76,"author":{"gitId":"josepholim"},"content":"                    + tasks.get(index - 1));","lastModifiedDate":"2023-08-24"},{"lineNumber":77,"author":{"gitId":"josepholim"},"content":"        } else if (input.startsWith(\"unmark \")) {","lastModifiedDate":"2023-08-24"},{"lineNumber":78,"author":{"gitId":"josepholim"},"content":"            int index \u003d Integer.parseInt(input.replace(\"unmark \", \"\"));","lastModifiedDate":"2023-08-24"},{"lineNumber":79,"author":{"gitId":"josepholim"},"content":"            tasks.get(index - 1).unmarkAsDone();","lastModifiedDate":"2023-08-24"},{"lineNumber":80,"author":{"gitId":"josepholim"},"content":"            printWithLines(\"OK, I\u0027ve marked this task as not done yet:\" + \"\\n\"","lastModifiedDate":"2023-08-24"},{"lineNumber":81,"author":{"gitId":"josepholim"},"content":"                    + tasks.get(index - 1));","lastModifiedDate":"2023-08-24"},{"lineNumber":82,"author":{"gitId":"josepholim"},"content":"        } else if (input.startsWith(\"todo\")) {","lastModifiedDate":"2023-08-24"},{"lineNumber":83,"author":{"gitId":"josepholim"},"content":"            addToDo(input);","lastModifiedDate":"2023-08-24"},{"lineNumber":84,"author":{"gitId":"josepholim"},"content":"        } else if (input.startsWith(\"deadline\")) {","lastModifiedDate":"2023-08-24"},{"lineNumber":85,"author":{"gitId":"josepholim"},"content":"            addDeadline(input);","lastModifiedDate":"2023-08-24"},{"lineNumber":86,"author":{"gitId":"josepholim"},"content":"        } else if (input.startsWith(\"event\")) {","lastModifiedDate":"2023-08-24"},{"lineNumber":87,"author":{"gitId":"josepholim"},"content":"            addEvent(input);","lastModifiedDate":"2023-08-24"},{"lineNumber":88,"author":{"gitId":"josepholim"},"content":"        } else if (input.startsWith(\"delete \")) {","lastModifiedDate":"2023-08-24"},{"lineNumber":89,"author":{"gitId":"josepholim"},"content":"            int index \u003d Integer.parseInt(input.replace(\"delete \", \"\"));","lastModifiedDate":"2023-08-24"},{"lineNumber":90,"author":{"gitId":"josepholim"},"content":"            countTasks--;","lastModifiedDate":"2023-08-24"},{"lineNumber":91,"author":{"gitId":"josepholim"},"content":"            printDeleteTask(tasks.get(index - 1).toString());","lastModifiedDate":"2023-08-24"},{"lineNumber":92,"author":{"gitId":"josepholim"},"content":"            tasks.remove(index - 1);","lastModifiedDate":"2023-08-24"},{"lineNumber":93,"author":{"gitId":"josepholim"},"content":"        } else {","lastModifiedDate":"2023-08-24"},{"lineNumber":94,"author":{"gitId":"josepholim"},"content":"            throw new DukeException(\"☹ OOPS!!! I\u0027m sorry, but I don\u0027t know what that means :-(\");","lastModifiedDate":"2023-08-24"},{"lineNumber":95,"author":{"gitId":"josepholim"},"content":"        }","lastModifiedDate":"2023-08-24"},{"lineNumber":96,"author":{"gitId":"josepholim"},"content":"    }","lastModifiedDate":"2023-08-24"},{"lineNumber":97,"author":{"gitId":"josepholim"},"content":"","lastModifiedDate":"2023-08-24"},{"lineNumber":98,"author":{"gitId":"josepholim"},"content":"    public void run() {","lastModifiedDate":"2023-08-24"},{"lineNumber":99,"author":{"gitId":"josepholim"},"content":"        printWithLines(\"Hello, I\u0027m Je-O\" + \"\\n\"","lastModifiedDate":"2023-08-24"},{"lineNumber":100,"author":{"gitId":"josepholim"},"content":"                + \"What can I do for you?\");","lastModifiedDate":"2023-08-24"},{"lineNumber":101,"author":{"gitId":"josepholim"},"content":"        while (sc.hasNextLine()) {","lastModifiedDate":"2023-08-24"},{"lineNumber":102,"author":{"gitId":"josepholim"},"content":"            String input \u003d sc.nextLine();","lastModifiedDate":"2023-08-24"},{"lineNumber":103,"author":{"gitId":"josepholim"},"content":"            if (input.equals(\"bye\")) {","lastModifiedDate":"2023-08-24"},{"lineNumber":104,"author":{"gitId":"josepholim"},"content":"                printWithLines(\"Bye. Hope to see you again soon!\");","lastModifiedDate":"2023-08-24"},{"lineNumber":105,"author":{"gitId":"josepholim"},"content":"                break;","lastModifiedDate":"2023-08-24"},{"lineNumber":106,"author":{"gitId":"josepholim"},"content":"            }","lastModifiedDate":"2023-08-24"},{"lineNumber":107,"author":{"gitId":"josepholim"},"content":"            try {","lastModifiedDate":"2023-08-24"},{"lineNumber":108,"author":{"gitId":"josepholim"},"content":"                check(input);","lastModifiedDate":"2023-08-24"},{"lineNumber":109,"author":{"gitId":"josepholim"},"content":"            } catch (DukeException e) {","lastModifiedDate":"2023-08-24"},{"lineNumber":110,"author":{"gitId":"josepholim"},"content":"                printWithLines(e.toString());","lastModifiedDate":"2023-08-24"},{"lineNumber":111,"author":{"gitId":"josepholim"},"content":"            }","lastModifiedDate":"2023-08-24"},{"lineNumber":112,"author":{"gitId":"josepholim"},"content":"        }","lastModifiedDate":"2023-08-24"},{"lineNumber":113,"author":{"gitId":"-"},"content":"    }","lastModifiedDate":"2019-07-29"},{"lineNumber":114,"author":{"gitId":"-"},"content":"}","lastModifiedDate":"2019-07-29"}],"authorContributionMap":{"josepholim":110,"-":4}},{"path":"src/main/java/DukeException.java","fileType":"java","lines":[{"lineNumber":1,"author":{"gitId":"josepholim"},"content":"public class DukeException extends Exception {","lastModifiedDate":"2023-08-24"},{"lineNumber":2,"author":{"gitId":"josepholim"},"content":"    public DukeException(String message) {","lastModifiedDate":"2023-08-24"},{"lineNumber":3,"author":{"gitId":"josepholim"},"content":"        super(message);","lastModifiedDate":"2023-08-24"},{"lineNumber":4,"author":{"gitId":"josepholim"},"content":"    }","lastModifiedDate":"2023-08-24"},{"lineNumber":5,"author":{"gitId":"josepholim"},"content":"","lastModifiedDate":"2023-08-24"},{"lineNumber":6,"author":{"gitId":"josepholim"},"content":"    @Override","lastModifiedDate":"2023-08-24"},{"lineNumber":7,"author":{"gitId":"josepholim"},"content":"    public String toString() {","lastModifiedDate":"2023-08-24"},{"lineNumber":8,"author":{"gitId":"josepholim"},"content":"        return super.getMessage();","lastModifiedDate":"2023-08-24"},{"lineNumber":9,"author":{"gitId":"josepholim"},"content":"    }","lastModifiedDate":"2023-08-24"},{"lineNumber":10,"author":{"gitId":"josepholim"},"content":"}","lastModifiedDate":"2023-08-24"}],"authorContributionMap":{"josepholim":10}},{"path":"src/main/java/Event.java","fileType":"java","lines":[{"lineNumber":1,"author":{"gitId":"josepholim"},"content":"public class Event extends Task {","lastModifiedDate":"2023-08-24"},{"lineNumber":2,"author":{"gitId":"josepholim"},"content":"","lastModifiedDate":"2023-08-24"},{"lineNumber":3,"author":{"gitId":"josepholim"},"content":"    protected String from;","lastModifiedDate":"2023-08-24"},{"lineNumber":4,"author":{"gitId":"josepholim"},"content":"    protected String to;","lastModifiedDate":"2023-08-24"},{"lineNumber":5,"author":{"gitId":"josepholim"},"content":"","lastModifiedDate":"2023-08-24"},{"lineNumber":6,"author":{"gitId":"josepholim"},"content":"    public Event(String description, String from, String to) {","lastModifiedDate":"2023-08-24"},{"lineNumber":7,"author":{"gitId":"josepholim"},"content":"        super(description);","lastModifiedDate":"2023-08-24"},{"lineNumber":8,"author":{"gitId":"josepholim"},"content":"        this.from \u003d from;","lastModifiedDate":"2023-08-24"},{"lineNumber":9,"author":{"gitId":"josepholim"},"content":"        this.to \u003d to;","lastModifiedDate":"2023-08-24"},{"lineNumber":10,"author":{"gitId":"josepholim"},"content":"    }","lastModifiedDate":"2023-08-24"},{"lineNumber":11,"author":{"gitId":"josepholim"},"content":"","lastModifiedDate":"2023-08-24"},{"lineNumber":12,"author":{"gitId":"josepholim"},"content":"    @Override","lastModifiedDate":"2023-08-24"},{"lineNumber":13,"author":{"gitId":"josepholim"},"content":"    public String toString() {","lastModifiedDate":"2023-08-24"},{"lineNumber":14,"author":{"gitId":"josepholim"},"content":"        return \"[E]\" + super.toString() + \" (from: \" + this.from + \" to: \" + this.to +  \")\";","lastModifiedDate":"2023-08-24"},{"lineNumber":15,"author":{"gitId":"josepholim"},"content":"    }","lastModifiedDate":"2023-08-24"},{"lineNumber":16,"author":{"gitId":"josepholim"},"content":"}","lastModifiedDate":"2023-08-24"}],"authorContributionMap":{"josepholim":16}},{"path":"src/main/java/Task.java","fileType":"java","lines":[{"lineNumber":1,"author":{"gitId":"josepholim"},"content":"public class Task {","lastModifiedDate":"2023-08-24"},{"lineNumber":2,"author":{"gitId":"josepholim"},"content":"    protected String description;","lastModifiedDate":"2023-08-24"},{"lineNumber":3,"author":{"gitId":"josepholim"},"content":"    protected boolean isDone;","lastModifiedDate":"2023-08-24"},{"lineNumber":4,"author":{"gitId":"josepholim"},"content":"","lastModifiedDate":"2023-08-24"},{"lineNumber":5,"author":{"gitId":"josepholim"},"content":"    public Task(String description) {","lastModifiedDate":"2023-08-24"},{"lineNumber":6,"author":{"gitId":"josepholim"},"content":"        this.description \u003d description;","lastModifiedDate":"2023-08-24"},{"lineNumber":7,"author":{"gitId":"josepholim"},"content":"        this.isDone \u003d false;","lastModifiedDate":"2023-08-24"},{"lineNumber":8,"author":{"gitId":"josepholim"},"content":"    }","lastModifiedDate":"2023-08-24"},{"lineNumber":9,"author":{"gitId":"josepholim"},"content":"","lastModifiedDate":"2023-08-24"},{"lineNumber":10,"author":{"gitId":"josepholim"},"content":"    public String getStatusIcon() {","lastModifiedDate":"2023-08-24"},{"lineNumber":11,"author":{"gitId":"josepholim"},"content":"        return (isDone ? \"X\" : \" \"); // mark done task with X","lastModifiedDate":"2023-08-24"},{"lineNumber":12,"author":{"gitId":"josepholim"},"content":"    }","lastModifiedDate":"2023-08-24"},{"lineNumber":13,"author":{"gitId":"josepholim"},"content":"","lastModifiedDate":"2023-08-24"},{"lineNumber":14,"author":{"gitId":"josepholim"},"content":"    public void markAsDone() {","lastModifiedDate":"2023-08-24"},{"lineNumber":15,"author":{"gitId":"josepholim"},"content":"        this.isDone \u003d true;","lastModifiedDate":"2023-08-24"},{"lineNumber":16,"author":{"gitId":"josepholim"},"content":"    }","lastModifiedDate":"2023-08-24"},{"lineNumber":17,"author":{"gitId":"josepholim"},"content":"","lastModifiedDate":"2023-08-24"},{"lineNumber":18,"author":{"gitId":"josepholim"},"content":"    public void unmarkAsDone() {","lastModifiedDate":"2023-08-24"},{"lineNumber":19,"author":{"gitId":"josepholim"},"content":"        this.isDone \u003d false;","lastModifiedDate":"2023-08-24"},{"lineNumber":20,"author":{"gitId":"josepholim"},"content":"    }","lastModifiedDate":"2023-08-24"},{"lineNumber":21,"author":{"gitId":"josepholim"},"content":"","lastModifiedDate":"2023-08-24"},{"lineNumber":22,"author":{"gitId":"josepholim"},"content":"    @Override","lastModifiedDate":"2023-08-24"},{"lineNumber":23,"author":{"gitId":"josepholim"},"content":"    public String toString() {","lastModifiedDate":"2023-08-24"},{"lineNumber":24,"author":{"gitId":"josepholim"},"content":"        return String.format(\"[%s] %s\", this.getStatusIcon(), this.description);","lastModifiedDate":"2023-08-24"},{"lineNumber":25,"author":{"gitId":"josepholim"},"content":"    }","lastModifiedDate":"2023-08-24"},{"lineNumber":26,"author":{"gitId":"josepholim"},"content":"}","lastModifiedDate":"2023-08-24"}],"authorContributionMap":{"josepholim":26}},{"path":"src/main/java/ToDo.java","fileType":"java","lines":[{"lineNumber":1,"author":{"gitId":"josepholim"},"content":"public class ToDo extends Task {","lastModifiedDate":"2023-08-24"},{"lineNumber":2,"author":{"gitId":"josepholim"},"content":"","lastModifiedDate":"2023-08-24"},{"lineNumber":3,"author":{"gitId":"josepholim"},"content":"    public ToDo(String description) {","lastModifiedDate":"2023-08-24"},{"lineNumber":4,"author":{"gitId":"josepholim"},"content":"        super(description);","lastModifiedDate":"2023-08-24"},{"lineNumber":5,"author":{"gitId":"josepholim"},"content":"    }","lastModifiedDate":"2023-08-24"},{"lineNumber":6,"author":{"gitId":"josepholim"},"content":"","lastModifiedDate":"2023-08-24"},{"lineNumber":7,"author":{"gitId":"josepholim"},"content":"    @Override","lastModifiedDate":"2023-08-24"},{"lineNumber":8,"author":{"gitId":"josepholim"},"content":"    public String toString() {","lastModifiedDate":"2023-08-24"},{"lineNumber":9,"author":{"gitId":"josepholim"},"content":"        return \"[T]\" + super.toString();","lastModifiedDate":"2023-08-24"},{"lineNumber":10,"author":{"gitId":"josepholim"},"content":"    }","lastModifiedDate":"2023-08-24"},{"lineNumber":11,"author":{"gitId":"josepholim"},"content":"}","lastModifiedDate":"2023-08-24"}],"authorContributionMap":{"josepholim":11}},{"path":"text-ui-test/input.txt","fileType":"txt","lines":[{"lineNumber":1,"author":{"gitId":"josepholim"},"content":"todo borrow book","lastModifiedDate":"2023-08-24"},{"lineNumber":2,"author":{"gitId":"josepholim"},"content":"list","lastModifiedDate":"2023-08-24"},{"lineNumber":3,"author":{"gitId":"josepholim"},"content":"deadline return book /by Sunday","lastModifiedDate":"2023-08-24"},{"lineNumber":4,"author":{"gitId":"josepholim"},"content":"list","lastModifiedDate":"2023-08-24"},{"lineNumber":5,"author":{"gitId":"josepholim"},"content":"event project meeting /from Mon 2pm /to 4pm","lastModifiedDate":"2023-08-24"},{"lineNumber":6,"author":{"gitId":"josepholim"},"content":"list","lastModifiedDate":"2023-08-24"},{"lineNumber":7,"author":{"gitId":"josepholim"},"content":"mark 2","lastModifiedDate":"2023-08-24"},{"lineNumber":8,"author":{"gitId":"josepholim"},"content":"list","lastModifiedDate":"2023-08-24"},{"lineNumber":9,"author":{"gitId":"josepholim"},"content":"unmark 2","lastModifiedDate":"2023-08-24"},{"lineNumber":10,"author":{"gitId":"josepholim"},"content":"list","lastModifiedDate":"2023-08-24"},{"lineNumber":11,"author":{"gitId":"josepholim"},"content":"bye","lastModifiedDate":"2023-08-24"}],"authorContributionMap":{"josepholim":11}}]
