{"authorDailyContributionsMap":{"larrywang0701":[{"date":"2023-08-22","commitResults":[{"hash":"e3adfc0917f9f55fee084f30571e4376dbb589d7","isMergeCommit":false,"messageTitle":"Level-0","messageBody":"","tags":["Level-0"],"fileTypesAndContributionMap":{"java":{"insertions":55,"deletions":10},"bat":{"insertions":1,"deletions":1},"md":{"insertions":2,"deletions":2}}},{"hash":"d3113996e3e06c434e537772bda7788aeff0547a","isMergeCommit":false,"messageTitle":"Level-2","messageBody":"","tags":["Level-1"],"fileTypesAndContributionMap":{"java":{"insertions":38,"deletions":6},"md":{"insertions":1,"deletions":1}}},{"hash":"f1fa0ec0d389576cad31c30e7b010fed564ef652","isMergeCommit":false,"messageTitle":"Level-2","messageBody":"","tags":["Level-2"],"fileTypesAndContributionMap":{"java":{"insertions":43,"deletions":11}}}]},{"date":"2023-08-24","commitResults":[{"hash":"d4ede8c99daebf2866bd10f14fb0acff16dd4055","isMergeCommit":false,"messageTitle":"Level-3","messageBody":"","tags":["Level-3"],"fileTypesAndContributionMap":{"java":{"insertions":72,"deletions":14}}},{"hash":"6efa55af552d1e3f9ab5b0f2b7e80fda92f761b2","isMergeCommit":false,"messageTitle":"Level-4","messageBody":"","tags":["Level-4"],"fileTypesAndContributionMap":{"java":{"insertions":288,"deletions":83},"bat":{"insertions":1,"deletions":1},"md":{"insertions":1,"deletions":1}}},{"hash":"35913612f207f9aa9563c98a69f4c71fa6cd10c0","isMergeCommit":false,"messageTitle":"A-TextUiTesting","messageBody":"","tags":["A-TextUiTesting"],"fileTypesAndContributionMap":{"txt":{"insertions":6,"deletions":0},"java":{"insertions":2,"deletions":1},"bat":{"insertions":1,"deletions":1}}},{"hash":"1c845528085d482d81f52db469ff88764ece639f","isMergeCommit":false,"messageTitle":"Level-5","messageBody":"","tags":["Level-5"],"fileTypesAndContributionMap":{"java":{"insertions":34,"deletions":23}}},{"hash":"c321ff5fc30304abd210db4401e040ae4a65bb25","isMergeCommit":false,"messageTitle":"Level-6","messageBody":"","tags":["Level-6"],"fileTypesAndContributionMap":{"java":{"insertions":46,"deletions":18}}}]},{"date":"2023-08-29","commitResults":[{"hash":"f06ff656e2f0d0831445bc8c2dbbc39a57691b38","isMergeCommit":false,"messageTitle":"Level-7","messageBody":"","fileTypesAndContributionMap":{"java":{"insertions":74,"deletions":7}}},{"hash":"6a90848fa3b5861a87677af89ad8a277ed899466","isMergeCommit":true,"messageTitle":"Merge pull request #1 from larrywang0701/branch-Level-7","messageBody":"Level-7 Merge","tags":["Level-7"],"fileTypesAndContributionMap":{}},{"hash":"20c0d9a69423df2db0cf6556b6e5f2b351abe4b3","isMergeCommit":false,"messageTitle":"Level-8","messageBody":"","fileTypesAndContributionMap":{"java":{"insertions":55,"deletions":11}}},{"hash":"4d06c3ae3c9445d8eb93a23c06d1f6fdd387813d","isMergeCommit":true,"messageTitle":"Merge pull request #2 from larrywang0701/branch-Level-8","messageBody":"Level-8 Merge","tags":["Level-8"],"fileTypesAndContributionMap":{}},{"hash":"557ed9920261db05939127d8cd8f939c13c8036c","isMergeCommit":false,"messageTitle":"A-MoreOOP","messageBody":"","fileTypesAndContributionMap":{"java":{"insertions":119,"deletions":75}}},{"hash":"82bc8095120311cf79f3ba856a1bdf9d4dfeab2e","isMergeCommit":true,"messageTitle":"Merge pull request #3 from larrywang0701/branch-A-MoreOOP","messageBody":"A-MoreOOP Merge","tags":["A-Packages","A-MoreOOP"],"fileTypesAndContributionMap":{}},{"hash":"90647db51f19c7e31e651a4a57adfc840e46182a","isMergeCommit":true,"messageTitle":"Merge pull request #4 from larrywang0701/add-gradle-support","messageBody":"Merge gradle support branch","tags":["A-Gradle"],"fileTypesAndContributionMap":{}},{"hash":"17eb4887361694dc7e3d4e64c86d11df672e6c78","isMergeCommit":false,"messageTitle":"A-JUnit","messageBody":"","tags":["A-JUnit"],"fileTypesAndContributionMap":{"java":{"insertions":35,"deletions":0}}},{"hash":"001eeebfb1449c51e2d9540c16a7d325d905ebf2","isMergeCommit":false,"messageTitle":"A-Jar","messageBody":"","tags":["A-Jar"],"fileTypesAndContributionMap":{"gradle":{"insertions":2,"deletions":2}}}]},{"date":"2023-08-31","commitResults":[{"hash":"e519923b78e447c065e102bbf85fcb7799d74398","isMergeCommit":false,"messageTitle":"A-JavaDoc","messageBody":"","tags":["A-JavaDoc"],"fileTypesAndContributionMap":{"java":{"insertions":197,"deletions":3}}}]},{"date":"2023-09-01","commitResults":[{"hash":"82d9caed144a73c1ac9ef1bbab7677778fd8207f","isMergeCommit":false,"messageTitle":"Finish task A-CodingStandard","messageBody":"","fileTypesAndContributionMap":{"java":{"insertions":244,"deletions":34}}},{"hash":"c5d891df86a3eee91ca23b06190386df2ae19561","isMergeCommit":false,"messageTitle":"Add find command (for Level-9)","messageBody":"","fileTypesAndContributionMap":{"java":{"insertions":33,"deletions":2}}},{"hash":"60f4d95bb716b8616a2b7c9a14b179f57fc1501c","isMergeCommit":true,"messageTitle":"Merge branch \u0027master\u0027 into branch-A-CodingStandard","messageBody":"","fileTypesAndContributionMap":{}},{"hash":"95e7daa93695cccb6f3b64018aef673986e6fb38","isMergeCommit":true,"messageTitle":"Merge pull request #5 from larrywang0701/branch-A-CodingStandard","messageBody":"Merge branch-A-CodingStandard","tags":["A-CodingStandard"],"fileTypesAndContributionMap":{}},{"hash":"2a78cadcdb39d5fc5022a63797632648c3ec4d1d","isMergeCommit":true,"messageTitle":"Merge pull request #6 from larrywang0701/branch-Level-9","messageBody":"Add find command (for Level-9)","tags":["Level-9"],"fileTypesAndContributionMap":{}}]},{"date":"2023-09-07","commitResults":[{"hash":"cd5379a4957b8c92d5054f583a361e8655d0dddb","isMergeCommit":false,"messageTitle":"Replace text UI with simple GUI","messageBody":"","tags":["Level-10"],"fileTypesAndContributionMap":{"gradle":{"insertions":15,"deletions":0},"java":{"insertions":146,"deletions":77}}}]},{"date":"2023-09-12","commitResults":[{"hash":"dd115477d05e7613eb6d5de93842d1e6162aa6d7","isMergeCommit":true,"messageTitle":"Merge pull request #7 from larrywang0701/branch-Level-10","messageBody":"GUI (branch-Level-10) Merge","fileTypesAndContributionMap":{}}]},{"date":"2023-09-13","commitResults":[{"hash":"e61defe8dd465a6891fabe06f8e6e8811a433939","isMergeCommit":true,"messageTitle":"Merge pull request #8 from larrywang0701/branch-A-Assertions","messageBody":"Add assertions for checking null before executing commands","fileTypesAndContributionMap":{}}]}]},"authorFileTypeContributionMap":{"larrywang0701":{"java":918,"md":1,"fxml":0,"sh":0,"bat":2,"gradle":17,"txt":6}},"authorContributionVariance":{"larrywang0701":21737.111},"authorDisplayNameMap":{"larrywang0701":"CS2103T-W16-1 WANG..IHAN"}}
