[{"path":"data/duke.txt","fileType":"txt","lines":[{"lineNumber":1,"author":{"gitId":"hjoneweek"},"content":"T | [ ] | read book","lastModifiedDate":"2023-08-31"},{"lineNumber":2,"author":{"gitId":"hjoneweek"},"content":"D | [ ] | return book  | 20230607 1400","lastModifiedDate":"2023-08-30"},{"lineNumber":3,"author":{"gitId":"hjoneweek"},"content":"T | [X] | join sports club","lastModifiedDate":"2023-08-30"},{"lineNumber":4,"author":{"gitId":"hjoneweek"},"content":"T | [X] | borrow book","lastModifiedDate":"2023-08-31"},{"lineNumber":5,"author":{"gitId":"hjoneweek"},"content":"E | [ ] | project meeting  | 20230808 1500-1600","lastModifiedDate":"2023-08-30"},{"lineNumber":6,"author":{"gitId":"hjoneweek"},"content":"E | [ ] | project meeting  | 20230709 1600-1800","lastModifiedDate":"2023-08-31"}],"authorContributionMap":{"hjoneweek":6}},{"path":"data/loadTest.txt","fileType":"txt","lines":[{"lineNumber":1,"author":{"gitId":"hjoneweek"},"content":"T | [X] | borrow book","lastModifiedDate":"2023-08-31"},{"lineNumber":2,"author":{"gitId":"hjoneweek"},"content":"T | [ ] | read book","lastModifiedDate":"2023-08-31"},{"lineNumber":3,"author":{"gitId":"hjoneweek"},"content":"D | [ ] | return book  | 20230607 1400","lastModifiedDate":"2023-08-31"},{"lineNumber":4,"author":{"gitId":"hjoneweek"},"content":"E | [ ] | project meeting  | 20230808 1500-1600","lastModifiedDate":"2023-08-31"}],"authorContributionMap":{"hjoneweek":4}},{"path":"src/main/java/Duke.java","fileType":"java","lines":[{"lineNumber":1,"author":{"gitId":"hjoneweek"},"content":"import java.io.FileNotFoundException;","lastModifiedDate":"2023-08-30"},{"lineNumber":2,"author":{"gitId":"hjoneweek"},"content":"import java.io.IOException;","lastModifiedDate":"2023-08-30"},{"lineNumber":3,"author":{"gitId":"hjoneweek"},"content":"import duke.Storage;","lastModifiedDate":"2023-08-31"},{"lineNumber":4,"author":{"gitId":"hjoneweek"},"content":"import duke.TaskList;","lastModifiedDate":"2023-08-31"},{"lineNumber":5,"author":{"gitId":"hjoneweek"},"content":"import duke.Ui;","lastModifiedDate":"2023-08-31"},{"lineNumber":6,"author":{"gitId":"hjoneweek"},"content":"import duke.DukeException;","lastModifiedDate":"2023-08-31"},{"lineNumber":7,"author":{"gitId":"hjoneweek"},"content":"import duke.Parser;","lastModifiedDate":"2023-08-31"},{"lineNumber":8,"author":{"gitId":"hjoneweek"},"content":"","lastModifiedDate":"2023-08-31"},{"lineNumber":9,"author":{"gitId":"-"},"content":"public class Duke {","lastModifiedDate":"2019-07-29"},{"lineNumber":10,"author":{"gitId":"hjoneweek"},"content":"","lastModifiedDate":"2023-08-22"},{"lineNumber":11,"author":{"gitId":"hjoneweek"},"content":"    private Storage storage;","lastModifiedDate":"2023-08-30"},{"lineNumber":12,"author":{"gitId":"hjoneweek"},"content":"    private TaskList tasks;","lastModifiedDate":"2023-08-30"},{"lineNumber":13,"author":{"gitId":"hjoneweek"},"content":"    private Ui ui;","lastModifiedDate":"2023-08-30"},{"lineNumber":14,"author":{"gitId":"hjoneweek"},"content":"","lastModifiedDate":"2023-08-22"},{"lineNumber":15,"author":{"gitId":"hjoneweek"},"content":"    public Duke(String filePath) throws FileNotFoundException {","lastModifiedDate":"2023-08-30"},{"lineNumber":16,"author":{"gitId":"hjoneweek"},"content":"        ui \u003d new Ui();","lastModifiedDate":"2023-08-30"},{"lineNumber":17,"author":{"gitId":"hjoneweek"},"content":"        storage \u003d new Storage(filePath);","lastModifiedDate":"2023-08-30"},{"lineNumber":18,"author":{"gitId":"hjoneweek"},"content":"        tasks \u003d new TaskList(storage.load());","lastModifiedDate":"2023-08-30"},{"lineNumber":19,"author":{"gitId":"-"},"content":"    }","lastModifiedDate":"2023-08-30"},{"lineNumber":20,"author":{"gitId":"hjoneweek"},"content":"","lastModifiedDate":"2023-08-30"},{"lineNumber":21,"author":{"gitId":"hjoneweek"},"content":"    public void run() throws DukeException, IOException {","lastModifiedDate":"2023-08-30"},{"lineNumber":22,"author":{"gitId":"hjoneweek"},"content":"        ui.welcome();","lastModifiedDate":"2023-08-30"},{"lineNumber":23,"author":{"gitId":"hjoneweek"},"content":"        while (true) {","lastModifiedDate":"2023-08-22"},{"lineNumber":24,"author":{"gitId":"hjoneweek"},"content":"            String command \u003d ui.readCommand();","lastModifiedDate":"2023-08-30"},{"lineNumber":25,"author":{"gitId":"hjoneweek"},"content":"            if (command.equals(\"bye\")) {","lastModifiedDate":"2023-08-30"},{"lineNumber":26,"author":{"gitId":"hjoneweek"},"content":"                ui.bye();","lastModifiedDate":"2023-08-30"},{"lineNumber":27,"author":{"gitId":"hjoneweek"},"content":"                break;","lastModifiedDate":"2023-08-30"},{"lineNumber":28,"author":{"gitId":"hjoneweek"},"content":"            }","lastModifiedDate":"2023-08-30"},{"lineNumber":29,"author":{"gitId":"hjoneweek"},"content":"            Parser.parseAndExecute(command, ui, tasks, storage);","lastModifiedDate":"2023-08-30"},{"lineNumber":30,"author":{"gitId":"hjoneweek"},"content":"        }","lastModifiedDate":"2023-08-23"},{"lineNumber":31,"author":{"gitId":"hjoneweek"},"content":"","lastModifiedDate":"2023-08-23"},{"lineNumber":32,"author":{"gitId":"hjoneweek"},"content":"    }","lastModifiedDate":"2023-08-23"},{"lineNumber":33,"author":{"gitId":"hjoneweek"},"content":"","lastModifiedDate":"2023-08-23"},{"lineNumber":34,"author":{"gitId":"hjoneweek"},"content":"    public static void main(String[] args) throws DukeException {","lastModifiedDate":"2023-08-30"},{"lineNumber":35,"author":{"gitId":"hjoneweek"},"content":"        try {","lastModifiedDate":"2023-08-30"},{"lineNumber":36,"author":{"gitId":"hjoneweek"},"content":"            new Duke(\"data/duke.txt\").run();","lastModifiedDate":"2023-08-30"},{"lineNumber":37,"author":{"gitId":"hjoneweek"},"content":"        } catch (IOException e) {","lastModifiedDate":"2023-08-30"},{"lineNumber":38,"author":{"gitId":"hjoneweek"},"content":"            System.out.println(e.getMessage());","lastModifiedDate":"2023-08-30"},{"lineNumber":39,"author":{"gitId":"hjoneweek"},"content":"        }","lastModifiedDate":"2023-08-30"},{"lineNumber":40,"author":{"gitId":"-"},"content":"    }","lastModifiedDate":"2019-07-29"},{"lineNumber":41,"author":{"gitId":"-"},"content":"}","lastModifiedDate":"2019-07-29"}],"authorContributionMap":{"hjoneweek":37,"-":4}},{"path":"src/main/java/duke/Deadline.java","fileType":"java","lines":[{"lineNumber":1,"author":{"gitId":"hjoneweek"},"content":"package duke;","lastModifiedDate":"2023-08-31"},{"lineNumber":2,"author":{"gitId":"hjoneweek"},"content":"","lastModifiedDate":"2023-08-31"},{"lineNumber":3,"author":{"gitId":"hjoneweek"},"content":"import java.time.LocalDateTime;","lastModifiedDate":"2023-08-30"},{"lineNumber":4,"author":{"gitId":"hjoneweek"},"content":"import java.time.format.DateTimeFormatter;","lastModifiedDate":"2023-08-30"},{"lineNumber":5,"author":{"gitId":"hjoneweek"},"content":"","lastModifiedDate":"2023-08-30"},{"lineNumber":6,"author":{"gitId":"hjoneweek"},"content":"public class Deadline extends Task {","lastModifiedDate":"2023-08-23"},{"lineNumber":7,"author":{"gitId":"hjoneweek"},"content":"","lastModifiedDate":"2023-08-23"},{"lineNumber":8,"author":{"gitId":"hjoneweek"},"content":"    protected LocalDateTime by;","lastModifiedDate":"2023-08-30"},{"lineNumber":9,"author":{"gitId":"hjoneweek"},"content":"    private String identifier;","lastModifiedDate":"2023-08-23"},{"lineNumber":10,"author":{"gitId":"hjoneweek"},"content":"","lastModifiedDate":"2023-08-23"},{"lineNumber":11,"author":{"gitId":"hjoneweek"},"content":"    public Deadline(String taskDescription, LocalDateTime by, boolean isDone) {","lastModifiedDate":"2023-08-30"},{"lineNumber":12,"author":{"gitId":"hjoneweek"},"content":"        super(taskDescription, isDone);","lastModifiedDate":"2023-08-30"},{"lineNumber":13,"author":{"gitId":"hjoneweek"},"content":"        this.by \u003d by;","lastModifiedDate":"2023-08-23"},{"lineNumber":14,"author":{"gitId":"hjoneweek"},"content":"        this.identifier \u003d \"[D]\";","lastModifiedDate":"2023-08-23"},{"lineNumber":15,"author":{"gitId":"hjoneweek"},"content":"    }","lastModifiedDate":"2023-08-23"},{"lineNumber":16,"author":{"gitId":"hjoneweek"},"content":"","lastModifiedDate":"2023-08-23"},{"lineNumber":17,"author":{"gitId":"hjoneweek"},"content":"    public String toString() {","lastModifiedDate":"2023-08-23"},{"lineNumber":18,"author":{"gitId":"hjoneweek"},"content":"        return this.identifier + super.toString() + \"(by: \" +","lastModifiedDate":"2023-08-30"},{"lineNumber":19,"author":{"gitId":"hjoneweek"},"content":"                by.format(DateTimeFormatter.ofPattern(\"LLL dd yyyy Ka\")) + \")\";","lastModifiedDate":"2023-08-30"},{"lineNumber":20,"author":{"gitId":"hjoneweek"},"content":"    }","lastModifiedDate":"2023-08-23"},{"lineNumber":21,"author":{"gitId":"hjoneweek"},"content":"}","lastModifiedDate":"2023-08-23"}],"authorContributionMap":{"hjoneweek":21}},{"path":"src/main/java/duke/DukeException.java","fileType":"java","lines":[{"lineNumber":1,"author":{"gitId":"hjoneweek"},"content":"package duke;","lastModifiedDate":"2023-08-31"},{"lineNumber":2,"author":{"gitId":"hjoneweek"},"content":"","lastModifiedDate":"2023-08-31"},{"lineNumber":3,"author":{"gitId":"hjoneweek"},"content":"import java.lang.Exception;","lastModifiedDate":"2023-08-23"},{"lineNumber":4,"author":{"gitId":"hjoneweek"},"content":"public class DukeException extends Exception{","lastModifiedDate":"2023-08-23"},{"lineNumber":5,"author":{"gitId":"hjoneweek"},"content":"    public DukeException(String msg) {","lastModifiedDate":"2023-08-23"},{"lineNumber":6,"author":{"gitId":"hjoneweek"},"content":"        super();","lastModifiedDate":"2023-08-23"},{"lineNumber":7,"author":{"gitId":"hjoneweek"},"content":"        String horizontalLine \u003d \"\\t_______________________________________________________________________\";","lastModifiedDate":"2023-08-23"},{"lineNumber":8,"author":{"gitId":"hjoneweek"},"content":"        System.out.println(horizontalLine);","lastModifiedDate":"2023-08-23"},{"lineNumber":9,"author":{"gitId":"hjoneweek"},"content":"        System.out.println(msg);","lastModifiedDate":"2023-08-23"},{"lineNumber":10,"author":{"gitId":"hjoneweek"},"content":"        System.out.println(\"\\t  Format the command correctly\");","lastModifiedDate":"2023-08-23"},{"lineNumber":11,"author":{"gitId":"hjoneweek"},"content":"        System.out.println(horizontalLine);","lastModifiedDate":"2023-08-23"},{"lineNumber":12,"author":{"gitId":"hjoneweek"},"content":"    }","lastModifiedDate":"2023-08-23"},{"lineNumber":13,"author":{"gitId":"hjoneweek"},"content":"}","lastModifiedDate":"2023-08-23"}],"authorContributionMap":{"hjoneweek":13}},{"path":"src/main/java/duke/Event.java","fileType":"java","lines":[{"lineNumber":1,"author":{"gitId":"hjoneweek"},"content":"package duke;","lastModifiedDate":"2023-08-31"},{"lineNumber":2,"author":{"gitId":"hjoneweek"},"content":"","lastModifiedDate":"2023-08-31"},{"lineNumber":3,"author":{"gitId":"hjoneweek"},"content":"import java.time.LocalDateTime;","lastModifiedDate":"2023-08-30"},{"lineNumber":4,"author":{"gitId":"hjoneweek"},"content":"import java.time.LocalTime;","lastModifiedDate":"2023-08-30"},{"lineNumber":5,"author":{"gitId":"hjoneweek"},"content":"import java.time.format.DateTimeFormatter;","lastModifiedDate":"2023-08-30"},{"lineNumber":6,"author":{"gitId":"hjoneweek"},"content":"","lastModifiedDate":"2023-08-30"},{"lineNumber":7,"author":{"gitId":"hjoneweek"},"content":"public class Event extends Task {","lastModifiedDate":"2023-08-23"},{"lineNumber":8,"author":{"gitId":"hjoneweek"},"content":"","lastModifiedDate":"2023-08-23"},{"lineNumber":9,"author":{"gitId":"hjoneweek"},"content":"    protected String taskDescription;","lastModifiedDate":"2023-08-23"},{"lineNumber":10,"author":{"gitId":"hjoneweek"},"content":"    protected LocalDateTime from;","lastModifiedDate":"2023-08-30"},{"lineNumber":11,"author":{"gitId":"hjoneweek"},"content":"    protected LocalTime to;","lastModifiedDate":"2023-08-30"},{"lineNumber":12,"author":{"gitId":"hjoneweek"},"content":"    private String identifier;","lastModifiedDate":"2023-08-23"},{"lineNumber":13,"author":{"gitId":"hjoneweek"},"content":"","lastModifiedDate":"2023-08-23"},{"lineNumber":14,"author":{"gitId":"hjoneweek"},"content":"","lastModifiedDate":"2023-08-23"},{"lineNumber":15,"author":{"gitId":"hjoneweek"},"content":"    public Event(String taskDescription, LocalDateTime from, LocalTime to, boolean isDone) {","lastModifiedDate":"2023-08-30"},{"lineNumber":16,"author":{"gitId":"hjoneweek"},"content":"        super(taskDescription, isDone);","lastModifiedDate":"2023-08-30"},{"lineNumber":17,"author":{"gitId":"hjoneweek"},"content":"        this.from \u003d from;","lastModifiedDate":"2023-08-23"},{"lineNumber":18,"author":{"gitId":"hjoneweek"},"content":"        this.to \u003d to;","lastModifiedDate":"2023-08-23"},{"lineNumber":19,"author":{"gitId":"hjoneweek"},"content":"        this.identifier \u003d \"[E]\";","lastModifiedDate":"2023-08-23"},{"lineNumber":20,"author":{"gitId":"hjoneweek"},"content":"    }","lastModifiedDate":"2023-08-23"},{"lineNumber":21,"author":{"gitId":"hjoneweek"},"content":"","lastModifiedDate":"2023-08-23"},{"lineNumber":22,"author":{"gitId":"hjoneweek"},"content":"    public String toString() {","lastModifiedDate":"2023-08-23"},{"lineNumber":23,"author":{"gitId":"hjoneweek"},"content":"        return this.identifier + super.toString() +","lastModifiedDate":"2023-08-30"},{"lineNumber":24,"author":{"gitId":"hjoneweek"},"content":"                \"(from: \" + from.format(DateTimeFormatter.ofPattern(\"LLL dd yyyy Ka\")) +","lastModifiedDate":"2023-08-30"},{"lineNumber":25,"author":{"gitId":"hjoneweek"},"content":"                \" to: \" + to.format(DateTimeFormatter.ofPattern(\"Ka\")) + \")\";","lastModifiedDate":"2023-08-30"},{"lineNumber":26,"author":{"gitId":"hjoneweek"},"content":"    }","lastModifiedDate":"2023-08-23"},{"lineNumber":27,"author":{"gitId":"hjoneweek"},"content":"}","lastModifiedDate":"2023-08-23"}],"authorContributionMap":{"hjoneweek":27}},{"path":"src/main/java/duke/Parser.java","fileType":"java","lines":[{"lineNumber":1,"author":{"gitId":"hjoneweek"},"content":"package duke;","lastModifiedDate":"2023-08-31"},{"lineNumber":2,"author":{"gitId":"hjoneweek"},"content":"","lastModifiedDate":"2023-08-31"},{"lineNumber":3,"author":{"gitId":"hjoneweek"},"content":"import java.io.IOException;","lastModifiedDate":"2023-08-30"},{"lineNumber":4,"author":{"gitId":"hjoneweek"},"content":"import java.time.LocalDateTime;","lastModifiedDate":"2023-08-30"},{"lineNumber":5,"author":{"gitId":"hjoneweek"},"content":"import java.time.LocalTime;","lastModifiedDate":"2023-08-30"},{"lineNumber":6,"author":{"gitId":"hjoneweek"},"content":"import java.time.format.DateTimeFormatter;","lastModifiedDate":"2023-08-30"},{"lineNumber":7,"author":{"gitId":"hjoneweek"},"content":"","lastModifiedDate":"2023-08-30"},{"lineNumber":8,"author":{"gitId":"hjoneweek"},"content":"public class Parser {","lastModifiedDate":"2023-08-30"},{"lineNumber":9,"author":{"gitId":"hjoneweek"},"content":"","lastModifiedDate":"2023-08-30"},{"lineNumber":10,"author":{"gitId":"hjoneweek"},"content":"    public static void parseAndExecute(String command, Ui ui, TaskList tasks, Storage storage)","lastModifiedDate":"2023-08-30"},{"lineNumber":11,"author":{"gitId":"hjoneweek"},"content":"            throws DukeException, IOException {","lastModifiedDate":"2023-08-30"},{"lineNumber":12,"author":{"gitId":"hjoneweek"},"content":"        if (command.equals(\"list\")) {","lastModifiedDate":"2023-08-30"},{"lineNumber":13,"author":{"gitId":"hjoneweek"},"content":"            ui.printList(tasks);","lastModifiedDate":"2023-08-30"},{"lineNumber":14,"author":{"gitId":"hjoneweek"},"content":"        } else {","lastModifiedDate":"2023-08-30"},{"lineNumber":15,"author":{"gitId":"hjoneweek"},"content":"            if (command.indexOf(\" \") \u003d\u003d -1) {","lastModifiedDate":"2023-08-30"},{"lineNumber":16,"author":{"gitId":"hjoneweek"},"content":"                throw new DukeException(\"Incorrect Format of Command\");","lastModifiedDate":"2023-08-30"},{"lineNumber":17,"author":{"gitId":"hjoneweek"},"content":"            }","lastModifiedDate":"2023-08-30"},{"lineNumber":18,"author":{"gitId":"hjoneweek"},"content":"            String identifier \u003d command.substring(0, command.indexOf(\" \"));","lastModifiedDate":"2023-08-30"},{"lineNumber":19,"author":{"gitId":"hjoneweek"},"content":"            String task \u003d command.substring(command.indexOf(\" \") + 1);","lastModifiedDate":"2023-08-30"},{"lineNumber":20,"author":{"gitId":"hjoneweek"},"content":"            String[] arr \u003d task.split(\"[/]\");","lastModifiedDate":"2023-08-30"},{"lineNumber":21,"author":{"gitId":"hjoneweek"},"content":"            DateTimeFormatter formatter \u003d DateTimeFormatter.ofPattern(\"yyyyMMdd HHmm\");","lastModifiedDate":"2023-08-30"},{"lineNumber":22,"author":{"gitId":"hjoneweek"},"content":"            DateTimeFormatter formatter2 \u003d DateTimeFormatter.ofPattern(\"HHmm\");","lastModifiedDate":"2023-08-30"},{"lineNumber":23,"author":{"gitId":"hjoneweek"},"content":"","lastModifiedDate":"2023-08-30"},{"lineNumber":24,"author":{"gitId":"hjoneweek"},"content":"            switch (identifier) {","lastModifiedDate":"2023-08-30"},{"lineNumber":25,"author":{"gitId":"hjoneweek"},"content":"                case \"todo\":","lastModifiedDate":"2023-08-30"},{"lineNumber":26,"author":{"gitId":"hjoneweek"},"content":"                    Task todo \u003d new ToDo(task, false);","lastModifiedDate":"2023-08-30"},{"lineNumber":27,"author":{"gitId":"hjoneweek"},"content":"                    tasks.addTask(todo);","lastModifiedDate":"2023-08-30"},{"lineNumber":28,"author":{"gitId":"hjoneweek"},"content":"                    storage.appendToFile(\"T | \" + todo.getStatusIcon() + \" | \" +","lastModifiedDate":"2023-08-30"},{"lineNumber":29,"author":{"gitId":"hjoneweek"},"content":"                            todo.taskDescription + System.lineSeparator());","lastModifiedDate":"2023-08-30"},{"lineNumber":30,"author":{"gitId":"hjoneweek"},"content":"                    ui.printAddedTask(tasks.getSize(), todo);","lastModifiedDate":"2023-08-30"},{"lineNumber":31,"author":{"gitId":"hjoneweek"},"content":"                    break;","lastModifiedDate":"2023-08-30"},{"lineNumber":32,"author":{"gitId":"hjoneweek"},"content":"                case \"deadline\":","lastModifiedDate":"2023-08-30"},{"lineNumber":33,"author":{"gitId":"hjoneweek"},"content":"                    String dl \u003d arr[0];","lastModifiedDate":"2023-08-30"},{"lineNumber":34,"author":{"gitId":"hjoneweek"},"content":"                    String by \u003d arr[1].substring(3);","lastModifiedDate":"2023-08-30"},{"lineNumber":35,"author":{"gitId":"hjoneweek"},"content":"                    LocalDateTime deadLineDateTime \u003d LocalDateTime.parse(by, formatter);","lastModifiedDate":"2023-08-30"},{"lineNumber":36,"author":{"gitId":"hjoneweek"},"content":"","lastModifiedDate":"2023-08-30"},{"lineNumber":37,"author":{"gitId":"hjoneweek"},"content":"                    Task deadline \u003d new Deadline(dl, deadLineDateTime, false);","lastModifiedDate":"2023-08-30"},{"lineNumber":38,"author":{"gitId":"hjoneweek"},"content":"                    tasks.addTask(deadline);","lastModifiedDate":"2023-08-30"},{"lineNumber":39,"author":{"gitId":"hjoneweek"},"content":"                    storage.appendToFile(\"D | \" + deadline.getStatusIcon() + \" | \" +","lastModifiedDate":"2023-08-30"},{"lineNumber":40,"author":{"gitId":"hjoneweek"},"content":"                            deadline.taskDescription + \" | \" + by + System.lineSeparator());","lastModifiedDate":"2023-08-30"},{"lineNumber":41,"author":{"gitId":"hjoneweek"},"content":"                    ui.printAddedTask(tasks.getSize(), deadline);","lastModifiedDate":"2023-08-30"},{"lineNumber":42,"author":{"gitId":"hjoneweek"},"content":"                    break;","lastModifiedDate":"2023-08-30"},{"lineNumber":43,"author":{"gitId":"hjoneweek"},"content":"                case \"event\":","lastModifiedDate":"2023-08-30"},{"lineNumber":44,"author":{"gitId":"hjoneweek"},"content":"                    String ev \u003d arr[0];","lastModifiedDate":"2023-08-30"},{"lineNumber":45,"author":{"gitId":"hjoneweek"},"content":"                    String from \u003d arr[1].substring(5, 5 + \"yyyyMMdd HHmm\".length());","lastModifiedDate":"2023-08-30"},{"lineNumber":46,"author":{"gitId":"hjoneweek"},"content":"                    LocalDateTime eventStartDateTime \u003d LocalDateTime.parse(from, formatter);","lastModifiedDate":"2023-08-30"},{"lineNumber":47,"author":{"gitId":"hjoneweek"},"content":"                    String to \u003d arr[2].substring(3);","lastModifiedDate":"2023-08-30"},{"lineNumber":48,"author":{"gitId":"hjoneweek"},"content":"                    LocalTime eventEndDateTime \u003d LocalTime.parse(to, formatter2);","lastModifiedDate":"2023-08-30"},{"lineNumber":49,"author":{"gitId":"hjoneweek"},"content":"","lastModifiedDate":"2023-08-30"},{"lineNumber":50,"author":{"gitId":"hjoneweek"},"content":"                    Task event \u003d new Event(ev, eventStartDateTime, eventEndDateTime, false);","lastModifiedDate":"2023-08-30"},{"lineNumber":51,"author":{"gitId":"hjoneweek"},"content":"                    tasks.addTask(event);","lastModifiedDate":"2023-08-30"},{"lineNumber":52,"author":{"gitId":"hjoneweek"},"content":"                    storage.appendToFile(\"E | \" + event.getStatusIcon() + \" | \" +","lastModifiedDate":"2023-08-30"},{"lineNumber":53,"author":{"gitId":"hjoneweek"},"content":"                            event.taskDescription + \" | \" + from + \"-\" + to + System.lineSeparator());","lastModifiedDate":"2023-08-30"},{"lineNumber":54,"author":{"gitId":"hjoneweek"},"content":"                    ui.printAddedTask(tasks.getSize(), event);","lastModifiedDate":"2023-08-30"},{"lineNumber":55,"author":{"gitId":"hjoneweek"},"content":"                    break;","lastModifiedDate":"2023-08-30"},{"lineNumber":56,"author":{"gitId":"hjoneweek"},"content":"                case \"mark\":","lastModifiedDate":"2023-08-30"},{"lineNumber":57,"author":{"gitId":"hjoneweek"},"content":"                    int indexToMark \u003d java.lang.Integer.parseInt(task) - 1;","lastModifiedDate":"2023-08-30"},{"lineNumber":58,"author":{"gitId":"hjoneweek"},"content":"                    tasks.changeStatusOfTask(indexToMark);","lastModifiedDate":"2023-08-30"},{"lineNumber":59,"author":{"gitId":"hjoneweek"},"content":"                    storage.updateFileAfterMark(indexToMark + 1);","lastModifiedDate":"2023-08-30"},{"lineNumber":60,"author":{"gitId":"hjoneweek"},"content":"                    ui.printAfterMark(indexToMark, tasks);","lastModifiedDate":"2023-08-30"},{"lineNumber":61,"author":{"gitId":"hjoneweek"},"content":"                    break;","lastModifiedDate":"2023-08-30"},{"lineNumber":62,"author":{"gitId":"hjoneweek"},"content":"                case \"unmark\":","lastModifiedDate":"2023-08-30"},{"lineNumber":63,"author":{"gitId":"hjoneweek"},"content":"                    int indexToUnmark \u003d java.lang.Integer.parseInt(task) - 1;","lastModifiedDate":"2023-08-30"},{"lineNumber":64,"author":{"gitId":"hjoneweek"},"content":"                    tasks.changeStatusOfTask(indexToUnmark);","lastModifiedDate":"2023-08-30"},{"lineNumber":65,"author":{"gitId":"hjoneweek"},"content":"                    storage.updateFileAfterUnmark(indexToUnmark + 1);","lastModifiedDate":"2023-08-30"},{"lineNumber":66,"author":{"gitId":"hjoneweek"},"content":"                    ui.printAfterUnmark(indexToUnmark, tasks);","lastModifiedDate":"2023-08-30"},{"lineNumber":67,"author":{"gitId":"hjoneweek"},"content":"                    break;","lastModifiedDate":"2023-08-30"},{"lineNumber":68,"author":{"gitId":"hjoneweek"},"content":"                case \"delete\":","lastModifiedDate":"2023-08-30"},{"lineNumber":69,"author":{"gitId":"hjoneweek"},"content":"                    int indexToDelete \u003d java.lang.Integer.parseInt(task) - 1;","lastModifiedDate":"2023-08-30"},{"lineNumber":70,"author":{"gitId":"hjoneweek"},"content":"                    Task removedTask \u003d tasks.deleteTask(indexToDelete);","lastModifiedDate":"2023-08-30"},{"lineNumber":71,"author":{"gitId":"hjoneweek"},"content":"                    storage.updateFileAfterDelete(indexToDelete + 1);","lastModifiedDate":"2023-08-30"},{"lineNumber":72,"author":{"gitId":"hjoneweek"},"content":"                    ui.printAfterDelete(indexToDelete, tasks.getSize(), removedTask);","lastModifiedDate":"2023-08-30"},{"lineNumber":73,"author":{"gitId":"hjoneweek"},"content":"                    break;","lastModifiedDate":"2023-08-30"},{"lineNumber":74,"author":{"gitId":"hjoneweek"},"content":"            }","lastModifiedDate":"2023-08-30"},{"lineNumber":75,"author":{"gitId":"hjoneweek"},"content":"        }","lastModifiedDate":"2023-08-30"},{"lineNumber":76,"author":{"gitId":"hjoneweek"},"content":"    }","lastModifiedDate":"2023-08-30"},{"lineNumber":77,"author":{"gitId":"hjoneweek"},"content":"}","lastModifiedDate":"2023-08-30"}],"authorContributionMap":{"hjoneweek":77}},{"path":"src/main/java/duke/Storage.java","fileType":"java","lines":[{"lineNumber":1,"author":{"gitId":"hjoneweek"},"content":"package duke;","lastModifiedDate":"2023-08-31"},{"lineNumber":2,"author":{"gitId":"hjoneweek"},"content":"","lastModifiedDate":"2023-08-31"},{"lineNumber":3,"author":{"gitId":"hjoneweek"},"content":"import java.io.File;","lastModifiedDate":"2023-08-30"},{"lineNumber":4,"author":{"gitId":"hjoneweek"},"content":"import java.io.FileWriter;","lastModifiedDate":"2023-08-30"},{"lineNumber":5,"author":{"gitId":"hjoneweek"},"content":"import java.io.IOException;","lastModifiedDate":"2023-08-30"},{"lineNumber":6,"author":{"gitId":"hjoneweek"},"content":"import java.time.LocalDateTime;","lastModifiedDate":"2023-08-30"},{"lineNumber":7,"author":{"gitId":"hjoneweek"},"content":"import java.time.LocalTime;","lastModifiedDate":"2023-08-30"},{"lineNumber":8,"author":{"gitId":"hjoneweek"},"content":"import java.time.format.DateTimeFormatter;","lastModifiedDate":"2023-08-30"},{"lineNumber":9,"author":{"gitId":"hjoneweek"},"content":"import java.util.ArrayList;","lastModifiedDate":"2023-08-30"},{"lineNumber":10,"author":{"gitId":"hjoneweek"},"content":"import java.util.Scanner;","lastModifiedDate":"2023-08-30"},{"lineNumber":11,"author":{"gitId":"hjoneweek"},"content":"import java.io.FileNotFoundException;","lastModifiedDate":"2023-08-30"},{"lineNumber":12,"author":{"gitId":"hjoneweek"},"content":"","lastModifiedDate":"2023-08-30"},{"lineNumber":13,"author":{"gitId":"hjoneweek"},"content":"public class Storage {","lastModifiedDate":"2023-08-30"},{"lineNumber":14,"author":{"gitId":"hjoneweek"},"content":"","lastModifiedDate":"2023-08-30"},{"lineNumber":15,"author":{"gitId":"hjoneweek"},"content":"    private String filePath;","lastModifiedDate":"2023-08-30"},{"lineNumber":16,"author":{"gitId":"hjoneweek"},"content":"","lastModifiedDate":"2023-08-30"},{"lineNumber":17,"author":{"gitId":"hjoneweek"},"content":"    public Storage(String filePath) {","lastModifiedDate":"2023-08-30"},{"lineNumber":18,"author":{"gitId":"hjoneweek"},"content":"        this.filePath \u003d filePath;","lastModifiedDate":"2023-08-30"},{"lineNumber":19,"author":{"gitId":"hjoneweek"},"content":"","lastModifiedDate":"2023-08-30"},{"lineNumber":20,"author":{"gitId":"hjoneweek"},"content":"        String directoryPath \u003d this.filePath.substring(0, this.filePath.indexOf(\"/\"));","lastModifiedDate":"2023-08-30"},{"lineNumber":21,"author":{"gitId":"hjoneweek"},"content":"        String fileName \u003d this.filePath.substring(this.filePath.indexOf(\"/\"));","lastModifiedDate":"2023-08-30"},{"lineNumber":22,"author":{"gitId":"hjoneweek"},"content":"","lastModifiedDate":"2023-08-30"},{"lineNumber":23,"author":{"gitId":"hjoneweek"},"content":"        try {","lastModifiedDate":"2023-08-30"},{"lineNumber":24,"author":{"gitId":"hjoneweek"},"content":"            File dir \u003d new File(directoryPath);","lastModifiedDate":"2023-08-30"},{"lineNumber":25,"author":{"gitId":"hjoneweek"},"content":"            if (!dir.exists()) {","lastModifiedDate":"2023-08-30"},{"lineNumber":26,"author":{"gitId":"hjoneweek"},"content":"                dir.mkdir();","lastModifiedDate":"2023-08-30"},{"lineNumber":27,"author":{"gitId":"hjoneweek"},"content":"            }","lastModifiedDate":"2023-08-30"},{"lineNumber":28,"author":{"gitId":"hjoneweek"},"content":"","lastModifiedDate":"2023-08-30"},{"lineNumber":29,"author":{"gitId":"hjoneweek"},"content":"            File f \u003d new File(directoryPath, fileName);","lastModifiedDate":"2023-08-30"},{"lineNumber":30,"author":{"gitId":"hjoneweek"},"content":"            if (!f.exists()) {","lastModifiedDate":"2023-08-30"},{"lineNumber":31,"author":{"gitId":"hjoneweek"},"content":"                f.createNewFile();","lastModifiedDate":"2023-08-30"},{"lineNumber":32,"author":{"gitId":"hjoneweek"},"content":"            }","lastModifiedDate":"2023-08-30"},{"lineNumber":33,"author":{"gitId":"hjoneweek"},"content":"        } catch (IOException e) {","lastModifiedDate":"2023-08-30"},{"lineNumber":34,"author":{"gitId":"hjoneweek"},"content":"            System.out.println(e.getMessage());","lastModifiedDate":"2023-08-30"},{"lineNumber":35,"author":{"gitId":"hjoneweek"},"content":"        }","lastModifiedDate":"2023-08-30"},{"lineNumber":36,"author":{"gitId":"hjoneweek"},"content":"    }","lastModifiedDate":"2023-08-30"},{"lineNumber":37,"author":{"gitId":"hjoneweek"},"content":"","lastModifiedDate":"2023-08-30"},{"lineNumber":38,"author":{"gitId":"hjoneweek"},"content":"    public ArrayList\u003cTask\u003e load() throws FileNotFoundException{","lastModifiedDate":"2023-08-30"},{"lineNumber":39,"author":{"gitId":"hjoneweek"},"content":"        ArrayList\u003cTask\u003e lst \u003d new ArrayList\u003c\u003e();","lastModifiedDate":"2023-08-30"},{"lineNumber":40,"author":{"gitId":"hjoneweek"},"content":"","lastModifiedDate":"2023-08-30"},{"lineNumber":41,"author":{"gitId":"hjoneweek"},"content":"        File f \u003d new File(this.filePath);","lastModifiedDate":"2023-08-30"},{"lineNumber":42,"author":{"gitId":"hjoneweek"},"content":"        Scanner scanner \u003d new Scanner(f);","lastModifiedDate":"2023-08-30"},{"lineNumber":43,"author":{"gitId":"hjoneweek"},"content":"        try {","lastModifiedDate":"2023-08-30"},{"lineNumber":44,"author":{"gitId":"hjoneweek"},"content":"            while (scanner.hasNext()) {","lastModifiedDate":"2023-08-30"},{"lineNumber":45,"author":{"gitId":"hjoneweek"},"content":"                lst.add(textToTask(scanner.nextLine()));","lastModifiedDate":"2023-08-30"},{"lineNumber":46,"author":{"gitId":"hjoneweek"},"content":"            }","lastModifiedDate":"2023-08-30"},{"lineNumber":47,"author":{"gitId":"hjoneweek"},"content":"        } catch (DukeException e) {","lastModifiedDate":"2023-08-30"},{"lineNumber":48,"author":{"gitId":"hjoneweek"},"content":"            System.out.println(e.getMessage());","lastModifiedDate":"2023-08-30"},{"lineNumber":49,"author":{"gitId":"hjoneweek"},"content":"        }","lastModifiedDate":"2023-08-30"},{"lineNumber":50,"author":{"gitId":"hjoneweek"},"content":"","lastModifiedDate":"2023-08-30"},{"lineNumber":51,"author":{"gitId":"hjoneweek"},"content":"        return lst;","lastModifiedDate":"2023-08-30"},{"lineNumber":52,"author":{"gitId":"hjoneweek"},"content":"    }","lastModifiedDate":"2023-08-30"},{"lineNumber":53,"author":{"gitId":"hjoneweek"},"content":"","lastModifiedDate":"2023-08-30"},{"lineNumber":54,"author":{"gitId":"hjoneweek"},"content":"    public static Task textToTask(String text) throws DukeException { // Storage (load())","lastModifiedDate":"2023-08-30"},{"lineNumber":55,"author":{"gitId":"hjoneweek"},"content":"        String[] arr \u003d text.split(\" [|] \");","lastModifiedDate":"2023-08-30"},{"lineNumber":56,"author":{"gitId":"hjoneweek"},"content":"        String identifier \u003d arr[0];","lastModifiedDate":"2023-08-30"},{"lineNumber":57,"author":{"gitId":"hjoneweek"},"content":"        String status \u003d arr[1];","lastModifiedDate":"2023-08-30"},{"lineNumber":58,"author":{"gitId":"hjoneweek"},"content":"        boolean isDone;","lastModifiedDate":"2023-08-30"},{"lineNumber":59,"author":{"gitId":"hjoneweek"},"content":"        Task task \u003d null;","lastModifiedDate":"2023-08-30"},{"lineNumber":60,"author":{"gitId":"hjoneweek"},"content":"        if (status.equals(\"[ ]\")) {","lastModifiedDate":"2023-08-30"},{"lineNumber":61,"author":{"gitId":"hjoneweek"},"content":"            isDone \u003d false;","lastModifiedDate":"2023-08-30"},{"lineNumber":62,"author":{"gitId":"hjoneweek"},"content":"        } else {","lastModifiedDate":"2023-08-30"},{"lineNumber":63,"author":{"gitId":"hjoneweek"},"content":"            isDone \u003d true;","lastModifiedDate":"2023-08-30"},{"lineNumber":64,"author":{"gitId":"hjoneweek"},"content":"        }","lastModifiedDate":"2023-08-30"},{"lineNumber":65,"author":{"gitId":"hjoneweek"},"content":"","lastModifiedDate":"2023-08-30"},{"lineNumber":66,"author":{"gitId":"hjoneweek"},"content":"        switch (identifier) {","lastModifiedDate":"2023-08-30"},{"lineNumber":67,"author":{"gitId":"hjoneweek"},"content":"            case \"T\":","lastModifiedDate":"2023-08-30"},{"lineNumber":68,"author":{"gitId":"hjoneweek"},"content":"                String todo \u003d arr[2];","lastModifiedDate":"2023-08-30"},{"lineNumber":69,"author":{"gitId":"hjoneweek"},"content":"                task \u003d new ToDo(todo, isDone);","lastModifiedDate":"2023-08-30"},{"lineNumber":70,"author":{"gitId":"hjoneweek"},"content":"                break;","lastModifiedDate":"2023-08-30"},{"lineNumber":71,"author":{"gitId":"hjoneweek"},"content":"            case \"D\":","lastModifiedDate":"2023-08-30"},{"lineNumber":72,"author":{"gitId":"hjoneweek"},"content":"                String deadline \u003d arr[2];","lastModifiedDate":"2023-08-30"},{"lineNumber":73,"author":{"gitId":"hjoneweek"},"content":"                String by \u003d arr[3];","lastModifiedDate":"2023-08-30"},{"lineNumber":74,"author":{"gitId":"hjoneweek"},"content":"                DateTimeFormatter formatter \u003d DateTimeFormatter.ofPattern(\"yyyyMMdd HHmm\");","lastModifiedDate":"2023-08-30"},{"lineNumber":75,"author":{"gitId":"hjoneweek"},"content":"                LocalDateTime dateTime \u003d LocalDateTime.parse(by, formatter);","lastModifiedDate":"2023-08-30"},{"lineNumber":76,"author":{"gitId":"hjoneweek"},"content":"                task \u003d new Deadline(deadline, dateTime, isDone);","lastModifiedDate":"2023-08-30"},{"lineNumber":77,"author":{"gitId":"hjoneweek"},"content":"                break;","lastModifiedDate":"2023-08-30"},{"lineNumber":78,"author":{"gitId":"hjoneweek"},"content":"            case \"E\":","lastModifiedDate":"2023-08-30"},{"lineNumber":79,"author":{"gitId":"hjoneweek"},"content":"                String event \u003d arr[2];","lastModifiedDate":"2023-08-30"},{"lineNumber":80,"author":{"gitId":"hjoneweek"},"content":"                String from \u003d arr[3].substring(0, arr[3].indexOf(\"-\"));","lastModifiedDate":"2023-08-30"},{"lineNumber":81,"author":{"gitId":"hjoneweek"},"content":"                DateTimeFormatter formatter1 \u003d DateTimeFormatter.ofPattern(\"yyyyMMdd HHmm\");","lastModifiedDate":"2023-08-30"},{"lineNumber":82,"author":{"gitId":"hjoneweek"},"content":"                LocalDateTime dateTimeFrom \u003d LocalDateTime.parse(from, formatter1);","lastModifiedDate":"2023-08-30"},{"lineNumber":83,"author":{"gitId":"hjoneweek"},"content":"","lastModifiedDate":"2023-08-30"},{"lineNumber":84,"author":{"gitId":"hjoneweek"},"content":"                String to \u003d arr[3].substring(arr[3].indexOf(\"-\") + 1);","lastModifiedDate":"2023-08-30"},{"lineNumber":85,"author":{"gitId":"hjoneweek"},"content":"                DateTimeFormatter formatter2 \u003d DateTimeFormatter.ofPattern(\"HHmm\");","lastModifiedDate":"2023-08-30"},{"lineNumber":86,"author":{"gitId":"hjoneweek"},"content":"                LocalTime dateTimeTo \u003d LocalTime.parse(to, formatter2);","lastModifiedDate":"2023-08-30"},{"lineNumber":87,"author":{"gitId":"hjoneweek"},"content":"","lastModifiedDate":"2023-08-30"},{"lineNumber":88,"author":{"gitId":"hjoneweek"},"content":"                task \u003d new Event(event, dateTimeFrom, dateTimeTo, isDone);","lastModifiedDate":"2023-08-30"},{"lineNumber":89,"author":{"gitId":"hjoneweek"},"content":"                break;","lastModifiedDate":"2023-08-30"},{"lineNumber":90,"author":{"gitId":"hjoneweek"},"content":"        }","lastModifiedDate":"2023-08-30"},{"lineNumber":91,"author":{"gitId":"hjoneweek"},"content":"        if (task \u003d\u003d null) {","lastModifiedDate":"2023-08-30"},{"lineNumber":92,"author":{"gitId":"hjoneweek"},"content":"            throw new DukeException(\"Incorrect format of the file :(\");","lastModifiedDate":"2023-08-30"},{"lineNumber":93,"author":{"gitId":"hjoneweek"},"content":"        } else {","lastModifiedDate":"2023-08-30"},{"lineNumber":94,"author":{"gitId":"hjoneweek"},"content":"            return task;","lastModifiedDate":"2023-08-30"},{"lineNumber":95,"author":{"gitId":"hjoneweek"},"content":"        }","lastModifiedDate":"2023-08-30"},{"lineNumber":96,"author":{"gitId":"hjoneweek"},"content":"    }","lastModifiedDate":"2023-08-30"},{"lineNumber":97,"author":{"gitId":"hjoneweek"},"content":"","lastModifiedDate":"2023-08-30"},{"lineNumber":98,"author":{"gitId":"hjoneweek"},"content":"    public void clearFile() throws IOException { //Storage","lastModifiedDate":"2023-08-30"},{"lineNumber":99,"author":{"gitId":"hjoneweek"},"content":"        File f \u003d new File(this.filePath);","lastModifiedDate":"2023-08-30"},{"lineNumber":100,"author":{"gitId":"hjoneweek"},"content":"        f.delete();","lastModifiedDate":"2023-08-30"},{"lineNumber":101,"author":{"gitId":"hjoneweek"},"content":"        f.createNewFile();","lastModifiedDate":"2023-08-30"},{"lineNumber":102,"author":{"gitId":"hjoneweek"},"content":"    }","lastModifiedDate":"2023-08-30"},{"lineNumber":103,"author":{"gitId":"hjoneweek"},"content":"","lastModifiedDate":"2023-08-30"},{"lineNumber":104,"author":{"gitId":"hjoneweek"},"content":"","lastModifiedDate":"2023-08-30"},{"lineNumber":105,"author":{"gitId":"hjoneweek"},"content":"    public void appendToFile(String textToAppend) throws IOException { // Storage","lastModifiedDate":"2023-08-30"},{"lineNumber":106,"author":{"gitId":"hjoneweek"},"content":"        FileWriter fw \u003d new FileWriter(this.filePath, true);","lastModifiedDate":"2023-08-30"},{"lineNumber":107,"author":{"gitId":"hjoneweek"},"content":"        fw.write(textToAppend);","lastModifiedDate":"2023-08-30"},{"lineNumber":108,"author":{"gitId":"hjoneweek"},"content":"        fw.close();","lastModifiedDate":"2023-08-30"},{"lineNumber":109,"author":{"gitId":"hjoneweek"},"content":"    }","lastModifiedDate":"2023-08-30"},{"lineNumber":110,"author":{"gitId":"hjoneweek"},"content":"","lastModifiedDate":"2023-08-30"},{"lineNumber":111,"author":{"gitId":"hjoneweek"},"content":"    public void updateFileAfterMark(int lineNumber) throws IOException { // Storage","lastModifiedDate":"2023-08-30"},{"lineNumber":112,"author":{"gitId":"hjoneweek"},"content":"        String updatedContent \u003d \"\";","lastModifiedDate":"2023-08-30"},{"lineNumber":113,"author":{"gitId":"hjoneweek"},"content":"        File f \u003d new File(this.filePath);","lastModifiedDate":"2023-08-30"},{"lineNumber":114,"author":{"gitId":"hjoneweek"},"content":"        Scanner scanner \u003d new Scanner(f);","lastModifiedDate":"2023-08-30"},{"lineNumber":115,"author":{"gitId":"hjoneweek"},"content":"        int i \u003d 1;","lastModifiedDate":"2023-08-30"},{"lineNumber":116,"author":{"gitId":"hjoneweek"},"content":"        while (scanner.hasNext()) {","lastModifiedDate":"2023-08-30"},{"lineNumber":117,"author":{"gitId":"hjoneweek"},"content":"            if (i \u003d\u003d lineNumber) {","lastModifiedDate":"2023-08-30"},{"lineNumber":118,"author":{"gitId":"hjoneweek"},"content":"                String updatedLine \u003d scanner.nextLine();","lastModifiedDate":"2023-08-30"},{"lineNumber":119,"author":{"gitId":"hjoneweek"},"content":"                updatedContent +\u003d updatedLine.substring(0, updatedLine.indexOf(\"|\") + 2) +","lastModifiedDate":"2023-08-30"},{"lineNumber":120,"author":{"gitId":"hjoneweek"},"content":"                        \"[X]\" + updatedLine.substring(7) + System.lineSeparator();","lastModifiedDate":"2023-08-30"},{"lineNumber":121,"author":{"gitId":"hjoneweek"},"content":"                i++;","lastModifiedDate":"2023-08-30"},{"lineNumber":122,"author":{"gitId":"hjoneweek"},"content":"                continue;","lastModifiedDate":"2023-08-30"},{"lineNumber":123,"author":{"gitId":"hjoneweek"},"content":"            }","lastModifiedDate":"2023-08-30"},{"lineNumber":124,"author":{"gitId":"hjoneweek"},"content":"            updatedContent +\u003d scanner.nextLine() + System.lineSeparator();","lastModifiedDate":"2023-08-30"},{"lineNumber":125,"author":{"gitId":"hjoneweek"},"content":"            i++;","lastModifiedDate":"2023-08-30"},{"lineNumber":126,"author":{"gitId":"hjoneweek"},"content":"        }","lastModifiedDate":"2023-08-30"},{"lineNumber":127,"author":{"gitId":"hjoneweek"},"content":"        clearFile();","lastModifiedDate":"2023-08-30"},{"lineNumber":128,"author":{"gitId":"hjoneweek"},"content":"        appendToFile(updatedContent);","lastModifiedDate":"2023-08-30"},{"lineNumber":129,"author":{"gitId":"hjoneweek"},"content":"    }","lastModifiedDate":"2023-08-30"},{"lineNumber":130,"author":{"gitId":"hjoneweek"},"content":"","lastModifiedDate":"2023-08-30"},{"lineNumber":131,"author":{"gitId":"hjoneweek"},"content":"    public void updateFileAfterUnmark(int lineNumber) throws IOException { // Storage","lastModifiedDate":"2023-08-30"},{"lineNumber":132,"author":{"gitId":"hjoneweek"},"content":"        String updatedContent \u003d \"\";","lastModifiedDate":"2023-08-30"},{"lineNumber":133,"author":{"gitId":"hjoneweek"},"content":"        File f \u003d new File(this.filePath);","lastModifiedDate":"2023-08-30"},{"lineNumber":134,"author":{"gitId":"hjoneweek"},"content":"        Scanner scanner \u003d new Scanner(f);","lastModifiedDate":"2023-08-30"},{"lineNumber":135,"author":{"gitId":"hjoneweek"},"content":"        int i \u003d 1;","lastModifiedDate":"2023-08-30"},{"lineNumber":136,"author":{"gitId":"hjoneweek"},"content":"        while (scanner.hasNext()) {","lastModifiedDate":"2023-08-30"},{"lineNumber":137,"author":{"gitId":"hjoneweek"},"content":"            if (i \u003d\u003d lineNumber) {","lastModifiedDate":"2023-08-30"},{"lineNumber":138,"author":{"gitId":"hjoneweek"},"content":"                String updatedLine \u003d scanner.nextLine();","lastModifiedDate":"2023-08-30"},{"lineNumber":139,"author":{"gitId":"hjoneweek"},"content":"                updatedContent +\u003d updatedLine.substring(0, updatedLine.indexOf(\"|\") + 2) +","lastModifiedDate":"2023-08-30"},{"lineNumber":140,"author":{"gitId":"hjoneweek"},"content":"                        \"[ ]\" + updatedLine.substring(7) + System.lineSeparator();","lastModifiedDate":"2023-08-30"},{"lineNumber":141,"author":{"gitId":"hjoneweek"},"content":"                i++;","lastModifiedDate":"2023-08-30"},{"lineNumber":142,"author":{"gitId":"hjoneweek"},"content":"                continue;","lastModifiedDate":"2023-08-30"},{"lineNumber":143,"author":{"gitId":"hjoneweek"},"content":"            }","lastModifiedDate":"2023-08-30"},{"lineNumber":144,"author":{"gitId":"hjoneweek"},"content":"            updatedContent +\u003d scanner.nextLine() + System.lineSeparator();","lastModifiedDate":"2023-08-30"},{"lineNumber":145,"author":{"gitId":"hjoneweek"},"content":"            i++;","lastModifiedDate":"2023-08-30"},{"lineNumber":146,"author":{"gitId":"hjoneweek"},"content":"        }","lastModifiedDate":"2023-08-30"},{"lineNumber":147,"author":{"gitId":"hjoneweek"},"content":"        clearFile();","lastModifiedDate":"2023-08-30"},{"lineNumber":148,"author":{"gitId":"hjoneweek"},"content":"        appendToFile(updatedContent);","lastModifiedDate":"2023-08-30"},{"lineNumber":149,"author":{"gitId":"hjoneweek"},"content":"    }","lastModifiedDate":"2023-08-30"},{"lineNumber":150,"author":{"gitId":"hjoneweek"},"content":"","lastModifiedDate":"2023-08-30"},{"lineNumber":151,"author":{"gitId":"hjoneweek"},"content":"","lastModifiedDate":"2023-08-30"},{"lineNumber":152,"author":{"gitId":"hjoneweek"},"content":"    public void updateFileAfterDelete(int lineNumber) throws IOException { // Storage","lastModifiedDate":"2023-08-30"},{"lineNumber":153,"author":{"gitId":"hjoneweek"},"content":"        String updatedContent \u003d \"\";","lastModifiedDate":"2023-08-30"},{"lineNumber":154,"author":{"gitId":"hjoneweek"},"content":"        File f \u003d new File(this.filePath);","lastModifiedDate":"2023-08-30"},{"lineNumber":155,"author":{"gitId":"hjoneweek"},"content":"        Scanner scanner \u003d new Scanner(f);","lastModifiedDate":"2023-08-30"},{"lineNumber":156,"author":{"gitId":"hjoneweek"},"content":"        int i \u003d 1;","lastModifiedDate":"2023-08-30"},{"lineNumber":157,"author":{"gitId":"hjoneweek"},"content":"        while (scanner.hasNext()) {","lastModifiedDate":"2023-08-30"},{"lineNumber":158,"author":{"gitId":"hjoneweek"},"content":"            if (i \u003d\u003d lineNumber) {","lastModifiedDate":"2023-08-30"},{"lineNumber":159,"author":{"gitId":"hjoneweek"},"content":"                scanner.nextLine();","lastModifiedDate":"2023-08-30"},{"lineNumber":160,"author":{"gitId":"hjoneweek"},"content":"                i++;","lastModifiedDate":"2023-08-30"},{"lineNumber":161,"author":{"gitId":"hjoneweek"},"content":"                continue;","lastModifiedDate":"2023-08-30"},{"lineNumber":162,"author":{"gitId":"hjoneweek"},"content":"            }","lastModifiedDate":"2023-08-30"},{"lineNumber":163,"author":{"gitId":"hjoneweek"},"content":"            updatedContent +\u003d scanner.nextLine() + System.lineSeparator();","lastModifiedDate":"2023-08-30"},{"lineNumber":164,"author":{"gitId":"hjoneweek"},"content":"            i++;","lastModifiedDate":"2023-08-30"},{"lineNumber":165,"author":{"gitId":"hjoneweek"},"content":"        }","lastModifiedDate":"2023-08-30"},{"lineNumber":166,"author":{"gitId":"hjoneweek"},"content":"        clearFile();","lastModifiedDate":"2023-08-30"},{"lineNumber":167,"author":{"gitId":"hjoneweek"},"content":"        appendToFile(updatedContent);","lastModifiedDate":"2023-08-30"},{"lineNumber":168,"author":{"gitId":"hjoneweek"},"content":"    }","lastModifiedDate":"2023-08-30"},{"lineNumber":169,"author":{"gitId":"hjoneweek"},"content":"}","lastModifiedDate":"2023-08-30"}],"authorContributionMap":{"hjoneweek":169}},{"path":"src/main/java/duke/Task.java","fileType":"java","lines":[{"lineNumber":1,"author":{"gitId":"hjoneweek"},"content":"package duke;","lastModifiedDate":"2023-08-31"},{"lineNumber":2,"author":{"gitId":"hjoneweek"},"content":"","lastModifiedDate":"2023-08-31"},{"lineNumber":3,"author":{"gitId":"hjoneweek"},"content":"public class Task {","lastModifiedDate":"2023-08-22"},{"lineNumber":4,"author":{"gitId":"hjoneweek"},"content":"    protected String taskDescription;","lastModifiedDate":"2023-08-22"},{"lineNumber":5,"author":{"gitId":"hjoneweek"},"content":"    protected boolean isDone;","lastModifiedDate":"2023-08-22"},{"lineNumber":6,"author":{"gitId":"hjoneweek"},"content":"","lastModifiedDate":"2023-08-22"},{"lineNumber":7,"author":{"gitId":"hjoneweek"},"content":"    public Task(String taskDescription, boolean isDone) {","lastModifiedDate":"2023-08-30"},{"lineNumber":8,"author":{"gitId":"hjoneweek"},"content":"        this.taskDescription \u003d taskDescription;","lastModifiedDate":"2023-08-22"},{"lineNumber":9,"author":{"gitId":"hjoneweek"},"content":"        this.isDone \u003d isDone;","lastModifiedDate":"2023-08-30"},{"lineNumber":10,"author":{"gitId":"hjoneweek"},"content":"    }","lastModifiedDate":"2023-08-22"},{"lineNumber":11,"author":{"gitId":"hjoneweek"},"content":"","lastModifiedDate":"2023-08-22"},{"lineNumber":12,"author":{"gitId":"hjoneweek"},"content":"    /**","lastModifiedDate":"2023-08-23"},{"lineNumber":13,"author":{"gitId":"hjoneweek"},"content":"     * @return a String depending on whether the task is marked as done or not","lastModifiedDate":"2023-08-23"},{"lineNumber":14,"author":{"gitId":"hjoneweek"},"content":"     */","lastModifiedDate":"2023-08-23"},{"lineNumber":15,"author":{"gitId":"hjoneweek"},"content":"    public String getStatusIcon() {","lastModifiedDate":"2023-08-22"},{"lineNumber":16,"author":{"gitId":"hjoneweek"},"content":"        return isDone ? \"[X]\" : \"[ ]\";","lastModifiedDate":"2023-08-22"},{"lineNumber":17,"author":{"gitId":"hjoneweek"},"content":"    }","lastModifiedDate":"2023-08-22"},{"lineNumber":18,"author":{"gitId":"hjoneweek"},"content":"","lastModifiedDate":"2023-08-22"},{"lineNumber":19,"author":{"gitId":"hjoneweek"},"content":"    /**","lastModifiedDate":"2023-08-23"},{"lineNumber":20,"author":{"gitId":"hjoneweek"},"content":"     * Changes the status of the task from \u0027not done\u0027 to \u0027done\u0027 or vice versa","lastModifiedDate":"2023-08-23"},{"lineNumber":21,"author":{"gitId":"hjoneweek"},"content":"     */","lastModifiedDate":"2023-08-23"},{"lineNumber":22,"author":{"gitId":"hjoneweek"},"content":"    public void changeStatus() {","lastModifiedDate":"2023-08-22"},{"lineNumber":23,"author":{"gitId":"hjoneweek"},"content":"        if (this.isDone) {","lastModifiedDate":"2023-08-22"},{"lineNumber":24,"author":{"gitId":"hjoneweek"},"content":"            this.isDone \u003d false;","lastModifiedDate":"2023-08-22"},{"lineNumber":25,"author":{"gitId":"hjoneweek"},"content":"        } else {","lastModifiedDate":"2023-08-22"},{"lineNumber":26,"author":{"gitId":"hjoneweek"},"content":"            this.isDone \u003d true;","lastModifiedDate":"2023-08-22"},{"lineNumber":27,"author":{"gitId":"hjoneweek"},"content":"        }","lastModifiedDate":"2023-08-22"},{"lineNumber":28,"author":{"gitId":"hjoneweek"},"content":"    }","lastModifiedDate":"2023-08-22"},{"lineNumber":29,"author":{"gitId":"hjoneweek"},"content":"","lastModifiedDate":"2023-08-23"},{"lineNumber":30,"author":{"gitId":"hjoneweek"},"content":"    public String toString() {","lastModifiedDate":"2023-08-23"},{"lineNumber":31,"author":{"gitId":"hjoneweek"},"content":"        return this.getStatusIcon() + \" \" + this.taskDescription;","lastModifiedDate":"2023-08-23"},{"lineNumber":32,"author":{"gitId":"hjoneweek"},"content":"    }","lastModifiedDate":"2023-08-23"},{"lineNumber":33,"author":{"gitId":"hjoneweek"},"content":"}","lastModifiedDate":"2023-08-22"}],"authorContributionMap":{"hjoneweek":33}},{"path":"src/main/java/duke/TaskList.java","fileType":"java","lines":[{"lineNumber":1,"author":{"gitId":"hjoneweek"},"content":"package duke;","lastModifiedDate":"2023-08-31"},{"lineNumber":2,"author":{"gitId":"hjoneweek"},"content":"","lastModifiedDate":"2023-08-31"},{"lineNumber":3,"author":{"gitId":"hjoneweek"},"content":"import java.util.ArrayList;","lastModifiedDate":"2023-08-30"},{"lineNumber":4,"author":{"gitId":"hjoneweek"},"content":"","lastModifiedDate":"2023-08-30"},{"lineNumber":5,"author":{"gitId":"hjoneweek"},"content":"public class TaskList {","lastModifiedDate":"2023-08-30"},{"lineNumber":6,"author":{"gitId":"hjoneweek"},"content":"    protected ArrayList\u003cTask\u003e tasks;","lastModifiedDate":"2023-08-30"},{"lineNumber":7,"author":{"gitId":"hjoneweek"},"content":"","lastModifiedDate":"2023-08-30"},{"lineNumber":8,"author":{"gitId":"hjoneweek"},"content":"    public TaskList(ArrayList\u003cTask\u003e tasks) {","lastModifiedDate":"2023-08-30"},{"lineNumber":9,"author":{"gitId":"hjoneweek"},"content":"        this.tasks \u003d tasks;","lastModifiedDate":"2023-08-30"},{"lineNumber":10,"author":{"gitId":"hjoneweek"},"content":"    }","lastModifiedDate":"2023-08-30"},{"lineNumber":11,"author":{"gitId":"hjoneweek"},"content":"","lastModifiedDate":"2023-08-30"},{"lineNumber":12,"author":{"gitId":"hjoneweek"},"content":"    public int getSize() {","lastModifiedDate":"2023-08-30"},{"lineNumber":13,"author":{"gitId":"hjoneweek"},"content":"        return tasks.size();","lastModifiedDate":"2023-08-30"},{"lineNumber":14,"author":{"gitId":"hjoneweek"},"content":"    }","lastModifiedDate":"2023-08-30"},{"lineNumber":15,"author":{"gitId":"hjoneweek"},"content":"","lastModifiedDate":"2023-08-30"},{"lineNumber":16,"author":{"gitId":"hjoneweek"},"content":"    public ArrayList\u003cTask\u003e getTasks() {","lastModifiedDate":"2023-08-30"},{"lineNumber":17,"author":{"gitId":"hjoneweek"},"content":"        return this.tasks;","lastModifiedDate":"2023-08-30"},{"lineNumber":18,"author":{"gitId":"hjoneweek"},"content":"    }","lastModifiedDate":"2023-08-30"},{"lineNumber":19,"author":{"gitId":"hjoneweek"},"content":"","lastModifiedDate":"2023-08-30"},{"lineNumber":20,"author":{"gitId":"hjoneweek"},"content":"    public void printTasks() {","lastModifiedDate":"2023-08-30"},{"lineNumber":21,"author":{"gitId":"hjoneweek"},"content":"        for (int i \u003d 0; i \u003c tasks.size(); i++) {","lastModifiedDate":"2023-08-30"},{"lineNumber":22,"author":{"gitId":"hjoneweek"},"content":"            System.out.println(\"\\t\" + (i + 1) + \".\" + tasks.get(i).toString());","lastModifiedDate":"2023-08-30"},{"lineNumber":23,"author":{"gitId":"hjoneweek"},"content":"        }","lastModifiedDate":"2023-08-30"},{"lineNumber":24,"author":{"gitId":"hjoneweek"},"content":"    }","lastModifiedDate":"2023-08-30"},{"lineNumber":25,"author":{"gitId":"hjoneweek"},"content":"","lastModifiedDate":"2023-08-30"},{"lineNumber":26,"author":{"gitId":"hjoneweek"},"content":"    public void addTask(Task task) {","lastModifiedDate":"2023-08-30"},{"lineNumber":27,"author":{"gitId":"hjoneweek"},"content":"        this.tasks.add(task);","lastModifiedDate":"2023-08-30"},{"lineNumber":28,"author":{"gitId":"hjoneweek"},"content":"    }","lastModifiedDate":"2023-08-30"},{"lineNumber":29,"author":{"gitId":"hjoneweek"},"content":"","lastModifiedDate":"2023-08-30"},{"lineNumber":30,"author":{"gitId":"hjoneweek"},"content":"    public void changeStatusOfTask(int index) {","lastModifiedDate":"2023-08-30"},{"lineNumber":31,"author":{"gitId":"hjoneweek"},"content":"        this.tasks.get(index).changeStatus();","lastModifiedDate":"2023-08-30"},{"lineNumber":32,"author":{"gitId":"hjoneweek"},"content":"    }","lastModifiedDate":"2023-08-30"},{"lineNumber":33,"author":{"gitId":"hjoneweek"},"content":"","lastModifiedDate":"2023-08-30"},{"lineNumber":34,"author":{"gitId":"hjoneweek"},"content":"    public Task deleteTask(int index) {","lastModifiedDate":"2023-08-30"},{"lineNumber":35,"author":{"gitId":"hjoneweek"},"content":"        return this.tasks.remove(index);","lastModifiedDate":"2023-08-30"},{"lineNumber":36,"author":{"gitId":"hjoneweek"},"content":"    }","lastModifiedDate":"2023-08-30"},{"lineNumber":37,"author":{"gitId":"hjoneweek"},"content":"","lastModifiedDate":"2023-08-30"},{"lineNumber":38,"author":{"gitId":"hjoneweek"},"content":"}","lastModifiedDate":"2023-08-30"}],"authorContributionMap":{"hjoneweek":38}},{"path":"src/main/java/duke/ToDo.java","fileType":"java","lines":[{"lineNumber":1,"author":{"gitId":"hjoneweek"},"content":"package duke;","lastModifiedDate":"2023-08-31"},{"lineNumber":2,"author":{"gitId":"hjoneweek"},"content":"","lastModifiedDate":"2023-08-31"},{"lineNumber":3,"author":{"gitId":"hjoneweek"},"content":"public class ToDo extends Task {","lastModifiedDate":"2023-08-23"},{"lineNumber":4,"author":{"gitId":"hjoneweek"},"content":"    protected String taskDescription;","lastModifiedDate":"2023-08-23"},{"lineNumber":5,"author":{"gitId":"hjoneweek"},"content":"    private String identifier;","lastModifiedDate":"2023-08-23"},{"lineNumber":6,"author":{"gitId":"hjoneweek"},"content":"","lastModifiedDate":"2023-08-23"},{"lineNumber":7,"author":{"gitId":"hjoneweek"},"content":"    public ToDo(String taskDescription, boolean isDone) {","lastModifiedDate":"2023-08-30"},{"lineNumber":8,"author":{"gitId":"hjoneweek"},"content":"        super(taskDescription, isDone);","lastModifiedDate":"2023-08-30"},{"lineNumber":9,"author":{"gitId":"hjoneweek"},"content":"        this.identifier \u003d \"[T]\";","lastModifiedDate":"2023-08-23"},{"lineNumber":10,"author":{"gitId":"hjoneweek"},"content":"    }","lastModifiedDate":"2023-08-23"},{"lineNumber":11,"author":{"gitId":"hjoneweek"},"content":"","lastModifiedDate":"2023-08-23"},{"lineNumber":12,"author":{"gitId":"hjoneweek"},"content":"    public String toString() {","lastModifiedDate":"2023-08-23"},{"lineNumber":13,"author":{"gitId":"hjoneweek"},"content":"        return this.identifier + super.toString();","lastModifiedDate":"2023-08-23"},{"lineNumber":14,"author":{"gitId":"hjoneweek"},"content":"    }","lastModifiedDate":"2023-08-23"},{"lineNumber":15,"author":{"gitId":"hjoneweek"},"content":"}","lastModifiedDate":"2023-08-23"}],"authorContributionMap":{"hjoneweek":15}},{"path":"src/main/java/duke/Ui.java","fileType":"java","lines":[{"lineNumber":1,"author":{"gitId":"hjoneweek"},"content":"package duke;","lastModifiedDate":"2023-08-31"},{"lineNumber":2,"author":{"gitId":"hjoneweek"},"content":"","lastModifiedDate":"2023-08-31"},{"lineNumber":3,"author":{"gitId":"hjoneweek"},"content":"import java.util.Scanner;","lastModifiedDate":"2023-08-30"},{"lineNumber":4,"author":{"gitId":"hjoneweek"},"content":"public class Ui {","lastModifiedDate":"2023-08-30"},{"lineNumber":5,"author":{"gitId":"hjoneweek"},"content":"","lastModifiedDate":"2023-08-30"},{"lineNumber":6,"author":{"gitId":"hjoneweek"},"content":"    public Ui() {","lastModifiedDate":"2023-08-30"},{"lineNumber":7,"author":{"gitId":"hjoneweek"},"content":"    }","lastModifiedDate":"2023-08-30"},{"lineNumber":8,"author":{"gitId":"hjoneweek"},"content":"","lastModifiedDate":"2023-08-30"},{"lineNumber":9,"author":{"gitId":"hjoneweek"},"content":"    public static void printLine() {","lastModifiedDate":"2023-08-30"},{"lineNumber":10,"author":{"gitId":"hjoneweek"},"content":"        System.out.println(\"\\t_______________________________________________________________________\");","lastModifiedDate":"2023-08-30"},{"lineNumber":11,"author":{"gitId":"hjoneweek"},"content":"    }","lastModifiedDate":"2023-08-30"},{"lineNumber":12,"author":{"gitId":"hjoneweek"},"content":"","lastModifiedDate":"2023-08-30"},{"lineNumber":13,"author":{"gitId":"hjoneweek"},"content":"    public void welcome() {","lastModifiedDate":"2023-08-30"},{"lineNumber":14,"author":{"gitId":"hjoneweek"},"content":"        printLine();","lastModifiedDate":"2023-08-30"},{"lineNumber":15,"author":{"gitId":"hjoneweek"},"content":"        System.out.println(\"\\tHello! I\u0027m Ari.\");","lastModifiedDate":"2023-08-30"},{"lineNumber":16,"author":{"gitId":"hjoneweek"},"content":"        System.out.println(\"\\tWhat can I do for you?\");","lastModifiedDate":"2023-08-30"},{"lineNumber":17,"author":{"gitId":"hjoneweek"},"content":"        printLine();","lastModifiedDate":"2023-08-30"},{"lineNumber":18,"author":{"gitId":"hjoneweek"},"content":"    }","lastModifiedDate":"2023-08-30"},{"lineNumber":19,"author":{"gitId":"hjoneweek"},"content":"","lastModifiedDate":"2023-08-30"},{"lineNumber":20,"author":{"gitId":"hjoneweek"},"content":"    public void bye() {","lastModifiedDate":"2023-08-30"},{"lineNumber":21,"author":{"gitId":"hjoneweek"},"content":"        printLine();","lastModifiedDate":"2023-08-30"},{"lineNumber":22,"author":{"gitId":"hjoneweek"},"content":"        System.out.println(\"\\tBye. Hope to see you again soon!\");","lastModifiedDate":"2023-08-30"},{"lineNumber":23,"author":{"gitId":"hjoneweek"},"content":"        printLine();","lastModifiedDate":"2023-08-30"},{"lineNumber":24,"author":{"gitId":"hjoneweek"},"content":"    }","lastModifiedDate":"2023-08-30"},{"lineNumber":25,"author":{"gitId":"hjoneweek"},"content":"","lastModifiedDate":"2023-08-30"},{"lineNumber":26,"author":{"gitId":"hjoneweek"},"content":"    public String readCommand() {","lastModifiedDate":"2023-08-30"},{"lineNumber":27,"author":{"gitId":"hjoneweek"},"content":"        Scanner input \u003d new Scanner(System.in);","lastModifiedDate":"2023-08-30"},{"lineNumber":28,"author":{"gitId":"hjoneweek"},"content":"        return input.nextLine();","lastModifiedDate":"2023-08-30"},{"lineNumber":29,"author":{"gitId":"hjoneweek"},"content":"    }","lastModifiedDate":"2023-08-30"},{"lineNumber":30,"author":{"gitId":"hjoneweek"},"content":"","lastModifiedDate":"2023-08-30"},{"lineNumber":31,"author":{"gitId":"hjoneweek"},"content":"    public void printList(TaskList tasks) {","lastModifiedDate":"2023-08-30"},{"lineNumber":32,"author":{"gitId":"hjoneweek"},"content":"        printLine();","lastModifiedDate":"2023-08-30"},{"lineNumber":33,"author":{"gitId":"hjoneweek"},"content":"        System.out.println(\"\\tHere are the task in your list:\");","lastModifiedDate":"2023-08-30"},{"lineNumber":34,"author":{"gitId":"hjoneweek"},"content":"        tasks.printTasks();","lastModifiedDate":"2023-08-30"},{"lineNumber":35,"author":{"gitId":"hjoneweek"},"content":"        printLine();","lastModifiedDate":"2023-08-30"},{"lineNumber":36,"author":{"gitId":"hjoneweek"},"content":"    }","lastModifiedDate":"2023-08-30"},{"lineNumber":37,"author":{"gitId":"hjoneweek"},"content":"","lastModifiedDate":"2023-08-30"},{"lineNumber":38,"author":{"gitId":"hjoneweek"},"content":"    public void printAddedTask(int size, Task task) {","lastModifiedDate":"2023-08-30"},{"lineNumber":39,"author":{"gitId":"hjoneweek"},"content":"        printLine();","lastModifiedDate":"2023-08-30"},{"lineNumber":40,"author":{"gitId":"hjoneweek"},"content":"        System.out.println(\"\\tGot it. I\u0027ve added this task:\");","lastModifiedDate":"2023-08-30"},{"lineNumber":41,"author":{"gitId":"hjoneweek"},"content":"        System.out.println(\"\\t  \" + task.toString());","lastModifiedDate":"2023-08-30"},{"lineNumber":42,"author":{"gitId":"hjoneweek"},"content":"        System.out.println(\"\\tNow you have \" + size + \" tasks in the list.\");","lastModifiedDate":"2023-08-30"},{"lineNumber":43,"author":{"gitId":"hjoneweek"},"content":"        printLine();","lastModifiedDate":"2023-08-30"},{"lineNumber":44,"author":{"gitId":"hjoneweek"},"content":"","lastModifiedDate":"2023-08-30"},{"lineNumber":45,"author":{"gitId":"hjoneweek"},"content":"    }","lastModifiedDate":"2023-08-30"},{"lineNumber":46,"author":{"gitId":"hjoneweek"},"content":"","lastModifiedDate":"2023-08-30"},{"lineNumber":47,"author":{"gitId":"hjoneweek"},"content":"    public void printAfterMark(int index, TaskList tasks) {","lastModifiedDate":"2023-08-30"},{"lineNumber":48,"author":{"gitId":"hjoneweek"},"content":"        printLine();","lastModifiedDate":"2023-08-30"},{"lineNumber":49,"author":{"gitId":"hjoneweek"},"content":"        System.out.println(\"\\tNice! I\u0027ve marked this task as done:\");","lastModifiedDate":"2023-08-30"},{"lineNumber":50,"author":{"gitId":"hjoneweek"},"content":"        System.out.println(\"\\t  \" + tasks.getTasks().get(index).toString());","lastModifiedDate":"2023-08-30"},{"lineNumber":51,"author":{"gitId":"hjoneweek"},"content":"        printLine();","lastModifiedDate":"2023-08-30"},{"lineNumber":52,"author":{"gitId":"hjoneweek"},"content":"    }","lastModifiedDate":"2023-08-30"},{"lineNumber":53,"author":{"gitId":"hjoneweek"},"content":"","lastModifiedDate":"2023-08-30"},{"lineNumber":54,"author":{"gitId":"hjoneweek"},"content":"    public void printAfterUnmark(int index, TaskList tasks) {","lastModifiedDate":"2023-08-30"},{"lineNumber":55,"author":{"gitId":"hjoneweek"},"content":"        printLine();","lastModifiedDate":"2023-08-30"},{"lineNumber":56,"author":{"gitId":"hjoneweek"},"content":"        System.out.println(\"OK, I\u0027ve marked this task as not done yet:\");","lastModifiedDate":"2023-08-30"},{"lineNumber":57,"author":{"gitId":"hjoneweek"},"content":"        System.out.println(\"\\t  \" + tasks.getTasks().get(index).toString());","lastModifiedDate":"2023-08-30"},{"lineNumber":58,"author":{"gitId":"hjoneweek"},"content":"        printLine();","lastModifiedDate":"2023-08-30"},{"lineNumber":59,"author":{"gitId":"hjoneweek"},"content":"    }","lastModifiedDate":"2023-08-30"},{"lineNumber":60,"author":{"gitId":"hjoneweek"},"content":"","lastModifiedDate":"2023-08-30"},{"lineNumber":61,"author":{"gitId":"hjoneweek"},"content":"    public void printAfterDelete(int index, int size, Task removedTask) {","lastModifiedDate":"2023-08-30"},{"lineNumber":62,"author":{"gitId":"hjoneweek"},"content":"        printLine();","lastModifiedDate":"2023-08-30"},{"lineNumber":63,"author":{"gitId":"hjoneweek"},"content":"        System.out.println(\"\\t  \" + removedTask.toString());","lastModifiedDate":"2023-08-30"},{"lineNumber":64,"author":{"gitId":"hjoneweek"},"content":"        System.out.println(\"\\tNow you have \" + size + \" tasks in the list.\");","lastModifiedDate":"2023-08-30"},{"lineNumber":65,"author":{"gitId":"hjoneweek"},"content":"","lastModifiedDate":"2023-08-30"},{"lineNumber":66,"author":{"gitId":"hjoneweek"},"content":"    }","lastModifiedDate":"2023-08-30"},{"lineNumber":67,"author":{"gitId":"hjoneweek"},"content":"}","lastModifiedDate":"2023-08-30"}],"authorContributionMap":{"hjoneweek":67}},{"path":"src/test/java/duke/EventTest.java","fileType":"java","lines":[{"lineNumber":1,"author":{"gitId":"hjoneweek"},"content":"package duke;","lastModifiedDate":"2023-08-31"},{"lineNumber":2,"author":{"gitId":"hjoneweek"},"content":"","lastModifiedDate":"2023-08-31"},{"lineNumber":3,"author":{"gitId":"hjoneweek"},"content":"import org.junit.jupiter.api.Test;","lastModifiedDate":"2023-08-31"},{"lineNumber":4,"author":{"gitId":"hjoneweek"},"content":"","lastModifiedDate":"2023-08-31"},{"lineNumber":5,"author":{"gitId":"hjoneweek"},"content":"import java.time.LocalDateTime;","lastModifiedDate":"2023-08-31"},{"lineNumber":6,"author":{"gitId":"hjoneweek"},"content":"import java.time.LocalTime;","lastModifiedDate":"2023-08-31"},{"lineNumber":7,"author":{"gitId":"hjoneweek"},"content":"import java.time.format.DateTimeFormatter;","lastModifiedDate":"2023-08-31"},{"lineNumber":8,"author":{"gitId":"hjoneweek"},"content":"","lastModifiedDate":"2023-08-31"},{"lineNumber":9,"author":{"gitId":"hjoneweek"},"content":"import static org.junit.jupiter.api.Assertions.assertEquals;","lastModifiedDate":"2023-08-31"},{"lineNumber":10,"author":{"gitId":"hjoneweek"},"content":"","lastModifiedDate":"2023-08-31"},{"lineNumber":11,"author":{"gitId":"hjoneweek"},"content":"","lastModifiedDate":"2023-08-31"},{"lineNumber":12,"author":{"gitId":"hjoneweek"},"content":"public class EventTest {","lastModifiedDate":"2023-08-31"},{"lineNumber":13,"author":{"gitId":"hjoneweek"},"content":"    @Test","lastModifiedDate":"2023-08-31"},{"lineNumber":14,"author":{"gitId":"hjoneweek"},"content":"    public void event_toString_test() {","lastModifiedDate":"2023-08-31"},{"lineNumber":15,"author":{"gitId":"hjoneweek"},"content":"        String expected \u003d \"[E][ ] project meeting (from: Aug 08 2023 3PM to: 4PM)\";","lastModifiedDate":"2023-08-31"},{"lineNumber":16,"author":{"gitId":"hjoneweek"},"content":"        DateTimeFormatter formatter1 \u003d DateTimeFormatter.ofPattern(\"yyyyMMdd HHmm\");","lastModifiedDate":"2023-08-31"},{"lineNumber":17,"author":{"gitId":"hjoneweek"},"content":"        DateTimeFormatter formatter2 \u003d DateTimeFormatter.ofPattern(\"HHmm\");","lastModifiedDate":"2023-08-31"},{"lineNumber":18,"author":{"gitId":"hjoneweek"},"content":"        String from \u003d \"20230808 1500\";","lastModifiedDate":"2023-08-31"},{"lineNumber":19,"author":{"gitId":"hjoneweek"},"content":"        String to \u003d \"1600\";","lastModifiedDate":"2023-08-31"},{"lineNumber":20,"author":{"gitId":"hjoneweek"},"content":"        LocalDateTime dateTimeFrom \u003d LocalDateTime.parse(from, formatter1);","lastModifiedDate":"2023-08-31"},{"lineNumber":21,"author":{"gitId":"hjoneweek"},"content":"        LocalTime dateTimeTo \u003d LocalTime.parse(to, formatter2);","lastModifiedDate":"2023-08-31"},{"lineNumber":22,"author":{"gitId":"hjoneweek"},"content":"        String actual \u003d new Event(\"project meeting \", dateTimeFrom, dateTimeTo, false).toString();","lastModifiedDate":"2023-08-31"},{"lineNumber":23,"author":{"gitId":"hjoneweek"},"content":"","lastModifiedDate":"2023-08-31"},{"lineNumber":24,"author":{"gitId":"hjoneweek"},"content":"        assertEquals(expected, actual);","lastModifiedDate":"2023-08-31"},{"lineNumber":25,"author":{"gitId":"hjoneweek"},"content":"    }","lastModifiedDate":"2023-08-31"},{"lineNumber":26,"author":{"gitId":"hjoneweek"},"content":"}","lastModifiedDate":"2023-08-31"}],"authorContributionMap":{"hjoneweek":26}},{"path":"src/test/java/duke/StorageTest.java","fileType":"java","lines":[{"lineNumber":1,"author":{"gitId":"hjoneweek"},"content":"package duke;","lastModifiedDate":"2023-08-31"},{"lineNumber":2,"author":{"gitId":"hjoneweek"},"content":"","lastModifiedDate":"2023-08-31"},{"lineNumber":3,"author":{"gitId":"hjoneweek"},"content":"import org.junit.jupiter.api.Test;","lastModifiedDate":"2023-08-31"},{"lineNumber":4,"author":{"gitId":"hjoneweek"},"content":"","lastModifiedDate":"2023-08-31"},{"lineNumber":5,"author":{"gitId":"hjoneweek"},"content":"import java.io.FileNotFoundException;","lastModifiedDate":"2023-08-31"},{"lineNumber":6,"author":{"gitId":"hjoneweek"},"content":"import java.time.LocalDateTime;","lastModifiedDate":"2023-08-31"},{"lineNumber":7,"author":{"gitId":"hjoneweek"},"content":"import java.time.LocalTime;","lastModifiedDate":"2023-08-31"},{"lineNumber":8,"author":{"gitId":"hjoneweek"},"content":"import java.time.format.DateTimeFormatter;","lastModifiedDate":"2023-08-31"},{"lineNumber":9,"author":{"gitId":"hjoneweek"},"content":"import java.util.ArrayList;","lastModifiedDate":"2023-08-31"},{"lineNumber":10,"author":{"gitId":"hjoneweek"},"content":"","lastModifiedDate":"2023-08-31"},{"lineNumber":11,"author":{"gitId":"hjoneweek"},"content":"import static org.junit.jupiter.api.Assertions.assertEquals;","lastModifiedDate":"2023-08-31"},{"lineNumber":12,"author":{"gitId":"hjoneweek"},"content":"","lastModifiedDate":"2023-08-31"},{"lineNumber":13,"author":{"gitId":"hjoneweek"},"content":"public class StorageTest {","lastModifiedDate":"2023-08-31"},{"lineNumber":14,"author":{"gitId":"hjoneweek"},"content":"    @Test","lastModifiedDate":"2023-08-31"},{"lineNumber":15,"author":{"gitId":"hjoneweek"},"content":"    public void textToTask_test1() throws DukeException {","lastModifiedDate":"2023-08-31"},{"lineNumber":16,"author":{"gitId":"hjoneweek"},"content":"        String expected \u003d new ToDo(\"read book\", false).toString();","lastModifiedDate":"2023-08-31"},{"lineNumber":17,"author":{"gitId":"hjoneweek"},"content":"        String actual \u003d Storage.textToTask(\"T | [ ] | read book\").toString();","lastModifiedDate":"2023-08-31"},{"lineNumber":18,"author":{"gitId":"hjoneweek"},"content":"","lastModifiedDate":"2023-08-31"},{"lineNumber":19,"author":{"gitId":"hjoneweek"},"content":"        assertEquals(expected, actual);","lastModifiedDate":"2023-08-31"},{"lineNumber":20,"author":{"gitId":"hjoneweek"},"content":"    }","lastModifiedDate":"2023-08-31"},{"lineNumber":21,"author":{"gitId":"hjoneweek"},"content":"","lastModifiedDate":"2023-08-31"},{"lineNumber":22,"author":{"gitId":"hjoneweek"},"content":"    @Test","lastModifiedDate":"2023-08-31"},{"lineNumber":23,"author":{"gitId":"hjoneweek"},"content":"    public void textToTask_test2() throws DukeException{","lastModifiedDate":"2023-08-31"},{"lineNumber":24,"author":{"gitId":"hjoneweek"},"content":"        DateTimeFormatter formatter1 \u003d DateTimeFormatter.ofPattern(\"yyyyMMdd HHmm\");","lastModifiedDate":"2023-08-31"},{"lineNumber":25,"author":{"gitId":"hjoneweek"},"content":"        DateTimeFormatter formatter2 \u003d DateTimeFormatter.ofPattern(\"HHmm\");","lastModifiedDate":"2023-08-31"},{"lineNumber":26,"author":{"gitId":"hjoneweek"},"content":"        String from \u003d \"20230808 1500\";","lastModifiedDate":"2023-08-31"},{"lineNumber":27,"author":{"gitId":"hjoneweek"},"content":"        String to \u003d \"1600\";","lastModifiedDate":"2023-08-31"},{"lineNumber":28,"author":{"gitId":"hjoneweek"},"content":"        LocalDateTime dateTimeFrom \u003d LocalDateTime.parse(from, formatter1);","lastModifiedDate":"2023-08-31"},{"lineNumber":29,"author":{"gitId":"hjoneweek"},"content":"        LocalTime dateTimeTo \u003d LocalTime.parse(to, formatter2);","lastModifiedDate":"2023-08-31"},{"lineNumber":30,"author":{"gitId":"hjoneweek"},"content":"","lastModifiedDate":"2023-08-31"},{"lineNumber":31,"author":{"gitId":"hjoneweek"},"content":"        String expected \u003d new Event(\"project meeting\", dateTimeFrom, dateTimeTo, true).toString();","lastModifiedDate":"2023-08-31"},{"lineNumber":32,"author":{"gitId":"hjoneweek"},"content":"        String actual \u003d Storage.textToTask(\"E | [X] | project meeting | 20230808 1500-1600\").toString();","lastModifiedDate":"2023-08-31"},{"lineNumber":33,"author":{"gitId":"hjoneweek"},"content":"","lastModifiedDate":"2023-08-31"},{"lineNumber":34,"author":{"gitId":"hjoneweek"},"content":"        assertEquals(expected, actual);","lastModifiedDate":"2023-08-31"},{"lineNumber":35,"author":{"gitId":"hjoneweek"},"content":"    }","lastModifiedDate":"2023-08-31"},{"lineNumber":36,"author":{"gitId":"hjoneweek"},"content":"","lastModifiedDate":"2023-08-31"},{"lineNumber":37,"author":{"gitId":"hjoneweek"},"content":"    @Test","lastModifiedDate":"2023-08-31"},{"lineNumber":38,"author":{"gitId":"hjoneweek"},"content":"    public void load_test() throws FileNotFoundException {","lastModifiedDate":"2023-08-31"},{"lineNumber":39,"author":{"gitId":"hjoneweek"},"content":"        DateTimeFormatter formatter1 \u003d DateTimeFormatter.ofPattern(\"yyyyMMdd HHmm\");","lastModifiedDate":"2023-08-31"},{"lineNumber":40,"author":{"gitId":"hjoneweek"},"content":"        DateTimeFormatter formatter2 \u003d DateTimeFormatter.ofPattern(\"HHmm\");","lastModifiedDate":"2023-08-31"},{"lineNumber":41,"author":{"gitId":"hjoneweek"},"content":"        String from \u003d \"20230808 1500\";","lastModifiedDate":"2023-08-31"},{"lineNumber":42,"author":{"gitId":"hjoneweek"},"content":"        String to \u003d \"1600\";","lastModifiedDate":"2023-08-31"},{"lineNumber":43,"author":{"gitId":"hjoneweek"},"content":"        LocalDateTime dateTimeFrom \u003d LocalDateTime.parse(from, formatter1);","lastModifiedDate":"2023-08-31"},{"lineNumber":44,"author":{"gitId":"hjoneweek"},"content":"        LocalTime dateTimeTo \u003d LocalTime.parse(to, formatter2);","lastModifiedDate":"2023-08-31"},{"lineNumber":45,"author":{"gitId":"hjoneweek"},"content":"        String by \u003d \"20230607 1400\";","lastModifiedDate":"2023-08-31"},{"lineNumber":46,"author":{"gitId":"hjoneweek"},"content":"        LocalDateTime dateTimeBy \u003d LocalDateTime.parse(by, formatter1);","lastModifiedDate":"2023-08-31"},{"lineNumber":47,"author":{"gitId":"hjoneweek"},"content":"","lastModifiedDate":"2023-08-31"},{"lineNumber":48,"author":{"gitId":"hjoneweek"},"content":"        Storage storage \u003d new Storage(\"data/loadTest.txt\");","lastModifiedDate":"2023-08-31"},{"lineNumber":49,"author":{"gitId":"hjoneweek"},"content":"        ArrayList\u003cTask\u003e actualList \u003d storage.load();","lastModifiedDate":"2023-08-31"},{"lineNumber":50,"author":{"gitId":"hjoneweek"},"content":"        ArrayList\u003cTask\u003e expectedList \u003d new ArrayList\u003c\u003e();","lastModifiedDate":"2023-08-31"},{"lineNumber":51,"author":{"gitId":"hjoneweek"},"content":"        expectedList.add(new ToDo(\"borrow book\", true));","lastModifiedDate":"2023-08-31"},{"lineNumber":52,"author":{"gitId":"hjoneweek"},"content":"        expectedList.add(new ToDo(\"read book\", false));","lastModifiedDate":"2023-08-31"},{"lineNumber":53,"author":{"gitId":"hjoneweek"},"content":"        expectedList.add(new Deadline(\"return book \", dateTimeBy, false));","lastModifiedDate":"2023-08-31"},{"lineNumber":54,"author":{"gitId":"hjoneweek"},"content":"        expectedList.add(new Event(\"project meeting \", dateTimeFrom, dateTimeTo, false));","lastModifiedDate":"2023-08-31"},{"lineNumber":55,"author":{"gitId":"hjoneweek"},"content":"","lastModifiedDate":"2023-08-31"},{"lineNumber":56,"author":{"gitId":"hjoneweek"},"content":"        String actual \u003d \"\";","lastModifiedDate":"2023-08-31"},{"lineNumber":57,"author":{"gitId":"hjoneweek"},"content":"        String expected \u003d \"\";","lastModifiedDate":"2023-08-31"},{"lineNumber":58,"author":{"gitId":"hjoneweek"},"content":"        for (int i \u003d 0; i \u003c actualList.size(); i++) {","lastModifiedDate":"2023-08-31"},{"lineNumber":59,"author":{"gitId":"hjoneweek"},"content":"            actual +\u003d actualList.toString() + System.lineSeparator();","lastModifiedDate":"2023-08-31"},{"lineNumber":60,"author":{"gitId":"hjoneweek"},"content":"            expected +\u003d expectedList.toString() + System.lineSeparator();","lastModifiedDate":"2023-08-31"},{"lineNumber":61,"author":{"gitId":"hjoneweek"},"content":"        }","lastModifiedDate":"2023-08-31"},{"lineNumber":62,"author":{"gitId":"hjoneweek"},"content":"","lastModifiedDate":"2023-08-31"},{"lineNumber":63,"author":{"gitId":"hjoneweek"},"content":"        assertEquals(expected, actual);","lastModifiedDate":"2023-08-31"},{"lineNumber":64,"author":{"gitId":"hjoneweek"},"content":"    }","lastModifiedDate":"2023-08-31"},{"lineNumber":65,"author":{"gitId":"hjoneweek"},"content":"","lastModifiedDate":"2023-08-31"},{"lineNumber":66,"author":{"gitId":"hjoneweek"},"content":"}","lastModifiedDate":"2023-08-31"}],"authorContributionMap":{"hjoneweek":66}},{"path":"text-ui-test/input.txt","fileType":"txt","lines":[{"lineNumber":1,"author":{"gitId":"hjoneweek"},"content":"todo read book","lastModifiedDate":"2023-08-23"},{"lineNumber":2,"author":{"gitId":"hjoneweek"},"content":"deadline return book /by 20230607 1400","lastModifiedDate":"2023-08-30"},{"lineNumber":3,"author":{"gitId":"hjoneweek"},"content":"event project meeting /from 20230709 1600 /to 1800","lastModifiedDate":"2023-08-30"},{"lineNumber":4,"author":{"gitId":"hjoneweek"},"content":"todo join sports club","lastModifiedDate":"2023-08-23"},{"lineNumber":5,"author":{"gitId":"hjoneweek"},"content":"todo borrow book","lastModifiedDate":"2023-08-23"},{"lineNumber":6,"author":{"gitId":"hjoneweek"},"content":"mark 1","lastModifiedDate":"2023-08-23"},{"lineNumber":7,"author":{"gitId":"hjoneweek"},"content":"mark 4","lastModifiedDate":"2023-08-23"},{"lineNumber":8,"author":{"gitId":"hjoneweek"},"content":"list","lastModifiedDate":"2023-08-23"},{"lineNumber":9,"author":{"gitId":"hjoneweek"},"content":"deadline return book /by 20230807 1400","lastModifiedDate":"2023-08-30"},{"lineNumber":10,"author":{"gitId":"hjoneweek"},"content":"event project meeting /from 20230808 1500 /to 1600","lastModifiedDate":"2023-08-30"},{"lineNumber":11,"author":{"gitId":"hjoneweek"},"content":"delete 3","lastModifiedDate":"2023-08-23"},{"lineNumber":12,"author":{"gitId":"hjoneweek"},"content":"list","lastModifiedDate":"2023-08-23"},{"lineNumber":13,"author":{"gitId":"hjoneweek"},"content":"bye","lastModifiedDate":"2023-08-23"}],"authorContributionMap":{"hjoneweek":13}}]
