{"authorDailyContributionsMap":{"weeweh":[{"date":"2023-08-21","commitResults":[{"hash":"cdea35771a4b342c7184b7d7ede14450ce57cac7","isMergeCommit":false,"messageTitle":"Gave chatbot a new name Implemented skeletal version","messageBody":"","tags":["Level-0"],"fileTypesAndContributionMap":{"java":{"insertions":8,"deletions":1}}},{"hash":"98813adfaded8c90c8bc2ede76de860638dfb278","isMergeCommit":false,"messageTitle":"Skeletal version echos commands entered, exits when user types the command bye.","messageBody":"","tags":["Level-1"],"fileTypesAndContributionMap":{"java":{"insertions":14,"deletions":2}}},{"hash":"e89e2394b88f1a079cb185e15d578c801274f1ca","isMergeCommit":false,"messageTitle":"Added ability to store text entered and display back when requested.","messageBody":"","tags":["Level-2"],"fileTypesAndContributionMap":{"java":{"insertions":39,"deletions":10}}},{"hash":"bd53607f8683148ca8a0bd3609fe25f638205381","isMergeCommit":false,"messageTitle":"Add the ability to mark tasks as done and change the status back to not done.","messageBody":"","tags":["Level-3"],"fileTypesAndContributionMap":{"java":{"insertions":82,"deletions":31}}},{"hash":"857c60428dff17ddfbcb5c48b4397a3bc1c66fb7","isMergeCommit":false,"messageTitle":"Add support for tracking three types of tasks: todos, deadline, event","messageBody":"","tags":["Level-4"],"fileTypesAndContributionMap":{"java":{"insertions":61,"deletions":4}}},{"hash":"602e8cb3ac82346f8587894aa08804bce82fccc1","isMergeCommit":false,"messageTitle":"Test using the I/O redirection technique","messageBody":"","tags":["A-TextUiTesting"],"fileTypesAndContributionMap":{"txt":{"insertions":12,"deletions":0},"java":{"insertions":0,"deletions":3}}},{"hash":"cf910715403125b25ce484e5ce19e2834459487e","isMergeCommit":false,"messageTitle":"no message","messageBody":"","fileTypesAndContributionMap":{"java":{"insertions":2,"deletions":0},"bat":{"insertions":1,"deletions":0}}},{"hash":"1743ee7d0a74118c7a657467f67617d1166752f7","isMergeCommit":false,"messageTitle":"Used Enums instead for command","messageBody":"","tags":["A-Enums"],"fileTypesAndContributionMap":{"java":{"insertions":79,"deletions":34}}},{"hash":"bcf298d6791a52c74c1f4fbc38792175b9a4b8c8","isMergeCommit":false,"messageTitle":"added new exceptions","messageBody":"","fileTypesAndContributionMap":{"java":{"insertions":101,"deletions":51}}},{"hash":"e6d2f51a92587c9c6dac9672e9b692e7d7908175","isMergeCommit":false,"messageTitle":"Revert \"added new exceptions\"","messageBody":"This reverts commit bcf298d6791a52c74c1f4fbc38792175b9a4b8c8.\n","fileTypesAndContributionMap":{"java":{"insertions":51,"deletions":101}}},{"hash":"e947e968f9f30f34768680e4756b5cddef25af89","isMergeCommit":false,"messageTitle":"added exception handling","messageBody":"","tags":["Level-5"],"fileTypesAndContributionMap":{"java":{"insertions":104,"deletions":51}}},{"hash":"ba91090c58d6906b73eeabee9ada72f335aeaaaa","isMergeCommit":false,"messageTitle":"added delete functionality","messageBody":"","tags":["Level-6"],"fileTypesAndContributionMap":{"java":{"insertions":29,"deletions":4}}}]},{"date":"2023-08-29","commitResults":[{"hash":"db1d3d03a241e845fe287e4d03c79d9cdb2a5490","isMergeCommit":false,"messageTitle":"add reading and writing of tasks.txt","messageBody":"","fileTypesAndContributionMap":{"txt":{"insertions":3,"deletions":0},"java":{"insertions":126,"deletions":13}}},{"hash":"3552b2d57b442349745a9340e6eda8e14f6f3183","isMergeCommit":true,"messageTitle":"Merge branch \u0027branch-Level-7\u0027","messageBody":"","tags":["Level-7"],"fileTypesAndContributionMap":{}},{"hash":"8e2e1044a000a1b8fa4518eb50046dddd581d2d6","isMergeCommit":false,"messageTitle":"add date parsing in Deadline add due command","messageBody":"","tags":["Level-8"],"fileTypesAndContributionMap":{"txt":{"insertions":2,"deletions":1},"java":{"insertions":50,"deletions":10}}},{"hash":"87d2f53ec60f3f03c1fae9a36825b0ef1ebd4508","isMergeCommit":false,"messageTitle":"refactor code to be more OOP","messageBody":"","tags":["A-MoreOOP"],"fileTypesAndContributionMap":{"txt":{"insertions":1,"deletions":2},"java":{"insertions":319,"deletions":198}}},{"hash":"4dec19037950b0b2e88a1840af1165ef9f2cce47","isMergeCommit":true,"messageTitle":"Merge branch \u0027branch-A-MoreOOP\u0027","messageBody":"","fileTypesAndContributionMap":{}},{"hash":"ab8af6dfb86ba8c130db6a4a2faed63c340bf981","isMergeCommit":false,"messageTitle":"Organise classes into packages","messageBody":"","fileTypesAndContributionMap":{"java":{"insertions":4,"deletions":1}}},{"hash":"40d7075f65e0f243b4c6908dbc2dc74d367b782b","isMergeCommit":false,"messageTitle":"Organise classes into packages","messageBody":"","tags":["A-Packages"],"fileTypesAndContributionMap":{"txt":{"insertions":4,"deletions":2},"java":{"insertions":94,"deletions":17}}},{"hash":"d6df156934b6c01d4f6c5f6117f18c3b6621b409","isMergeCommit":true,"messageTitle":"Merge branch \u0027branch-A-Packages\u0027","messageBody":"","fileTypesAndContributionMap":{}},{"hash":"3eca9caf918bb9795f8c192c662cd65010633330","isMergeCommit":true,"messageTitle":"Merge remote-tracking branch \u0027origin/add-gradle-support\u0027 into branch-A-Gradle","messageBody":"","tags":["A-Gradle"],"fileTypesAndContributionMap":{}},{"hash":"672f8159ada5d813714893c4462604ffb2332053","isMergeCommit":true,"messageTitle":"Merge branch \u0027branch-A-Gradle\u0027","messageBody":"* branch-A-Gradle:\n  Bump gradle and lib version\n  Add Gradle support\n","fileTypesAndContributionMap":{}}]},{"date":"2023-08-30","commitResults":[{"hash":"f09bf7dddca4039b4165166fdd11b52e025d861a","isMergeCommit":false,"messageTitle":"Add JUnit Tests","messageBody":"","tags":["A-JUnit"],"fileTypesAndContributionMap":{"txt":{"insertions":1,"deletions":5},"java":{"insertions":40,"deletions":0}}},{"hash":"97b71d890022f2b8c4135b04a20f5ac7e24ea061","isMergeCommit":true,"messageTitle":"Merge branch \u0027branch-A-JUnit\u0027","messageBody":"","fileTypesAndContributionMap":{}},{"hash":"d910cd5b2ef3fe174c8cbb6178df8a22165a831f","isMergeCommit":false,"messageTitle":"Add JavaDoc to all classes and methods","messageBody":"","tags":["A-JavaDoc"],"fileTypesAndContributionMap":{"java":{"insertions":255,"deletions":3}}},{"hash":"ffb29833a1616707bf1f88643c7e47a8b683d69e","isMergeCommit":false,"messageTitle":"Refactor code to coding standard","messageBody":"","tags":["A-CodingStandard"],"fileTypesAndContributionMap":{"java":{"insertions":135,"deletions":97},"bat":{"insertions":1,"deletions":1},"md":{"insertions":2,"deletions":2}}},{"hash":"5712f55f5354d553c41054b4220b3dd977fea619","isMergeCommit":true,"messageTitle":"Merge branch \u0027branch-A-JavaDoc\u0027","messageBody":"","fileTypesAndContributionMap":{}},{"hash":"d7e408408f4035190c02812c947e9425d7c1fab5","isMergeCommit":true,"messageTitle":"Merge branch \u0027branch-A-CodingStandard\u0027","messageBody":"# Conflicts:\n#\tsrc/main/java/BanterBot.java\n#\tsrc/main/java/helper/Parser.java\n#\tsrc/main/java/helper/Storage.java\n","fileTypesAndContributionMap":{}},{"hash":"e30b1cf64fb1ec4b67721017f33907887ec210b4","isMergeCommit":false,"messageTitle":"Add more JavaDoc comments","messageBody":"","fileTypesAndContributionMap":{"java":{"insertions":92,"deletions":7}}}]},{"date":"2023-08-31","commitResults":[{"hash":"175f6f0fe2a6179b478751fe83d6dea7a08d3f68","isMergeCommit":false,"messageTitle":"Add Find command","messageBody":"","tags":["Level-9"],"fileTypesAndContributionMap":{"txt":{"insertions":3,"deletions":0},"java":{"insertions":95,"deletions":23}}},{"hash":"7f5ceb43bf3e4acde4c3bf9f106248da52ea1f88","isMergeCommit":true,"messageTitle":"Merge branch \u0027branch-Level-9\u0027","messageBody":"","fileTypesAndContributionMap":{}}]},{"date":"2023-09-04","commitResults":[{"hash":"23f7915e21dbf55335821c8335433c65cb83b7cf","isMergeCommit":false,"messageTitle":"Add checkstyle to gradle Fix checkstyle errors","messageBody":"","tags":["A-CheckStyle"],"fileTypesAndContributionMap":{"gradle":{"insertions":5,"deletions":0},"java":{"insertions":45,"deletions":28}}},{"hash":"49282602bc86324870abf621b4e215716714caa4","isMergeCommit":true,"messageTitle":"Merge branch \u0027branch-A-CheckStyle\u0027","messageBody":"","fileTypesAndContributionMap":{}}]},{"date":"2023-09-05","commitResults":[{"hash":"488f62021c29c82d49d96c39f9ec05a9c035ae17","isMergeCommit":false,"messageTitle":"Add GUI support","messageBody":"","tags":["Level-10"],"fileTypesAndContributionMap":{"gradle":{"insertions":15,"deletions":0},"txt":{"insertions":5,"deletions":1},"fxml":{"insertions":35,"deletions":0},"java":{"insertions":225,"deletions":17}}},{"hash":"a90bc270e3664ccfdf54e74254a3d57296df10d8","isMergeCommit":true,"messageTitle":"Merge branch \u0027branch-Level-10\u0027","messageBody":"","fileTypesAndContributionMap":{}}]}]},"authorFileTypeContributionMap":{"weeweh":{"java":1352,"md":2,"fxml":35,"sh":0,"bat":2,"gradle":20,"txt":20}},"authorContributionVariance":{"weeweh":82786.26},"authorDisplayNameMap":{"weeweh":"CS2103T-W17-4 CHUA..YEOW"}}
