{"authorDailyContributionsMap":{"techjay-c":[{"date":"2023-08-23","commitResults":[{"hash":"cd35d938689c0ce6099ca4467e867cca8ae5469b","isMergeCommit":false,"messageTitle":"Duke Level 0","messageBody":"","fileTypesAndContributionMap":{"java":{"insertions":9,"deletions":6}}},{"hash":"57e062d13b3a4eb9eaa50095ae507a7c8818dffe","isMergeCommit":false,"messageTitle":"Duke Level 1","messageBody":"","tags":["Level-1"],"fileTypesAndContributionMap":{"java":{"insertions":22,"deletions":6}}},{"hash":"a3f54684ba96a56b0ba1cf1dfbc7592e0706eda7","isMergeCommit":false,"messageTitle":"Duke Level 2","messageBody":"","tags":["Level-2"],"fileTypesAndContributionMap":{"java":{"insertions":22,"deletions":10}}},{"hash":"ef7b798314c2a8a54e206f52b8ffdb4403a491b8","isMergeCommit":false,"messageTitle":"Duke Level 3","messageBody":"","tags":["Level-3"],"fileTypesAndContributionMap":{"java":{"insertions":63,"deletions":5}}},{"hash":"4e8e5438db6c1c11064e0b479010a0ad23f3b187","isMergeCommit":false,"messageTitle":"Duke Level 4","messageBody":"","tags":["Level-4"],"fileTypesAndContributionMap":{"java":{"insertions":100,"deletions":2}}}]},{"date":"2023-08-24","commitResults":[{"hash":"517bd5d0faf380cf1a5082f690475d2110089dc5","isMergeCommit":false,"messageTitle":"Duke A-TextUiTesting","messageBody":"","tags":["A-TextUiTesting"],"fileTypesAndContributionMap":{"txt":{"insertions":3,"deletions":0},"java":{"insertions":27,"deletions":35},"sh":{"insertions":2,"deletions":6}}},{"hash":"6ca5ad82f593eafa4d195286efe0ba59a9602c9f","isMergeCommit":false,"messageTitle":"Duke Level-5","messageBody":"","tags":["Level-5"],"fileTypesAndContributionMap":{"txt":{"insertions":2,"deletions":0},"java":{"insertions":103,"deletions":77}}},{"hash":"0201e449053450c6d4bde0c841d6ce0edfa91307","isMergeCommit":false,"messageTitle":"Duke Level-6","messageBody":"","tags":["Level-6"],"fileTypesAndContributionMap":{"txt":{"insertions":7,"deletions":0},"java":{"insertions":41,"deletions":16}}},{"hash":"68779fa38c9902009e18c79a4ddfaa6edde4b363","isMergeCommit":false,"messageTitle":"Duke A-Enums","messageBody":"","tags":["A-Enums"],"fileTypesAndContributionMap":{"java":{"insertions":47,"deletions":10}}}]},{"date":"2023-08-29","commitResults":[{"hash":"1ccdcb1581e86938488b21581caf9c3135d67359","isMergeCommit":false,"messageTitle":"Duke Level-7","messageBody":"","tags":["Level-7"],"fileTypesAndContributionMap":{"txt":{"insertions":3,"deletions":0},"java":{"insertions":147,"deletions":8}}}]},{"date":"2023-08-30","commitResults":[{"hash":"0cfa6192e30c64cb0043eb60c28f593a686f4a99","isMergeCommit":false,"messageTitle":"Duke Level-8","messageBody":"","tags":["Level-8"],"fileTypesAndContributionMap":{"txt":{"insertions":3,"deletions":3},"java":{"insertions":112,"deletions":48}}}]}]},"authorFileTypeContributionMap":{"techjay-c":{"java":477,"md":0,"fxml":0,"sh":1,"bat":0,"gradle":0,"txt":15}},"authorContributionVariance":{"techjay-c":14248.213},"authorDisplayNameMap":{"techjay-c":"CS2103T-W10-3 CHEW..ARYL"}}
