[{"path":"src/main/java/Deadline.java","fileType":"java","lines":[{"lineNumber":1,"author":{"gitId":"-"},"content":"import java.time.LocalDateTime;","lastModifiedDate":"2023-08-25"},{"lineNumber":2,"author":{"gitId":"-"},"content":"import java.time.format.DateTimeFormatter;","lastModifiedDate":"2023-08-25"},{"lineNumber":3,"author":{"gitId":"-"},"content":"","lastModifiedDate":"2023-08-25"},{"lineNumber":4,"author":{"gitId":"ruishanteo"},"content":"public class Deadline extends Task {","lastModifiedDate":"2023-08-19"},{"lineNumber":5,"author":{"gitId":"-"},"content":"    protected LocalDateTime byDateTime;","lastModifiedDate":"2023-08-25"},{"lineNumber":6,"author":{"gitId":"ruishanteo"},"content":"","lastModifiedDate":"2023-08-19"},{"lineNumber":7,"author":{"gitId":"-"},"content":"    public Deadline(String description, LocalDateTime byDateTime) {","lastModifiedDate":"2023-08-25"},{"lineNumber":8,"author":{"gitId":"ruishanteo"},"content":"        super(description);","lastModifiedDate":"2023-08-19"},{"lineNumber":9,"author":{"gitId":"-"},"content":"        this.byDateTime \u003d byDateTime;","lastModifiedDate":"2023-08-25"},{"lineNumber":10,"author":{"gitId":"ruishanteo"},"content":"    }","lastModifiedDate":"2023-08-19"},{"lineNumber":11,"author":{"gitId":"ruishanteo"},"content":"","lastModifiedDate":"2023-08-19"},{"lineNumber":12,"author":{"gitId":"ruishanteo"},"content":"    @Override","lastModifiedDate":"2023-08-19"},{"lineNumber":13,"author":{"gitId":"ruishanteo"},"content":"    public String toString() {","lastModifiedDate":"2023-08-19"},{"lineNumber":14,"author":{"gitId":"-"},"content":"        return \"[D]\" + super.toString() + \" (by: \" +","lastModifiedDate":"2023-08-25"},{"lineNumber":15,"author":{"gitId":"-"},"content":"                byDateTime.format(DateTimeFormatter.ofPattern(\"dd MMM yyyy HH:mm\")) + \")\";","lastModifiedDate":"2023-08-25"},{"lineNumber":16,"author":{"gitId":"ruishanteo"},"content":"    }","lastModifiedDate":"2023-08-19"},{"lineNumber":17,"author":{"gitId":"-"},"content":"","lastModifiedDate":"2023-08-25"},{"lineNumber":18,"author":{"gitId":"-"},"content":"    @Override","lastModifiedDate":"2023-08-25"},{"lineNumber":19,"author":{"gitId":"-"},"content":"    public String toSaveLine() {","lastModifiedDate":"2023-08-25"},{"lineNumber":20,"author":{"gitId":"-"},"content":"        return String.format(\"D | %d | %s | %s\", isDone ? 1 : 0,","lastModifiedDate":"2023-08-25"},{"lineNumber":21,"author":{"gitId":"-"},"content":"                description, byDateTime.format(DateTimeFormatter.ofPattern(\"yyyy-MM-dd HH:mm\")));","lastModifiedDate":"2023-08-25"},{"lineNumber":22,"author":{"gitId":"-"},"content":"    }","lastModifiedDate":"2023-08-25"},{"lineNumber":23,"author":{"gitId":"ruishanteo"},"content":"}","lastModifiedDate":"2023-08-19"}],"authorContributionMap":{"ruishanteo":9,"-":14}},{"path":"src/main/java/Duke.java","fileType":"java","lines":[{"lineNumber":1,"author":{"gitId":"-"},"content":"public class Duke {","lastModifiedDate":"2019-07-29"},{"lineNumber":2,"author":{"gitId":"-"},"content":"    private Storage storage;","lastModifiedDate":"2023-08-25"},{"lineNumber":3,"author":{"gitId":"-"},"content":"    private TaskList tasks;","lastModifiedDate":"2023-08-25"},{"lineNumber":4,"author":{"gitId":"-"},"content":"    private Ui ui;","lastModifiedDate":"2023-08-25"},{"lineNumber":5,"author":{"gitId":"-"},"content":"","lastModifiedDate":"2023-08-25"},{"lineNumber":6,"author":{"gitId":"-"},"content":"    public Duke() {","lastModifiedDate":"2023-08-25"},{"lineNumber":7,"author":{"gitId":"-"},"content":"        ui \u003d new Ui();","lastModifiedDate":"2023-08-25"},{"lineNumber":8,"author":{"gitId":"-"},"content":"        storage \u003d new Storage(\"./data\", \"duke.txt\");","lastModifiedDate":"2023-08-25"},{"lineNumber":9,"author":{"gitId":"-"},"content":"","lastModifiedDate":"2023-08-25"},{"lineNumber":10,"author":{"gitId":"-"},"content":"        try {","lastModifiedDate":"2023-08-25"},{"lineNumber":11,"author":{"gitId":"-"},"content":"            tasks \u003d new TaskList(storage.loadFile());","lastModifiedDate":"2023-08-25"},{"lineNumber":12,"author":{"gitId":"-"},"content":"        } catch (DukeException e) {","lastModifiedDate":"2023-08-25"},{"lineNumber":13,"author":{"gitId":"-"},"content":"            ui.showErrMessage(e);","lastModifiedDate":"2023-08-25"},{"lineNumber":14,"author":{"gitId":"-"},"content":"            tasks \u003d new TaskList();","lastModifiedDate":"2023-08-25"},{"lineNumber":15,"author":{"gitId":"-"},"content":"        }","lastModifiedDate":"2023-08-25"},{"lineNumber":16,"author":{"gitId":"-"},"content":"    }","lastModifiedDate":"2023-08-25"},{"lineNumber":17,"author":{"gitId":"-"},"content":"","lastModifiedDate":"2023-08-25"},{"lineNumber":18,"author":{"gitId":"-"},"content":"    public static void main(String[] args) {","lastModifiedDate":"2023-08-25"},{"lineNumber":19,"author":{"gitId":"-"},"content":"        new Duke().run();","lastModifiedDate":"2023-08-25"},{"lineNumber":20,"author":{"gitId":"ruishanteo"},"content":"    }","lastModifiedDate":"2023-08-19"},{"lineNumber":21,"author":{"gitId":"-"},"content":"","lastModifiedDate":"2023-08-25"},{"lineNumber":22,"author":{"gitId":"-"},"content":"    public void run() {","lastModifiedDate":"2023-08-25"},{"lineNumber":23,"author":{"gitId":"-"},"content":"        ui.showWelcome();","lastModifiedDate":"2023-08-25"},{"lineNumber":24,"author":{"gitId":"-"},"content":"        boolean isExit \u003d false;","lastModifiedDate":"2023-08-25"},{"lineNumber":25,"author":{"gitId":"-"},"content":"        while (!isExit) {","lastModifiedDate":"2023-08-25"},{"lineNumber":26,"author":{"gitId":"ruishanteo"},"content":"            try {","lastModifiedDate":"2023-08-19"},{"lineNumber":27,"author":{"gitId":"-"},"content":"                String fullCommand \u003d ui.readCommand();","lastModifiedDate":"2023-08-25"},{"lineNumber":28,"author":{"gitId":"-"},"content":"                ui.showLine();","lastModifiedDate":"2023-08-25"},{"lineNumber":29,"author":{"gitId":"-"},"content":"                Command c \u003d Parser.parse(fullCommand);","lastModifiedDate":"2023-08-25"},{"lineNumber":30,"author":{"gitId":"-"},"content":"                c.execute(tasks, ui, storage);","lastModifiedDate":"2023-08-25"},{"lineNumber":31,"author":{"gitId":"-"},"content":"                isExit \u003d c.isExit();","lastModifiedDate":"2023-08-25"},{"lineNumber":32,"author":{"gitId":"-"},"content":"            } catch (DukeException e) {","lastModifiedDate":"2023-08-25"},{"lineNumber":33,"author":{"gitId":"-"},"content":"                ui.showErrMessage(e);","lastModifiedDate":"2023-08-25"},{"lineNumber":34,"author":{"gitId":"-"},"content":"            } finally {","lastModifiedDate":"2023-08-25"},{"lineNumber":35,"author":{"gitId":"-"},"content":"                ui.showLine();","lastModifiedDate":"2023-08-25"},{"lineNumber":36,"author":{"gitId":"ruishanteo"},"content":"            }","lastModifiedDate":"2023-08-19"},{"lineNumber":37,"author":{"gitId":"ruishanteo"},"content":"        }","lastModifiedDate":"2023-08-19"},{"lineNumber":38,"author":{"gitId":"-"},"content":"    }","lastModifiedDate":"2019-07-29"},{"lineNumber":39,"author":{"gitId":"-"},"content":"}","lastModifiedDate":"2019-07-29"}],"authorContributionMap":{"ruishanteo":4,"-":35}},{"path":"src/main/java/DukeException.java","fileType":"java","lines":[{"lineNumber":1,"author":{"gitId":"ruishanteo"},"content":"public class DukeException extends Exception {","lastModifiedDate":"2023-08-19"},{"lineNumber":2,"author":{"gitId":"ruishanteo"},"content":"    public DukeException(String message) {","lastModifiedDate":"2023-08-19"},{"lineNumber":3,"author":{"gitId":"ruishanteo"},"content":"        super(\":( OOPS!!! \" + message);","lastModifiedDate":"2023-08-19"},{"lineNumber":4,"author":{"gitId":"ruishanteo"},"content":"    }","lastModifiedDate":"2023-08-19"},{"lineNumber":5,"author":{"gitId":"ruishanteo"},"content":"}","lastModifiedDate":"2023-08-19"}],"authorContributionMap":{"ruishanteo":5}},{"path":"src/main/java/Event.java","fileType":"java","lines":[{"lineNumber":1,"author":{"gitId":"-"},"content":"import java.time.LocalDateTime;","lastModifiedDate":"2023-08-25"},{"lineNumber":2,"author":{"gitId":"-"},"content":"import java.time.format.DateTimeFormatter;","lastModifiedDate":"2023-08-25"},{"lineNumber":3,"author":{"gitId":"-"},"content":"","lastModifiedDate":"2023-08-25"},{"lineNumber":4,"author":{"gitId":"ruishanteo"},"content":"public class Event extends Task {","lastModifiedDate":"2023-08-19"},{"lineNumber":5,"author":{"gitId":"-"},"content":"    protected LocalDateTime start;","lastModifiedDate":"2023-08-25"},{"lineNumber":6,"author":{"gitId":"-"},"content":"    protected LocalDateTime end;","lastModifiedDate":"2023-08-25"},{"lineNumber":7,"author":{"gitId":"ruishanteo"},"content":"","lastModifiedDate":"2023-08-19"},{"lineNumber":8,"author":{"gitId":"-"},"content":"    public Event(String description, LocalDateTime start, LocalDateTime end) {","lastModifiedDate":"2023-08-25"},{"lineNumber":9,"author":{"gitId":"ruishanteo"},"content":"        super(description);","lastModifiedDate":"2023-08-19"},{"lineNumber":10,"author":{"gitId":"ruishanteo"},"content":"        this.start \u003d start;","lastModifiedDate":"2023-08-19"},{"lineNumber":11,"author":{"gitId":"ruishanteo"},"content":"        this.end \u003d end;","lastModifiedDate":"2023-08-19"},{"lineNumber":12,"author":{"gitId":"ruishanteo"},"content":"    }","lastModifiedDate":"2023-08-19"},{"lineNumber":13,"author":{"gitId":"ruishanteo"},"content":"","lastModifiedDate":"2023-08-19"},{"lineNumber":14,"author":{"gitId":"ruishanteo"},"content":"    @Override","lastModifiedDate":"2023-08-19"},{"lineNumber":15,"author":{"gitId":"ruishanteo"},"content":"    public String toString() {","lastModifiedDate":"2023-08-19"},{"lineNumber":16,"author":{"gitId":"-"},"content":"        return \"[E]\" + super.toString() + \" (from: \" +","lastModifiedDate":"2023-08-25"},{"lineNumber":17,"author":{"gitId":"-"},"content":"                start.format(DateTimeFormatter.ofPattern(\"dd MMM yyyy HH:mm\")) +","lastModifiedDate":"2023-08-25"},{"lineNumber":18,"author":{"gitId":"-"},"content":"                \" to: \" + end.format(DateTimeFormatter.ofPattern(\"dd MMM yyyy HH:mm\")) + \")\";","lastModifiedDate":"2023-08-25"},{"lineNumber":19,"author":{"gitId":"ruishanteo"},"content":"    }","lastModifiedDate":"2023-08-19"},{"lineNumber":20,"author":{"gitId":"-"},"content":"","lastModifiedDate":"2023-08-25"},{"lineNumber":21,"author":{"gitId":"-"},"content":"    @Override","lastModifiedDate":"2023-08-25"},{"lineNumber":22,"author":{"gitId":"-"},"content":"    public String toSaveLine() {","lastModifiedDate":"2023-08-25"},{"lineNumber":23,"author":{"gitId":"-"},"content":"        return String.format(\"E | %d | %s | %s | %s\", isDone ? 1 : 0, description,","lastModifiedDate":"2023-08-25"},{"lineNumber":24,"author":{"gitId":"-"},"content":"                start.format(DateTimeFormatter.ofPattern(\"yyyy-MM-dd HH:mm\")),","lastModifiedDate":"2023-08-25"},{"lineNumber":25,"author":{"gitId":"-"},"content":"                end.format(DateTimeFormatter.ofPattern(\"yyyy-MM-dd HH:mm\")));","lastModifiedDate":"2023-08-25"},{"lineNumber":26,"author":{"gitId":"-"},"content":"    }","lastModifiedDate":"2023-08-25"},{"lineNumber":27,"author":{"gitId":"ruishanteo"},"content":"}","lastModifiedDate":"2023-08-19"}],"authorContributionMap":{"ruishanteo":11,"-":16}},{"path":"src/main/java/Task.java","fileType":"java","lines":[{"lineNumber":1,"author":{"gitId":"ruishanteo"},"content":"public class Task {","lastModifiedDate":"2023-08-19"},{"lineNumber":2,"author":{"gitId":"ruishanteo"},"content":"    protected String description;","lastModifiedDate":"2023-08-19"},{"lineNumber":3,"author":{"gitId":"ruishanteo"},"content":"    protected boolean isDone;","lastModifiedDate":"2023-08-19"},{"lineNumber":4,"author":{"gitId":"ruishanteo"},"content":"","lastModifiedDate":"2023-08-19"},{"lineNumber":5,"author":{"gitId":"ruishanteo"},"content":"    public Task(String description) {","lastModifiedDate":"2023-08-19"},{"lineNumber":6,"author":{"gitId":"ruishanteo"},"content":"        this.description \u003d description;","lastModifiedDate":"2023-08-19"},{"lineNumber":7,"author":{"gitId":"ruishanteo"},"content":"        this.isDone \u003d false;","lastModifiedDate":"2023-08-19"},{"lineNumber":8,"author":{"gitId":"ruishanteo"},"content":"    }","lastModifiedDate":"2023-08-19"},{"lineNumber":9,"author":{"gitId":"ruishanteo"},"content":"","lastModifiedDate":"2023-08-19"},{"lineNumber":10,"author":{"gitId":"ruishanteo"},"content":"    public String getStatusIcon() {","lastModifiedDate":"2023-08-19"},{"lineNumber":11,"author":{"gitId":"ruishanteo"},"content":"        return (isDone ? \"[X]\" : \"[ ]\"); // mark done task with X","lastModifiedDate":"2023-08-19"},{"lineNumber":12,"author":{"gitId":"ruishanteo"},"content":"    }","lastModifiedDate":"2023-08-19"},{"lineNumber":13,"author":{"gitId":"ruishanteo"},"content":"","lastModifiedDate":"2023-08-19"},{"lineNumber":14,"author":{"gitId":"ruishanteo"},"content":"    public void markAsDone() {","lastModifiedDate":"2023-08-19"},{"lineNumber":15,"author":{"gitId":"ruishanteo"},"content":"        this.isDone \u003d true;","lastModifiedDate":"2023-08-19"},{"lineNumber":16,"author":{"gitId":"ruishanteo"},"content":"    }","lastModifiedDate":"2023-08-19"},{"lineNumber":17,"author":{"gitId":"ruishanteo"},"content":"","lastModifiedDate":"2023-08-19"},{"lineNumber":18,"author":{"gitId":"ruishanteo"},"content":"    public void markAsUndone() {","lastModifiedDate":"2023-08-19"},{"lineNumber":19,"author":{"gitId":"ruishanteo"},"content":"        this.isDone \u003d false;","lastModifiedDate":"2023-08-19"},{"lineNumber":20,"author":{"gitId":"ruishanteo"},"content":"    }","lastModifiedDate":"2023-08-19"},{"lineNumber":21,"author":{"gitId":"ruishanteo"},"content":"","lastModifiedDate":"2023-08-19"},{"lineNumber":22,"author":{"gitId":"ruishanteo"},"content":"    public String toString() {","lastModifiedDate":"2023-08-19"},{"lineNumber":23,"author":{"gitId":"ruishanteo"},"content":"        return (this.getStatusIcon() + \" \" + this.description);","lastModifiedDate":"2023-08-19"},{"lineNumber":24,"author":{"gitId":"ruishanteo"},"content":"    }","lastModifiedDate":"2023-08-19"},{"lineNumber":25,"author":{"gitId":"-"},"content":"","lastModifiedDate":"2023-08-25"},{"lineNumber":26,"author":{"gitId":"-"},"content":"    public String toSaveLine() {","lastModifiedDate":"2023-08-25"},{"lineNumber":27,"author":{"gitId":"-"},"content":"        return (\"\");","lastModifiedDate":"2023-08-25"},{"lineNumber":28,"author":{"gitId":"-"},"content":"    }","lastModifiedDate":"2023-08-25"},{"lineNumber":29,"author":{"gitId":"ruishanteo"},"content":"}","lastModifiedDate":"2023-08-19"}],"authorContributionMap":{"ruishanteo":25,"-":4}},{"path":"src/main/java/ToDo.java","fileType":"java","lines":[{"lineNumber":1,"author":{"gitId":"ruishanteo"},"content":"public class ToDo extends Task {","lastModifiedDate":"2023-08-19"},{"lineNumber":2,"author":{"gitId":"ruishanteo"},"content":"","lastModifiedDate":"2023-08-19"},{"lineNumber":3,"author":{"gitId":"ruishanteo"},"content":"    public ToDo(String description) {","lastModifiedDate":"2023-08-19"},{"lineNumber":4,"author":{"gitId":"ruishanteo"},"content":"        super(description);","lastModifiedDate":"2023-08-19"},{"lineNumber":5,"author":{"gitId":"ruishanteo"},"content":"    }","lastModifiedDate":"2023-08-19"},{"lineNumber":6,"author":{"gitId":"ruishanteo"},"content":"","lastModifiedDate":"2023-08-19"},{"lineNumber":7,"author":{"gitId":"ruishanteo"},"content":"    @Override","lastModifiedDate":"2023-08-19"},{"lineNumber":8,"author":{"gitId":"ruishanteo"},"content":"    public String toString() {","lastModifiedDate":"2023-08-19"},{"lineNumber":9,"author":{"gitId":"ruishanteo"},"content":"        return \"[T]\" + super.toString();","lastModifiedDate":"2023-08-19"},{"lineNumber":10,"author":{"gitId":"ruishanteo"},"content":"    }","lastModifiedDate":"2023-08-19"},{"lineNumber":11,"author":{"gitId":"-"},"content":"","lastModifiedDate":"2023-08-25"},{"lineNumber":12,"author":{"gitId":"-"},"content":"    @Override","lastModifiedDate":"2023-08-25"},{"lineNumber":13,"author":{"gitId":"-"},"content":"    public String toSaveLine() {","lastModifiedDate":"2023-08-25"},{"lineNumber":14,"author":{"gitId":"-"},"content":"        return String.format(\"T | %d | %s\", isDone ? 1 : 0, description);","lastModifiedDate":"2023-08-25"},{"lineNumber":15,"author":{"gitId":"-"},"content":"    }","lastModifiedDate":"2023-08-25"},{"lineNumber":16,"author":{"gitId":"ruishanteo"},"content":"}","lastModifiedDate":"2023-08-19"}],"authorContributionMap":{"ruishanteo":11,"-":5}},{"path":"text-ui-test/input.txt","fileType":"txt","lines":[{"lineNumber":1,"author":{"gitId":"ruishanteo"},"content":"todo","lastModifiedDate":"2023-08-19"},{"lineNumber":2,"author":{"gitId":"ruishanteo"},"content":"todo read book","lastModifiedDate":"2023-08-19"},{"lineNumber":3,"author":{"gitId":"ruishanteo"},"content":"deadline  /by","lastModifiedDate":"2023-08-19"},{"lineNumber":4,"author":{"gitId":"-"},"content":"deadline  /by 2023-08-25 12:30","lastModifiedDate":"2023-08-25"},{"lineNumber":5,"author":{"gitId":"ruishanteo"},"content":"deadline return book /by","lastModifiedDate":"2023-08-19"},{"lineNumber":6,"author":{"gitId":"-"},"content":"deadline return book /by 2023-08-25 12:30","lastModifiedDate":"2023-08-25"},{"lineNumber":7,"author":{"gitId":"ruishanteo"},"content":"event  /from  /to","lastModifiedDate":"2023-08-19"},{"lineNumber":8,"author":{"gitId":"ruishanteo"},"content":"event project meeting /from  /to","lastModifiedDate":"2023-08-19"},{"lineNumber":9,"author":{"gitId":"-"},"content":"event project meeting /from  /to 2023-08-25 12:30","lastModifiedDate":"2023-08-25"},{"lineNumber":10,"author":{"gitId":"-"},"content":"event project meeting /from 2023-03-22 10:30 /to 2023-08-25 12:30","lastModifiedDate":"2023-08-25"},{"lineNumber":11,"author":{"gitId":"-"},"content":"event  /from  /to 2023-08-25 12:30","lastModifiedDate":"2023-08-25"},{"lineNumber":12,"author":{"gitId":"-"},"content":"event  /from 2023-08-25 12:30 /to","lastModifiedDate":"2023-08-25"},{"lineNumber":13,"author":{"gitId":"-"},"content":"event project meeting /from 2023-03-22 10:30 /to 2023-08-25 12:30","lastModifiedDate":"2023-08-25"},{"lineNumber":14,"author":{"gitId":"ruishanteo"},"content":"mark","lastModifiedDate":"2023-08-19"},{"lineNumber":15,"author":{"gitId":"ruishanteo"},"content":"mark 0","lastModifiedDate":"2023-08-19"},{"lineNumber":16,"author":{"gitId":"ruishanteo"},"content":"mark 10","lastModifiedDate":"2023-08-19"},{"lineNumber":17,"author":{"gitId":"ruishanteo"},"content":"mark abc","lastModifiedDate":"2023-08-19"},{"lineNumber":18,"author":{"gitId":"ruishanteo"},"content":"mark 1","lastModifiedDate":"2023-08-19"},{"lineNumber":19,"author":{"gitId":"ruishanteo"},"content":"mark 3","lastModifiedDate":"2023-08-19"},{"lineNumber":20,"author":{"gitId":"ruishanteo"},"content":"list","lastModifiedDate":"2023-08-19"},{"lineNumber":21,"author":{"gitId":"ruishanteo"},"content":"unmark","lastModifiedDate":"2023-08-19"},{"lineNumber":22,"author":{"gitId":"ruishanteo"},"content":"unmark 0","lastModifiedDate":"2023-08-19"},{"lineNumber":23,"author":{"gitId":"ruishanteo"},"content":"unmark 10","lastModifiedDate":"2023-08-19"},{"lineNumber":24,"author":{"gitId":"ruishanteo"},"content":"unmark abc","lastModifiedDate":"2023-08-19"},{"lineNumber":25,"author":{"gitId":"ruishanteo"},"content":"unmark 3","lastModifiedDate":"2023-08-19"},{"lineNumber":26,"author":{"gitId":"ruishanteo"},"content":"list","lastModifiedDate":"2023-08-19"},{"lineNumber":27,"author":{"gitId":"ruishanteo"},"content":"delete","lastModifiedDate":"2023-08-19"},{"lineNumber":28,"author":{"gitId":"ruishanteo"},"content":"delete 0","lastModifiedDate":"2023-08-19"},{"lineNumber":29,"author":{"gitId":"ruishanteo"},"content":"delete 10","lastModifiedDate":"2023-08-19"},{"lineNumber":30,"author":{"gitId":"ruishanteo"},"content":"delete abc","lastModifiedDate":"2023-08-19"},{"lineNumber":31,"author":{"gitId":"ruishanteo"},"content":"delete 3","lastModifiedDate":"2023-08-19"},{"lineNumber":32,"author":{"gitId":"ruishanteo"},"content":"list","lastModifiedDate":"2023-08-19"},{"lineNumber":33,"author":{"gitId":"ruishanteo"},"content":"bye","lastModifiedDate":"2023-08-19"}],"authorContributionMap":{"ruishanteo":26,"-":7}}]
