{"authorDailyContributionsMap":{"Mahidharah":[{"date":"2023-08-22","commitResults":[{"hash":"21b40fe89aeb99435cee300fe25b9af9a08fb76e","isMergeCommit":false,"messageTitle":"1. New chatbot name 2. Chatbot simply greets and exits","messageBody":"","tags":["Level-0"],"fileTypesAndContributionMap":{"java":{"insertions":5,"deletions":6}}},{"hash":"e2a46ad83416748e13e91777d1ec096ded9448ea","isMergeCommit":false,"messageTitle":"1. Echos commands entered by the user, and exits when the user types the command bye","messageBody":"","tags":["Level-1"],"fileTypesAndContributionMap":{"java":{"insertions":10,"deletions":0}}}]},{"date":"2023-08-23","commitResults":[{"hash":"4e5bac8fba4ecc60d5798eb2ddabdd3f6c40dd4c","isMergeCommit":false,"messageTitle":"1. Store whatever text entered by the user 2. Display them back to the user when requested with \"list\" command","messageBody":"","tags":["Level-2"],"fileTypesAndContributionMap":{"java":{"insertions":14,"deletions":2}}}]}]},"authorFileTypeContributionMap":{"Mahidharah":{"java":27,"md":0,"fxml":0,"sh":0,"bat":0,"gradle":0,"txt":0}},"authorContributionVariance":{"Mahidharah":78.13889},"authorDisplayNameMap":{"Mahidharah":"C MA..DRAN"}}
