{"authorDailyContributionsMap":{"Daphne789":[{"date":"2023-08-23","commitResults":[{"hash":"02362df3ee1bd96d425091d823cb48a39c26db89","isMergeCommit":false,"messageTitle":"Completed Level-0","messageBody":"","tags":["Level-0"],"fileTypesAndContributionMap":{"java":{"insertions":13,"deletions":10}}},{"hash":"029ef0a5e7db2e9286638e9457a0649a37a5b3b1","isMergeCommit":false,"messageTitle":"Completed Level-1","messageBody":"","tags":["Level-1"],"fileTypesAndContributionMap":{"java":{"insertions":23,"deletions":9}}},{"hash":"749104536ba6b267681330de4d2c7035605043e3","isMergeCommit":false,"messageTitle":"Completed Level-2","messageBody":"","tags":["Level-2"],"fileTypesAndContributionMap":{"java":{"insertions":26,"deletions":11}}}]},{"date":"2023-08-24","commitResults":[{"hash":"0269005894a469eb608b45cebf8be842afbfa495","isMergeCommit":false,"messageTitle":"Completed Level-3","messageBody":"","tags":["Level-3"],"fileTypesAndContributionMap":{"java":{"insertions":59,"deletions":5}}},{"hash":"6c3165a9542d74e17644e1089af56103d508a632","isMergeCommit":false,"messageTitle":"Completed Level-4","messageBody":"","tags":["Level-4"],"fileTypesAndContributionMap":{"java":{"insertions":81,"deletions":8}}},{"hash":"a30c7ee6837d5d8a0513db218ac2000d5b12997f","isMergeCommit":false,"messageTitle":"Completed Automated Text UI Testing","messageBody":"","tags":["A-TextUiTesting"],"fileTypesAndContributionMap":{"txt":{"insertions":10,"deletions":0},"java":{"insertions":1,"deletions":1},"bat":{"insertions":1,"deletions":1}}},{"hash":"1e8ba8a5b13e39de9e6fa356f3f5188b940f695a","isMergeCommit":false,"messageTitle":"Completed Level-5","messageBody":"","tags":["Level-5"],"fileTypesAndContributionMap":{"java":{"insertions":25,"deletions":7}}},{"hash":"d2a8ab6674f7741b14ac0125d623357cecf326e5","isMergeCommit":false,"messageTitle":"Completed Level-6","messageBody":"","tags":["Level-6"],"fileTypesAndContributionMap":{"java":{"insertions":51,"deletions":25}}}]},{"date":"2023-08-27","commitResults":[{"hash":"828ffdc231f95f3b94b5c6320a311d54266def58","isMergeCommit":false,"messageTitle":"Separate class into a new file","messageBody":"","tags":["release-1"],"fileTypesAndContributionMap":{"java":{"insertions":73,"deletions":0}}},{"hash":"f584933dac1798469569ce7a270a73e499f5ed58","isMergeCommit":false,"messageTitle":"Remove some classes","messageBody":"","fileTypesAndContributionMap":{"java":{"insertions":0,"deletions":78}}},{"hash":"2cb64741aa0d6692d2caebd138d87a7617d52444","isMergeCommit":false,"messageTitle":"Add save feature","messageBody":"","fileTypesAndContributionMap":{"txt":{"insertions":0,"deletions":0},"java":{"insertions":129,"deletions":3}}},{"hash":"6cfcbb88915c09d0463d409d43f35ca181ac5ec8","isMergeCommit":false,"messageTitle":"Complete Level-8","messageBody":"","fileTypesAndContributionMap":{"txt":{"insertions":5,"deletions":0},"java":{"insertions":55,"deletions":21}}},{"hash":"dda36dd2ef7f39bcb71ea1dd73843e33239f2181","isMergeCommit":false,"messageTitle":"Complete Level-7","messageBody":"","tags":["Level-7"],"fileTypesAndContributionMap":{"txt":{"insertions":0,"deletions":0},"java":{"insertions":24,"deletions":24}}},{"hash":"5ed2caa9114ff5901e781a5e894fd22fc9692f24","isMergeCommit":false,"messageTitle":"Add data folder","messageBody":"","fileTypesAndContributionMap":{"txt":{"insertions":1,"deletions":0}}},{"hash":"69b1ffe763eb16b659c15aa0a7391158ed327d83","isMergeCommit":true,"messageTitle":"Complete Level-8","messageBody":"","tags":["Level-8"],"fileTypesAndContributionMap":{}},{"hash":"facb7c7b0a5fd0bfcaa86d8ec3350d03b0dc5158","isMergeCommit":false,"messageTitle":"Fix ArrayIndexOutOfBoundsException","messageBody":"","fileTypesAndContributionMap":{"txt":{"insertions":1,"deletions":2},"java":{"insertions":7,"deletions":1}}}]},{"date":"2023-08-28","commitResults":[{"hash":"a1e83b04e479a2fb9407e585adcf0db1c8e67f93","isMergeCommit":false,"messageTitle":"Complete A-MoreOOP","messageBody":"","tags":["A-MoreOOP"],"fileTypesAndContributionMap":{"txt":{"insertions":5,"deletions":1},"java":{"insertions":309,"deletions":179}}},{"hash":"bc7ac7f67fbe5058effba02255caf2b4e9778b1e","isMergeCommit":false,"messageTitle":"Complete A-Packages","messageBody":"","tags":["A-Packages"],"fileTypesAndContributionMap":{"txt":{"insertions":6,"deletions":3},"java":{"insertions":103,"deletions":22}}},{"hash":"a4812d069bdcd52614f08b717f3bb2b6f5a6e536","isMergeCommit":true,"messageTitle":"Merge branch \u0027add-gradle-support\u0027","messageBody":"","fileTypesAndContributionMap":{}},{"hash":"888d93b822f5022389b4998717aaa73bc510b109","isMergeCommit":false,"messageTitle":"Complete A-Gradle","messageBody":"","tags":["A-Gradle"],"fileTypesAndContributionMap":{"gradle":{"insertions":1,"deletions":1},"txt":{"insertions":1,"deletions":1}}}]},{"date":"2023-08-29","commitResults":[{"hash":"b5fb304557f9a804f29e237c02c98337953e7700","isMergeCommit":false,"messageTitle":"Complete A-JUnit","messageBody":"","tags":["A-JUnit"],"fileTypesAndContributionMap":{"java":{"insertions":99,"deletions":0}}},{"hash":"00f814edb4571b4ea6cc4dfaa34cce8d562bd64c","isMergeCommit":false,"messageTitle":"Add isTaskDone method","messageBody":"","tags":["A-Jar"],"fileTypesAndContributionMap":{"java":{"insertions":4,"deletions":0}}},{"hash":"24dd9232afd7c61470a8872f9d0876aa6b47ec54","isMergeCommit":false,"messageTitle":"Complete A-Jar","messageBody":"","fileTypesAndContributionMap":{"gradle":{"insertions":1,"deletions":3},"java":{"insertions":1,"deletions":1}}},{"hash":"77dc2d085c42e987a7218a6b1d8fa7931699fe02","isMergeCommit":false,"messageTitle":"Add JavaDoc","messageBody":"","tags":["A-JavaDoc"],"fileTypesAndContributionMap":{"txt":{"insertions":2,"deletions":2},"java":{"insertions":285,"deletions":12}}}]},{"date":"2023-08-30","commitResults":[{"hash":"d7244d63593ae46c74b36103017a134010ca5604","isMergeCommit":false,"messageTitle":"Complete A-CodingStandard","messageBody":"","tags":["A-CodingStandard"],"fileTypesAndContributionMap":{"java":{"insertions":19,"deletions":6}}},{"hash":"2e7b2b10e99b4e9d6ef46a2699e271e55bfb5d26","isMergeCommit":false,"messageTitle":"Complete Level-9","messageBody":"","fileTypesAndContributionMap":{"txt":{"insertions":1,"deletions":1},"java":{"insertions":54,"deletions":1}}},{"hash":"cd2b1c4c8c378d900eb67ba4be18b07d538e7374","isMergeCommit":false,"messageTitle":"Add JavaDoc","messageBody":"","tags":["Level-9"],"fileTypesAndContributionMap":{"java":{"insertions":17,"deletions":1}}}]},{"date":"2023-09-05","commitResults":[{"hash":"7550680e0b8afb0a6926e4b7f725b81b930d8472","isMergeCommit":false,"messageTitle":"Complete A-CheckStyle","messageBody":"","tags":["A-CheckStyle"],"fileTypesAndContributionMap":{"gradle":{"insertions":5,"deletions":0},"java":{"insertions":95,"deletions":89}}}]},{"date":"2023-09-06","commitResults":[{"hash":"233c35e760cbeaf7a76dfb85e117a645e5d7f7a5","isMergeCommit":false,"messageTitle":"Complete Level-10","messageBody":"","tags":["Merge","Level-10","Improve"],"fileTypesAndContributionMap":{"gradle":{"insertions":15,"deletions":0},"txt":{"insertions":10,"deletions":0},"java":{"insertions":266,"deletions":172}}}]},{"date":"2023-09-12","commitResults":[{"hash":"989074483cd3893f3978de0c157248c819ba0425","isMergeCommit":false,"messageTitle":"Modify GUI Implementation","messageBody":"","fileTypesAndContributionMap":{"txt":{"insertions":3,"deletions":18},"java":{"insertions":778,"deletions":602}}},{"hash":"b281d7282c954c2ac1128266bff11cb99f2e22d1","isMergeCommit":false,"messageTitle":"Complete A-Assertions","messageBody":"","tags":["A-Assertions"],"fileTypesAndContributionMap":{"txt":{"insertions":1,"deletions":1},"java":{"insertions":6,"deletions":82}}}]},{"date":"2023-09-13","commitResults":[{"hash":"b2fb169e47db199dbace1b813853ec7b3223b293","isMergeCommit":false,"messageTitle":"Implement D-Notes feature: Add and List","messageBody":"","tags":["Notes"],"fileTypesAndContributionMap":{"java":{"insertions":195,"deletions":27}}},{"hash":"69cbd17c092d2c719910251c0c57e75b19ea4f2d","isMergeCommit":false,"messageTitle":"Fix Checkstyle Issues","messageBody":"I ran the Checkstyle tool in the Gradle project and made necessary changes.\n","fileTypesAndContributionMap":{"java":{"insertions":80,"deletions":46}}}]},{"date":"2023-09-16","commitResults":[{"hash":"edaaec70fac61860d47c42242844ca3e006d3843","isMergeCommit":false,"messageTitle":"Complete A-CodeQuality","messageBody":"Let\u0027s,\n* Fix Checkstyle issues to adhere to coding standards and conventions\n* Add JavaDoc comments to provide clear documentation for classes and methods\n* Improve code readability by applying abstraction where appropriate\n","tags":["A-CodeQuality"],"fileTypesAndContributionMap":{"txt":{"insertions":9,"deletions":3},"java":{"insertions":361,"deletions":217}}}]},{"date":"2023-09-19","commitResults":[{"hash":"7807852f788ce73516423abbdd2c9ab81fcf3b5b","isMergeCommit":false,"messageTitle":"Modify Level-10","messageBody":"","fileTypesAndContributionMap":{"txt":{"insertions":1,"deletions":2},"java":{"insertions":27,"deletions":10}}},{"hash":"9b8188cacf56ad57566693e94ea3543d8e77ca00","isMergeCommit":false,"messageTitle":"Modify A-CodeQuality","messageBody":"","tags":["CodeQuality"],"fileTypesAndContributionMap":{"txt":{"insertions":2,"deletions":2},"java":{"insertions":4,"deletions":2}}},{"hash":"d278b726798736c174ed434955e8d3c92bda2038","isMergeCommit":false,"messageTitle":"Add Assertions","messageBody":"","fileTypesAndContributionMap":{"java":{"insertions":4,"deletions":0}}},{"hash":"e6294ebafb3eb350b80eb8b4e2d53450b34d6f47","isMergeCommit":true,"messageTitle":"Merge pull request #2 from Daphne789/branch-A-Assertions","messageBody":"Add Assertions","fileTypesAndContributionMap":{}}]},{"date":"2023-09-21","commitResults":[{"hash":"b1775834d3e258d9f1f07117c3c90ef07636db34","isMergeCommit":false,"messageTitle":"Refactor long methods","messageBody":"SLAP is important to improve the code readability.\n\nLet\u0027s,\n- break down the long method into several smaller methods,\n  including start(), handleUserInput() in EchoBot.java\n  and loadTasks(), loadNotes() in Storage.java\n","tags":["A-FullCommitMessage"],"fileTypesAndContributionMap":{"txt":{"insertions":0,"deletions":8},"java":{"insertions":295,"deletions":173},"md":{"insertions":175,"deletions":10}}},{"hash":"f82c4608f3ec977b2ff8f409bd3d0d73e6423513","isMergeCommit":false,"messageTitle":"Add Delete Note Feature","messageBody":"","tags":["BCD-Extension"],"fileTypesAndContributionMap":{"java":{"insertions":112,"deletions":25}}},{"hash":"960c22e0ca7210c118171bb8bf869f43b864988b","isMergeCommit":false,"messageTitle":"Add Ui.png","messageBody":"","tags":["Ui.png"],"fileTypesAndContributionMap":{"java":{"insertions":2,"deletions":2},"md":{"insertions":87,"deletions":25}}},{"hash":"70963060940e3e87d6ccc076be75a8184ab6fad4","isMergeCommit":false,"messageTitle":"Add a User Guide","messageBody":"","tags":["A-UserGuide"],"fileTypesAndContributionMap":{"md":{"insertions":4,"deletions":4}}}]},{"date":"2023-09-22","commitResults":[{"hash":"02cbbee22d3250de54c2f9c23a83ae09cb1fd02d","isMergeCommit":false,"messageTitle":"Fix the test to properly testing EchoBot","messageBody":"","tags":["v2.0"],"fileTypesAndContributionMap":{"gradle":{"insertions":19,"deletions":2},"java":{"insertions":61,"deletions":21},"bat":{"insertions":1,"deletions":1},"md":{"insertions":26,"deletions":26}}},{"hash":"a64ec517abd07bbb1135370d4c44482361e7654f","isMergeCommit":false,"messageTitle":"Modify the User Guide and fix check style","messageBody":"","fileTypesAndContributionMap":{"java":{"insertions":0,"deletions":1},"md":{"insertions":26,"deletions":26}}},{"hash":"2e0aa6b36dd0987bc516af72c5bbfba9c7234301","isMergeCommit":false,"messageTitle":"Modify the build.gradle and Change the Ui.png","messageBody":"","fileTypesAndContributionMap":{"gradle":{"insertions":17,"deletions":19}}}]}]},"authorFileTypeContributionMap":{"Daphne789":{"java":1860,"md":233,"fxml":0,"sh":0,"bat":1,"gradle":33,"txt":10}},"authorContributionVariance":{"Daphne789":100474.08},"authorDisplayNameMap":{"Daphne789":"CS2103T-W09-1 DAPH..MINA"}}
