{"authorDailyContributionsMap":{"Nid21cs":[{"date":"2023-08-22","commitResults":[{"hash":"266008b4d5edab7f941b72d3ef9afc97367787d5","isMergeCommit":false,"messageTitle":"Made sure all class files are not pushed to github Added v0 requirements","messageBody":"","fileTypesAndContributionMap":{"java":{"insertions":3,"deletions":6}}},{"hash":"e2c2900e8fd532ec117d03dc72cd54c5047eb1c3","isMergeCommit":false,"messageTitle":"Hello added Scanner to receive input","messageBody":"","tags":["level-1"],"fileTypesAndContributionMap":{"java":{"insertions":10,"deletions":2}}},{"hash":"1f97884e13fc1debc8bdb298b3da2218ae7a717f","isMergeCommit":false,"messageTitle":"Added a tasks class to keep track of given tasks and add in related methods. Can now list out all tasks and will show when tasks are added","messageBody":"","tags":["level-3","level-2"],"fileTypesAndContributionMap":{"java":{"insertions":38,"deletions":5}}}]},{"date":"2023-08-23","commitResults":[{"hash":"55e6950f9affc0ca2c927cda7fe4af4054a69f82","isMergeCommit":false,"messageTitle":"Added unmarking and marking of tasks functionality Added single task class for each individual task","messageBody":"","fileTypesAndContributionMap":{"java":{"insertions":53,"deletions":8}}}]},{"date":"2023-08-24","commitResults":[{"hash":"32f8863e78e27e5008225f42961c08606732a30d","isMergeCommit":false,"messageTitle":"Used arraylist instead of using an array to put in objects of type SingleTask Added subclasses of SingleTask to represent 3 types of Tasks.","messageBody":"","tags":["level-4"],"fileTypesAndContributionMap":{"java":{"insertions":99,"deletions":43}}},{"hash":"8ddd388f69908a04f565420943c22d3d429ba414","isMergeCommit":false,"messageTitle":"Added auto testing of output specifically A-TextUiTesting","messageBody":"","tags":["A-TextUiTesting"],"fileTypesAndContributionMap":{"txt":{"insertions":5,"deletions":0},"java":{"insertions":1,"deletions":0},"bat":{"insertions":0,"deletions":21},"sh":{"insertions":1,"deletions":1}}},{"hash":"3bff630f456d72b568cf38c969e8fd3f14ad26b0","isMergeCommit":false,"messageTitle":"Added DukeException class to handle inputs that are not valid for the scannner","messageBody":"","tags":["Level-5"],"fileTypesAndContributionMap":{"java":{"insertions":81,"deletions":50}}},{"hash":"795382af2fd1e0950c265a68862baa03415c0aef","isMergeCommit":false,"messageTitle":"Added a delete functionality to delete tasks and also made sure that the inputs of delete are viable and throw an exception if not","messageBody":"","tags":["Level-6"],"fileTypesAndContributionMap":{"java":{"insertions":33,"deletions":0}}}]},{"date":"2023-08-30","commitResults":[{"hash":"47808ee7ee2da424c42dc7bdb4136cb71569ab53","isMergeCommit":false,"messageTitle":"Added a Parser class to handle user inputs, a storage class to save and load saved tasks when bot is turned off. also made SingleTasks abstract as well","messageBody":"","tags":["Level-7"],"fileTypesAndContributionMap":{"txt":{"insertions":3,"deletions":0},"java":{"insertions":245,"deletions":118}}},{"hash":"03267a7eb1cf4f091adea5fae1a22b1f6284969a","isMergeCommit":false,"messageTitle":"changed to ensure that all import statements were specific","messageBody":"","fileTypesAndContributionMap":{"java":{"insertions":8,"deletions":4}}},{"hash":"6d72be07e0210ba660a6f7c9f2e722855b1fe53a","isMergeCommit":false,"messageTitle":"Branch level 8 added a date and time feature to Deadline so the date and time is stored","messageBody":"","tags":["Level-8"],"fileTypesAndContributionMap":{"txt":{"insertions":0,"deletions":3},"java":{"insertions":22,"deletions":7}}}]},{"date":"2023-08-31","commitResults":[{"hash":"0629ab6a94de99dc422081ea08e095f1de8b48e9","isMergeCommit":false,"messageTitle":"Added a UI class to handle user input and call for it when required Added a TaskList class to handle all methods involving the ArrayList","messageBody":"","tags":["A-MoreOOP"],"fileTypesAndContributionMap":{"txt":{"insertions":1,"deletions":0},"java":{"insertions":128,"deletions":59}}},{"hash":"3810dd91e08e42ab88c283f3b4e8f52965b7f2c3","isMergeCommit":false,"messageTitle":"Added all files under the package class","messageBody":"","tags":["A-Packages"],"fileTypesAndContributionMap":{"java":{"insertions":27,"deletions":3},"md":{"insertions":2,"deletions":2}}}]},{"date":"2023-09-01","commitResults":[{"hash":"7d43bbc14d2f98f2de3bf09448df2827103a4695","isMergeCommit":false,"messageTitle":"Added javadoc comments to all public methods Made sure to follow coding standard as well as Added a find feature to find tasks that contain a certain keyword","messageBody":"","tags":["Level-9","A-JavaDoc","A-CodingStandard"],"fileTypesAndContributionMap":{"txt":{"insertions":3,"deletions":0},"java":{"insertions":259,"deletions":13}}},{"hash":"eb01ff5ebeaa5e030245b04fdb6fb50c27ad52e0","isMergeCommit":true,"messageTitle":"Merge pull request #1 from Nid21cs/add-gradle-support","messageBody":"Add gradle support","fileTypesAndContributionMap":{}},{"hash":"fa6182f9f38c229ff6e4a70849ffc94ff4b8418c","isMergeCommit":false,"messageTitle":"Added gradle and is able to run","messageBody":"","tags":["A-Gradle"],"fileTypesAndContributionMap":{"gradle":{"insertions":10,"deletions":1}}}]},{"date":"2023-09-02","commitResults":[{"hash":"9abbe09952a9a433178e05a53cf44fbbfcf44086","isMergeCommit":false,"messageTitle":"added junit testing","messageBody":"","tags":["A-JUnit"],"fileTypesAndContributionMap":{"gradle":{"insertions":0,"deletions":1},"java":{"insertions":17,"deletions":0}}}]},{"date":"2023-09-06","commitResults":[{"hash":"8e0cee30c97c0239e34f67992506ec19e843b71e","isMergeCommit":false,"messageTitle":"Added GUI changed all System.print statements to return a string to output to GUI as well","messageBody":"","tags":["Level-10"],"fileTypesAndContributionMap":{"gradle":{"insertions":21,"deletions":1},"txt":{"insertions":3,"deletions":2},"fxml":{"insertions":35,"deletions":0},"java":{"insertions":241,"deletions":77}}}]},{"date":"2023-09-12","commitResults":[{"hash":"825281ed7c7d07721eb7ec8feed50a1e7ffc689d","isMergeCommit":false,"messageTitle":"Exceptions are only checking for bad input etcetera but not for problems in code itself assertions are not used.","messageBody":"Without assertions, potential bugs and issues related to task operations may go unnoticed during development and testing.\n\nAdded assertions to the three task classes as well as TaskList\n\nAssertions are a useful way to validate assumptions about the program state. They can help catch bugs early in the development process.\n","tags":["A-FullCommitMessage","A-Assertions"],"fileTypesAndContributionMap":{"java":{"insertions":15,"deletions":1}}},{"hash":"d3dcbf2331180ec75267809df2b3517a97ca2650","isMergeCommit":true,"messageTitle":"Merge pull request #2 from Nid21cs/branch-A-Assertions","messageBody":"Exceptions are only checking for bad input etcetera but not for probl…","tags":["A-CodeQuality"],"fileTypesAndContributionMap":{}}]},{"date":"2023-09-13","commitResults":[{"hash":"dbb45d644b0d5e8789c801841e6dbcc5141327b2","isMergeCommit":false,"messageTitle":"The code does not adhere to coding style","messageBody":"Coding style is important for code readability and maintainability\n\nCorrected coding style mistakes in various files\n","fileTypesAndContributionMap":{"java":{"insertions":14,"deletions":14}}},{"hash":"438e1328a13aec0f5dae57cca6df44c00cff9f25","isMergeCommit":true,"messageTitle":"Merge pull request #3 from Nid21cs/branch-A-CodeQuality","messageBody":"The code does not adhere to coding style","fileTypesAndContributionMap":{}},{"hash":"1780478f29918c2d6166e72c7f16e2f218d888dc","isMergeCommit":false,"messageTitle":"Added a CommandHelp class to handle all help inputs.","messageBody":"Returns instruction of what each command does as well as lists all available commands.\n\nExample usage of the command is also provided\n\nAlso changed package names to adhere to coding standards.\n","tags":["BCD-Extension"],"fileTypesAndContributionMap":{"fxml":{"insertions":1,"deletions":1},"java":{"insertions":64,"deletions":17},"md":{"insertions":2,"deletions":2}}}]},{"date":"2023-09-21","commitResults":[{"hash":"398eece94afa91b4241b295a668424805df6b42e","isMergeCommit":false,"messageTitle":"Added a user guide and fixed some bugs in code","messageBody":"","tags":["A-UserGuide"],"fileTypesAndContributionMap":{"txt":{"insertions":1,"deletions":4},"java":{"insertions":11,"deletions":8},"md":{"insertions":170,"deletions":5}}}]},{"date":"2023-09-22","commitResults":[{"hash":"a19537a159841da4982e416e05442fd51541bc56","isMergeCommit":false,"messageTitle":"Updated User guide removed template","messageBody":"","fileTypesAndContributionMap":{"md":{"insertions":0,"deletions":15}}},{"hash":"44afa9ef35cf14dc21f092b37db7e2c7139bcfe4","isMergeCommit":false,"messageTitle":"Added more comprehensive junit testing to test parser class.","messageBody":"","tags":["test","V1.2","A-Release","11"],"fileTypesAndContributionMap":{"java":{"insertions":31,"deletions":0}}},{"hash":"fbfb3d6d74b8ffd4c511c71592277a379b357951","isMergeCommit":false,"messageTitle":"Updated build.gradle to work on different OS","messageBody":"","fileTypesAndContributionMap":{"gradle":{"insertions":24,"deletions":17}}}]},{"date":"2023-10-19","commitResults":[{"hash":"2d59383e73dc50675ad2c18e0e85aa38f9ede0bc","isMergeCommit":false,"messageTitle":"Add Testing and reduced LOC in parser.parse method","messageBody":"","fileTypesAndContributionMap":{"gradle":{"insertions":1,"deletions":1},"java":{"insertions":84,"deletions":42}}},{"hash":"85ad7a0eceae018db83c99ffbf0752671fb18e2f","isMergeCommit":false,"messageTitle":"Updated UG","messageBody":"","fileTypesAndContributionMap":{"md":{"insertions":1,"deletions":1}}}]}]},"authorFileTypeContributionMap":{"Nid21cs":{"java":1014,"md":159,"fxml":35,"sh":1,"bat":0,"gradle":39,"txt":7}},"authorContributionVariance":{"Nid21cs":8822.876},"authorDisplayNameMap":{"Nid21cs":"CS2103T-W15-2 NIDH..HNAN"}}
