{"authorDailyContributionsMap":{"richiehx":[{"date":"2023-08-22","commitResults":[{"hash":"1f313568dc7decf9528fd2b8a896550cf422cb13","isMergeCommit":false,"messageTitle":"Completed Level-0","messageBody":"","tags":["Level-0"],"fileTypesAndContributionMap":{"java":{"insertions":5,"deletions":6}}},{"hash":"ec7fffa58f3dbc028b48232a356eaf4f0cfb0bc9","isMergeCommit":false,"messageTitle":"Completed Level-1","messageBody":"","tags":["Level-1"],"fileTypesAndContributionMap":{"java":{"insertions":27,"deletions":4}}},{"hash":"bea844b7b4c1fcb1600e72ea22f5edeeb7c1f3a7","isMergeCommit":false,"messageTitle":"Completed Level-2","messageBody":"","tags":["Level-2"],"fileTypesAndContributionMap":{"java":{"insertions":28,"deletions":7}}},{"hash":"2b4ae8185d17ad283f29f9082396dabfa96aee02","isMergeCommit":false,"messageTitle":"Completed Level 3","messageBody":"","tags":["Level-3"],"fileTypesAndContributionMap":{"java":{"insertions":58,"deletions":7}}}]},{"date":"2023-08-23","commitResults":[{"hash":"e8f4519946ce26a9c716546d909279185ca799c2","isMergeCommit":false,"messageTitle":"Completed Level 4","messageBody":"","tags":["Level-4"],"fileTypesAndContributionMap":{"java":{"insertions":115,"deletions":22}}},{"hash":"d08a58244212766b70f08bae597bc34597217796","isMergeCommit":false,"messageTitle":"Completed Automated Text UI Testing","messageBody":"","tags":["A-TextUiTesting"],"fileTypesAndContributionMap":{"txt":{"insertions":10,"deletions":0},"java":{"insertions":7,"deletions":10}}},{"hash":"ccf2bde821633288b984f10e6005594fe004d27d","isMergeCommit":false,"messageTitle":"Completed Level 5","messageBody":"","tags":["Level-5"],"fileTypesAndContributionMap":{"java":{"insertions":86,"deletions":43}}},{"hash":"38f1a2b4d73c44a4e249fddec1c8af06db9ad9b5","isMergeCommit":false,"messageTitle":"Completed Level 6","messageBody":"","tags":["Level-6"],"fileTypesAndContributionMap":{"java":{"insertions":22,"deletions":6}}}]},{"date":"2023-08-24","commitResults":[{"hash":"9073c5b4aeb4290a77f6b5dd786d8d0b353da5a3","isMergeCommit":false,"messageTitle":"Fixed bug when entering strings as index for mark/unmark and delete commands","messageBody":"","fileTypesAndContributionMap":{"java":{"insertions":27,"deletions":19}}},{"hash":"2a6f0d067543b116d332476af955d2180ecc4122","isMergeCommit":false,"messageTitle":"Refactored code to use Enums","messageBody":"","tags":["A-Enums"],"fileTypesAndContributionMap":{"java":{"insertions":67,"deletions":33}}}]},{"date":"2023-08-25","commitResults":[{"hash":"65b1cae4a8bd48809c9225c2165fd9f4e7fe5e34","isMergeCommit":false,"messageTitle":"Changed test files due to change of output","messageBody":"","fileTypesAndContributionMap":{"txt":{"insertions":2,"deletions":2}}}]},{"date":"2023-08-28","commitResults":[{"hash":"92a530740730a05d5956409cd48592c7093162b6","isMergeCommit":false,"messageTitle":"Add File Save and Read functionality","messageBody":"","fileTypesAndContributionMap":{"java":{"insertions":168,"deletions":5}}},{"hash":"ee3e5be91bf3dc81b8852371aafe447c4a700d91","isMergeCommit":false,"messageTitle":"Complete Level 7 and Refactor Code into TaskList and Storage","messageBody":"","fileTypesAndContributionMap":{"java":{"insertions":154,"deletions":155}}},{"hash":"602003b7a9fdf860809395999af5769c2df6862d","isMergeCommit":true,"messageTitle":"Merge branch \u0027branch-Level-7\u0027","messageBody":"","tags":["Level-7"],"fileTypesAndContributionMap":{}}]},{"date":"2023-08-29","commitResults":[{"hash":"5d2376a2282cee1f1e8c8d79f0c0d553ad676a78","isMergeCommit":false,"messageTitle":"Refactor Code into Parser and TaskList","messageBody":"","fileTypesAndContributionMap":{"java":{"insertions":126,"deletions":88}}},{"hash":"8cd66608d8a850b84e1e2ebf0b984214b0e55313","isMergeCommit":false,"messageTitle":"Complete Level 8 and Add Date parsing","messageBody":"","fileTypesAndContributionMap":{"java":{"insertions":42,"deletions":8}}},{"hash":"d9163254e14fb889fc741c989f171801bf78d21f","isMergeCommit":true,"messageTitle":"Merge branch \u0027branch-Level-8\u0027","messageBody":"","tags":["Level-8"],"fileTypesAndContributionMap":{}}]},{"date":"2023-08-30","commitResults":[{"hash":"3309c79f0c54955be4855c10f6162f703927e869","isMergeCommit":false,"messageTitle":"Refactor Code and Added Ui class for more OOP","messageBody":"","fileTypesAndContributionMap":{"java":{"insertions":70,"deletions":47}}},{"hash":"bde222e3c6132bb7ce3a28c133dff0e1e481ae76","isMergeCommit":true,"messageTitle":"Merge branch \u0027branch-A-MoreOOP\u0027","messageBody":"","tags":["A-MoreOOP"],"fileTypesAndContributionMap":{}},{"hash":"108c47a47b21a7f2ff11cd2cc4b977af484db78e","isMergeCommit":false,"messageTitle":"Refactor files into packages","messageBody":"","fileTypesAndContributionMap":{"java":{"insertions":63,"deletions":17},"bat":{"insertions":1,"deletions":1},"md":{"insertions":13,"deletions":8}}},{"hash":"c09a1d815a6a99a58290140b0bf7167ce9f94797","isMergeCommit":true,"messageTitle":"Merge branch \u0027branch-A-Packages\u0027","messageBody":"","tags":["A-Packages"],"fileTypesAndContributionMap":{}},{"hash":"cfa537818f73c528f4807a670a23ca50cee754bb","isMergeCommit":false,"messageTitle":"Fix bug from Storage Constructor","messageBody":"","fileTypesAndContributionMap":{"java":{"insertions":1,"deletions":1}}},{"hash":"691958c503e8c1323e5d6166d13e7163b3a5c598","isMergeCommit":true,"messageTitle":"Merge branch \u0027branch-A-Packages\u0027","messageBody":"","fileTypesAndContributionMap":{}},{"hash":"46a0062a07b3e409b1ad4cb392252513844bbf39","isMergeCommit":true,"messageTitle":"Merge branch \u0027add-gradle-support\u0027 of https://github.com/richiehx/ip","messageBody":"","fileTypesAndContributionMap":{}}]},{"date":"2023-08-31","commitResults":[{"hash":"776607e73b269c943a32527fcd45c2c400409616","isMergeCommit":false,"messageTitle":"Use Gradle to build and run and Fix Text for tasks","messageBody":"","fileTypesAndContributionMap":{"gradle":{"insertions":1,"deletions":1},"txt":{"insertions":9,"deletions":3},"java":{"insertions":5,"deletions":6},"bat":{"insertions":1,"deletions":1}}},{"hash":"7c41864a8bcdb5b49504f5c58eaf4dfa8cbbd2f2","isMergeCommit":true,"messageTitle":"Merge branch \u0027branch-A-Gradle\u0027","messageBody":"","tags":["A-Gradle"],"fileTypesAndContributionMap":{}}]}]},"authorFileTypeContributionMap":{"richiehx":{"java":594,"md":10,"fxml":0,"sh":0,"bat":2,"gradle":1,"txt":16}},"authorContributionVariance":{"richiehx":22277.121},"authorDisplayNameMap":{"richiehx":"CS2103T-T11-3 RICH..SIEH"}}
