{"authorDailyContributionsMap":{"qyaner":[{"date":"2023-08-21","commitResults":[{"hash":"9ec188fac089cbd0366fbb357dfc70d749cfee25","isMergeCommit":false,"messageTitle":"Level-0","messageBody":"","tags":["Level-0"],"fileTypesAndContributionMap":{"java":{"insertions":4,"deletions":1}}},{"hash":"417325bea777318782ecea57e903e2ede321ccb4","isMergeCommit":false,"messageTitle":"Level-1","messageBody":"","tags":["Level-1"],"fileTypesAndContributionMap":{"java":{"insertions":19,"deletions":6}}},{"hash":"4befd1a43875c839dbb6c1cecd18c54b7695f02e","isMergeCommit":false,"messageTitle":"Level-2","messageBody":"","tags":["Level-2"],"fileTypesAndContributionMap":{"java":{"insertions":13,"deletions":2}}},{"hash":"8ccbfbf489574f5005559d4e7f5f891894d9fadf","isMergeCommit":false,"messageTitle":"Level-3","messageBody":"","tags":["Level-3"],"fileTypesAndContributionMap":{"java":{"insertions":50,"deletions":9}}}]},{"date":"2023-08-22","commitResults":[{"hash":"98679731711bf025f6af5740288c991e98898f48","isMergeCommit":false,"messageTitle":"Level-4","messageBody":"","tags":["Level-4"],"fileTypesAndContributionMap":{"java":{"insertions":98,"deletions":8}}},{"hash":"c7b85de3b1d45185486b40264b549c4fadfc64f0","isMergeCommit":false,"messageTitle":"Level-5","messageBody":"","tags":["Level-5"],"fileTypesAndContributionMap":{"java":{"insertions":83,"deletions":38}}},{"hash":"7c5c5b69e3a5c95013d54d7e5d1f0933cd052430","isMergeCommit":false,"messageTitle":"Level-6","messageBody":"","tags":["Level-6"],"fileTypesAndContributionMap":{"java":{"insertions":30,"deletions":23}}}]},{"date":"2023-08-24","commitResults":[{"hash":"e48535d573c09c335f51802042c85e2bf7a9d564","isMergeCommit":false,"messageTitle":"A-TextUiTesting","messageBody":"","tags":["A-TextUiTesting"],"fileTypesAndContributionMap":{"txt":{"insertions":7,"deletions":0},"java":{"insertions":7,"deletions":6}}},{"hash":"d1bdd434393f3fa6e84a6bdddf7985f9433d5e5b","isMergeCommit":false,"messageTitle":"separated classes into different files and added some comments","messageBody":"","fileTypesAndContributionMap":{"java":{"insertions":104,"deletions":99}}}]},{"date":"2023-08-26","commitResults":[{"hash":"928ec51b25ea85c608c0a53c6f10f0bfdc312f04","isMergeCommit":false,"messageTitle":"Level-7","messageBody":"","fileTypesAndContributionMap":{"java":{"insertions":101,"deletions":2}}},{"hash":"8018e33d08126269be167d5e3833fc15448d9482","isMergeCommit":true,"messageTitle":"Merge branch \u0027branch-Level-7\u0027","messageBody":"","tags":["Level-7"],"fileTypesAndContributionMap":{}}]},{"date":"2023-08-27","commitResults":[{"hash":"f96880eeeaf62afefe3edb7ecf8ee2c065528ed4","isMergeCommit":false,"messageTitle":"Level-8","messageBody":"","fileTypesAndContributionMap":{"java":{"insertions":56,"deletions":1}}},{"hash":"0903019fe6b48549cb375e9530932ba6c6eb0669","isMergeCommit":true,"messageTitle":"Merge branch \u0027branch-Level-8\u0027","messageBody":"","tags":["Level-8"],"fileTypesAndContributionMap":{}}]},{"date":"2023-08-29","commitResults":[{"hash":"4dc6607e961019099747de42371874984f491d34","isMergeCommit":false,"messageTitle":"A-MoreOOP","messageBody":"","fileTypesAndContributionMap":{"java":{"insertions":271,"deletions":154}}},{"hash":"feac2eba82d98569abad8200f3a3ee1938c499b2","isMergeCommit":true,"messageTitle":"Merge branch \u0027branch-A-MoreOOP\u0027","messageBody":"","tags":["A-MoreOOP"],"fileTypesAndContributionMap":{}},{"hash":"b33ef21191a86bb9bff15b575314004c8032055b","isMergeCommit":false,"messageTitle":"A-Packages","messageBody":"","fileTypesAndContributionMap":{"java":{"insertions":30,"deletions":4}}},{"hash":"ad4fad2bf87cff1e751c31580b1eda90d1ac412f","isMergeCommit":true,"messageTitle":"Merge branch \u0027branch-A-Packages\u0027","messageBody":"","tags":["A-Packages"],"fileTypesAndContributionMap":{}},{"hash":"a012079457ec6a62ba602e61578a9ca369280c37","isMergeCommit":true,"messageTitle":"Merge branch \u0027master\u0027 into add-gradle-support","messageBody":"","fileTypesAndContributionMap":{}},{"hash":"8c663923ab024d95ac8987696e0a56520d2cfa77","isMergeCommit":false,"messageTitle":"A-Gradle","messageBody":"","tags":["A-Gradle"],"fileTypesAndContributionMap":{"gradle":{"insertions":1,"deletions":1}}},{"hash":"f89bc9e4d16b0fa4bfdee4b29220e29477e07673","isMergeCommit":false,"messageTitle":"A-JUnit","messageBody":"","tags":["A-JUnit"],"fileTypesAndContributionMap":{"java":{"insertions":276,"deletions":35}}},{"hash":"2b6b417023b4f628c3db9c0f78ac9a181f81f4a9","isMergeCommit":false,"messageTitle":"A-Jar","messageBody":"","tags":["A-Jar"],"fileTypesAndContributionMap":{"gradle":{"insertions":3,"deletions":0}}}]},{"date":"2023-08-30","commitResults":[{"hash":"f188576900bdd0fedd832c36a307dc2d5b79a57c","isMergeCommit":false,"messageTitle":"A-JavaDoc","messageBody":"","fileTypesAndContributionMap":{"java":{"insertions":281,"deletions":5}}},{"hash":"547163c5a68667cec6ff91c31e2b3a78eeceb629","isMergeCommit":false,"messageTitle":"A-CodingStandard","messageBody":"","fileTypesAndContributionMap":{"java":{"insertions":9,"deletions":11}}},{"hash":"da37e354426033345588309422093cf44e28da4b","isMergeCommit":false,"messageTitle":"Level-9","messageBody":"","fileTypesAndContributionMap":{"java":{"insertions":40,"deletions":9}}},{"hash":"f31aa9e3e37434d6641be8eaf367bfd193dbbcd6","isMergeCommit":true,"messageTitle":"Merge branch \u0027branch-A-JavaDoc\u0027","messageBody":"","tags":["A-JavaDoc"],"fileTypesAndContributionMap":{}},{"hash":"43166a08c4ea7245a055595dcb917c1a32ca31f9","isMergeCommit":true,"messageTitle":"Merge branch \u0027branch-A-CodingStandard\u0027","messageBody":"","tags":["A-CodingStandard"],"fileTypesAndContributionMap":{}},{"hash":"9ddc3bc28039c76e17af6ffae896d00bb44911aa","isMergeCommit":true,"messageTitle":"Merge branch \u0027branch-Level-9\u0027","messageBody":"","tags":["Level-9"],"fileTypesAndContributionMap":{}}]}]},"authorFileTypeContributionMap":{"qyaner":{"java":1070,"md":0,"fxml":0,"sh":0,"bat":0,"gradle":4,"txt":7}},"authorContributionVariance":{"qyaner":46356.688},"authorDisplayNameMap":{"qyaner":"CS2103T-W10-3 QIN ..N ER"}}
