{"authorDailyContributionsMap":{"NgChunMan":[{"date":"2023-08-22","commitResults":[{"hash":"de120df366273e67ce78bcc66b5989f3f967b266","isMergeCommit":false,"messageTitle":"Add: Level 0","messageBody":"","tags":["Level-0"],"fileTypesAndContributionMap":{"java":{"insertions":20,"deletions":10}}}]},{"date":"2023-08-23","commitResults":[{"hash":"0d9df654d36b9c9d7c38ef63bde15d3fc75dd5f2","isMergeCommit":false,"messageTitle":"Add: Level 1","messageBody":"","tags":["Level-1"],"fileTypesAndContributionMap":{"java":{"insertions":12,"deletions":1}}},{"hash":"30861a78979c0ebd161e533210ce87c07de3b00c","isMergeCommit":false,"messageTitle":"Add: Level 2","messageBody":"","tags":["Level-2"],"fileTypesAndContributionMap":{"java":{"insertions":24,"deletions":2}}},{"hash":"bd8d4b0a7a76f29ec46da6f57e02c0cd762e88ba","isMergeCommit":false,"messageTitle":"Add: Level 3","messageBody":"","tags":["Level-3"],"fileTypesAndContributionMap":{"java":{"insertions":91,"deletions":10}}},{"hash":"5f543248de8277dce61348250c9603ba173b9e76","isMergeCommit":false,"messageTitle":"Add: Level 4 (Inheritance)","messageBody":"","tags":["Level-4"],"fileTypesAndContributionMap":{"java":{"insertions":211,"deletions":29}}}]}]},"authorFileTypeContributionMap":{"NgChunMan":{"java":316,"md":0,"fxml":0,"sh":0,"bat":0,"gradle":0,"txt":0}},"authorContributionVariance":{"NgChunMan":19547.22},"authorDisplayNameMap":{"NgChunMan":"NG C.. MAN"}}
