[{"path":"README.md","fileType":"md","lines":[{"lineNumber":1,"author":{"gitId":"victorlaiyeeteng"},"content":"# duke.duke.Duke project template","lastModifiedDate":"2023-08-29"},{"lineNumber":2,"author":{"gitId":"-"},"content":"","lastModifiedDate":"2020-05-25"},{"lineNumber":3,"author":{"gitId":"-"},"content":"This is a project template for a greenfield Java project. It\u0027s named after the Java mascot _Duke_. Given below are instructions on how to use it.","lastModifiedDate":"2020-05-25"},{"lineNumber":4,"author":{"gitId":"-"},"content":"","lastModifiedDate":"2020-05-25"},{"lineNumber":5,"author":{"gitId":"-"},"content":"## Setting up in Intellij","lastModifiedDate":"2020-05-25"},{"lineNumber":6,"author":{"gitId":"-"},"content":"","lastModifiedDate":"2020-05-25"},{"lineNumber":7,"author":{"gitId":"-"},"content":"Prerequisites: JDK 11, update Intellij to the most recent version.","lastModifiedDate":"2020-05-25"},{"lineNumber":8,"author":{"gitId":"-"},"content":"","lastModifiedDate":"2020-05-25"},{"lineNumber":9,"author":{"gitId":"-"},"content":"1. Open Intellij (if you are not in the welcome screen, click `File` \u003e `Close Project` to close the existing project first)","lastModifiedDate":"2021-01-17"},{"lineNumber":10,"author":{"gitId":"-"},"content":"1. Open the project into Intellij as follows:","lastModifiedDate":"2021-01-17"},{"lineNumber":11,"author":{"gitId":"-"},"content":"   1. Click `Open`.","lastModifiedDate":"2021-01-17"},{"lineNumber":12,"author":{"gitId":"-"},"content":"   1. Select the project directory, and click `OK`.","lastModifiedDate":"2021-01-17"},{"lineNumber":13,"author":{"gitId":"-"},"content":"   1. If there are any further prompts, accept the defaults.","lastModifiedDate":"2020-05-25"},{"lineNumber":14,"author":{"gitId":"-"},"content":"1. Configure the project to use **JDK 11** (not other versions) as explained in [here](https://www.jetbrains.com/help/idea/sdk.html#set-up-jdk).\u003cbr\u003e","lastModifiedDate":"2021-07-29"},{"lineNumber":15,"author":{"gitId":"-"},"content":"   In the same dialog, set the **Project language level** field to the `SDK default` option.","lastModifiedDate":"2021-07-29"},{"lineNumber":16,"author":{"gitId":"victorlaiyeeteng"},"content":"3. After that, locate the `src/main/java/duke.duke.Duke.java` file, right-click it, and choose `Run duke.duke.Duke.main()` (if the code editor is showing compile errors, try restarting the IDE). If the setup is correct, you should see something like the below as the output:","lastModifiedDate":"2023-08-29"},{"lineNumber":17,"author":{"gitId":"-"},"content":"   ```","lastModifiedDate":"2020-05-25"},{"lineNumber":18,"author":{"gitId":"-"},"content":"   Hello from","lastModifiedDate":"2020-05-25"},{"lineNumber":19,"author":{"gitId":"-"},"content":"    ____        _        ","lastModifiedDate":"2020-05-25"},{"lineNumber":20,"author":{"gitId":"-"},"content":"   |  _ \\ _   _| | _____ ","lastModifiedDate":"2020-05-25"},{"lineNumber":21,"author":{"gitId":"-"},"content":"   | | | | | | | |/ / _ \\","lastModifiedDate":"2020-05-25"},{"lineNumber":22,"author":{"gitId":"-"},"content":"   | |_| | |_| |   \u003c  __/","lastModifiedDate":"2020-05-25"},{"lineNumber":23,"author":{"gitId":"-"},"content":"   |____/ \\__,_|_|\\_\\___|","lastModifiedDate":"2020-05-25"},{"lineNumber":24,"author":{"gitId":"-"},"content":"   ```","lastModifiedDate":"2020-05-25"}],"authorContributionMap":{"victorlaiyeeteng":2,"-":22}},{"path":"build.gradle","fileType":"gradle","lines":[{"lineNumber":1,"author":{"gitId":"-"},"content":"plugins {","lastModifiedDate":"2020-05-25"},{"lineNumber":2,"author":{"gitId":"-"},"content":"    id \u0027java\u0027","lastModifiedDate":"2020-05-25"},{"lineNumber":3,"author":{"gitId":"-"},"content":"    id \u0027application\u0027","lastModifiedDate":"2020-05-25"},{"lineNumber":4,"author":{"gitId":"-"},"content":"    id \u0027com.github.johnrengelman.shadow\u0027 version \u00277.1.2\u0027","lastModifiedDate":"2023-08-05"},{"lineNumber":5,"author":{"gitId":"-"},"content":"}","lastModifiedDate":"2020-05-25"},{"lineNumber":6,"author":{"gitId":"-"},"content":"","lastModifiedDate":"2020-05-25"},{"lineNumber":7,"author":{"gitId":"victorlaiyeeteng"},"content":"mainClassName \u003d \u0027duke.duke.Duke\u0027","lastModifiedDate":"2023-08-29"},{"lineNumber":8,"author":{"gitId":"victorlaiyeeteng"},"content":"","lastModifiedDate":"2023-08-29"},{"lineNumber":9,"author":{"gitId":"-"},"content":"repositories {","lastModifiedDate":"2020-05-25"},{"lineNumber":10,"author":{"gitId":"-"},"content":"    mavenCentral()","lastModifiedDate":"2020-05-25"},{"lineNumber":11,"author":{"gitId":"-"},"content":"}","lastModifiedDate":"2020-05-25"},{"lineNumber":12,"author":{"gitId":"-"},"content":"","lastModifiedDate":"2020-05-25"},{"lineNumber":13,"author":{"gitId":"-"},"content":"dependencies {","lastModifiedDate":"2020-05-25"},{"lineNumber":14,"author":{"gitId":"-"},"content":"    testImplementation group: \u0027org.junit.jupiter\u0027, name: \u0027junit-jupiter-api\u0027, version: \u00275.10.0\u0027","lastModifiedDate":"2023-08-05"},{"lineNumber":15,"author":{"gitId":"-"},"content":"    testRuntimeOnly group: \u0027org.junit.jupiter\u0027, name: \u0027junit-jupiter-engine\u0027, version: \u00275.10.0\u0027","lastModifiedDate":"2023-08-05"},{"lineNumber":16,"author":{"gitId":"-"},"content":"}","lastModifiedDate":"2020-05-25"},{"lineNumber":17,"author":{"gitId":"-"},"content":"","lastModifiedDate":"2020-05-25"},{"lineNumber":18,"author":{"gitId":"-"},"content":"test {","lastModifiedDate":"2020-05-25"},{"lineNumber":19,"author":{"gitId":"-"},"content":"    useJUnitPlatform()","lastModifiedDate":"2020-05-25"},{"lineNumber":20,"author":{"gitId":"-"},"content":"","lastModifiedDate":"2020-05-25"},{"lineNumber":21,"author":{"gitId":"-"},"content":"    testLogging {","lastModifiedDate":"2020-05-25"},{"lineNumber":22,"author":{"gitId":"-"},"content":"        events \"passed\", \"skipped\", \"failed\"","lastModifiedDate":"2020-05-25"},{"lineNumber":23,"author":{"gitId":"-"},"content":"","lastModifiedDate":"2020-05-25"},{"lineNumber":24,"author":{"gitId":"-"},"content":"        showExceptions true","lastModifiedDate":"2020-05-25"},{"lineNumber":25,"author":{"gitId":"-"},"content":"        exceptionFormat \"full\"","lastModifiedDate":"2020-05-25"},{"lineNumber":26,"author":{"gitId":"-"},"content":"        showCauses true","lastModifiedDate":"2020-05-25"},{"lineNumber":27,"author":{"gitId":"-"},"content":"        showStackTraces true","lastModifiedDate":"2020-05-25"},{"lineNumber":28,"author":{"gitId":"-"},"content":"        showStandardStreams \u003d false","lastModifiedDate":"2020-05-25"},{"lineNumber":29,"author":{"gitId":"-"},"content":"    }","lastModifiedDate":"2020-05-25"},{"lineNumber":30,"author":{"gitId":"-"},"content":"}","lastModifiedDate":"2020-05-25"},{"lineNumber":31,"author":{"gitId":"-"},"content":"","lastModifiedDate":"2020-05-25"},{"lineNumber":32,"author":{"gitId":"-"},"content":"application {","lastModifiedDate":"2020-05-25"},{"lineNumber":33,"author":{"gitId":"victorlaiyeeteng"},"content":"    mainClass.set(\"duke.duke.Duke\")","lastModifiedDate":"2023-08-29"},{"lineNumber":34,"author":{"gitId":"-"},"content":"}","lastModifiedDate":"2020-05-25"},{"lineNumber":35,"author":{"gitId":"-"},"content":"","lastModifiedDate":"2020-05-25"},{"lineNumber":36,"author":{"gitId":"-"},"content":"shadowJar {","lastModifiedDate":"2020-05-25"},{"lineNumber":37,"author":{"gitId":"victorlaiyeeteng"},"content":"    archiveFileName \u003d \"duke.jar\"","lastModifiedDate":"2023-08-29"},{"lineNumber":38,"author":{"gitId":"-"},"content":"    archiveBaseName \u003d \"duke\"","lastModifiedDate":"2020-05-25"},{"lineNumber":39,"author":{"gitId":"-"},"content":"    archiveClassifier \u003d null","lastModifiedDate":"2020-05-25"},{"lineNumber":40,"author":{"gitId":"-"},"content":"    dependsOn(\"distZip\", \"distTar\")","lastModifiedDate":"2023-08-05"},{"lineNumber":41,"author":{"gitId":"-"},"content":"}","lastModifiedDate":"2020-05-25"},{"lineNumber":42,"author":{"gitId":"-"},"content":"","lastModifiedDate":"2020-05-25"},{"lineNumber":43,"author":{"gitId":"-"},"content":"run{","lastModifiedDate":"2020-05-25"},{"lineNumber":44,"author":{"gitId":"-"},"content":"    standardInput \u003d System.in","lastModifiedDate":"2020-05-25"},{"lineNumber":45,"author":{"gitId":"-"},"content":"}","lastModifiedDate":"2020-05-25"}],"authorContributionMap":{"victorlaiyeeteng":4,"-":41}},{"path":"data/tasks.txt","fileType":"txt","lines":[{"lineNumber":1,"author":{"gitId":"victorlaiyeeteng"},"content":"T | 1 | read book","lastModifiedDate":"2023-08-28"},{"lineNumber":2,"author":{"gitId":"victorlaiyeeteng"},"content":"D | 0 | return book | 2008-08-12","lastModifiedDate":"2023-08-29"},{"lineNumber":3,"author":{"gitId":"victorlaiyeeteng"},"content":"T | 1 | join sports club","lastModifiedDate":"2023-08-28"}],"authorContributionMap":{"victorlaiyeeteng":3}},{"path":"src/main/java/duke/duke/Duke.java","fileType":"java","lines":[{"lineNumber":1,"author":{"gitId":"victorlaiyeeteng"},"content":"package duke.duke;","lastModifiedDate":"2023-08-29"},{"lineNumber":2,"author":{"gitId":"victorlaiyeeteng"},"content":"","lastModifiedDate":"2023-08-29"},{"lineNumber":3,"author":{"gitId":"victorlaiyeeteng"},"content":"import duke.exception.DukeException;","lastModifiedDate":"2023-08-29"},{"lineNumber":4,"author":{"gitId":"victorlaiyeeteng"},"content":"import duke.task.*;","lastModifiedDate":"2023-08-29"},{"lineNumber":5,"author":{"gitId":"victorlaiyeeteng"},"content":"import duke.util.Parser;","lastModifiedDate":"2023-08-29"},{"lineNumber":6,"author":{"gitId":"victorlaiyeeteng"},"content":"import duke.util.Storage;","lastModifiedDate":"2023-08-29"},{"lineNumber":7,"author":{"gitId":"victorlaiyeeteng"},"content":"","lastModifiedDate":"2023-08-29"},{"lineNumber":8,"author":{"gitId":"victorlaiyeeteng"},"content":"import java.util.Scanner;","lastModifiedDate":"2023-08-22"},{"lineNumber":9,"author":{"gitId":"victorlaiyeeteng"},"content":"import java.util.List;","lastModifiedDate":"2023-08-22"},{"lineNumber":10,"author":{"gitId":"victorlaiyeeteng"},"content":"","lastModifiedDate":"2023-08-22"},{"lineNumber":11,"author":{"gitId":"victorlaiyeeteng"},"content":"public class Duke {","lastModifiedDate":"2023-08-22"},{"lineNumber":12,"author":{"gitId":"victorlaiyeeteng"},"content":"","lastModifiedDate":"2023-08-24"},{"lineNumber":13,"author":{"gitId":"victorlaiyeeteng"},"content":"    private final Storage storage;","lastModifiedDate":"2023-08-28"},{"lineNumber":14,"author":{"gitId":"victorlaiyeeteng"},"content":"    private final Ui ui;","lastModifiedDate":"2023-08-28"},{"lineNumber":15,"author":{"gitId":"victorlaiyeeteng"},"content":"","lastModifiedDate":"2023-08-28"},{"lineNumber":16,"author":{"gitId":"victorlaiyeeteng"},"content":"    public Duke(String filePath) {","lastModifiedDate":"2023-08-28"},{"lineNumber":17,"author":{"gitId":"victorlaiyeeteng"},"content":"        ui \u003d new Ui();","lastModifiedDate":"2023-08-28"},{"lineNumber":18,"author":{"gitId":"victorlaiyeeteng"},"content":"        storage \u003d new Storage(filePath);","lastModifiedDate":"2023-08-28"},{"lineNumber":19,"author":{"gitId":"victorlaiyeeteng"},"content":"    }","lastModifiedDate":"2023-08-28"},{"lineNumber":20,"author":{"gitId":"victorlaiyeeteng"},"content":"","lastModifiedDate":"2023-08-28"},{"lineNumber":21,"author":{"gitId":"victorlaiyeeteng"},"content":"    public void run() {","lastModifiedDate":"2023-08-28"},{"lineNumber":22,"author":{"gitId":"victorlaiyeeteng"},"content":"        try {","lastModifiedDate":"2023-08-22"},{"lineNumber":23,"author":{"gitId":"victorlaiyeeteng"},"content":"            Scanner reader \u003d new Scanner(System.in);","lastModifiedDate":"2023-08-22"},{"lineNumber":24,"author":{"gitId":"victorlaiyeeteng"},"content":"            TaskList taskList \u003d new TaskList(100);","lastModifiedDate":"2023-08-28"},{"lineNumber":25,"author":{"gitId":"victorlaiyeeteng"},"content":"            List\u003cTask\u003e list \u003d taskList.getList();","lastModifiedDate":"2023-08-28"},{"lineNumber":26,"author":{"gitId":"victorlaiyeeteng"},"content":"            ui.showWelcomeMessage();","lastModifiedDate":"2023-08-28"},{"lineNumber":27,"author":{"gitId":"victorlaiyeeteng"},"content":"            // Load tasks from a file","lastModifiedDate":"2023-08-28"},{"lineNumber":28,"author":{"gitId":"victorlaiyeeteng"},"content":"            storage.loadTasksFromFile(list);","lastModifiedDate":"2023-08-28"},{"lineNumber":29,"author":{"gitId":"victorlaiyeeteng"},"content":"","lastModifiedDate":"2023-08-28"},{"lineNumber":30,"author":{"gitId":"victorlaiyeeteng"},"content":"            label:","lastModifiedDate":"2023-08-24"},{"lineNumber":31,"author":{"gitId":"victorlaiyeeteng"},"content":"            while (true) {","lastModifiedDate":"2023-08-22"},{"lineNumber":32,"author":{"gitId":"victorlaiyeeteng"},"content":"                String input \u003d reader.nextLine();","lastModifiedDate":"2023-08-22"},{"lineNumber":33,"author":{"gitId":"victorlaiyeeteng"},"content":"                Parser parser \u003d new Parser(input);","lastModifiedDate":"2023-08-28"},{"lineNumber":34,"author":{"gitId":"victorlaiyeeteng"},"content":"                String command \u003d parser.getCommand();","lastModifiedDate":"2023-08-28"},{"lineNumber":35,"author":{"gitId":"victorlaiyeeteng"},"content":"                String inputDetails \u003d parser.getInputDetails();","lastModifiedDate":"2023-08-28"},{"lineNumber":36,"author":{"gitId":"victorlaiyeeteng"},"content":"                switch (command) {","lastModifiedDate":"2023-08-24"},{"lineNumber":37,"author":{"gitId":"victorlaiyeeteng"},"content":"                    case \"bye\":","lastModifiedDate":"2023-08-24"},{"lineNumber":38,"author":{"gitId":"victorlaiyeeteng"},"content":"                        ui.showByeMessage();","lastModifiedDate":"2023-08-28"},{"lineNumber":39,"author":{"gitId":"victorlaiyeeteng"},"content":"                        break label;","lastModifiedDate":"2023-08-24"},{"lineNumber":40,"author":{"gitId":"victorlaiyeeteng"},"content":"                    case \"list\":","lastModifiedDate":"2023-08-24"},{"lineNumber":41,"author":{"gitId":"victorlaiyeeteng"},"content":"                        taskList.showList();","lastModifiedDate":"2023-08-28"},{"lineNumber":42,"author":{"gitId":"victorlaiyeeteng"},"content":"                        ui.showLine();","lastModifiedDate":"2023-08-28"},{"lineNumber":43,"author":{"gitId":"victorlaiyeeteng"},"content":"                        break;","lastModifiedDate":"2023-08-24"},{"lineNumber":44,"author":{"gitId":"victorlaiyeeteng"},"content":"                    case \"mark\": {","lastModifiedDate":"2023-08-24"},{"lineNumber":45,"author":{"gitId":"victorlaiyeeteng"},"content":"                        if (!parser.checkInputDetailsPresent()) throw new DukeException(\"The task number to mark cannot be empty.\");","lastModifiedDate":"2023-08-28"},{"lineNumber":46,"author":{"gitId":"victorlaiyeeteng"},"content":"                        int taskNumber \u003d Integer.parseInt(inputDetails);","lastModifiedDate":"2023-08-28"},{"lineNumber":47,"author":{"gitId":"victorlaiyeeteng"},"content":"                        Task task \u003d taskList.getTask(taskNumber);","lastModifiedDate":"2023-08-28"},{"lineNumber":48,"author":{"gitId":"victorlaiyeeteng"},"content":"                        System.out.printf(task.markDone());","lastModifiedDate":"2023-08-28"},{"lineNumber":49,"author":{"gitId":"victorlaiyeeteng"},"content":"                        break;","lastModifiedDate":"2023-08-24"},{"lineNumber":50,"author":{"gitId":"victorlaiyeeteng"},"content":"                    }","lastModifiedDate":"2023-08-24"},{"lineNumber":51,"author":{"gitId":"victorlaiyeeteng"},"content":"                    case \"unmark\": {","lastModifiedDate":"2023-08-24"},{"lineNumber":52,"author":{"gitId":"victorlaiyeeteng"},"content":"                        if (!parser.checkInputDetailsPresent()) throw new DukeException(\"The task number to unmark cannot be empty.\");","lastModifiedDate":"2023-08-28"},{"lineNumber":53,"author":{"gitId":"victorlaiyeeteng"},"content":"                        int taskNumber \u003d Integer.parseInt(inputDetails);","lastModifiedDate":"2023-08-28"},{"lineNumber":54,"author":{"gitId":"victorlaiyeeteng"},"content":"                        Task task \u003d taskList.getTask(taskNumber);","lastModifiedDate":"2023-08-28"},{"lineNumber":55,"author":{"gitId":"victorlaiyeeteng"},"content":"                        System.out.printf(task.unMarkDone());","lastModifiedDate":"2023-08-28"},{"lineNumber":56,"author":{"gitId":"victorlaiyeeteng"},"content":"                        break;","lastModifiedDate":"2023-08-24"},{"lineNumber":57,"author":{"gitId":"victorlaiyeeteng"},"content":"                    }","lastModifiedDate":"2023-08-24"},{"lineNumber":58,"author":{"gitId":"victorlaiyeeteng"},"content":"                    case \"todo\": {","lastModifiedDate":"2023-08-24"},{"lineNumber":59,"author":{"gitId":"victorlaiyeeteng"},"content":"                        if (!parser.checkInputDetailsPresent()) throw new DukeException(\"☹ OOPS!!! The description of a todo task cannot be empty.\");","lastModifiedDate":"2023-08-28"},{"lineNumber":60,"author":{"gitId":"victorlaiyeeteng"},"content":"                        Task task \u003d new Todo(inputDetails);","lastModifiedDate":"2023-08-28"},{"lineNumber":61,"author":{"gitId":"victorlaiyeeteng"},"content":"                        taskList.addTask(task);","lastModifiedDate":"2023-08-28"},{"lineNumber":62,"author":{"gitId":"victorlaiyeeteng"},"content":"                        storage.saveTask(inputDetails);","lastModifiedDate":"2023-08-28"},{"lineNumber":63,"author":{"gitId":"victorlaiyeeteng"},"content":"                        break;","lastModifiedDate":"2023-08-24"},{"lineNumber":64,"author":{"gitId":"victorlaiyeeteng"},"content":"                    }","lastModifiedDate":"2023-08-24"},{"lineNumber":65,"author":{"gitId":"victorlaiyeeteng"},"content":"                    case \"deadline\": {","lastModifiedDate":"2023-08-24"},{"lineNumber":66,"author":{"gitId":"victorlaiyeeteng"},"content":"                        String[] deadlineInfo \u003d parser.parseInputDetailsDeadline();","lastModifiedDate":"2023-08-28"},{"lineNumber":67,"author":{"gitId":"victorlaiyeeteng"},"content":"                        String description \u003d deadlineInfo[0];","lastModifiedDate":"2023-08-24"},{"lineNumber":68,"author":{"gitId":"victorlaiyeeteng"},"content":"                        String deadline \u003d deadlineInfo[1];","lastModifiedDate":"2023-08-24"},{"lineNumber":69,"author":{"gitId":"victorlaiyeeteng"},"content":"                        Task task \u003d new Deadline(description, deadline);","lastModifiedDate":"2023-08-22"},{"lineNumber":70,"author":{"gitId":"victorlaiyeeteng"},"content":"                        taskList.addTask(task);","lastModifiedDate":"2023-08-28"},{"lineNumber":71,"author":{"gitId":"victorlaiyeeteng"},"content":"                        storage.saveTask(description, deadline);","lastModifiedDate":"2023-08-28"},{"lineNumber":72,"author":{"gitId":"victorlaiyeeteng"},"content":"                        break;","lastModifiedDate":"2023-08-24"},{"lineNumber":73,"author":{"gitId":"victorlaiyeeteng"},"content":"                    }","lastModifiedDate":"2023-08-24"},{"lineNumber":74,"author":{"gitId":"victorlaiyeeteng"},"content":"                    case \"event\": {","lastModifiedDate":"2023-08-24"},{"lineNumber":75,"author":{"gitId":"victorlaiyeeteng"},"content":"                        String[] eventInfo \u003d parser.parseInputDetailsEvent();","lastModifiedDate":"2023-08-28"},{"lineNumber":76,"author":{"gitId":"victorlaiyeeteng"},"content":"                        String description \u003d eventInfo[0];","lastModifiedDate":"2023-08-24"},{"lineNumber":77,"author":{"gitId":"victorlaiyeeteng"},"content":"                        String from \u003d eventInfo[1];","lastModifiedDate":"2023-08-24"},{"lineNumber":78,"author":{"gitId":"victorlaiyeeteng"},"content":"                        String to \u003d eventInfo[2];","lastModifiedDate":"2023-08-24"},{"lineNumber":79,"author":{"gitId":"victorlaiyeeteng"},"content":"                        Task task \u003d new Event(description, from, to);","lastModifiedDate":"2023-08-22"},{"lineNumber":80,"author":{"gitId":"victorlaiyeeteng"},"content":"                        taskList.addTask(task);","lastModifiedDate":"2023-08-28"},{"lineNumber":81,"author":{"gitId":"victorlaiyeeteng"},"content":"                        storage.saveTask(description, from, to);","lastModifiedDate":"2023-08-28"},{"lineNumber":82,"author":{"gitId":"victorlaiyeeteng"},"content":"                        break;","lastModifiedDate":"2023-08-24"},{"lineNumber":83,"author":{"gitId":"victorlaiyeeteng"},"content":"                    }","lastModifiedDate":"2023-08-24"},{"lineNumber":84,"author":{"gitId":"victorlaiyeeteng"},"content":"                    case \"delete\": {","lastModifiedDate":"2023-08-24"},{"lineNumber":85,"author":{"gitId":"victorlaiyeeteng"},"content":"                        if (!parser.checkInputDetailsPresent()) throw new DukeException(\"The task number to mark cannot be empty.\");","lastModifiedDate":"2023-08-28"},{"lineNumber":86,"author":{"gitId":"victorlaiyeeteng"},"content":"                        int taskNumber \u003d Integer.parseInt(inputDetails);","lastModifiedDate":"2023-08-28"},{"lineNumber":87,"author":{"gitId":"victorlaiyeeteng"},"content":"                        taskList.removeTask(taskNumber);","lastModifiedDate":"2023-08-28"},{"lineNumber":88,"author":{"gitId":"victorlaiyeeteng"},"content":"                        storage.deleteTaskFromFile(taskNumber);","lastModifiedDate":"2023-08-29"},{"lineNumber":89,"author":{"gitId":"victorlaiyeeteng"},"content":"                        break;","lastModifiedDate":"2023-08-24"},{"lineNumber":90,"author":{"gitId":"victorlaiyeeteng"},"content":"                    }","lastModifiedDate":"2023-08-24"},{"lineNumber":91,"author":{"gitId":"victorlaiyeeteng"},"content":"                    default:","lastModifiedDate":"2023-08-24"},{"lineNumber":92,"author":{"gitId":"victorlaiyeeteng"},"content":"                        throw new DukeException(\"☹ OOPS!!! I\u0027m sorry, but I don\u0027t know what that means :-(\");","lastModifiedDate":"2023-08-22"},{"lineNumber":93,"author":{"gitId":"victorlaiyeeteng"},"content":"                }","lastModifiedDate":"2023-08-22"},{"lineNumber":94,"author":{"gitId":"victorlaiyeeteng"},"content":"            }","lastModifiedDate":"2023-08-22"},{"lineNumber":95,"author":{"gitId":"victorlaiyeeteng"},"content":"        } catch (Exception exception) {","lastModifiedDate":"2023-08-22"},{"lineNumber":96,"author":{"gitId":"victorlaiyeeteng"},"content":"            ui.showMessage(exception.getMessage());","lastModifiedDate":"2023-08-28"},{"lineNumber":97,"author":{"gitId":"victorlaiyeeteng"},"content":"        }","lastModifiedDate":"2023-08-22"},{"lineNumber":98,"author":{"gitId":"victorlaiyeeteng"},"content":"    }","lastModifiedDate":"2023-08-22"},{"lineNumber":99,"author":{"gitId":"victorlaiyeeteng"},"content":"","lastModifiedDate":"2023-08-28"},{"lineNumber":100,"author":{"gitId":"victorlaiyeeteng"},"content":"    /**","lastModifiedDate":"2023-08-28"},{"lineNumber":101,"author":{"gitId":"victorlaiyeeteng"},"content":"     * The main method to run the duke.duke.Duke program, a task management application.","lastModifiedDate":"2023-08-29"},{"lineNumber":102,"author":{"gitId":"victorlaiyeeteng"},"content":"     * It reads user input and performs various tasks based on the input commands.","lastModifiedDate":"2023-08-28"},{"lineNumber":103,"author":{"gitId":"victorlaiyeeteng"},"content":"     *","lastModifiedDate":"2023-08-28"},{"lineNumber":104,"author":{"gitId":"victorlaiyeeteng"},"content":"     * @param args The command-line arguments (not used in this context).","lastModifiedDate":"2023-08-28"},{"lineNumber":105,"author":{"gitId":"victorlaiyeeteng"},"content":"     */","lastModifiedDate":"2023-08-28"},{"lineNumber":106,"author":{"gitId":"victorlaiyeeteng"},"content":"    public static void main(String[] args) {","lastModifiedDate":"2023-08-28"},{"lineNumber":107,"author":{"gitId":"victorlaiyeeteng"},"content":"        new Duke(\"./data/tasks.txt\").run();","lastModifiedDate":"2023-08-28"},{"lineNumber":108,"author":{"gitId":"victorlaiyeeteng"},"content":"    }","lastModifiedDate":"2023-08-28"},{"lineNumber":109,"author":{"gitId":"victorlaiyeeteng"},"content":"","lastModifiedDate":"2023-08-28"},{"lineNumber":110,"author":{"gitId":"victorlaiyeeteng"},"content":"}","lastModifiedDate":"2023-08-22"}],"authorContributionMap":{"victorlaiyeeteng":110}},{"path":"src/main/java/duke/duke/Ui.java","fileType":"java","lines":[{"lineNumber":1,"author":{"gitId":"victorlaiyeeteng"},"content":"package duke.duke;","lastModifiedDate":"2023-08-29"},{"lineNumber":2,"author":{"gitId":"victorlaiyeeteng"},"content":"","lastModifiedDate":"2023-08-29"},{"lineNumber":3,"author":{"gitId":"victorlaiyeeteng"},"content":"public class Ui {","lastModifiedDate":"2023-08-28"},{"lineNumber":4,"author":{"gitId":"victorlaiyeeteng"},"content":"","lastModifiedDate":"2023-08-28"},{"lineNumber":5,"author":{"gitId":"victorlaiyeeteng"},"content":"    public void showWelcomeMessage() {","lastModifiedDate":"2023-08-28"},{"lineNumber":6,"author":{"gitId":"victorlaiyeeteng"},"content":"        System.out.println(\"Hello! I\u0027m Victor\\n\" +","lastModifiedDate":"2023-08-28"},{"lineNumber":7,"author":{"gitId":"victorlaiyeeteng"},"content":"                \"What can I do for you?\\n----------\\n\");","lastModifiedDate":"2023-08-28"},{"lineNumber":8,"author":{"gitId":"victorlaiyeeteng"},"content":"    }","lastModifiedDate":"2023-08-28"},{"lineNumber":9,"author":{"gitId":"victorlaiyeeteng"},"content":"","lastModifiedDate":"2023-08-28"},{"lineNumber":10,"author":{"gitId":"victorlaiyeeteng"},"content":"    public void showByeMessage() {","lastModifiedDate":"2023-08-28"},{"lineNumber":11,"author":{"gitId":"victorlaiyeeteng"},"content":"        System.out.println(\"Bye. Hope to see you again soon!\");","lastModifiedDate":"2023-08-28"},{"lineNumber":12,"author":{"gitId":"victorlaiyeeteng"},"content":"    }","lastModifiedDate":"2023-08-28"},{"lineNumber":13,"author":{"gitId":"victorlaiyeeteng"},"content":"","lastModifiedDate":"2023-08-28"},{"lineNumber":14,"author":{"gitId":"victorlaiyeeteng"},"content":"    public void showLine() {","lastModifiedDate":"2023-08-28"},{"lineNumber":15,"author":{"gitId":"victorlaiyeeteng"},"content":"        System.out.println(\"----------\\n\");","lastModifiedDate":"2023-08-28"},{"lineNumber":16,"author":{"gitId":"victorlaiyeeteng"},"content":"    }","lastModifiedDate":"2023-08-28"},{"lineNumber":17,"author":{"gitId":"victorlaiyeeteng"},"content":"    public void showMessage(String message) {","lastModifiedDate":"2023-08-28"},{"lineNumber":18,"author":{"gitId":"victorlaiyeeteng"},"content":"        System.out.println(message);","lastModifiedDate":"2023-08-28"},{"lineNumber":19,"author":{"gitId":"victorlaiyeeteng"},"content":"    }","lastModifiedDate":"2023-08-28"},{"lineNumber":20,"author":{"gitId":"victorlaiyeeteng"},"content":"","lastModifiedDate":"2023-08-28"},{"lineNumber":21,"author":{"gitId":"victorlaiyeeteng"},"content":"    public void showLoadingError() {","lastModifiedDate":"2023-08-28"},{"lineNumber":22,"author":{"gitId":"victorlaiyeeteng"},"content":"        System.out.println(\"Error loading tasks from file.\");","lastModifiedDate":"2023-08-28"},{"lineNumber":23,"author":{"gitId":"victorlaiyeeteng"},"content":"    }","lastModifiedDate":"2023-08-28"},{"lineNumber":24,"author":{"gitId":"victorlaiyeeteng"},"content":"}","lastModifiedDate":"2023-08-28"}],"authorContributionMap":{"victorlaiyeeteng":24}},{"path":"src/main/java/duke/exception/DukeException.java","fileType":"java","lines":[{"lineNumber":1,"author":{"gitId":"victorlaiyeeteng"},"content":"package duke.exception;","lastModifiedDate":"2023-08-29"},{"lineNumber":2,"author":{"gitId":"victorlaiyeeteng"},"content":"","lastModifiedDate":"2023-08-29"},{"lineNumber":3,"author":{"gitId":"victorlaiyeeteng"},"content":"public class DukeException extends Exception {","lastModifiedDate":"2023-08-22"},{"lineNumber":4,"author":{"gitId":"victorlaiyeeteng"},"content":"","lastModifiedDate":"2023-08-22"},{"lineNumber":5,"author":{"gitId":"victorlaiyeeteng"},"content":"    /**","lastModifiedDate":"2023-08-24"},{"lineNumber":6,"author":{"gitId":"victorlaiyeeteng"},"content":"     * Constructor for a duke.exception.DukeException","lastModifiedDate":"2023-08-29"},{"lineNumber":7,"author":{"gitId":"victorlaiyeeteng"},"content":"     * @param message The exception message","lastModifiedDate":"2023-08-24"},{"lineNumber":8,"author":{"gitId":"victorlaiyeeteng"},"content":"     */","lastModifiedDate":"2023-08-24"},{"lineNumber":9,"author":{"gitId":"victorlaiyeeteng"},"content":"    public DukeException(String message) {","lastModifiedDate":"2023-08-22"},{"lineNumber":10,"author":{"gitId":"victorlaiyeeteng"},"content":"        super(message);","lastModifiedDate":"2023-08-22"},{"lineNumber":11,"author":{"gitId":"victorlaiyeeteng"},"content":"    }","lastModifiedDate":"2023-08-22"},{"lineNumber":12,"author":{"gitId":"victorlaiyeeteng"},"content":"","lastModifiedDate":"2023-08-22"},{"lineNumber":13,"author":{"gitId":"victorlaiyeeteng"},"content":"}","lastModifiedDate":"2023-08-22"}],"authorContributionMap":{"victorlaiyeeteng":13}},{"path":"src/main/java/duke/task/Deadline.java","fileType":"java","lines":[{"lineNumber":1,"author":{"gitId":"victorlaiyeeteng"},"content":"package duke.task;","lastModifiedDate":"2023-08-29"},{"lineNumber":2,"author":{"gitId":"victorlaiyeeteng"},"content":"","lastModifiedDate":"2023-08-29"},{"lineNumber":3,"author":{"gitId":"victorlaiyeeteng"},"content":"import java.time.LocalDate;","lastModifiedDate":"2023-08-28"},{"lineNumber":4,"author":{"gitId":"victorlaiyeeteng"},"content":"import java.time.format.DateTimeFormatter;","lastModifiedDate":"2023-08-28"},{"lineNumber":5,"author":{"gitId":"victorlaiyeeteng"},"content":"","lastModifiedDate":"2023-08-28"},{"lineNumber":6,"author":{"gitId":"victorlaiyeeteng"},"content":"public class Deadline extends Task {","lastModifiedDate":"2023-08-22"},{"lineNumber":7,"author":{"gitId":"victorlaiyeeteng"},"content":"","lastModifiedDate":"2023-08-22"},{"lineNumber":8,"author":{"gitId":"victorlaiyeeteng"},"content":"    protected LocalDate by;","lastModifiedDate":"2023-08-28"},{"lineNumber":9,"author":{"gitId":"victorlaiyeeteng"},"content":"","lastModifiedDate":"2023-08-22"},{"lineNumber":10,"author":{"gitId":"victorlaiyeeteng"},"content":"    /**","lastModifiedDate":"2023-08-24"},{"lineNumber":11,"author":{"gitId":"victorlaiyeeteng"},"content":"     * Constructor for the deadline task","lastModifiedDate":"2023-08-24"},{"lineNumber":12,"author":{"gitId":"victorlaiyeeteng"},"content":"     * @param description Description of the task","lastModifiedDate":"2023-08-24"},{"lineNumber":13,"author":{"gitId":"victorlaiyeeteng"},"content":"     * @param by duke.task.Deadline of the task","lastModifiedDate":"2023-08-29"},{"lineNumber":14,"author":{"gitId":"victorlaiyeeteng"},"content":"     */","lastModifiedDate":"2023-08-24"},{"lineNumber":15,"author":{"gitId":"victorlaiyeeteng"},"content":"    public Deadline(String description, String by) {","lastModifiedDate":"2023-08-22"},{"lineNumber":16,"author":{"gitId":"victorlaiyeeteng"},"content":"        super(description);","lastModifiedDate":"2023-08-22"},{"lineNumber":17,"author":{"gitId":"victorlaiyeeteng"},"content":"        this.by \u003d LocalDate.parse(by);","lastModifiedDate":"2023-08-28"},{"lineNumber":18,"author":{"gitId":"victorlaiyeeteng"},"content":"    }","lastModifiedDate":"2023-08-22"},{"lineNumber":19,"author":{"gitId":"victorlaiyeeteng"},"content":"","lastModifiedDate":"2023-08-22"},{"lineNumber":20,"author":{"gitId":"victorlaiyeeteng"},"content":"    @Override","lastModifiedDate":"2023-08-22"},{"lineNumber":21,"author":{"gitId":"victorlaiyeeteng"},"content":"    public String toString() {","lastModifiedDate":"2023-08-22"},{"lineNumber":22,"author":{"gitId":"victorlaiyeeteng"},"content":"        String byFormatted \u003d by.format(DateTimeFormatter.ofPattern(\"MMM d yyyy\"));","lastModifiedDate":"2023-08-28"},{"lineNumber":23,"author":{"gitId":"victorlaiyeeteng"},"content":"        return \"[D]\" + super.toString() + \" (by: \" + byFormatted + \")\";","lastModifiedDate":"2023-08-28"},{"lineNumber":24,"author":{"gitId":"victorlaiyeeteng"},"content":"    }","lastModifiedDate":"2023-08-22"},{"lineNumber":25,"author":{"gitId":"victorlaiyeeteng"},"content":"}","lastModifiedDate":"2023-08-22"}],"authorContributionMap":{"victorlaiyeeteng":25}},{"path":"src/main/java/duke/task/Event.java","fileType":"java","lines":[{"lineNumber":1,"author":{"gitId":"victorlaiyeeteng"},"content":"package duke.task;","lastModifiedDate":"2023-08-29"},{"lineNumber":2,"author":{"gitId":"victorlaiyeeteng"},"content":"","lastModifiedDate":"2023-08-29"},{"lineNumber":3,"author":{"gitId":"victorlaiyeeteng"},"content":"import duke.task.Task;","lastModifiedDate":"2023-08-29"},{"lineNumber":4,"author":{"gitId":"victorlaiyeeteng"},"content":"","lastModifiedDate":"2023-08-29"},{"lineNumber":5,"author":{"gitId":"victorlaiyeeteng"},"content":"import duke.exception.DukeException;","lastModifiedDate":"2023-08-29"},{"lineNumber":6,"author":{"gitId":"victorlaiyeeteng"},"content":"import java.time.LocalDate;","lastModifiedDate":"2023-08-28"},{"lineNumber":7,"author":{"gitId":"victorlaiyeeteng"},"content":"import java.time.format.DateTimeFormatter;","lastModifiedDate":"2023-08-28"},{"lineNumber":8,"author":{"gitId":"victorlaiyeeteng"},"content":"","lastModifiedDate":"2023-08-28"},{"lineNumber":9,"author":{"gitId":"victorlaiyeeteng"},"content":"public class Event extends Task {","lastModifiedDate":"2023-08-22"},{"lineNumber":10,"author":{"gitId":"victorlaiyeeteng"},"content":"","lastModifiedDate":"2023-08-22"},{"lineNumber":11,"author":{"gitId":"victorlaiyeeteng"},"content":"    protected LocalDate from;","lastModifiedDate":"2023-08-28"},{"lineNumber":12,"author":{"gitId":"victorlaiyeeteng"},"content":"    protected LocalDate to;","lastModifiedDate":"2023-08-28"},{"lineNumber":13,"author":{"gitId":"victorlaiyeeteng"},"content":"","lastModifiedDate":"2023-08-22"},{"lineNumber":14,"author":{"gitId":"victorlaiyeeteng"},"content":"    /**","lastModifiedDate":"2023-08-24"},{"lineNumber":15,"author":{"gitId":"victorlaiyeeteng"},"content":"     * Constructor for event task.","lastModifiedDate":"2023-08-24"},{"lineNumber":16,"author":{"gitId":"victorlaiyeeteng"},"content":"     * @param description Description of the event","lastModifiedDate":"2023-08-24"},{"lineNumber":17,"author":{"gitId":"victorlaiyeeteng"},"content":"     * @param from Start time of the event","lastModifiedDate":"2023-08-24"},{"lineNumber":18,"author":{"gitId":"victorlaiyeeteng"},"content":"     * @param to End time of the event","lastModifiedDate":"2023-08-24"},{"lineNumber":19,"author":{"gitId":"victorlaiyeeteng"},"content":"     */","lastModifiedDate":"2023-08-24"},{"lineNumber":20,"author":{"gitId":"victorlaiyeeteng"},"content":"    public Event(String description, String from, String to) throws DukeException {","lastModifiedDate":"2023-08-28"},{"lineNumber":21,"author":{"gitId":"victorlaiyeeteng"},"content":"        super(description);","lastModifiedDate":"2023-08-22"},{"lineNumber":22,"author":{"gitId":"victorlaiyeeteng"},"content":"        try {","lastModifiedDate":"2023-08-28"},{"lineNumber":23,"author":{"gitId":"victorlaiyeeteng"},"content":"            this.from \u003d LocalDate.parse(from);","lastModifiedDate":"2023-08-28"},{"lineNumber":24,"author":{"gitId":"victorlaiyeeteng"},"content":"            this.to \u003d LocalDate.parse(to);","lastModifiedDate":"2023-08-28"},{"lineNumber":25,"author":{"gitId":"victorlaiyeeteng"},"content":"            if (this.from.isAfter(this.to)) throw new DukeException(\"Start date cannot be after end date\");","lastModifiedDate":"2023-08-28"},{"lineNumber":26,"author":{"gitId":"victorlaiyeeteng"},"content":"        } catch (Exception e) {","lastModifiedDate":"2023-08-28"},{"lineNumber":27,"author":{"gitId":"victorlaiyeeteng"},"content":"            throw new DukeException(e.getMessage());","lastModifiedDate":"2023-08-28"},{"lineNumber":28,"author":{"gitId":"victorlaiyeeteng"},"content":"        }","lastModifiedDate":"2023-08-28"},{"lineNumber":29,"author":{"gitId":"victorlaiyeeteng"},"content":"    }","lastModifiedDate":"2023-08-22"},{"lineNumber":30,"author":{"gitId":"victorlaiyeeteng"},"content":"","lastModifiedDate":"2023-08-22"},{"lineNumber":31,"author":{"gitId":"victorlaiyeeteng"},"content":"    @Override","lastModifiedDate":"2023-08-22"},{"lineNumber":32,"author":{"gitId":"victorlaiyeeteng"},"content":"    public String toString() {","lastModifiedDate":"2023-08-22"},{"lineNumber":33,"author":{"gitId":"victorlaiyeeteng"},"content":"        String fromFormatted \u003d from.format(DateTimeFormatter.ofPattern(\"MMM d yyyy\"));","lastModifiedDate":"2023-08-28"},{"lineNumber":34,"author":{"gitId":"victorlaiyeeteng"},"content":"        String toFormatted \u003d to.format(DateTimeFormatter.ofPattern(\"MMM d yyyy\"));","lastModifiedDate":"2023-08-28"},{"lineNumber":35,"author":{"gitId":"victorlaiyeeteng"},"content":"        return \"[E]\" + super.toString() + \" (from: \" + fromFormatted + \" to: \" + toFormatted + \")\";","lastModifiedDate":"2023-08-28"},{"lineNumber":36,"author":{"gitId":"victorlaiyeeteng"},"content":"    }","lastModifiedDate":"2023-08-22"},{"lineNumber":37,"author":{"gitId":"victorlaiyeeteng"},"content":"","lastModifiedDate":"2023-08-28"},{"lineNumber":38,"author":{"gitId":"victorlaiyeeteng"},"content":"}","lastModifiedDate":"2023-08-22"}],"authorContributionMap":{"victorlaiyeeteng":38}},{"path":"src/main/java/duke/task/Task.java","fileType":"java","lines":[{"lineNumber":1,"author":{"gitId":"victorlaiyeeteng"},"content":"package duke.task;","lastModifiedDate":"2023-08-29"},{"lineNumber":2,"author":{"gitId":"victorlaiyeeteng"},"content":"","lastModifiedDate":"2023-08-29"},{"lineNumber":3,"author":{"gitId":"victorlaiyeeteng"},"content":"public class Task {","lastModifiedDate":"2023-08-22"},{"lineNumber":4,"author":{"gitId":"victorlaiyeeteng"},"content":"    protected String description;","lastModifiedDate":"2023-08-22"},{"lineNumber":5,"author":{"gitId":"victorlaiyeeteng"},"content":"    protected boolean isDone;","lastModifiedDate":"2023-08-22"},{"lineNumber":6,"author":{"gitId":"victorlaiyeeteng"},"content":"","lastModifiedDate":"2023-08-22"},{"lineNumber":7,"author":{"gitId":"victorlaiyeeteng"},"content":"    public Task(String description) {","lastModifiedDate":"2023-08-22"},{"lineNumber":8,"author":{"gitId":"victorlaiyeeteng"},"content":"        this.description \u003d description;","lastModifiedDate":"2023-08-22"},{"lineNumber":9,"author":{"gitId":"victorlaiyeeteng"},"content":"        this.isDone \u003d false;","lastModifiedDate":"2023-08-22"},{"lineNumber":10,"author":{"gitId":"victorlaiyeeteng"},"content":"    }","lastModifiedDate":"2023-08-22"},{"lineNumber":11,"author":{"gitId":"victorlaiyeeteng"},"content":"","lastModifiedDate":"2023-08-22"},{"lineNumber":12,"author":{"gitId":"victorlaiyeeteng"},"content":"    public String getStatusIcon() {","lastModifiedDate":"2023-08-22"},{"lineNumber":13,"author":{"gitId":"victorlaiyeeteng"},"content":"        return (isDone ? \"X\": \" \");","lastModifiedDate":"2023-08-22"},{"lineNumber":14,"author":{"gitId":"victorlaiyeeteng"},"content":"    }","lastModifiedDate":"2023-08-22"},{"lineNumber":15,"author":{"gitId":"victorlaiyeeteng"},"content":"    public String markDone() {","lastModifiedDate":"2023-08-28"},{"lineNumber":16,"author":{"gitId":"victorlaiyeeteng"},"content":"        this.isDone \u003d true;","lastModifiedDate":"2023-08-22"},{"lineNumber":17,"author":{"gitId":"victorlaiyeeteng"},"content":"        return String.format(\"Nice! I\u0027ve marked this task as done:\\n\" +","lastModifiedDate":"2023-08-28"},{"lineNumber":18,"author":{"gitId":"victorlaiyeeteng"},"content":"                \"%s\\n\" + \"----------\\n\", this);","lastModifiedDate":"2023-08-28"},{"lineNumber":19,"author":{"gitId":"victorlaiyeeteng"},"content":"    }","lastModifiedDate":"2023-08-22"},{"lineNumber":20,"author":{"gitId":"victorlaiyeeteng"},"content":"    public String unMarkDone() {","lastModifiedDate":"2023-08-28"},{"lineNumber":21,"author":{"gitId":"victorlaiyeeteng"},"content":"        this.isDone \u003d false;","lastModifiedDate":"2023-08-22"},{"lineNumber":22,"author":{"gitId":"victorlaiyeeteng"},"content":"        return String.format(\"OK, I\u0027ve marked this task as not done yet:\\n\" +","lastModifiedDate":"2023-08-28"},{"lineNumber":23,"author":{"gitId":"victorlaiyeeteng"},"content":"                \"%s\\n\" + \"----------\\n\", this);","lastModifiedDate":"2023-08-28"},{"lineNumber":24,"author":{"gitId":"victorlaiyeeteng"},"content":"    }","lastModifiedDate":"2023-08-22"},{"lineNumber":25,"author":{"gitId":"victorlaiyeeteng"},"content":"    @Override","lastModifiedDate":"2023-08-22"},{"lineNumber":26,"author":{"gitId":"victorlaiyeeteng"},"content":"    public String toString() {","lastModifiedDate":"2023-08-22"},{"lineNumber":27,"author":{"gitId":"victorlaiyeeteng"},"content":"        return String.format(\"[%s] %s\", this.getStatusIcon(), this.description);","lastModifiedDate":"2023-08-22"},{"lineNumber":28,"author":{"gitId":"victorlaiyeeteng"},"content":"    }","lastModifiedDate":"2023-08-22"},{"lineNumber":29,"author":{"gitId":"victorlaiyeeteng"},"content":"}","lastModifiedDate":"2023-08-22"}],"authorContributionMap":{"victorlaiyeeteng":29}},{"path":"src/main/java/duke/task/TaskList.java","fileType":"java","lines":[{"lineNumber":1,"author":{"gitId":"victorlaiyeeteng"},"content":"package duke.task;","lastModifiedDate":"2023-08-29"},{"lineNumber":2,"author":{"gitId":"victorlaiyeeteng"},"content":"","lastModifiedDate":"2023-08-29"},{"lineNumber":3,"author":{"gitId":"victorlaiyeeteng"},"content":"import duke.exception.DukeException;","lastModifiedDate":"2023-08-29"},{"lineNumber":4,"author":{"gitId":"victorlaiyeeteng"},"content":"import duke.task.Task;","lastModifiedDate":"2023-08-29"},{"lineNumber":5,"author":{"gitId":"victorlaiyeeteng"},"content":"","lastModifiedDate":"2023-08-29"},{"lineNumber":6,"author":{"gitId":"victorlaiyeeteng"},"content":"import java.util.ArrayList;","lastModifiedDate":"2023-08-28"},{"lineNumber":7,"author":{"gitId":"victorlaiyeeteng"},"content":"import java.util.List;","lastModifiedDate":"2023-08-28"},{"lineNumber":8,"author":{"gitId":"victorlaiyeeteng"},"content":"","lastModifiedDate":"2023-08-28"},{"lineNumber":9,"author":{"gitId":"victorlaiyeeteng"},"content":"public class TaskList {","lastModifiedDate":"2023-08-28"},{"lineNumber":10,"author":{"gitId":"victorlaiyeeteng"},"content":"","lastModifiedDate":"2023-08-28"},{"lineNumber":11,"author":{"gitId":"victorlaiyeeteng"},"content":"    private List\u003cTask\u003e list;","lastModifiedDate":"2023-08-28"},{"lineNumber":12,"author":{"gitId":"victorlaiyeeteng"},"content":"","lastModifiedDate":"2023-08-28"},{"lineNumber":13,"author":{"gitId":"victorlaiyeeteng"},"content":"    public TaskList(Integer capacity) {","lastModifiedDate":"2023-08-28"},{"lineNumber":14,"author":{"gitId":"victorlaiyeeteng"},"content":"        this.list \u003d new ArrayList\u003c\u003e(capacity);","lastModifiedDate":"2023-08-28"},{"lineNumber":15,"author":{"gitId":"victorlaiyeeteng"},"content":"    }","lastModifiedDate":"2023-08-28"},{"lineNumber":16,"author":{"gitId":"victorlaiyeeteng"},"content":"","lastModifiedDate":"2023-08-28"},{"lineNumber":17,"author":{"gitId":"victorlaiyeeteng"},"content":"    public List\u003cTask\u003e getList() {","lastModifiedDate":"2023-08-28"},{"lineNumber":18,"author":{"gitId":"victorlaiyeeteng"},"content":"        return this.list;","lastModifiedDate":"2023-08-28"},{"lineNumber":19,"author":{"gitId":"victorlaiyeeteng"},"content":"    }","lastModifiedDate":"2023-08-28"},{"lineNumber":20,"author":{"gitId":"victorlaiyeeteng"},"content":"","lastModifiedDate":"2023-08-28"},{"lineNumber":21,"author":{"gitId":"victorlaiyeeteng"},"content":"    public void showList() {","lastModifiedDate":"2023-08-28"},{"lineNumber":22,"author":{"gitId":"victorlaiyeeteng"},"content":"        for (int i \u003d 0; i \u003c list.size(); i++) {","lastModifiedDate":"2023-08-28"},{"lineNumber":23,"author":{"gitId":"victorlaiyeeteng"},"content":"            Task task \u003d list.get(i);","lastModifiedDate":"2023-08-28"},{"lineNumber":24,"author":{"gitId":"victorlaiyeeteng"},"content":"            System.out.printf(\"%d.%s\\n\", i + 1, task);","lastModifiedDate":"2023-08-28"},{"lineNumber":25,"author":{"gitId":"victorlaiyeeteng"},"content":"        }","lastModifiedDate":"2023-08-28"},{"lineNumber":26,"author":{"gitId":"victorlaiyeeteng"},"content":"    }","lastModifiedDate":"2023-08-28"},{"lineNumber":27,"author":{"gitId":"victorlaiyeeteng"},"content":"","lastModifiedDate":"2023-08-28"},{"lineNumber":28,"author":{"gitId":"victorlaiyeeteng"},"content":"    public Task getTask(Integer taskNumber) throws DukeException {","lastModifiedDate":"2023-08-28"},{"lineNumber":29,"author":{"gitId":"victorlaiyeeteng"},"content":"        if (taskNumber \u003e list.size() || taskNumber \u003c 1) {","lastModifiedDate":"2023-08-28"},{"lineNumber":30,"author":{"gitId":"victorlaiyeeteng"},"content":"            throw new DukeException(\"Invalid task number\");","lastModifiedDate":"2023-08-28"},{"lineNumber":31,"author":{"gitId":"victorlaiyeeteng"},"content":"        } else {","lastModifiedDate":"2023-08-28"},{"lineNumber":32,"author":{"gitId":"victorlaiyeeteng"},"content":"            return list.get(taskNumber - 1);","lastModifiedDate":"2023-08-28"},{"lineNumber":33,"author":{"gitId":"victorlaiyeeteng"},"content":"        }","lastModifiedDate":"2023-08-28"},{"lineNumber":34,"author":{"gitId":"victorlaiyeeteng"},"content":"    }","lastModifiedDate":"2023-08-28"},{"lineNumber":35,"author":{"gitId":"victorlaiyeeteng"},"content":"","lastModifiedDate":"2023-08-28"},{"lineNumber":36,"author":{"gitId":"victorlaiyeeteng"},"content":"    public void removeTask(Integer taskNumber) throws DukeException {","lastModifiedDate":"2023-08-28"},{"lineNumber":37,"author":{"gitId":"victorlaiyeeteng"},"content":"        if (taskNumber \u003e list.size() || taskNumber \u003c 1) {","lastModifiedDate":"2023-08-28"},{"lineNumber":38,"author":{"gitId":"victorlaiyeeteng"},"content":"            throw new DukeException(\"Invalid task number\");","lastModifiedDate":"2023-08-28"},{"lineNumber":39,"author":{"gitId":"victorlaiyeeteng"},"content":"        } else {","lastModifiedDate":"2023-08-28"},{"lineNumber":40,"author":{"gitId":"victorlaiyeeteng"},"content":"            Task task \u003d list.remove(taskNumber - 1);","lastModifiedDate":"2023-08-28"},{"lineNumber":41,"author":{"gitId":"victorlaiyeeteng"},"content":"            System.out.printf(\"Noted. I\u0027ve removed this task:\\n\" +","lastModifiedDate":"2023-08-28"},{"lineNumber":42,"author":{"gitId":"victorlaiyeeteng"},"content":"                    \"%s\\n\" + \"Now you have %d tasks in the list.\\n\" +","lastModifiedDate":"2023-08-28"},{"lineNumber":43,"author":{"gitId":"victorlaiyeeteng"},"content":"                    \"----------\\n\", task, list.size());","lastModifiedDate":"2023-08-28"},{"lineNumber":44,"author":{"gitId":"victorlaiyeeteng"},"content":"        }","lastModifiedDate":"2023-08-28"},{"lineNumber":45,"author":{"gitId":"victorlaiyeeteng"},"content":"    }","lastModifiedDate":"2023-08-28"},{"lineNumber":46,"author":{"gitId":"victorlaiyeeteng"},"content":"","lastModifiedDate":"2023-08-28"},{"lineNumber":47,"author":{"gitId":"victorlaiyeeteng"},"content":"    public void addTask(Task task) {","lastModifiedDate":"2023-08-28"},{"lineNumber":48,"author":{"gitId":"victorlaiyeeteng"},"content":"        list.add(task);","lastModifiedDate":"2023-08-28"},{"lineNumber":49,"author":{"gitId":"victorlaiyeeteng"},"content":"        System.out.printf(\"Got it. I\u0027ve added this task:\\n\" +","lastModifiedDate":"2023-08-28"},{"lineNumber":50,"author":{"gitId":"victorlaiyeeteng"},"content":"                \"%s\\n\" + \"Now you have %d tasks in the list.\\n\" +","lastModifiedDate":"2023-08-28"},{"lineNumber":51,"author":{"gitId":"victorlaiyeeteng"},"content":"                \"----------\\n\", task, list.size());","lastModifiedDate":"2023-08-28"},{"lineNumber":52,"author":{"gitId":"victorlaiyeeteng"},"content":"    }","lastModifiedDate":"2023-08-28"},{"lineNumber":53,"author":{"gitId":"victorlaiyeeteng"},"content":"}","lastModifiedDate":"2023-08-28"}],"authorContributionMap":{"victorlaiyeeteng":53}},{"path":"src/main/java/duke/task/Todo.java","fileType":"java","lines":[{"lineNumber":1,"author":{"gitId":"victorlaiyeeteng"},"content":"package duke.task;","lastModifiedDate":"2023-08-29"},{"lineNumber":2,"author":{"gitId":"victorlaiyeeteng"},"content":"","lastModifiedDate":"2023-08-29"},{"lineNumber":3,"author":{"gitId":"victorlaiyeeteng"},"content":"import duke.task.Task;","lastModifiedDate":"2023-08-29"},{"lineNumber":4,"author":{"gitId":"victorlaiyeeteng"},"content":"","lastModifiedDate":"2023-08-29"},{"lineNumber":5,"author":{"gitId":"victorlaiyeeteng"},"content":"public class Todo extends Task {","lastModifiedDate":"2023-08-22"},{"lineNumber":6,"author":{"gitId":"victorlaiyeeteng"},"content":"","lastModifiedDate":"2023-08-22"},{"lineNumber":7,"author":{"gitId":"victorlaiyeeteng"},"content":"    /**","lastModifiedDate":"2023-08-24"},{"lineNumber":8,"author":{"gitId":"victorlaiyeeteng"},"content":"     * Constructor of the  task","lastModifiedDate":"2023-08-24"},{"lineNumber":9,"author":{"gitId":"victorlaiyeeteng"},"content":"     * @param description Description of the  task","lastModifiedDate":"2023-08-24"},{"lineNumber":10,"author":{"gitId":"victorlaiyeeteng"},"content":"     */","lastModifiedDate":"2023-08-24"},{"lineNumber":11,"author":{"gitId":"victorlaiyeeteng"},"content":"    public Todo(String description) {","lastModifiedDate":"2023-08-22"},{"lineNumber":12,"author":{"gitId":"victorlaiyeeteng"},"content":"        super(description);","lastModifiedDate":"2023-08-22"},{"lineNumber":13,"author":{"gitId":"victorlaiyeeteng"},"content":"    }","lastModifiedDate":"2023-08-22"},{"lineNumber":14,"author":{"gitId":"victorlaiyeeteng"},"content":"","lastModifiedDate":"2023-08-22"},{"lineNumber":15,"author":{"gitId":"victorlaiyeeteng"},"content":"    @Override","lastModifiedDate":"2023-08-22"},{"lineNumber":16,"author":{"gitId":"victorlaiyeeteng"},"content":"    public String toString() {","lastModifiedDate":"2023-08-22"},{"lineNumber":17,"author":{"gitId":"victorlaiyeeteng"},"content":"        return \"[T]\" + super.toString();","lastModifiedDate":"2023-08-22"},{"lineNumber":18,"author":{"gitId":"victorlaiyeeteng"},"content":"    }","lastModifiedDate":"2023-08-22"},{"lineNumber":19,"author":{"gitId":"victorlaiyeeteng"},"content":"}","lastModifiedDate":"2023-08-22"}],"authorContributionMap":{"victorlaiyeeteng":19}},{"path":"src/main/java/duke/util/Parser.java","fileType":"java","lines":[{"lineNumber":1,"author":{"gitId":"victorlaiyeeteng"},"content":"package duke.util;","lastModifiedDate":"2023-08-29"},{"lineNumber":2,"author":{"gitId":"victorlaiyeeteng"},"content":"","lastModifiedDate":"2023-08-29"},{"lineNumber":3,"author":{"gitId":"victorlaiyeeteng"},"content":"import duke.exception.DukeException;","lastModifiedDate":"2023-08-29"},{"lineNumber":4,"author":{"gitId":"victorlaiyeeteng"},"content":"","lastModifiedDate":"2023-08-29"},{"lineNumber":5,"author":{"gitId":"victorlaiyeeteng"},"content":"public class Parser {","lastModifiedDate":"2023-08-28"},{"lineNumber":6,"author":{"gitId":"victorlaiyeeteng"},"content":"","lastModifiedDate":"2023-08-28"},{"lineNumber":7,"author":{"gitId":"victorlaiyeeteng"},"content":"    private String command;","lastModifiedDate":"2023-08-28"},{"lineNumber":8,"author":{"gitId":"victorlaiyeeteng"},"content":"    private String inputDetails;","lastModifiedDate":"2023-08-28"},{"lineNumber":9,"author":{"gitId":"victorlaiyeeteng"},"content":"","lastModifiedDate":"2023-08-28"},{"lineNumber":10,"author":{"gitId":"victorlaiyeeteng"},"content":"    public Parser(String input) {","lastModifiedDate":"2023-08-28"},{"lineNumber":11,"author":{"gitId":"victorlaiyeeteng"},"content":"        String[] parsedInput \u003d this.parseCommand(input);","lastModifiedDate":"2023-08-28"},{"lineNumber":12,"author":{"gitId":"victorlaiyeeteng"},"content":"        this.command \u003d parsedInput[0];","lastModifiedDate":"2023-08-28"},{"lineNumber":13,"author":{"gitId":"victorlaiyeeteng"},"content":"        if (parsedInput.length \u003e 1) this.inputDetails \u003d parsedInput[1];","lastModifiedDate":"2023-08-28"},{"lineNumber":14,"author":{"gitId":"victorlaiyeeteng"},"content":"    }","lastModifiedDate":"2023-08-28"},{"lineNumber":15,"author":{"gitId":"victorlaiyeeteng"},"content":"    public String[] parseCommand(String command) {","lastModifiedDate":"2023-08-28"},{"lineNumber":16,"author":{"gitId":"victorlaiyeeteng"},"content":"        return command.split(\" \", 2);","lastModifiedDate":"2023-08-28"},{"lineNumber":17,"author":{"gitId":"victorlaiyeeteng"},"content":"    }","lastModifiedDate":"2023-08-28"},{"lineNumber":18,"author":{"gitId":"victorlaiyeeteng"},"content":"","lastModifiedDate":"2023-08-28"},{"lineNumber":19,"author":{"gitId":"victorlaiyeeteng"},"content":"    public String getCommand() {","lastModifiedDate":"2023-08-28"},{"lineNumber":20,"author":{"gitId":"victorlaiyeeteng"},"content":"        return this.command;","lastModifiedDate":"2023-08-28"},{"lineNumber":21,"author":{"gitId":"victorlaiyeeteng"},"content":"    }","lastModifiedDate":"2023-08-28"},{"lineNumber":22,"author":{"gitId":"victorlaiyeeteng"},"content":"","lastModifiedDate":"2023-08-28"},{"lineNumber":23,"author":{"gitId":"victorlaiyeeteng"},"content":"    public String getInputDetails() {","lastModifiedDate":"2023-08-28"},{"lineNumber":24,"author":{"gitId":"victorlaiyeeteng"},"content":"        return this.inputDetails;","lastModifiedDate":"2023-08-28"},{"lineNumber":25,"author":{"gitId":"victorlaiyeeteng"},"content":"    }","lastModifiedDate":"2023-08-28"},{"lineNumber":26,"author":{"gitId":"victorlaiyeeteng"},"content":"","lastModifiedDate":"2023-08-28"},{"lineNumber":27,"author":{"gitId":"victorlaiyeeteng"},"content":"    public String[] parseInputDetailsDeadline() throws DukeException {","lastModifiedDate":"2023-08-28"},{"lineNumber":28,"author":{"gitId":"victorlaiyeeteng"},"content":"        String[] deadlineInfo \u003d inputDetails.split(\" /by \");","lastModifiedDate":"2023-08-28"},{"lineNumber":29,"author":{"gitId":"victorlaiyeeteng"},"content":"        if (deadlineInfo.length \u003c 2) throw new DukeException(\"☹ OOPS!!! Missing description or deadline of deadline task. Valid Input Syntax: deadline desc /by date\");","lastModifiedDate":"2023-08-28"},{"lineNumber":30,"author":{"gitId":"victorlaiyeeteng"},"content":"        return deadlineInfo;","lastModifiedDate":"2023-08-28"},{"lineNumber":31,"author":{"gitId":"victorlaiyeeteng"},"content":"    }","lastModifiedDate":"2023-08-28"},{"lineNumber":32,"author":{"gitId":"victorlaiyeeteng"},"content":"","lastModifiedDate":"2023-08-28"},{"lineNumber":33,"author":{"gitId":"victorlaiyeeteng"},"content":"    public String[] parseInputDetailsEvent() throws DukeException {","lastModifiedDate":"2023-08-28"},{"lineNumber":34,"author":{"gitId":"victorlaiyeeteng"},"content":"        String[] eventInfo \u003d inputDetails.split(\" /from | /to \");","lastModifiedDate":"2023-08-28"},{"lineNumber":35,"author":{"gitId":"victorlaiyeeteng"},"content":"        if (eventInfo.length \u003c 3) throw new DukeException(\"☹ OOPS!!! Missing description, start time or end time of deadline task. Valid Input Syntax: event desc /from date /to date\");","lastModifiedDate":"2023-08-28"},{"lineNumber":36,"author":{"gitId":"victorlaiyeeteng"},"content":"        return eventInfo;","lastModifiedDate":"2023-08-28"},{"lineNumber":37,"author":{"gitId":"victorlaiyeeteng"},"content":"    }","lastModifiedDate":"2023-08-28"},{"lineNumber":38,"author":{"gitId":"victorlaiyeeteng"},"content":"","lastModifiedDate":"2023-08-28"},{"lineNumber":39,"author":{"gitId":"victorlaiyeeteng"},"content":"    public boolean checkInputDetailsPresent() {","lastModifiedDate":"2023-08-28"},{"lineNumber":40,"author":{"gitId":"victorlaiyeeteng"},"content":"        return inputDetails !\u003d null;","lastModifiedDate":"2023-08-28"},{"lineNumber":41,"author":{"gitId":"victorlaiyeeteng"},"content":"    }","lastModifiedDate":"2023-08-28"},{"lineNumber":42,"author":{"gitId":"victorlaiyeeteng"},"content":"}","lastModifiedDate":"2023-08-28"}],"authorContributionMap":{"victorlaiyeeteng":42}},{"path":"src/main/java/duke/util/Storage.java","fileType":"java","lines":[{"lineNumber":1,"author":{"gitId":"victorlaiyeeteng"},"content":"package duke.util;","lastModifiedDate":"2023-08-29"},{"lineNumber":2,"author":{"gitId":"victorlaiyeeteng"},"content":"","lastModifiedDate":"2023-08-29"},{"lineNumber":3,"author":{"gitId":"victorlaiyeeteng"},"content":"import duke.task.Deadline;","lastModifiedDate":"2023-08-29"},{"lineNumber":4,"author":{"gitId":"victorlaiyeeteng"},"content":"import duke.task.Event;","lastModifiedDate":"2023-08-29"},{"lineNumber":5,"author":{"gitId":"victorlaiyeeteng"},"content":"import duke.task.Task;","lastModifiedDate":"2023-08-29"},{"lineNumber":6,"author":{"gitId":"victorlaiyeeteng"},"content":"import duke.task.Todo;","lastModifiedDate":"2023-08-29"},{"lineNumber":7,"author":{"gitId":"victorlaiyeeteng"},"content":"import duke.exception.DukeException;","lastModifiedDate":"2023-08-29"},{"lineNumber":8,"author":{"gitId":"victorlaiyeeteng"},"content":"","lastModifiedDate":"2023-08-29"},{"lineNumber":9,"author":{"gitId":"victorlaiyeeteng"},"content":"import java.io.BufferedReader;","lastModifiedDate":"2023-08-28"},{"lineNumber":10,"author":{"gitId":"victorlaiyeeteng"},"content":"import java.io.BufferedWriter;","lastModifiedDate":"2023-08-28"},{"lineNumber":11,"author":{"gitId":"victorlaiyeeteng"},"content":"import java.io.FileReader;","lastModifiedDate":"2023-08-28"},{"lineNumber":12,"author":{"gitId":"victorlaiyeeteng"},"content":"import java.io.FileWriter;","lastModifiedDate":"2023-08-28"},{"lineNumber":13,"author":{"gitId":"victorlaiyeeteng"},"content":"import java.nio.file.Files;","lastModifiedDate":"2023-08-28"},{"lineNumber":14,"author":{"gitId":"victorlaiyeeteng"},"content":"import java.nio.file.Path;","lastModifiedDate":"2023-08-28"},{"lineNumber":15,"author":{"gitId":"victorlaiyeeteng"},"content":"import java.nio.file.Paths;","lastModifiedDate":"2023-08-28"},{"lineNumber":16,"author":{"gitId":"victorlaiyeeteng"},"content":"import java.util.ArrayList;","lastModifiedDate":"2023-08-29"},{"lineNumber":17,"author":{"gitId":"victorlaiyeeteng"},"content":"import java.util.List;","lastModifiedDate":"2023-08-28"},{"lineNumber":18,"author":{"gitId":"victorlaiyeeteng"},"content":"","lastModifiedDate":"2023-08-28"},{"lineNumber":19,"author":{"gitId":"victorlaiyeeteng"},"content":"public class Storage {","lastModifiedDate":"2023-08-28"},{"lineNumber":20,"author":{"gitId":"victorlaiyeeteng"},"content":"","lastModifiedDate":"2023-08-28"},{"lineNumber":21,"author":{"gitId":"victorlaiyeeteng"},"content":"    private final String filePath;","lastModifiedDate":"2023-08-28"},{"lineNumber":22,"author":{"gitId":"victorlaiyeeteng"},"content":"","lastModifiedDate":"2023-08-28"},{"lineNumber":23,"author":{"gitId":"victorlaiyeeteng"},"content":"    public Storage(String filePath) {","lastModifiedDate":"2023-08-28"},{"lineNumber":24,"author":{"gitId":"victorlaiyeeteng"},"content":"        this.filePath \u003d filePath;","lastModifiedDate":"2023-08-28"},{"lineNumber":25,"author":{"gitId":"victorlaiyeeteng"},"content":"    }","lastModifiedDate":"2023-08-28"},{"lineNumber":26,"author":{"gitId":"victorlaiyeeteng"},"content":"","lastModifiedDate":"2023-08-28"},{"lineNumber":27,"author":{"gitId":"victorlaiyeeteng"},"content":"    public void saveTask(String description) throws DukeException {","lastModifiedDate":"2023-08-28"},{"lineNumber":28,"author":{"gitId":"victorlaiyeeteng"},"content":"        try {","lastModifiedDate":"2023-08-28"},{"lineNumber":29,"author":{"gitId":"victorlaiyeeteng"},"content":"            String taskToSave \u003d String.format(\"T | 0 | %s\", description);","lastModifiedDate":"2023-08-28"},{"lineNumber":30,"author":{"gitId":"victorlaiyeeteng"},"content":"            this.saveTaskToFile(taskToSave);","lastModifiedDate":"2023-08-28"},{"lineNumber":31,"author":{"gitId":"victorlaiyeeteng"},"content":"        } catch (Exception e) {","lastModifiedDate":"2023-08-28"},{"lineNumber":32,"author":{"gitId":"victorlaiyeeteng"},"content":"            throw new DukeException(e.getMessage());","lastModifiedDate":"2023-08-28"},{"lineNumber":33,"author":{"gitId":"victorlaiyeeteng"},"content":"        }","lastModifiedDate":"2023-08-28"},{"lineNumber":34,"author":{"gitId":"victorlaiyeeteng"},"content":"    }","lastModifiedDate":"2023-08-28"},{"lineNumber":35,"author":{"gitId":"victorlaiyeeteng"},"content":"","lastModifiedDate":"2023-08-28"},{"lineNumber":36,"author":{"gitId":"victorlaiyeeteng"},"content":"    public void saveTask(String description, String deadline) throws DukeException {","lastModifiedDate":"2023-08-28"},{"lineNumber":37,"author":{"gitId":"victorlaiyeeteng"},"content":"        try {","lastModifiedDate":"2023-08-28"},{"lineNumber":38,"author":{"gitId":"victorlaiyeeteng"},"content":"            String taskToSave \u003d String.format(\"D | 0 | %s | %s\", description, deadline);","lastModifiedDate":"2023-08-28"},{"lineNumber":39,"author":{"gitId":"victorlaiyeeteng"},"content":"            this.saveTaskToFile(taskToSave);","lastModifiedDate":"2023-08-28"},{"lineNumber":40,"author":{"gitId":"victorlaiyeeteng"},"content":"        } catch (Exception e) {","lastModifiedDate":"2023-08-28"},{"lineNumber":41,"author":{"gitId":"victorlaiyeeteng"},"content":"            throw new DukeException(e.getMessage());","lastModifiedDate":"2023-08-28"},{"lineNumber":42,"author":{"gitId":"victorlaiyeeteng"},"content":"        }","lastModifiedDate":"2023-08-28"},{"lineNumber":43,"author":{"gitId":"victorlaiyeeteng"},"content":"    }","lastModifiedDate":"2023-08-28"},{"lineNumber":44,"author":{"gitId":"victorlaiyeeteng"},"content":"","lastModifiedDate":"2023-08-28"},{"lineNumber":45,"author":{"gitId":"victorlaiyeeteng"},"content":"    public void saveTask(String description, String from, String to) throws DukeException {","lastModifiedDate":"2023-08-28"},{"lineNumber":46,"author":{"gitId":"victorlaiyeeteng"},"content":"        try {","lastModifiedDate":"2023-08-28"},{"lineNumber":47,"author":{"gitId":"victorlaiyeeteng"},"content":"            String taskToSave \u003d String.format(\"E | 0 | %s | %s | %s\", description, from, to);","lastModifiedDate":"2023-08-28"},{"lineNumber":48,"author":{"gitId":"victorlaiyeeteng"},"content":"            this.saveTaskToFile(taskToSave);","lastModifiedDate":"2023-08-28"},{"lineNumber":49,"author":{"gitId":"victorlaiyeeteng"},"content":"        } catch (Exception e) {","lastModifiedDate":"2023-08-28"},{"lineNumber":50,"author":{"gitId":"victorlaiyeeteng"},"content":"            throw new DukeException(e.getMessage());","lastModifiedDate":"2023-08-28"},{"lineNumber":51,"author":{"gitId":"victorlaiyeeteng"},"content":"        }","lastModifiedDate":"2023-08-28"},{"lineNumber":52,"author":{"gitId":"victorlaiyeeteng"},"content":"    }","lastModifiedDate":"2023-08-28"},{"lineNumber":53,"author":{"gitId":"victorlaiyeeteng"},"content":"","lastModifiedDate":"2023-08-28"},{"lineNumber":54,"author":{"gitId":"victorlaiyeeteng"},"content":"    public void saveTaskToFile(String task) throws DukeException {","lastModifiedDate":"2023-08-28"},{"lineNumber":55,"author":{"gitId":"victorlaiyeeteng"},"content":"        String fileName \u003d filePath;","lastModifiedDate":"2023-08-28"},{"lineNumber":56,"author":{"gitId":"victorlaiyeeteng"},"content":"        Path filePath \u003d Paths.get(fileName);","lastModifiedDate":"2023-08-28"},{"lineNumber":57,"author":{"gitId":"victorlaiyeeteng"},"content":"","lastModifiedDate":"2023-08-28"},{"lineNumber":58,"author":{"gitId":"victorlaiyeeteng"},"content":"        try {","lastModifiedDate":"2023-08-28"},{"lineNumber":59,"author":{"gitId":"victorlaiyeeteng"},"content":"            if (!Files.exists(filePath.getParent())) {","lastModifiedDate":"2023-08-28"},{"lineNumber":60,"author":{"gitId":"victorlaiyeeteng"},"content":"                Files.createDirectories(filePath.getParent());","lastModifiedDate":"2023-08-28"},{"lineNumber":61,"author":{"gitId":"victorlaiyeeteng"},"content":"            }","lastModifiedDate":"2023-08-28"},{"lineNumber":62,"author":{"gitId":"victorlaiyeeteng"},"content":"            if (!Files.exists(filePath)) {","lastModifiedDate":"2023-08-28"},{"lineNumber":63,"author":{"gitId":"victorlaiyeeteng"},"content":"                Files.createFile(filePath);","lastModifiedDate":"2023-08-28"},{"lineNumber":64,"author":{"gitId":"victorlaiyeeteng"},"content":"            } else {","lastModifiedDate":"2023-08-28"},{"lineNumber":65,"author":{"gitId":"victorlaiyeeteng"},"content":"                try (BufferedWriter writer \u003d new BufferedWriter(new FileWriter(fileName, true))) {","lastModifiedDate":"2023-08-28"},{"lineNumber":66,"author":{"gitId":"victorlaiyeeteng"},"content":"                    writer.newLine();","lastModifiedDate":"2023-08-28"},{"lineNumber":67,"author":{"gitId":"victorlaiyeeteng"},"content":"                    writer.write(task);","lastModifiedDate":"2023-08-28"},{"lineNumber":68,"author":{"gitId":"victorlaiyeeteng"},"content":"                }","lastModifiedDate":"2023-08-28"},{"lineNumber":69,"author":{"gitId":"victorlaiyeeteng"},"content":"            }","lastModifiedDate":"2023-08-28"},{"lineNumber":70,"author":{"gitId":"victorlaiyeeteng"},"content":"        } catch (Exception e) {","lastModifiedDate":"2023-08-28"},{"lineNumber":71,"author":{"gitId":"victorlaiyeeteng"},"content":"            throw new DukeException(e.getMessage());","lastModifiedDate":"2023-08-28"},{"lineNumber":72,"author":{"gitId":"victorlaiyeeteng"},"content":"        }","lastModifiedDate":"2023-08-28"},{"lineNumber":73,"author":{"gitId":"victorlaiyeeteng"},"content":"    }","lastModifiedDate":"2023-08-28"},{"lineNumber":74,"author":{"gitId":"victorlaiyeeteng"},"content":"","lastModifiedDate":"2023-08-28"},{"lineNumber":75,"author":{"gitId":"victorlaiyeeteng"},"content":"    public void deleteTaskFromFile(Integer taskNumber) throws DukeException {","lastModifiedDate":"2023-08-29"},{"lineNumber":76,"author":{"gitId":"victorlaiyeeteng"},"content":"        String fileName \u003d filePath;","lastModifiedDate":"2023-08-29"},{"lineNumber":77,"author":{"gitId":"victorlaiyeeteng"},"content":"        List\u003cString\u003e lines \u003d new ArrayList\u003c\u003e();","lastModifiedDate":"2023-08-29"},{"lineNumber":78,"author":{"gitId":"victorlaiyeeteng"},"content":"        String currentLine;","lastModifiedDate":"2023-08-29"},{"lineNumber":79,"author":{"gitId":"victorlaiyeeteng"},"content":"        try {","lastModifiedDate":"2023-08-29"},{"lineNumber":80,"author":{"gitId":"victorlaiyeeteng"},"content":"","lastModifiedDate":"2023-08-29"},{"lineNumber":81,"author":{"gitId":"victorlaiyeeteng"},"content":"            BufferedReader reader \u003d new BufferedReader(new FileReader(fileName));","lastModifiedDate":"2023-08-29"},{"lineNumber":82,"author":{"gitId":"victorlaiyeeteng"},"content":"            Integer lineNumber \u003d 1;","lastModifiedDate":"2023-08-29"},{"lineNumber":83,"author":{"gitId":"victorlaiyeeteng"},"content":"            while ((currentLine \u003d reader.readLine()) !\u003d null) {","lastModifiedDate":"2023-08-29"},{"lineNumber":84,"author":{"gitId":"victorlaiyeeteng"},"content":"                if (!lineNumber.equals(taskNumber)) {","lastModifiedDate":"2023-08-29"},{"lineNumber":85,"author":{"gitId":"victorlaiyeeteng"},"content":"                    lines.add(currentLine);","lastModifiedDate":"2023-08-29"},{"lineNumber":86,"author":{"gitId":"victorlaiyeeteng"},"content":"                }","lastModifiedDate":"2023-08-29"},{"lineNumber":87,"author":{"gitId":"victorlaiyeeteng"},"content":"                lineNumber++;","lastModifiedDate":"2023-08-29"},{"lineNumber":88,"author":{"gitId":"victorlaiyeeteng"},"content":"            }","lastModifiedDate":"2023-08-29"},{"lineNumber":89,"author":{"gitId":"victorlaiyeeteng"},"content":"","lastModifiedDate":"2023-08-29"},{"lineNumber":90,"author":{"gitId":"victorlaiyeeteng"},"content":"            BufferedWriter writer \u003d new BufferedWriter(new FileWriter(fileName));","lastModifiedDate":"2023-08-29"},{"lineNumber":91,"author":{"gitId":"victorlaiyeeteng"},"content":"            for (String line : lines) {","lastModifiedDate":"2023-08-29"},{"lineNumber":92,"author":{"gitId":"victorlaiyeeteng"},"content":"                writer.write(line);","lastModifiedDate":"2023-08-29"},{"lineNumber":93,"author":{"gitId":"victorlaiyeeteng"},"content":"                writer.newLine();","lastModifiedDate":"2023-08-29"},{"lineNumber":94,"author":{"gitId":"victorlaiyeeteng"},"content":"            }","lastModifiedDate":"2023-08-29"},{"lineNumber":95,"author":{"gitId":"victorlaiyeeteng"},"content":"            writer.close();","lastModifiedDate":"2023-08-29"},{"lineNumber":96,"author":{"gitId":"victorlaiyeeteng"},"content":"        } catch (Exception e) {","lastModifiedDate":"2023-08-29"},{"lineNumber":97,"author":{"gitId":"victorlaiyeeteng"},"content":"            throw new DukeException(e.getMessage());","lastModifiedDate":"2023-08-29"},{"lineNumber":98,"author":{"gitId":"victorlaiyeeteng"},"content":"        }","lastModifiedDate":"2023-08-29"},{"lineNumber":99,"author":{"gitId":"victorlaiyeeteng"},"content":"    }","lastModifiedDate":"2023-08-29"},{"lineNumber":100,"author":{"gitId":"victorlaiyeeteng"},"content":"","lastModifiedDate":"2023-08-29"},{"lineNumber":101,"author":{"gitId":"victorlaiyeeteng"},"content":"    public List\u003cTask\u003e loadTasksFromFile(List\u003cTask\u003e list) throws DukeException {","lastModifiedDate":"2023-08-28"},{"lineNumber":102,"author":{"gitId":"victorlaiyeeteng"},"content":"        String fileName \u003d filePath;","lastModifiedDate":"2023-08-28"},{"lineNumber":103,"author":{"gitId":"victorlaiyeeteng"},"content":"        Path filePath \u003d Paths.get(fileName);","lastModifiedDate":"2023-08-28"},{"lineNumber":104,"author":{"gitId":"victorlaiyeeteng"},"content":"","lastModifiedDate":"2023-08-28"},{"lineNumber":105,"author":{"gitId":"victorlaiyeeteng"},"content":"        try {","lastModifiedDate":"2023-08-28"},{"lineNumber":106,"author":{"gitId":"victorlaiyeeteng"},"content":"            if (!Files.exists(filePath.getParent())) {","lastModifiedDate":"2023-08-28"},{"lineNumber":107,"author":{"gitId":"victorlaiyeeteng"},"content":"                Files.createDirectories(filePath.getParent());","lastModifiedDate":"2023-08-28"},{"lineNumber":108,"author":{"gitId":"victorlaiyeeteng"},"content":"            }","lastModifiedDate":"2023-08-28"},{"lineNumber":109,"author":{"gitId":"victorlaiyeeteng"},"content":"            if (!Files.exists(filePath)) {","lastModifiedDate":"2023-08-28"},{"lineNumber":110,"author":{"gitId":"victorlaiyeeteng"},"content":"                Files.createFile(filePath);","lastModifiedDate":"2023-08-28"},{"lineNumber":111,"author":{"gitId":"victorlaiyeeteng"},"content":"            } else {","lastModifiedDate":"2023-08-28"},{"lineNumber":112,"author":{"gitId":"victorlaiyeeteng"},"content":"                BufferedReader fileReader \u003d new BufferedReader(new FileReader(fileName));","lastModifiedDate":"2023-08-28"},{"lineNumber":113,"author":{"gitId":"victorlaiyeeteng"},"content":"                String line;","lastModifiedDate":"2023-08-28"},{"lineNumber":114,"author":{"gitId":"victorlaiyeeteng"},"content":"                while ((line \u003d fileReader.readLine()) !\u003d null) {","lastModifiedDate":"2023-08-28"},{"lineNumber":115,"author":{"gitId":"victorlaiyeeteng"},"content":"                    String[] formattedLine \u003d line.split(\" \\\\| \");","lastModifiedDate":"2023-08-28"},{"lineNumber":116,"author":{"gitId":"victorlaiyeeteng"},"content":"                    switch (formattedLine[0]) {","lastModifiedDate":"2023-08-28"},{"lineNumber":117,"author":{"gitId":"victorlaiyeeteng"},"content":"                        case \"T\": {","lastModifiedDate":"2023-08-28"},{"lineNumber":118,"author":{"gitId":"victorlaiyeeteng"},"content":"                            Task task \u003d new Todo(formattedLine[2]);","lastModifiedDate":"2023-08-28"},{"lineNumber":119,"author":{"gitId":"victorlaiyeeteng"},"content":"                            if (formattedLine[1].equals(\"1\")) task.markDone();","lastModifiedDate":"2023-08-28"},{"lineNumber":120,"author":{"gitId":"victorlaiyeeteng"},"content":"                            list.add(task);","lastModifiedDate":"2023-08-28"},{"lineNumber":121,"author":{"gitId":"victorlaiyeeteng"},"content":"                            break;","lastModifiedDate":"2023-08-28"},{"lineNumber":122,"author":{"gitId":"victorlaiyeeteng"},"content":"                        }","lastModifiedDate":"2023-08-28"},{"lineNumber":123,"author":{"gitId":"victorlaiyeeteng"},"content":"                        case \"D\": {","lastModifiedDate":"2023-08-28"},{"lineNumber":124,"author":{"gitId":"victorlaiyeeteng"},"content":"                            Task task \u003d new Deadline(formattedLine[2], formattedLine[3]);","lastModifiedDate":"2023-08-28"},{"lineNumber":125,"author":{"gitId":"victorlaiyeeteng"},"content":"                            if (formattedLine[1].equals(\"1\")) task.markDone();","lastModifiedDate":"2023-08-28"},{"lineNumber":126,"author":{"gitId":"victorlaiyeeteng"},"content":"                            list.add(task);","lastModifiedDate":"2023-08-28"},{"lineNumber":127,"author":{"gitId":"victorlaiyeeteng"},"content":"                            break;","lastModifiedDate":"2023-08-28"},{"lineNumber":128,"author":{"gitId":"victorlaiyeeteng"},"content":"                        }","lastModifiedDate":"2023-08-28"},{"lineNumber":129,"author":{"gitId":"victorlaiyeeteng"},"content":"                        case \"E\": {","lastModifiedDate":"2023-08-28"},{"lineNumber":130,"author":{"gitId":"victorlaiyeeteng"},"content":"                            Task task \u003d new Event(formattedLine[2], formattedLine[3], formattedLine[4]);","lastModifiedDate":"2023-08-28"},{"lineNumber":131,"author":{"gitId":"victorlaiyeeteng"},"content":"                            if (formattedLine[1].equals(\"1\")) task.markDone();","lastModifiedDate":"2023-08-28"},{"lineNumber":132,"author":{"gitId":"victorlaiyeeteng"},"content":"                            list.add(task);","lastModifiedDate":"2023-08-28"},{"lineNumber":133,"author":{"gitId":"victorlaiyeeteng"},"content":"                            break;","lastModifiedDate":"2023-08-28"},{"lineNumber":134,"author":{"gitId":"victorlaiyeeteng"},"content":"                        }","lastModifiedDate":"2023-08-28"},{"lineNumber":135,"author":{"gitId":"victorlaiyeeteng"},"content":"                        default: break;","lastModifiedDate":"2023-08-28"},{"lineNumber":136,"author":{"gitId":"victorlaiyeeteng"},"content":"                    }","lastModifiedDate":"2023-08-28"},{"lineNumber":137,"author":{"gitId":"victorlaiyeeteng"},"content":"                }","lastModifiedDate":"2023-08-28"},{"lineNumber":138,"author":{"gitId":"victorlaiyeeteng"},"content":"                fileReader.close();","lastModifiedDate":"2023-08-28"},{"lineNumber":139,"author":{"gitId":"victorlaiyeeteng"},"content":"            }","lastModifiedDate":"2023-08-28"},{"lineNumber":140,"author":{"gitId":"victorlaiyeeteng"},"content":"        } catch (Exception e) {","lastModifiedDate":"2023-08-28"},{"lineNumber":141,"author":{"gitId":"victorlaiyeeteng"},"content":"            throw new DukeException(e.getMessage());","lastModifiedDate":"2023-08-28"},{"lineNumber":142,"author":{"gitId":"victorlaiyeeteng"},"content":"        }","lastModifiedDate":"2023-08-28"},{"lineNumber":143,"author":{"gitId":"victorlaiyeeteng"},"content":"        return list;","lastModifiedDate":"2023-08-28"},{"lineNumber":144,"author":{"gitId":"victorlaiyeeteng"},"content":"    }","lastModifiedDate":"2023-08-28"},{"lineNumber":145,"author":{"gitId":"victorlaiyeeteng"},"content":"}","lastModifiedDate":"2023-08-28"}],"authorContributionMap":{"victorlaiyeeteng":145}},{"path":"src/test/java/duke/task/DeadlineTest.java","fileType":"java","lines":[{"lineNumber":1,"author":{"gitId":"victorlaiyeeteng"},"content":"package duke.task;","lastModifiedDate":"2023-08-29"},{"lineNumber":2,"author":{"gitId":"victorlaiyeeteng"},"content":"","lastModifiedDate":"2023-08-29"},{"lineNumber":3,"author":{"gitId":"victorlaiyeeteng"},"content":"import duke.exception.DukeException;","lastModifiedDate":"2023-08-29"},{"lineNumber":4,"author":{"gitId":"victorlaiyeeteng"},"content":"import org.junit.jupiter.api.Test;","lastModifiedDate":"2023-08-29"},{"lineNumber":5,"author":{"gitId":"victorlaiyeeteng"},"content":"import static org.junit.jupiter.api.Assertions.assertEquals;","lastModifiedDate":"2023-08-29"},{"lineNumber":6,"author":{"gitId":"victorlaiyeeteng"},"content":"","lastModifiedDate":"2023-08-29"},{"lineNumber":7,"author":{"gitId":"victorlaiyeeteng"},"content":"public class DeadlineTest {","lastModifiedDate":"2023-08-29"},{"lineNumber":8,"author":{"gitId":"victorlaiyeeteng"},"content":"","lastModifiedDate":"2023-08-29"},{"lineNumber":9,"author":{"gitId":"victorlaiyeeteng"},"content":"    @Test","lastModifiedDate":"2023-08-29"},{"lineNumber":10,"author":{"gitId":"victorlaiyeeteng"},"content":"    public void testDeadlineStringConversion() throws DukeException {","lastModifiedDate":"2023-08-29"},{"lineNumber":11,"author":{"gitId":"victorlaiyeeteng"},"content":"        assertEquals(","lastModifiedDate":"2023-08-29"},{"lineNumber":12,"author":{"gitId":"victorlaiyeeteng"},"content":"                \"[D][ ] Lab submission (by: Aug 31 2023)\",","lastModifiedDate":"2023-08-29"},{"lineNumber":13,"author":{"gitId":"victorlaiyeeteng"},"content":"                new Deadline(\"Lab submission\", \"2023-08-31\").toString()","lastModifiedDate":"2023-08-29"},{"lineNumber":14,"author":{"gitId":"victorlaiyeeteng"},"content":"        );","lastModifiedDate":"2023-08-29"},{"lineNumber":15,"author":{"gitId":"victorlaiyeeteng"},"content":"","lastModifiedDate":"2023-08-29"},{"lineNumber":16,"author":{"gitId":"victorlaiyeeteng"},"content":"        assertEquals(","lastModifiedDate":"2023-08-29"},{"lineNumber":17,"author":{"gitId":"victorlaiyeeteng"},"content":"                \"[D][ ] Final Project (by: Nov 25 2023)\",","lastModifiedDate":"2023-08-29"},{"lineNumber":18,"author":{"gitId":"victorlaiyeeteng"},"content":"                new Deadline(\"Final Project\", \"2023-11-25\").toString()","lastModifiedDate":"2023-08-29"},{"lineNumber":19,"author":{"gitId":"victorlaiyeeteng"},"content":"        );","lastModifiedDate":"2023-08-29"},{"lineNumber":20,"author":{"gitId":"victorlaiyeeteng"},"content":"","lastModifiedDate":"2023-08-29"},{"lineNumber":21,"author":{"gitId":"victorlaiyeeteng"},"content":"        assertEquals(","lastModifiedDate":"2023-08-29"},{"lineNumber":22,"author":{"gitId":"victorlaiyeeteng"},"content":"                \"[D][ ] Wedding Planning (by: Mar 5 2028)\",","lastModifiedDate":"2023-08-29"},{"lineNumber":23,"author":{"gitId":"victorlaiyeeteng"},"content":"                new Deadline(\"Wedding Planning\", \"2028-03-05\").toString()","lastModifiedDate":"2023-08-29"},{"lineNumber":24,"author":{"gitId":"victorlaiyeeteng"},"content":"        );","lastModifiedDate":"2023-08-29"},{"lineNumber":25,"author":{"gitId":"victorlaiyeeteng"},"content":"    }","lastModifiedDate":"2023-08-29"},{"lineNumber":26,"author":{"gitId":"victorlaiyeeteng"},"content":"    @Test","lastModifiedDate":"2023-08-29"},{"lineNumber":27,"author":{"gitId":"victorlaiyeeteng"},"content":"    public void testConstructor_invalidDateFormat_exceptionThrown() {","lastModifiedDate":"2023-08-29"},{"lineNumber":28,"author":{"gitId":"victorlaiyeeteng"},"content":"        String description \u003d \"Return book\";","lastModifiedDate":"2023-08-29"},{"lineNumber":29,"author":{"gitId":"victorlaiyeeteng"},"content":"        String byDate \u003d \"2023 10 12\";","lastModifiedDate":"2023-08-29"},{"lineNumber":30,"author":{"gitId":"victorlaiyeeteng"},"content":"","lastModifiedDate":"2023-08-29"},{"lineNumber":31,"author":{"gitId":"victorlaiyeeteng"},"content":"        try {","lastModifiedDate":"2023-08-29"},{"lineNumber":32,"author":{"gitId":"victorlaiyeeteng"},"content":"            assertEquals(","lastModifiedDate":"2023-08-29"},{"lineNumber":33,"author":{"gitId":"victorlaiyeeteng"},"content":"                    \"[E][ ] Return book (by: Oct 12 2023)\",","lastModifiedDate":"2023-08-29"},{"lineNumber":34,"author":{"gitId":"victorlaiyeeteng"},"content":"                    new Deadline(description, byDate).toString()","lastModifiedDate":"2023-08-29"},{"lineNumber":35,"author":{"gitId":"victorlaiyeeteng"},"content":"            );","lastModifiedDate":"2023-08-29"},{"lineNumber":36,"author":{"gitId":"victorlaiyeeteng"},"content":"        } catch (Exception e) {","lastModifiedDate":"2023-08-29"},{"lineNumber":37,"author":{"gitId":"victorlaiyeeteng"},"content":"            assertEquals(","lastModifiedDate":"2023-08-29"},{"lineNumber":38,"author":{"gitId":"victorlaiyeeteng"},"content":"                    String.format(\"Text \u0027%s\u0027 could not be parsed at index 4\", byDate),","lastModifiedDate":"2023-08-29"},{"lineNumber":39,"author":{"gitId":"victorlaiyeeteng"},"content":"                    e.getMessage()","lastModifiedDate":"2023-08-29"},{"lineNumber":40,"author":{"gitId":"victorlaiyeeteng"},"content":"            );","lastModifiedDate":"2023-08-29"},{"lineNumber":41,"author":{"gitId":"victorlaiyeeteng"},"content":"        }","lastModifiedDate":"2023-08-29"},{"lineNumber":42,"author":{"gitId":"victorlaiyeeteng"},"content":"    }","lastModifiedDate":"2023-08-29"},{"lineNumber":43,"author":{"gitId":"victorlaiyeeteng"},"content":"}","lastModifiedDate":"2023-08-29"}],"authorContributionMap":{"victorlaiyeeteng":43}},{"path":"src/test/java/duke/task/EventTest.java","fileType":"java","lines":[{"lineNumber":1,"author":{"gitId":"victorlaiyeeteng"},"content":"package duke.task;","lastModifiedDate":"2023-08-29"},{"lineNumber":2,"author":{"gitId":"victorlaiyeeteng"},"content":"","lastModifiedDate":"2023-08-29"},{"lineNumber":3,"author":{"gitId":"victorlaiyeeteng"},"content":"import duke.exception.DukeException;","lastModifiedDate":"2023-08-29"},{"lineNumber":4,"author":{"gitId":"victorlaiyeeteng"},"content":"import org.junit.jupiter.api.Test;","lastModifiedDate":"2023-08-29"},{"lineNumber":5,"author":{"gitId":"victorlaiyeeteng"},"content":"import static org.junit.jupiter.api.Assertions.assertEquals;","lastModifiedDate":"2023-08-29"},{"lineNumber":6,"author":{"gitId":"victorlaiyeeteng"},"content":"public class EventTest {","lastModifiedDate":"2023-08-29"},{"lineNumber":7,"author":{"gitId":"victorlaiyeeteng"},"content":"    @Test","lastModifiedDate":"2023-08-29"},{"lineNumber":8,"author":{"gitId":"victorlaiyeeteng"},"content":"    public void testEventStringConversion() throws DukeException {","lastModifiedDate":"2023-08-29"},{"lineNumber":9,"author":{"gitId":"victorlaiyeeteng"},"content":"        assertEquals(","lastModifiedDate":"2023-08-29"},{"lineNumber":10,"author":{"gitId":"victorlaiyeeteng"},"content":"                \"[E][ ] Malaysia Trip (from: Aug 12 2023 to: Aug 13 2023)\",","lastModifiedDate":"2023-08-29"},{"lineNumber":11,"author":{"gitId":"victorlaiyeeteng"},"content":"                new Event(\"Malaysia Trip\", \"2023-08-12\", \"2023-08-13\").toString()","lastModifiedDate":"2023-08-29"},{"lineNumber":12,"author":{"gitId":"victorlaiyeeteng"},"content":"        );","lastModifiedDate":"2023-08-29"},{"lineNumber":13,"author":{"gitId":"victorlaiyeeteng"},"content":"","lastModifiedDate":"2023-08-29"},{"lineNumber":14,"author":{"gitId":"victorlaiyeeteng"},"content":"        assertEquals(","lastModifiedDate":"2023-08-29"},{"lineNumber":15,"author":{"gitId":"victorlaiyeeteng"},"content":"                \"[E][ ] Camp (from: Sept 11 2023 to: Sept 14 2023)\",","lastModifiedDate":"2023-08-29"},{"lineNumber":16,"author":{"gitId":"victorlaiyeeteng"},"content":"                new Event(\"Camp\", \"2023-09-11\", \"2023-09-14\").toString()","lastModifiedDate":"2023-08-29"},{"lineNumber":17,"author":{"gitId":"victorlaiyeeteng"},"content":"        );","lastModifiedDate":"2023-08-29"},{"lineNumber":18,"author":{"gitId":"victorlaiyeeteng"},"content":"","lastModifiedDate":"2023-08-29"},{"lineNumber":19,"author":{"gitId":"victorlaiyeeteng"},"content":"        assertEquals(","lastModifiedDate":"2023-08-29"},{"lineNumber":20,"author":{"gitId":"victorlaiyeeteng"},"content":"                \"[E][ ] Birthday Party (from: Oct 15 2023 to: Oct 16 2023)\",","lastModifiedDate":"2023-08-29"},{"lineNumber":21,"author":{"gitId":"victorlaiyeeteng"},"content":"                new Event(\"Birthday Party\", \"2023-10-15\", \"2023-10-16\").toString()","lastModifiedDate":"2023-08-29"},{"lineNumber":22,"author":{"gitId":"victorlaiyeeteng"},"content":"        );","lastModifiedDate":"2023-08-29"},{"lineNumber":23,"author":{"gitId":"victorlaiyeeteng"},"content":"    }","lastModifiedDate":"2023-08-29"},{"lineNumber":24,"author":{"gitId":"victorlaiyeeteng"},"content":"","lastModifiedDate":"2023-08-29"},{"lineNumber":25,"author":{"gitId":"victorlaiyeeteng"},"content":"    @Test","lastModifiedDate":"2023-08-29"},{"lineNumber":26,"author":{"gitId":"victorlaiyeeteng"},"content":"    public void testConstructor_invalidDates_exceptionThrown() {","lastModifiedDate":"2023-08-29"},{"lineNumber":27,"author":{"gitId":"victorlaiyeeteng"},"content":"        try {","lastModifiedDate":"2023-08-29"},{"lineNumber":28,"author":{"gitId":"victorlaiyeeteng"},"content":"            assertEquals(","lastModifiedDate":"2023-08-29"},{"lineNumber":29,"author":{"gitId":"victorlaiyeeteng"},"content":"                    \"[E][ ] Graduation Trip (from: May 10 2024 to: May 9 2024)\",","lastModifiedDate":"2023-08-29"},{"lineNumber":30,"author":{"gitId":"victorlaiyeeteng"},"content":"                    new Event(\"Graduation Trip\", \"2024-05-10\", \"2024-05-09\").toString()","lastModifiedDate":"2023-08-29"},{"lineNumber":31,"author":{"gitId":"victorlaiyeeteng"},"content":"            );","lastModifiedDate":"2023-08-29"},{"lineNumber":32,"author":{"gitId":"victorlaiyeeteng"},"content":"        } catch (Exception e) {","lastModifiedDate":"2023-08-29"},{"lineNumber":33,"author":{"gitId":"victorlaiyeeteng"},"content":"            assertEquals(\"Start date cannot be after end date\", e.getMessage());","lastModifiedDate":"2023-08-29"},{"lineNumber":34,"author":{"gitId":"victorlaiyeeteng"},"content":"        }","lastModifiedDate":"2023-08-29"},{"lineNumber":35,"author":{"gitId":"victorlaiyeeteng"},"content":"    }","lastModifiedDate":"2023-08-29"},{"lineNumber":36,"author":{"gitId":"victorlaiyeeteng"},"content":"","lastModifiedDate":"2023-08-29"},{"lineNumber":37,"author":{"gitId":"victorlaiyeeteng"},"content":"}","lastModifiedDate":"2023-08-29"}],"authorContributionMap":{"victorlaiyeeteng":37}},{"path":"text-ui-test/input.txt","fileType":"txt","lines":[{"lineNumber":1,"author":{"gitId":"victorlaiyeeteng"},"content":"todo borrow book","lastModifiedDate":"2023-08-22"},{"lineNumber":2,"author":{"gitId":"victorlaiyeeteng"},"content":"list","lastModifiedDate":"2023-08-22"},{"lineNumber":3,"author":{"gitId":"victorlaiyeeteng"},"content":"deadline return book /by Sunday","lastModifiedDate":"2023-08-22"},{"lineNumber":4,"author":{"gitId":"victorlaiyeeteng"},"content":"event project meeting /from Mon 2pm /to 4pm","lastModifiedDate":"2023-08-22"},{"lineNumber":5,"author":{"gitId":"victorlaiyeeteng"},"content":"mark 1","lastModifiedDate":"2023-08-22"},{"lineNumber":6,"author":{"gitId":"victorlaiyeeteng"},"content":"list","lastModifiedDate":"2023-08-22"},{"lineNumber":7,"author":{"gitId":"victorlaiyeeteng"},"content":"unmark 1","lastModifiedDate":"2023-08-22"},{"lineNumber":8,"author":{"gitId":"victorlaiyeeteng"},"content":"list","lastModifiedDate":"2023-08-22"},{"lineNumber":9,"author":{"gitId":"victorlaiyeeteng"},"content":"bye","lastModifiedDate":"2023-08-24"}],"authorContributionMap":{"victorlaiyeeteng":9}},{"path":"text-ui-test/runtest.bat","fileType":"bat","lines":[{"lineNumber":1,"author":{"gitId":"-"},"content":"@ECHO OFF","lastModifiedDate":"2020-05-25"},{"lineNumber":2,"author":{"gitId":"-"},"content":"","lastModifiedDate":"2020-05-25"},{"lineNumber":3,"author":{"gitId":"-"},"content":"REM create bin directory if it doesn\u0027t exist","lastModifiedDate":"2020-05-25"},{"lineNumber":4,"author":{"gitId":"-"},"content":"if not exist ..\\bin mkdir ..\\bin","lastModifiedDate":"2020-05-25"},{"lineNumber":5,"author":{"gitId":"-"},"content":"","lastModifiedDate":"2020-05-25"},{"lineNumber":6,"author":{"gitId":"-"},"content":"REM delete output from previous run","lastModifiedDate":"2020-05-25"},{"lineNumber":7,"author":{"gitId":"-"},"content":"if exist ACTUAL.TXT del ACTUAL.TXT","lastModifiedDate":"2020-08-25"},{"lineNumber":8,"author":{"gitId":"-"},"content":"","lastModifiedDate":"2020-05-25"},{"lineNumber":9,"author":{"gitId":"-"},"content":"REM compile the code into the bin folder","lastModifiedDate":"2020-05-25"},{"lineNumber":10,"author":{"gitId":"-"},"content":"javac  -cp ..\\src\\main\\java -Xlint:none -d ..\\bin ..\\src\\main\\java\\*.java","lastModifiedDate":"2020-08-25"},{"lineNumber":11,"author":{"gitId":"-"},"content":"IF ERRORLEVEL 1 (","lastModifiedDate":"2020-05-25"},{"lineNumber":12,"author":{"gitId":"-"},"content":"    echo ********** BUILD FAILURE **********","lastModifiedDate":"2020-05-25"},{"lineNumber":13,"author":{"gitId":"-"},"content":"    exit /b 1","lastModifiedDate":"2020-05-25"},{"lineNumber":14,"author":{"gitId":"-"},"content":")","lastModifiedDate":"2020-05-25"},{"lineNumber":15,"author":{"gitId":"-"},"content":"REM no error here, errorlevel \u003d\u003d 0","lastModifiedDate":"2020-05-25"},{"lineNumber":16,"author":{"gitId":"-"},"content":"","lastModifiedDate":"2020-05-25"},{"lineNumber":17,"author":{"gitId":"-"},"content":"REM run the program, feed commands from input.txt file and redirect the output to the ACTUAL.TXT","lastModifiedDate":"2020-05-25"},{"lineNumber":18,"author":{"gitId":"victorlaiyeeteng"},"content":"java -classpath ..\\bin duke.duke.Duke \u003c input.txt \u003e ACTUAL.TXT","lastModifiedDate":"2023-08-29"},{"lineNumber":19,"author":{"gitId":"-"},"content":"","lastModifiedDate":"2020-05-25"},{"lineNumber":20,"author":{"gitId":"-"},"content":"REM compare the output to the expected output","lastModifiedDate":"2020-05-25"},{"lineNumber":21,"author":{"gitId":"-"},"content":"FC ACTUAL.TXT EXPECTED.TXT","lastModifiedDate":"2020-05-25"}],"authorContributionMap":{"victorlaiyeeteng":1,"-":20}}]
