{"authorDailyContributionsMap":{"yuxunn":[{"date":"2023-08-24","commitResults":[{"hash":"63c4e45d3f7c90701a503cf27623c3ea8c49b2c2","isMergeCommit":false,"messageTitle":"Level-0","messageBody":"","tags":["Level-1"],"fileTypesAndContributionMap":{"java":{"insertions":2,"deletions":6}}},{"hash":"c63cb01ca540ba376c16c1f383defe5ca29a7d91","isMergeCommit":false,"messageTitle":"Level-2","messageBody":"","tags":["Level-2"],"fileTypesAndContributionMap":{"java":{"insertions":16,"deletions":3}}},{"hash":"254bf9f5119a6a7ede9c6c1901ba5543d84d0dc0","isMergeCommit":false,"messageTitle":"Level-2","messageBody":"","tags":["Level-3"],"fileTypesAndContributionMap":{"java":{"insertions":23,"deletions":10}}},{"hash":"9ae23e8d7cb55558284acac4f607cced2d769903","isMergeCommit":false,"messageTitle":"Level-3","messageBody":"","tags":["Level-4"],"fileTypesAndContributionMap":{"java":{"insertions":28,"deletions":10}}},{"hash":"15bfd04d10172ac03f4c6e3f455a3861451da671","isMergeCommit":false,"messageTitle":"Level-4","messageBody":"","tags":["Level-5"],"fileTypesAndContributionMap":{"java":{"insertions":42,"deletions":10}}},{"hash":"648cd7b844599eac140e61148fe2b14033fcf52b","isMergeCommit":false,"messageTitle":"Level-5","messageBody":"","tags":["Level-6"],"fileTypesAndContributionMap":{"java":{"insertions":14,"deletions":7}}},{"hash":"5e87e07dc3a8c175f70a42a903da1668ed6a96fc","isMergeCommit":false,"messageTitle":"Level-6","messageBody":"","fileTypesAndContributionMap":{"txt":{"insertions":4,"deletions":0},"java":{"insertions":27,"deletions":18}}},{"hash":"a64bc139910d9520f9e5b754864436fdd79d13a8","isMergeCommit":false,"messageTitle":"Level-6","messageBody":"","tags":["A-TextUiTesting"],"fileTypesAndContributionMap":{"txt":{"insertions":7,"deletions":2},"java":{"insertions":11,"deletions":11}}},{"hash":"ef07abd9bdff5a1b7afb8438db9220fe38c2267a","isMergeCommit":false,"messageTitle":"A-TextUiTesting","messageBody":"","fileTypesAndContributionMap":{"txt":{"insertions":2,"deletions":6},"java":{"insertions":4,"deletions":4}}},{"hash":"efdab49454947fcdc6c84b471a842b3c8ef97fa1","isMergeCommit":false,"messageTitle":"Level-6","messageBody":"","fileTypesAndContributionMap":{"java":{"insertions":1,"deletions":0}}}]},{"date":"2023-08-31","commitResults":[{"hash":"e62d6378fa6eaa787c0f89d085806dd20ddcd5cb","isMergeCommit":false,"messageTitle":"Level-7","messageBody":"","fileTypesAndContributionMap":{"java":{"insertions":59,"deletions":14}}},{"hash":"022d59d1cef6677a82558112f74971b52a913075","isMergeCommit":false,"messageTitle":"Level-7","messageBody":"","fileTypesAndContributionMap":{"java":{"insertions":1,"deletions":0}}},{"hash":"be1e7b6f52cb53c85eb8f0186b7d34b62e2da1ef","isMergeCommit":true,"messageTitle":"Merge branch \u0027branch-Level-7\u0027","messageBody":"","tags":["Level-7"],"fileTypesAndContributionMap":{}},{"hash":"9636586598ec9bcd71a82ec0e4cabd17b51c3021","isMergeCommit":false,"messageTitle":"Level-8","messageBody":"","fileTypesAndContributionMap":{"txt":{"insertions":5,"deletions":0},"java":{"insertions":30,"deletions":12}}},{"hash":"6e3a6ee0f24d14bcf60ffcfd298d33b3e7971849","isMergeCommit":true,"messageTitle":"Merge branch \u0027branch-Level-8\u0027","messageBody":"","tags":["Level-8"],"fileTypesAndContributionMap":{}},{"hash":"ea9ee039a36d1ab458a462e2f96a281cfe760876","isMergeCommit":false,"messageTitle":"A-MoreOOP","messageBody":"","tags":["AMoreOOP"],"fileTypesAndContributionMap":{"txt":{"insertions":6,"deletions":1},"java":{"insertions":331,"deletions":150}}}]},{"date":"2023-09-01","commitResults":[{"hash":"34edb92e460dcc247a8cfb9afc032fb2650d02d2","isMergeCommit":false,"messageTitle":"A-Packages","messageBody":"","fileTypesAndContributionMap":{"txt":{"insertions":3,"deletions":9},"java":{"insertions":23,"deletions":12},"bat":{"insertions":1,"deletions":1},"md":{"insertions":2,"deletions":2}}},{"hash":"8aab7d9998b930c3ed2d63087fce67713a73564e","isMergeCommit":true,"messageTitle":"Merge branch \u0027branch-A-Packages\u0027","messageBody":"","tags":["A-Packages"],"fileTypesAndContributionMap":{}},{"hash":"9979f5391ed8e90a7409c0974a60ef4a131ae9a5","isMergeCommit":true,"messageTitle":"Merge branch \u0027add-gradle-support\u0027 into branch-A-Packages","messageBody":"","fileTypesAndContributionMap":{}},{"hash":"bbf821e9ca49a63be989f6044cfeebc96cfc935e","isMergeCommit":false,"messageTitle":"A-Gradle","messageBody":"","fileTypesAndContributionMap":{"gradle":{"insertions":1,"deletions":1},"txt":{"insertions":2,"deletions":1}}},{"hash":"59e4224ec3bebc5373e657e0b9bc934bb1305d33","isMergeCommit":true,"messageTitle":"Merge branch \u0027branch-A-Gradle\u0027","messageBody":"","tags":["A-Gradle"],"fileTypesAndContributionMap":{}},{"hash":"abf148de728c446b25d854ce275a6be088c570ec","isMergeCommit":false,"messageTitle":"A-JUnit","messageBody":"","fileTypesAndContributionMap":{"txt":{"insertions":14,"deletions":3},"java":{"insertions":63,"deletions":3}}},{"hash":"31cfd63bd78ca29170ebc6fae6ec0d2dfe23cfe4","isMergeCommit":true,"messageTitle":"Merge branch \u0027branch-A-JUnit\u0027","messageBody":"","tags":["A-Jar","A-JUnit"],"fileTypesAndContributionMap":{}}]},{"date":"2023-09-02","commitResults":[{"hash":"6397d802d1bbb404e97a77c28c8981047854498d","isMergeCommit":false,"messageTitle":"A-JavaDoc","messageBody":"","tags":["A-JavaDoc"],"fileTypesAndContributionMap":{"java":{"insertions":120,"deletions":3}}},{"hash":"8f3525f1459000d6c3f9e7eaefd29d4572eb96c3","isMergeCommit":false,"messageTitle":"Level-9","messageBody":"","tags":["Level-9","A-CodingStandard"],"fileTypesAndContributionMap":{"txt":{"insertions":3,"deletions":2},"java":{"insertions":24,"deletions":2}}}]},{"date":"2023-09-08","commitResults":[{"hash":"4302710ca7a13005b6bd930d0ab30743b2774995","isMergeCommit":false,"messageTitle":"branch-Level-10","messageBody":"","fileTypesAndContributionMap":{"gradle":{"insertions":19,"deletions":3},"txt":{"insertions":13,"deletions":4},"fxml":{"insertions":35,"deletions":0},"java":{"insertions":497,"deletions":68}}},{"hash":"adb0096041c1ca671c531d6a54674f95b60bd1be","isMergeCommit":true,"messageTitle":"Merge branch \u0027branch-Level-10\u0027","messageBody":"","tags":["Level-10"],"fileTypesAndContributionMap":{}}]}]},"authorFileTypeContributionMap":{"yuxunn":{"java":982,"md":2,"fxml":35,"sh":0,"bat":1,"gradle":19,"txt":31}},"authorContributionVariance":{"yuxunn":33888.4},"authorDisplayNameMap":{"yuxunn":"CS2103T-F08-2 TEE .. XUN"}}
