{"authorDailyContributionsMap":{"WinstonLeonard":[{"date":"2023-08-24","commitResults":[{"hash":"29c53d82794599dafbcf3a7946a309fb11fca4d7","isMergeCommit":false,"messageTitle":"Level-0","messageBody":"","tags":["Level-0"],"fileTypesAndContributionMap":{"java":{"insertions":14,"deletions":6}}},{"hash":"d41d130914d7c5e308e6fa3134eeb90e099015eb","isMergeCommit":false,"messageTitle":"Update Duke.java","messageBody":"","fileTypesAndContributionMap":{"java":{"insertions":6,"deletions":4}}},{"hash":"8286f55568f624c1e4c6374ae042afb3802d2da9","isMergeCommit":false,"messageTitle":"Level-1","messageBody":"","tags":["Level-1"],"fileTypesAndContributionMap":{"java":{"insertions":17,"deletions":6}}},{"hash":"bfa452c2bff9a6268b84d52c3a0305f03248b53c","isMergeCommit":false,"messageTitle":"Level-2","messageBody":"","tags":["Level-2"],"fileTypesAndContributionMap":{"java":{"insertions":20,"deletions":12}}},{"hash":"c0fc4844287b3f0f1ec67a07ce38f57921dacaf0","isMergeCommit":false,"messageTitle":"Mark as Done","messageBody":"","tags":["Level-3"],"fileTypesAndContributionMap":{"java":{"insertions":52,"deletions":4}}},{"hash":"43a36e9d3bc33ac3187cb2c306fa37ecc5f2019f","isMergeCommit":false,"messageTitle":"ToDo, Event, Deadline","messageBody":"","tags":["Level-4"],"fileTypesAndContributionMap":{"java":{"insertions":86,"deletions":6}}},{"hash":"2c6812f7678a139f66c88a8f6583a8844a2db242","isMergeCommit":false,"messageTitle":"Automated Text UI Testing","messageBody":"","tags":["A-TextUiTesting"],"fileTypesAndContributionMap":{"txt":{"insertions":7,"deletions":0}}},{"hash":"4b0aa3e2a2dc2dd31a284a971926a0251649a560","isMergeCommit":false,"messageTitle":"Handle Errors","messageBody":"","tags":["Level-5"],"fileTypesAndContributionMap":{"java":{"insertions":107,"deletions":60}}},{"hash":"d298691ca61b75c1f3059b34ac1469c1c16d6904","isMergeCommit":false,"messageTitle":"Delete","messageBody":"","tags":["Level-6"],"fileTypesAndContributionMap":{"java":{"insertions":14,"deletions":1}}}]},{"date":"2023-08-30","commitResults":[{"hash":"1a388d5ae5a769c789fc3c44d9991d88f337cae3","isMergeCommit":false,"messageTitle":"before adding handlers","messageBody":"","fileTypesAndContributionMap":{"txt":{"insertions":2,"deletions":0},"java":{"insertions":139,"deletions":105}}},{"hash":"c4e0fa39a10d8d322a0f349d6c2ebfd7fb6f2b4f","isMergeCommit":false,"messageTitle":"Save","messageBody":"","tags":["Level-7"],"fileTypesAndContributionMap":{"txt":{"insertions":2,"deletions":2},"java":{"insertions":79,"deletions":37}}},{"hash":"ead02cd6f83472c98b847543aa47491b27ed28c9","isMergeCommit":true,"messageTitle":"Merge pull request #1 from WinstonLeonard/branch-Level-7","messageBody":"Branch level 7","fileTypesAndContributionMap":{}},{"hash":"622b85a53be3b11c15b41190e72eafc017a4916d","isMergeCommit":false,"messageTitle":"fixed convertDeadlineFormatter","messageBody":"","fileTypesAndContributionMap":{"txt":{"insertions":2,"deletions":2},"java":{"insertions":35,"deletions":7}}},{"hash":"ab2a1b18b05c12d7fbbd98160e59cda1ed53e7e8","isMergeCommit":false,"messageTitle":"fixed mark and unmark","messageBody":"","tags":["Level-8"],"fileTypesAndContributionMap":{"txt":{"insertions":1,"deletions":0},"java":{"insertions":46,"deletions":26}}},{"hash":"90e1681d19fee26a8731c1984e7cc14b57e8ff88","isMergeCommit":true,"messageTitle":"Merge pull request #2 from WinstonLeonard/branch-Level-8","messageBody":"Branch level 8","fileTypesAndContributionMap":{}}]},{"date":"2023-08-31","commitResults":[{"hash":"9be5178a87d39e07aa967ab15f0ad6e5a9e5e348","isMergeCommit":false,"messageTitle":"MoreOOP completed","messageBody":"deleted comments\n","fileTypesAndContributionMap":{"txt":{"insertions":1,"deletions":1},"java":{"insertions":309,"deletions":238}}},{"hash":"d8a17411655d1f4d221c21a7d864de6f419a2bb3","isMergeCommit":false,"messageTitle":"deleted more comments","messageBody":"","tags":["A-MoreOOP"],"fileTypesAndContributionMap":{"java":{"insertions":0,"deletions":2}}},{"hash":"f771d62f20dc12240ef00396a24af9ef2d07aa65","isMergeCommit":true,"messageTitle":"Merge pull request #3 from WinstonLeonard/MoreOOP","messageBody":"More oop","fileTypesAndContributionMap":{}},{"hash":"5ac84fb06c0514ee415aa49cd98878d16bb7e44c","isMergeCommit":false,"messageTitle":"Moved all classes into Duke Package","messageBody":"","tags":["A-Packages"],"fileTypesAndContributionMap":{"txt":{"insertions":1,"deletions":1},"java":{"insertions":27,"deletions":4},"md":{"insertions":2,"deletions":2}}},{"hash":"fda29f177b9c4f53bec2a8f776f77a00a53bf358","isMergeCommit":true,"messageTitle":"Merge pull request #4 from WinstonLeonard/Packages","messageBody":"Moved all classes into Duke Package","fileTypesAndContributionMap":{}},{"hash":"2e697a1e68f174e90bf11021ce48f46c8d173d42","isMergeCommit":true,"messageTitle":"Merge pull request #5 from WinstonLeonard/add-gradle-support","messageBody":"Add gradle support","fileTypesAndContributionMap":{}},{"hash":"788b348e94120ce1af8d12bea85a092a3d5248cd","isMergeCommit":false,"messageTitle":"Run with Gradle","messageBody":"","tags":["A-Gradle"],"fileTypesAndContributionMap":{"gradle":{"insertions":1,"deletions":1},"txt":{"insertions":2,"deletions":1},"java":{"insertions":1,"deletions":1}}},{"hash":"0e6e63cfc2c7c8c1fa614efa6864734080dea772","isMergeCommit":true,"messageTitle":"Merge pull request #6 from WinstonLeonard/Gradle","messageBody":"Gradle","fileTypesAndContributionMap":{}}]}]},"authorFileTypeContributionMap":{"WinstonLeonard":{"java":440,"md":2,"fxml":0,"sh":0,"bat":0,"gradle":1,"txt":11}},"authorContributionVariance":{"WinstonLeonard":43299.348},"authorDisplayNameMap":{"WinstonLeonard":"CS2103T-F10-4 WINS..NGGO"}}
