{"authorDailyContributionsMap":{"Chen1x":[{"date":"2023-08-24","commitResults":[{"hash":"f92460715316a4294379e3c5620e25c1ec58c974","isMergeCommit":false,"messageTitle":"Level-0","messageBody":"","tags":["Level-1"],"fileTypesAndContributionMap":{"java":{"insertions":7,"deletions":6}}},{"hash":"2a5504b33bd67c35b8347615247c2e79412007a1","isMergeCommit":false,"messageTitle":"Echo","messageBody":"","fileTypesAndContributionMap":{"java":{"insertions":17,"deletions":2}}}]}]},"authorFileTypeContributionMap":{"Chen1x":{"java":22,"md":0,"fxml":0,"sh":0,"bat":0,"gradle":0,"txt":0}},"authorContributionVariance":{"Chen1x":125.38776},"authorDisplayNameMap":{"Chen1x":"CS2103T-T11-2 CHEN..N-AN"}}
