{"authorDailyContributionsMap":{"HollaG":[{"date":"2023-08-23","commitResults":[{"hash":"c5956f76a26182900487522678124b72664e78bd","isMergeCommit":false,"messageTitle":"incr: lvl-0","messageBody":"","tags":["lvl0","Level-0"],"fileTypesAndContributionMap":{"java":{"insertions":19,"deletions":6}}},{"hash":"ca86f3c9b00c1b09183c910aad4239c3464569a3","isMergeCommit":false,"messageTitle":"incr: lvl1 - echo","messageBody":"","tags":["lvl1","Level-1"],"fileTypesAndContributionMap":{"java":{"insertions":17,"deletions":1}}},{"hash":"bed54173eb217b958f28a6484eae1a9eb51de68c","isMergeCommit":false,"messageTitle":"incr: lvl2 - add, list","messageBody":"","tags":["lvl2","Level-2"],"fileTypesAndContributionMap":{"java":{"insertions":54,"deletions":1}}},{"hash":"2a626fcf571996398fb26595b3f66c0ecdacebb4","isMergeCommit":false,"messageTitle":"struct: refactor item to be its own class","messageBody":"","fileTypesAndContributionMap":{"java":{"insertions":65,"deletions":4}}},{"hash":"095be5d7e1f2bbada2ba988f231db9c41348ec41","isMergeCommit":false,"messageTitle":"incr: lvl-3, refactor to Task, minor changes to make it more understandable","messageBody":"","tags":["lvl3","Level-3"],"fileTypesAndContributionMap":{"java":{"insertions":43,"deletions":11}}},{"hash":"f084e4518d0ce338616cc43ba9280624a5123f2f","isMergeCommit":false,"messageTitle":"incr: lvl4 - add inheritance for tasks and more task types","messageBody":"","tags":["lvl4","Level-4"],"fileTypesAndContributionMap":{"java":{"insertions":120,"deletions":7}}},{"hash":"b5a3c66d91c103d97613e36da7f8f8e0bda607d9","isMergeCommit":false,"messageTitle":"addn: text ui testing","messageBody":"","tags":["A-TextUiTesting"],"fileTypesAndContributionMap":{"txt":{"insertions":10,"deletions":0},"java":{"insertions":5,"deletions":2},"bat":{"insertions":5,"deletions":4}}},{"hash":"5454762d1a5bcbf7552e11f9b6e6c9cec8fd1e20","isMergeCommit":false,"messageTitle":"incr: lvl 5 - error handling","messageBody":"","tags":["lvl5","Level-5"],"fileTypesAndContributionMap":{"java":{"insertions":85,"deletions":30}}},{"hash":"60da458ac2d049d18235fe98923dc39b90ed3c06","isMergeCommit":false,"messageTitle":"incr: lvl6","messageBody":"","fileTypesAndContributionMap":{"txt":{"insertions":1,"deletions":0},"java":{"insertions":15,"deletions":4}}},{"hash":"144c32b1f80000eec94e34b70fd9e73f1e05f082","isMergeCommit":false,"messageTitle":"addn: edited tests","messageBody":"","tags":["lvl6","Level-6"],"fileTypesAndContributionMap":{"txt":{"insertions":2,"deletions":1}}},{"hash":"4f75af8457384ab330bdc9c4665f8abe9ff04aeb","isMergeCommit":false,"messageTitle":"addn: enums","messageBody":"","tags":["A-Enums"],"fileTypesAndContributionMap":{"java":{"insertions":123,"deletions":84}}}]},{"date":"2023-09-01","commitResults":[{"hash":"34725eef1a3ec737305f1f9db122761bc499650e","isMergeCommit":false,"messageTitle":"wip: upload to cloud","messageBody":"","fileTypesAndContributionMap":{"txt":{"insertions":4,"deletions":0},"java":{"insertions":93,"deletions":16},"bat":{"insertions":1,"deletions":0}}},{"hash":"7fa67aaf234ea1eefdd7731412995ae74bb18590","isMergeCommit":false,"messageTitle":"wip: refactor printing to be separate method","messageBody":"","fileTypesAndContributionMap":{"java":{"insertions":96,"deletions":34}}},{"hash":"66f201df17e18114939f3d177acb93d573e5a661","isMergeCommit":false,"messageTitle":"incr: lvl7 - save","messageBody":"","fileTypesAndContributionMap":{"txt":{"insertions":4,"deletions":4},"java":{"insertions":105,"deletions":18}}},{"hash":"7c57b2541525d61bdecfd03410c28e2a6e98ed02","isMergeCommit":true,"messageTitle":"Merge pull request #1 from HollaG/branch-Level-7","messageBody":"Branch level 7","fileTypesAndContributionMap":{}},{"hash":"7f2e9abf2051e73ad894dc24997aeef2981a2373","isMergeCommit":false,"messageTitle":"fix: correctly handle missing file","messageBody":"","fileTypesAndContributionMap":{"txt":{"insertions":0,"deletions":4},"java":{"insertions":8,"deletions":2}}},{"hash":"1aae9e9047aee5057e9f7f8f73ef0edaa77f3fd6","isMergeCommit":true,"messageTitle":"Merge pull request #2 from HollaG/branch-Level-7","messageBody":"fix: correctly handle missing file","tags":["Level-7"],"fileTypesAndContributionMap":{}},{"hash":"c37cdee1fe55197964ab6ccb95c6ae3b38c7c209","isMergeCommit":false,"messageTitle":"wip: deadlinetask added LocalTime","messageBody":"","fileTypesAndContributionMap":{"txt":{"insertions":2,"deletions":0},"java":{"insertions":47,"deletions":8}}},{"hash":"92f5c7d4a825fedee3fa25a343542026fa44b208","isMergeCommit":false,"messageTitle":"wip: add support for event tasks","messageBody":"","fileTypesAndContributionMap":{"txt":{"insertions":1,"deletions":0},"java":{"insertions":38,"deletions":8}}},{"hash":"652b1e927361d2ac66afbc66f9de9d7aeed3595f","isMergeCommit":false,"messageTitle":"incr: finish level 8","messageBody":"","fileTypesAndContributionMap":{"txt":{"insertions":3,"deletions":3},"java":{"insertions":43,"deletions":53}}},{"hash":"7192466b6f586d08c51d2c06f40b755f11af845d","isMergeCommit":true,"messageTitle":"Merge pull request #3 from HollaG/branch-Level-8","messageBody":"Branch level 8","tags":["Level-8"],"fileTypesAndContributionMap":{}},{"hash":"3b8dca0c7b905a2f6897119c85d6eea72658366f","isMergeCommit":false,"messageTitle":"wip: minimal goal","messageBody":"","fileTypesAndContributionMap":{"txt":{"insertions":2,"deletions":3},"java":{"insertions":767,"deletions":326}}},{"hash":"c56944c34adcd2e29c20ce7dbb04bca7cb3b4719","isMergeCommit":true,"messageTitle":"Merge pull request #4 from HollaG/A-MoreOOP","messageBody":"A-MoreOOP","tags":["A-MoreOOP"],"fileTypesAndContributionMap":{}},{"hash":"822caa19e2a85ecceb2ce601d5783fb6427ba10f","isMergeCommit":false,"messageTitle":"A-Packages","messageBody":"","fileTypesAndContributionMap":{"java":{"insertions":92,"deletions":387},"bat":{"insertions":2,"deletions":2},"md":{"insertions":2,"deletions":2}}},{"hash":"4e653a2ed6cb06fe65d20d92ca1e98fa6721915c","isMergeCommit":true,"messageTitle":"Merge pull request #5 from HollaG/A-Packages","messageBody":"A-Packages","tags":["A-Packages","1c651c9"],"fileTypesAndContributionMap":{}},{"hash":"d8aff199bfff3400af1f5d7c583747ef0c0686c8","isMergeCommit":true,"messageTitle":"Merge pull request #6 from HollaG/master","messageBody":"Bring Gradle up to date","fileTypesAndContributionMap":{}},{"hash":"1c651c983bd09e9ab3ae93cb5df7ff4deaee21b1","isMergeCommit":true,"messageTitle":"Merge pull request #7 from HollaG/add-gradle-support","messageBody":"Add gradle support","tags":["A-Gradle"],"fileTypesAndContributionMap":{}},{"hash":"bb48be23806fe3d231ce69490fb48c98b3ca7013","isMergeCommit":false,"messageTitle":"incr: A-JUnit","messageBody":"","fileTypesAndContributionMap":{"txt":{"insertions":5,"deletions":1},"java":{"insertions":142,"deletions":5}}},{"hash":"6b7483142449f62c35b1263d59c899b26c4251d9","isMergeCommit":true,"messageTitle":"Merge pull request #8 from HollaG/A-JUnit","messageBody":"incr: A-JUnit","tags":["A-JUnit"],"fileTypesAndContributionMap":{}},{"hash":"5a824d99d939cb9e157ac77b6d3525c3f386d44a","isMergeCommit":false,"messageTitle":"fix: change save file location","messageBody":"","fileTypesAndContributionMap":{"gradle":{"insertions":1,"deletions":1},"txt":{"insertions":0,"deletions":6},"java":{"insertions":2,"deletions":2}}},{"hash":"f86dececf942cd58d231d31da72dcd95d5a9108e","isMergeCommit":true,"messageTitle":"Merge pull request #9 from HollaG/A-Jar","messageBody":"fix: change save file location","tags":["A-Jar"],"fileTypesAndContributionMap":{}},{"hash":"fde2dd62961bac63cb8ef3e94ef3cfe2081e2d27","isMergeCommit":false,"messageTitle":"wip: add find function","messageBody":"","fileTypesAndContributionMap":{"java":{"insertions":45,"deletions":14}}},{"hash":"caf9037f1aaa5f3289c5ef47654e90a1d17f0766","isMergeCommit":false,"messageTitle":"wip: change to Optional","messageBody":"","fileTypesAndContributionMap":{"java":{"insertions":59,"deletions":42}}},{"hash":"365a83b76c117acf71bfc169051168ddcfb55a27","isMergeCommit":false,"messageTitle":"nit: javadoc","messageBody":"","fileTypesAndContributionMap":{"java":{"insertions":6,"deletions":0}}},{"hash":"c29bc8cd93dc85fe395eb930340145feeeb627a4","isMergeCommit":false,"messageTitle":"incr: add javadocs","messageBody":"","fileTypesAndContributionMap":{"txt":{"insertions":3,"deletions":0},"java":{"insertions":92,"deletions":33}}},{"hash":"4d3622c59e4b4821e4ee97f741bc56972575bfa3","isMergeCommit":false,"messageTitle":"incr: coding standard","messageBody":"","fileTypesAndContributionMap":{"java":{"insertions":183,"deletions":175}}},{"hash":"0eede051213f5af3b766c92a0803d0a4c8aaa226","isMergeCommit":true,"messageTitle":"Merge pull request #10 from HollaG/Level-9","messageBody":"Level 9","tags":["Level-9"],"fileTypesAndContributionMap":{}},{"hash":"67bd704b1871ff7fa41cc6365a3ba00ff3ddcbd7","isMergeCommit":true,"messageTitle":"Merge branch \u0027master\u0027 into A-JavaDoc","messageBody":"","fileTypesAndContributionMap":{}},{"hash":"683a16868a6fb4a2b8986ac124d4f283fdcd501d","isMergeCommit":true,"messageTitle":"Merge pull request #12 from HollaG/A-JavaDoc","messageBody":"incr: add javadocs","tags":["A-JavaDoc"],"fileTypesAndContributionMap":{}},{"hash":"5f706a8a9594132c6dc39d34382cf12f6f1b7e33","isMergeCommit":true,"messageTitle":"Merge branch \u0027master\u0027 into A-CodingStandard","messageBody":"","fileTypesAndContributionMap":{}},{"hash":"f4c502e79fe58c3aedf3340669216a112b781c13","isMergeCommit":true,"messageTitle":"Merge pull request #11 from HollaG/A-CodingStandard","messageBody":"incr: coding standard","fileTypesAndContributionMap":{}},{"hash":"bb3ee3bb90d4dd658d3e221e8f4f8ed5a1671d0e","isMergeCommit":false,"messageTitle":"Revert \"incr: coding standard\"","messageBody":"","fileTypesAndContributionMap":{"java":{"insertions":185,"deletions":199}}},{"hash":"dfa54c498e5629fd2692cefd7c8221f6ff037e51","isMergeCommit":true,"messageTitle":"Merge pull request #13 from HollaG/revert-11-A-CodingStandard","messageBody":"Revert \"incr: coding standard\"","fileTypesAndContributionMap":{}},{"hash":"7bbd15e223cdbf20be93799f5891d5d00078ec7f","isMergeCommit":false,"messageTitle":"fix","messageBody":"","fileTypesAndContributionMap":{"java":{"insertions":1,"deletions":0}}},{"hash":"3675f151a0a52c7af2015d61dd5f36dc39ae5610","isMergeCommit":true,"messageTitle":"Merge branch \u0027master\u0027 into A-CodingStandard","messageBody":"","fileTypesAndContributionMap":{}},{"hash":"1bea02af0e247f4ff1986463f62b22d60f161dee","isMergeCommit":true,"messageTitle":"Merge pull request #14 from HollaG/A-CodingStandard","messageBody":"fix","fileTypesAndContributionMap":{}},{"hash":"cfe193d9b44706bbff6e204935df2aefac13761b","isMergeCommit":false,"messageTitle":"Incr: coding style","messageBody":"","fileTypesAndContributionMap":{"java":{"insertions":39,"deletions":38}}},{"hash":"8e502242990d3a75f9db758216ff77cb491b1812","isMergeCommit":false,"messageTitle":"Incr: coding style","messageBody":"","tags":["A-CodingStandard"],"fileTypesAndContributionMap":{"java":{"insertions":146,"deletions":146}}}]},{"date":"2023-09-06","commitResults":[{"hash":"f25daa0d64b68ae44c2b58180ab81797eda6a428","isMergeCommit":false,"messageTitle":"addn: checkstyle","messageBody":"","tags":["A-CheckStyle"],"fileTypesAndContributionMap":{"gradle":{"insertions":5,"deletions":0},"java":{"insertions":101,"deletions":77},"bat":{"insertions":2,"deletions":2},"md":{"insertions":2,"deletions":2}}},{"hash":"7a99f9a7954f44f4d9725d3cf8c273c021ad5d34","isMergeCommit":true,"messageTitle":"Merge pull request #15 from HollaG/A-CheckStyle","messageBody":"addn: checkstyle","fileTypesAndContributionMap":{}}]},{"date":"2023-09-07","commitResults":[{"hash":"757e47fc2b2446bd47191cabc98d88a5f2134516","isMergeCommit":false,"messageTitle":"initial commit","messageBody":"","fileTypesAndContributionMap":{"gradle":{"insertions":15,"deletions":0},"fxml":{"insertions":44,"deletions":0},"java":{"insertions":357,"deletions":5}}},{"hash":"1a9db36fe7883c7812088fc8a7bcb284d94b0e95","isMergeCommit":false,"messageTitle":"wip: before replace optionals","messageBody":"","fileTypesAndContributionMap":{"txt":{"insertions":1,"deletions":0},"java":{"insertions":200,"deletions":13}}},{"hash":"c730f65a75a4fba1b33e59b79be71690b933680b","isMergeCommit":false,"messageTitle":"new: refactor to allow expansion from non-text-based UI","messageBody":"","fileTypesAndContributionMap":{"txt":{"insertions":3,"deletions":4},"java":{"insertions":231,"deletions":221}}},{"hash":"a31bb415b37564e0c9cd892d02a1de0e7b6a02c5","isMergeCommit":false,"messageTitle":"more refactoring","messageBody":"","fileTypesAndContributionMap":{"txt":{"insertions":1,"deletions":1},"java":{"insertions":209,"deletions":200}}},{"hash":"c81dbbbd36303bcaa991f91fdd0b95c739809679","isMergeCommit":false,"messageTitle":"done: ui","messageBody":"","fileTypesAndContributionMap":{"fxml":{"insertions":1,"deletions":1},"java":{"insertions":32,"deletions":11}}}]},{"date":"2023-09-08","commitResults":[{"hash":"0075219ed73e300808d2b44ff43edb91b8890721","isMergeCommit":false,"messageTitle":"level 10 complete","messageBody":"","fileTypesAndContributionMap":{"java":{"insertions":3,"deletions":0}}},{"hash":"d527d321235b2410ec0b993368cbfe507c7cfb93","isMergeCommit":true,"messageTitle":"Merge pull request #16 from HollaG/Level-10-Optionals","messageBody":"Level 10 optionals","fileTypesAndContributionMap":{}},{"hash":"70e9b293907b6594bc2662bb0212ec5012ab51f1","isMergeCommit":false,"messageTitle":"fix: checkstyle","messageBody":"","fileTypesAndContributionMap":{"java":{"insertions":45,"deletions":257}}},{"hash":"cfdc4853b6ccd5240266ed6a53f99583a2888e30","isMergeCommit":true,"messageTitle":"Merge pull request #17 from HollaG/Level-10-Optionals","messageBody":"fix: checkstyle","tags":["Level-10"],"fileTypesAndContributionMap":{}}]},{"date":"2023-09-12","commitResults":[{"hash":"43b7fd445a9344dc095ef12f98848cfdb5d44818","isMergeCommit":false,"messageTitle":"wip: assertions","messageBody":"","fileTypesAndContributionMap":{"java":{"insertions":8,"deletions":1}}},{"hash":"346be4547b60aebe622c38a39fad8c8b596e9758","isMergeCommit":false,"messageTitle":"nit: removed random linebreaks","messageBody":"","fileTypesAndContributionMap":{"java":{"insertions":8,"deletions":66}}},{"hash":"43357342ef66c8b4ffa6ec8f5e9cdda064c7810a","isMergeCommit":true,"messageTitle":"Merge pull request #18 from HollaG/A-Assertions","messageBody":"Merge assertions","tags":["A-Assertions"],"fileTypesAndContributionMap":{}},{"hash":"e6203ba111dba75e421c40621d708be606025120","isMergeCommit":true,"messageTitle":"Merge pull request #19 from HollaG/A-CodeQuality","messageBody":"Merge Code Quality","tags":["A-CodeQuality"],"fileTypesAndContributionMap":{}}]},{"date":"2023-09-13","commitResults":[{"hash":"cc23f0ada9b59d1b168a78471244b19d73766d3d","isMergeCommit":false,"messageTitle":"fixed all build errors","messageBody":"","fileTypesAndContributionMap":{"txt":{"insertions":3,"deletions":3},"java":{"insertions":91,"deletions":49}}},{"hash":"c22b566a50a1cca2b1fa8c190d3fe9c278a51fc3","isMergeCommit":true,"messageTitle":"Merge pull request #20 from HollaG/A-CI","messageBody":"Continuous Integration","tags":["A-CI"],"fileTypesAndContributionMap":{}},{"hash":"4ddf357b19d8cba8f81f3193d0d201ee6b85dd4e","isMergeCommit":false,"messageTitle":"initial commit - sorting by name works","messageBody":"","fileTypesAndContributionMap":{"txt":{"insertions":4,"deletions":3},"java":{"insertions":331,"deletions":48}}},{"hash":"2ab529e26e9f524ec0ca64a04f9b9c3ea5072b7c","isMergeCommit":false,"messageTitle":"added working sort","messageBody":"","fileTypesAndContributionMap":{"txt":{"insertions":8,"deletions":4},"fxml":{"insertions":20,"deletions":12},"java":{"insertions":7,"deletions":8}}},{"hash":"f4f29f8a0b2910680b8b58ba4a3744513c69a19c","isMergeCommit":false,"messageTitle":"fix: build errors","messageBody":"","fileTypesAndContributionMap":{"java":{"insertions":23,"deletions":12}}}]},{"date":"2023-09-16","commitResults":[{"hash":"af384ce462afa4d1fdc66adfcc10b40e54a91c99","isMergeCommit":true,"messageTitle":"Merge pull request #21 from HollaG/C-Sort","messageBody":"Implement sorting function","tags":["C-Sort"],"fileTypesAndContributionMap":{}}]}]},"authorFileTypeContributionMap":{"HollaG":{"java":1774,"md":2,"fxml":52,"sh":0,"bat":6,"gradle":19,"txt":20}},"authorContributionVariance":{"HollaG":525923.8},"authorDisplayNameMap":{"HollaG":"CS2103T-T11-3 SOH ..RCUS"}}
