{"authorDailyContributionsMap":{"coderhuang559":[{"date":"2023-08-21","commitResults":[{"hash":"5b1739b1e74a18c249884e493800bc2665480e47","isMergeCommit":false,"messageTitle":"replace duke start msg","messageBody":"","tags":["Level-0"],"fileTypesAndContributionMap":{"java":{"insertions":11,"deletions":6}}},{"hash":"ab3e522522ca202373564111f857905ba8536a84","isMergeCommit":false,"messageTitle":"add echo function","messageBody":"","tags":["Level-1"],"fileTypesAndContributionMap":{"java":{"insertions":25,"deletions":9}}},{"hash":"eed9221be0808ba06f7891daff1c719d9bacf805","isMergeCommit":false,"messageTitle":"Added add, list","messageBody":"","tags":["Level-2"],"fileTypesAndContributionMap":{"java":{"insertions":31,"deletions":10}}},{"hash":"441a905b1a4354fd66630a4d8f44bb8e39d0bb16","isMergeCommit":false,"messageTitle":"Create Task class","messageBody":"","fileTypesAndContributionMap":{"java":{"insertions":33,"deletions":0}}},{"hash":"5bd6e5b1514971ff9e64cc964293d0b00214d666","isMergeCommit":false,"messageTitle":"Update array type to Task","messageBody":"","fileTypesAndContributionMap":{"java":{"insertions":10,"deletions":6}}},{"hash":"8531bd8b0a97a506361aa3741d03e48c183b7903","isMergeCommit":false,"messageTitle":"Update Task class","messageBody":"","fileTypesAndContributionMap":{"java":{"insertions":9,"deletions":4}}},{"hash":"38ae7dbeb0ccacb7c85b5b5815c30fa2326fa3c6","isMergeCommit":false,"messageTitle":"Add mark as done feature","messageBody":"","tags":["Level-3"],"fileTypesAndContributionMap":{"java":{"insertions":22,"deletions":2}}}]},{"date":"2023-08-22","commitResults":[{"hash":"f11513c94ac7807c636d6d5bfbe5204a3b5df4e7","isMergeCommit":false,"messageTitle":"Create todo, event, deadline class","messageBody":"","fileTypesAndContributionMap":{"java":{"insertions":39,"deletions":0}}},{"hash":"5340559b4cffa7a523492755db2f36864516f3b2","isMergeCommit":false,"messageTitle":"Add ToDo, Event, Deadline feature","messageBody":"","tags":["Level-4"],"fileTypesAndContributionMap":{"java":{"insertions":56,"deletions":9}}}]},{"date":"2023-08-23","commitResults":[{"hash":"301ead785ce38688d9cb64b14ef23dcb23f19831","isMergeCommit":false,"messageTitle":"Add automated text UI testing","messageBody":"","tags":["A-TextUiTesting"],"fileTypesAndContributionMap":{"txt":{"insertions":10,"deletions":0}}},{"hash":"7225de2fa6e31474fcca65c3296bbd3d1ea395fd","isMergeCommit":false,"messageTitle":"Handle empty todo, invalid input","messageBody":"","fileTypesAndContributionMap":{"java":{"insertions":127,"deletions":92}}}]},{"date":"2023-08-24","commitResults":[{"hash":"fd2922bb0d559e5596eedb590754ef3d8a688123","isMergeCommit":false,"messageTitle":"Handle emptydate, emptytask, invalidinput exceptions","messageBody":"","fileTypesAndContributionMap":{"java":{"insertions":62,"deletions":21}}},{"hash":"ffaa9a4443e22703287b260d7e5a06180f531baf","isMergeCommit":false,"messageTitle":"Handle outofrange exception","messageBody":"","fileTypesAndContributionMap":{"java":{"insertions":22,"deletions":1}}},{"hash":"597ff62874b1e58587f5571aac1b516b52b4d249","isMergeCommit":false,"messageTitle":"Compartmentalise main into methods","messageBody":"","fileTypesAndContributionMap":{"java":{"insertions":118,"deletions":87}}},{"hash":"44f3bb971d87b25dd3fdbcbfe37d0c4dd02b2d22","isMergeCommit":false,"messageTitle":"Add documentation","messageBody":"","tags":["Level-5"],"fileTypesAndContributionMap":{"java":{"insertions":80,"deletions":10}}},{"hash":"8d075f066c0822a437a19bc2cf1e6e90c8cb08b1","isMergeCommit":false,"messageTitle":"Add delete feature","messageBody":"","tags":["Level-6"],"fileTypesAndContributionMap":{"java":{"insertions":66,"deletions":35}}},{"hash":"a1f88a0e4930fedc1d14d9d18fc5f744d9f0ba86","isMergeCommit":false,"messageTitle":"Update testcase","messageBody":"","fileTypesAndContributionMap":{"txt":{"insertions":4,"deletions":0}}}]},{"date":"2023-08-28","commitResults":[{"hash":"fb63c6b2b4842422ea0abbba6ed03dbb6a071dd4","isMergeCommit":false,"messageTitle":"Fix recurring ArrayList usage","messageBody":"ArrayList declaration is moved to Duke class from main. Can now be accessed by methods without being passed as param.\n","fileTypesAndContributionMap":{"java":{"insertions":17,"deletions":23}}},{"hash":"4f5b002cf20f83e251a9609727889894b1564672","isMergeCommit":false,"messageTitle":"Add func to write into tasks.txt","messageBody":"Duke.java/main writes list into ip/tasks.txt when user types \"bye\".\n","fileTypesAndContributionMap":{"java":{"insertions":26,"deletions":9}}},{"hash":"7a19d0f7947b520641c04adc86db1277cffc25ec","isMergeCommit":false,"messageTitle":"Fix toString() in tasks","messageBody":"Print format into tasks.txt changed for easier delimeter removal when reading from file.\n","fileTypesAndContributionMap":{"java":{"insertions":80,"deletions":22}}}]},{"date":"2023-08-29","commitResults":[{"hash":"d621705fff994ad17f89f9c635097797e3771ac1","isMergeCommit":false,"messageTitle":"Save task list at \"bye\"","messageBody":"","fileTypesAndContributionMap":{"java":{"insertions":63,"deletions":11}}},{"hash":"858df27381fa50cc39d92c5251300ba65b04b1ac","isMergeCommit":false,"messageTitle":"Save task list every change","messageBody":"Task list is updated after every mark/unmark/add/delete.\n","fileTypesAndContributionMap":{"java":{"insertions":26,"deletions":2}}},{"hash":"8b4c9b93a38d67f3fff7870503690849fa58c8fa","isMergeCommit":true,"messageTitle":"Merge branch \u0027branch-Level-7\u0027","messageBody":"","tags":["Level-7"],"fileTypesAndContributionMap":{}},{"hash":"c5ad15e1f0c9891b12055272f41950d194a84471","isMergeCommit":false,"messageTitle":"Delete repeated code","messageBody":"Delete repeated code in \"bye\".\n","fileTypesAndContributionMap":{"java":{"insertions":1,"deletions":10}}},{"hash":"cb9a938d1c9aa14fa5d413a639c3f58c1b11f9a3","isMergeCommit":false,"messageTitle":"Add date","messageBody":"Dates are now identified as dates, not Strings.\n","fileTypesAndContributionMap":{"java":{"insertions":49,"deletions":17}}},{"hash":"e25d70f5f2b8fc0ee9f5a479b98eb979928dbbb5","isMergeCommit":false,"messageTitle":"Add time","messageBody":"Date + Time inputs will be recognised as DateTime objects. Date inputs will also be recognised as DateTime objects with time \u003d 0000.\n","fileTypesAndContributionMap":{"java":{"insertions":34,"deletions":22}}},{"hash":"c3850eb7fee7fd26f6cb83be8c90b13d5a86178b","isMergeCommit":false,"messageTitle":"Clean up","messageBody":"Delete unused import.\n","fileTypesAndContributionMap":{"java":{"insertions":0,"deletions":4}}},{"hash":"7268453c1ae63740113e110f667dd2ad4dd04337","isMergeCommit":true,"messageTitle":"Merge branch \u0027branch-Level-8\u0027","messageBody":"","tags":["Level-8"],"fileTypesAndContributionMap":{}},{"hash":"b1d48b7b4910eb7820e35f73bc8c51a992e6be72","isMergeCommit":false,"messageTitle":"Add classes for OOP","messageBody":"Extract methods from Duke to create other methods. Yet to extract content for Parser class.\n","fileTypesAndContributionMap":{"java":{"insertions":354,"deletions":323}}},{"hash":"e95cb8c789922fbd13a9c04371fc2779145597ff","isMergeCommit":false,"messageTitle":"Add run() to Duke class","messageBody":"Yet to extract if-else chunk from run() into Parse class.\n","fileTypesAndContributionMap":{"java":{"insertions":111,"deletions":99}}}]},{"date":"2023-08-30","commitResults":[{"hash":"14cf7b68bf151b7e1293a014d07c4c235ef23318","isMergeCommit":false,"messageTitle":"Group methods into classes","messageBody":"Each class contains related methods.\n","fileTypesAndContributionMap":{"java":{"insertions":82,"deletions":158}}},{"hash":"ec6ced9423676a4be267619a292ef08bd75c6834","isMergeCommit":true,"messageTitle":"Merge branch \u0027branch-A-MoreOOP\u0027","messageBody":"","tags":["A-MoreOOP"],"fileTypesAndContributionMap":{}},{"hash":"9c8a2fb01e0195de415831f0a0303131f528c131","isMergeCommit":false,"messageTitle":"Create packages","messageBody":"Create duke and exceptions packages. Exception classes are stored in package exceptions. The rest are stored in duke.\n","fileTypesAndContributionMap":{"java":{"insertions":44,"deletions":1}}},{"hash":"33044f671cbdfc25d46fbaacd070a742f6cd2392","isMergeCommit":true,"messageTitle":"Merge branch \u0027branch-A-Packages\u0027","messageBody":"","tags":["A-Packages"],"fileTypesAndContributionMap":{}},{"hash":"5a6a3f162d3ba93b96ac92983b25bcb60cb4e687","isMergeCommit":true,"messageTitle":"Merge branch \u0027add-gradle-support\u0027","messageBody":"","tags":["A-Gradle"],"fileTypesAndContributionMap":{}}]},{"date":"2023-08-31","commitResults":[{"hash":"14e1d3f11364550980eadf05c2341becd548e18d","isMergeCommit":false,"messageTitle":"Add JUnit test for 2 methods","messageBody":"parseTaskFromString and markTask\n","fileTypesAndContributionMap":{"gradle":{"insertions":2,"deletions":1},"java":{"insertions":229,"deletions":10}}},{"hash":"b6556ffacdc54622353b4f82841d0d046ac563b4","isMergeCommit":true,"messageTitle":"Merge branch \u0027branch-A-JUnit\u0027","messageBody":"","tags":["A-Jar","A-JUnit","A-CodingStandard"],"fileTypesAndContributionMap":{}},{"hash":"18405c19c0a8580a541750ee68ef80e8f3588499","isMergeCommit":false,"messageTitle":"Add Javadoc","messageBody":"Add Javadoc to all classes, except test classes.\n","fileTypesAndContributionMap":{"java":{"insertions":423,"deletions":34}}},{"hash":"a9a0ca0a8e79c3e6b530836ae7f3492de487b611","isMergeCommit":false,"messageTitle":"Add find feature","messageBody":"Give users a way to find a task by searching for a keyword.\n","fileTypesAndContributionMap":{"java":{"insertions":43,"deletions":6}}},{"hash":"519b69be10c02b595ff48f9a0a86f11333ecf878","isMergeCommit":true,"messageTitle":"Merge branch \u0027branch-A-JavaDoc\u0027","messageBody":"","tags":["A-JavaDoc"],"fileTypesAndContributionMap":{}},{"hash":"2a27a56d068ac827a7cb924d24858262178c925a","isMergeCommit":true,"messageTitle":"Merge branch \u0027branch-Level-9\u0027","messageBody":"# Conflicts:\n#\tsrc/main/java/duke/Deadline.java\n#\tsrc/main/java/duke/Task.java\n#\tsrc/main/java/duke/TaskList.java\n","tags":["Level-9"],"fileTypesAndContributionMap":{}}]},{"date":"2023-09-01","commitResults":[{"hash":"f208c1ff03c328202d060e07a4a92d502bffde29","isMergeCommit":false,"messageTitle":"Update run()","messageBody":"Exception code chunks with similar functions are grouped together.\n","fileTypesAndContributionMap":{"java":{"insertions":7,"deletions":11}}}]},{"date":"2023-09-06","commitResults":[{"hash":"39b89a6262cd232e92335f05951a01eb6da6767c","isMergeCommit":false,"messageTitle":"GUI: Duke echoes User","messageBody":"Implemented GUI where Duke returns user input.\n","fileTypesAndContributionMap":{"gradle":{"insertions":6,"deletions":0},"fxml":{"insertions":35,"deletions":0},"java":{"insertions":434,"deletions":66}}},{"hash":"07388d792b48d873ff159310a8e50af024c29870","isMergeCommit":false,"messageTitle":"GUI: Use incomplete Duke logic","messageBody":"Able to interact with Duke fully using GUI, but GUI is unable to print some messages.\n","fileTypesAndContributionMap":{"java":{"insertions":53,"deletions":50}}}]},{"date":"2023-09-07","commitResults":[{"hash":"6f21437528a55808a1f812d76c444f65cb746d98","isMergeCommit":false,"messageTitle":"Implement GUI","messageBody":"GUI for users to interact with Duke.\n","fileTypesAndContributionMap":{"fxml":{"insertions":1,"deletions":1},"java":{"insertions":130,"deletions":217}}},{"hash":"a4065d0c6388089f7ffabf469ef93fc38fa296a0","isMergeCommit":true,"messageTitle":"Merge branch \u0027branch-Level-10\u0027","messageBody":"","tags":["Level-10"],"fileTypesAndContributionMap":{}}]}]},"authorFileTypeContributionMap":{"coderhuang559":{"java":1539,"md":0,"fxml":35,"sh":0,"bat":0,"gradle":8,"txt":14}},"authorContributionVariance":{"coderhuang559":91471.0},"authorDisplayNameMap":{"coderhuang559":"CS2103T-T10-3 HUAN..IXIN"}}
