[{"path":"data/duke.txt","fileType":"txt","lines":[{"lineNumber":1,"author":{"gitId":"waseemingly"},"content":"T | 1 | read book","lastModifiedDate":"2023-08-31"},{"lineNumber":2,"author":{"gitId":"waseemingly"},"content":"D | 0 | return book | June 6th","lastModifiedDate":"2023-08-31"},{"lineNumber":3,"author":{"gitId":"waseemingly"},"content":"T | 0 | join sports club","lastModifiedDate":"2023-08-31"}],"authorContributionMap":{"waseemingly":3}},{"path":"src/main/java/Deadline.java","fileType":"java","lines":[{"lineNumber":1,"author":{"gitId":"waseemingly"},"content":"public class Deadline extends Task {","lastModifiedDate":"2023-08-22"},{"lineNumber":2,"author":{"gitId":"waseemingly"},"content":"","lastModifiedDate":"2023-08-22"},{"lineNumber":3,"author":{"gitId":"waseemingly"},"content":"    protected String by;","lastModifiedDate":"2023-08-22"},{"lineNumber":4,"author":{"gitId":"waseemingly"},"content":"","lastModifiedDate":"2023-08-22"},{"lineNumber":5,"author":{"gitId":"waseemingly"},"content":"    public Deadline(String description, String by) {","lastModifiedDate":"2023-08-22"},{"lineNumber":6,"author":{"gitId":"waseemingly"},"content":"        super(description);","lastModifiedDate":"2023-08-22"},{"lineNumber":7,"author":{"gitId":"waseemingly"},"content":"        this.by \u003d by;","lastModifiedDate":"2023-08-22"},{"lineNumber":8,"author":{"gitId":"waseemingly"},"content":"    }","lastModifiedDate":"2023-08-22"},{"lineNumber":9,"author":{"gitId":"waseemingly"},"content":"","lastModifiedDate":"2023-08-22"},{"lineNumber":10,"author":{"gitId":"waseemingly"},"content":"    @Override","lastModifiedDate":"2023-08-22"},{"lineNumber":11,"author":{"gitId":"waseemingly"},"content":"    public String toString() {","lastModifiedDate":"2023-08-22"},{"lineNumber":12,"author":{"gitId":"waseemingly"},"content":"        return \"[D]\" + super.toString() + \" (by: \" + by + \")\";","lastModifiedDate":"2023-08-22"},{"lineNumber":13,"author":{"gitId":"waseemingly"},"content":"    }","lastModifiedDate":"2023-08-22"},{"lineNumber":14,"author":{"gitId":"waseemingly"},"content":"","lastModifiedDate":"2023-08-31"},{"lineNumber":15,"author":{"gitId":"waseemingly"},"content":"    @Override","lastModifiedDate":"2023-08-31"},{"lineNumber":16,"author":{"gitId":"waseemingly"},"content":"    public String toFileString() {","lastModifiedDate":"2023-08-31"},{"lineNumber":17,"author":{"gitId":"waseemingly"},"content":"        return \"D\" + super.toFileString() + \" | \" + by;","lastModifiedDate":"2023-08-31"},{"lineNumber":18,"author":{"gitId":"waseemingly"},"content":"    }","lastModifiedDate":"2023-08-31"},{"lineNumber":19,"author":{"gitId":"waseemingly"},"content":"}","lastModifiedDate":"2023-08-22"}],"authorContributionMap":{"waseemingly":19}},{"path":"src/main/java/Duke.java","fileType":"java","lines":[{"lineNumber":1,"author":{"gitId":"waseemingly"},"content":"import java.io.FileNotFoundException;","lastModifiedDate":"2023-08-31"},{"lineNumber":2,"author":{"gitId":"waseemingly"},"content":"import java.util.Scanner;","lastModifiedDate":"2023-08-22"},{"lineNumber":3,"author":{"gitId":"waseemingly"},"content":"import java.util.ArrayList;","lastModifiedDate":"2023-08-22"},{"lineNumber":4,"author":{"gitId":"waseemingly"},"content":"import java.io.FileWriter;","lastModifiedDate":"2023-08-31"},{"lineNumber":5,"author":{"gitId":"waseemingly"},"content":"import java.io.IOException;","lastModifiedDate":"2023-08-31"},{"lineNumber":6,"author":{"gitId":"waseemingly"},"content":"","lastModifiedDate":"2023-08-22"},{"lineNumber":7,"author":{"gitId":"-"},"content":"public class Duke {","lastModifiedDate":"2023-08-22"},{"lineNumber":8,"author":{"gitId":"-"},"content":"    public static void main(String[] args) {","lastModifiedDate":"2023-08-22"},{"lineNumber":9,"author":{"gitId":"waseemingly"},"content":"        System.out.println(\"____________________________________________________________\");","lastModifiedDate":"2023-08-22"},{"lineNumber":10,"author":{"gitId":"waseemingly"},"content":"        System.out.println(\"Hello! I\u0027m Duke\");","lastModifiedDate":"2023-08-22"},{"lineNumber":11,"author":{"gitId":"waseemingly"},"content":"        System.out.println(\"What can I do for you?\");","lastModifiedDate":"2023-08-22"},{"lineNumber":12,"author":{"gitId":"waseemingly"},"content":"        System.out.println(\"____________________________________________________________\");","lastModifiedDate":"2023-08-22"},{"lineNumber":13,"author":{"gitId":"waseemingly"},"content":"","lastModifiedDate":"2023-08-22"},{"lineNumber":14,"author":{"gitId":"waseemingly"},"content":"        Scanner scanner \u003d new Scanner(System.in);","lastModifiedDate":"2023-08-22"},{"lineNumber":15,"author":{"gitId":"waseemingly"},"content":"        ArrayList\u003cTask\u003e tasks;","lastModifiedDate":"2023-08-31"},{"lineNumber":16,"author":{"gitId":"waseemingly"},"content":"","lastModifiedDate":"2023-08-22"},{"lineNumber":17,"author":{"gitId":"waseemingly"},"content":"        try {","lastModifiedDate":"2023-08-31"},{"lineNumber":18,"author":{"gitId":"waseemingly"},"content":"            tasks \u003d Utils.loadTasks();","lastModifiedDate":"2023-08-31"},{"lineNumber":19,"author":{"gitId":"waseemingly"},"content":"        } catch (FileNotFoundException e) {","lastModifiedDate":"2023-08-31"},{"lineNumber":20,"author":{"gitId":"waseemingly"},"content":"            System.out.println(\"Couldn\u0027t load tasks from file. Starting with an empty list.\");","lastModifiedDate":"2023-08-31"},{"lineNumber":21,"author":{"gitId":"waseemingly"},"content":"            tasks \u003d new ArrayList\u003c\u003e();  // Start with empty list if file not found","lastModifiedDate":"2023-08-31"},{"lineNumber":22,"author":{"gitId":"waseemingly"},"content":"        }","lastModifiedDate":"2023-08-31"},{"lineNumber":23,"author":{"gitId":"waseemingly"},"content":"","lastModifiedDate":"2023-08-22"},{"lineNumber":24,"author":{"gitId":"waseemingly"},"content":"        while (true) {","lastModifiedDate":"2023-08-22"},{"lineNumber":25,"author":{"gitId":"waseemingly"},"content":"            try {","lastModifiedDate":"2023-08-22"},{"lineNumber":26,"author":{"gitId":"waseemingly"},"content":"                String userInput \u003d scanner.nextLine();","lastModifiedDate":"2023-08-22"},{"lineNumber":27,"author":{"gitId":"waseemingly"},"content":"","lastModifiedDate":"2023-08-22"},{"lineNumber":28,"author":{"gitId":"waseemingly"},"content":"                if (\"bye\".equalsIgnoreCase(userInput)) {","lastModifiedDate":"2023-08-22"},{"lineNumber":29,"author":{"gitId":"waseemingly"},"content":"                    break;","lastModifiedDate":"2023-08-22"},{"lineNumber":30,"author":{"gitId":"waseemingly"},"content":"                }","lastModifiedDate":"2023-08-22"},{"lineNumber":31,"author":{"gitId":"waseemingly"},"content":"","lastModifiedDate":"2023-08-22"},{"lineNumber":32,"author":{"gitId":"waseemingly"},"content":"                if (\"list\".equalsIgnoreCase(userInput)) {","lastModifiedDate":"2023-08-22"},{"lineNumber":33,"author":{"gitId":"waseemingly"},"content":"                    System.out.println(\"____________________________________________________________\");","lastModifiedDate":"2023-08-22"},{"lineNumber":34,"author":{"gitId":"waseemingly"},"content":"                    System.out.println(\"Here are the tasks in your list:\");","lastModifiedDate":"2023-08-22"},{"lineNumber":35,"author":{"gitId":"waseemingly"},"content":"                    for (int i \u003d 0; i \u003c tasks.size(); i++) {","lastModifiedDate":"2023-08-22"},{"lineNumber":36,"author":{"gitId":"waseemingly"},"content":"                        Task task \u003d tasks.get(i);","lastModifiedDate":"2023-08-22"},{"lineNumber":37,"author":{"gitId":"waseemingly"},"content":"                        System.out.println((i + 1) + \".\" + task);","lastModifiedDate":"2023-08-22"},{"lineNumber":38,"author":{"gitId":"waseemingly"},"content":"                    }","lastModifiedDate":"2023-08-22"},{"lineNumber":39,"author":{"gitId":"waseemingly"},"content":"                    System.out.println(\"____________________________________________________________\");","lastModifiedDate":"2023-08-22"},{"lineNumber":40,"author":{"gitId":"waseemingly"},"content":"                } else if (userInput.startsWith(\"mark\")) {","lastModifiedDate":"2023-08-22"},{"lineNumber":41,"author":{"gitId":"waseemingly"},"content":"                    processTask(userInput, tasks, true);","lastModifiedDate":"2023-08-22"},{"lineNumber":42,"author":{"gitId":"waseemingly"},"content":"                    try {","lastModifiedDate":"2023-08-31"},{"lineNumber":43,"author":{"gitId":"waseemingly"},"content":"                        Utils.saveTasks(tasks); // Save the updated tasks to file","lastModifiedDate":"2023-08-31"},{"lineNumber":44,"author":{"gitId":"waseemingly"},"content":"                    } catch (IOException e) {","lastModifiedDate":"2023-08-31"},{"lineNumber":45,"author":{"gitId":"waseemingly"},"content":"                        System.out.println(\"Error saving tasks: \" + e.getMessage());","lastModifiedDate":"2023-08-31"},{"lineNumber":46,"author":{"gitId":"waseemingly"},"content":"                    }","lastModifiedDate":"2023-08-31"},{"lineNumber":47,"author":{"gitId":"waseemingly"},"content":"","lastModifiedDate":"2023-08-31"},{"lineNumber":48,"author":{"gitId":"waseemingly"},"content":"                } else if (userInput.startsWith(\"unmark\")) {","lastModifiedDate":"2023-08-22"},{"lineNumber":49,"author":{"gitId":"waseemingly"},"content":"                    processTask(userInput, tasks, false);","lastModifiedDate":"2023-08-22"},{"lineNumber":50,"author":{"gitId":"waseemingly"},"content":"                    try {","lastModifiedDate":"2023-08-31"},{"lineNumber":51,"author":{"gitId":"waseemingly"},"content":"                        Utils.saveTasks(tasks); // Save the updated tasks to file","lastModifiedDate":"2023-08-31"},{"lineNumber":52,"author":{"gitId":"waseemingly"},"content":"                    } catch (IOException e) {","lastModifiedDate":"2023-08-31"},{"lineNumber":53,"author":{"gitId":"waseemingly"},"content":"                        System.out.println(\"Error saving tasks: \" + e.getMessage());","lastModifiedDate":"2023-08-31"},{"lineNumber":54,"author":{"gitId":"waseemingly"},"content":"                    }","lastModifiedDate":"2023-08-31"},{"lineNumber":55,"author":{"gitId":"waseemingly"},"content":"","lastModifiedDate":"2023-08-31"},{"lineNumber":56,"author":{"gitId":"waseemingly"},"content":"                } else if (userInput.startsWith(\"todo\")) {","lastModifiedDate":"2023-08-22"},{"lineNumber":57,"author":{"gitId":"waseemingly"},"content":"                    String description \u003d userInput.substring(4).trim();","lastModifiedDate":"2023-08-22"},{"lineNumber":58,"author":{"gitId":"waseemingly"},"content":"","lastModifiedDate":"2023-08-22"},{"lineNumber":59,"author":{"gitId":"waseemingly"},"content":"                    if (description.isEmpty()) {","lastModifiedDate":"2023-08-22"},{"lineNumber":60,"author":{"gitId":"waseemingly"},"content":"                        throw new DukeException(\"☹ OOPS!!! The description of a todo cannot be empty.\");","lastModifiedDate":"2023-08-22"},{"lineNumber":61,"author":{"gitId":"waseemingly"},"content":"                    }","lastModifiedDate":"2023-08-22"},{"lineNumber":62,"author":{"gitId":"waseemingly"},"content":"","lastModifiedDate":"2023-08-22"},{"lineNumber":63,"author":{"gitId":"waseemingly"},"content":"                    Todo newTodo \u003d new Todo(description);","lastModifiedDate":"2023-08-22"},{"lineNumber":64,"author":{"gitId":"waseemingly"},"content":"                    tasks.add(newTodo);","lastModifiedDate":"2023-08-22"},{"lineNumber":65,"author":{"gitId":"waseemingly"},"content":"","lastModifiedDate":"2023-08-22"},{"lineNumber":66,"author":{"gitId":"waseemingly"},"content":"                    try {","lastModifiedDate":"2023-08-31"},{"lineNumber":67,"author":{"gitId":"waseemingly"},"content":"                        Utils.saveTasks(tasks); // Save the updated tasks to file","lastModifiedDate":"2023-08-31"},{"lineNumber":68,"author":{"gitId":"waseemingly"},"content":"                    } catch (IOException e) {","lastModifiedDate":"2023-08-31"},{"lineNumber":69,"author":{"gitId":"waseemingly"},"content":"                        System.out.println(\"Error saving tasks: \" + e.getMessage());","lastModifiedDate":"2023-08-31"},{"lineNumber":70,"author":{"gitId":"waseemingly"},"content":"                    }","lastModifiedDate":"2023-08-31"},{"lineNumber":71,"author":{"gitId":"waseemingly"},"content":"","lastModifiedDate":"2023-08-31"},{"lineNumber":72,"author":{"gitId":"waseemingly"},"content":"                    System.out.println(\"____________________________________________________________\");","lastModifiedDate":"2023-08-22"},{"lineNumber":73,"author":{"gitId":"waseemingly"},"content":"                    System.out.println(\"Got it. I\u0027ve added this task:\");","lastModifiedDate":"2023-08-22"},{"lineNumber":74,"author":{"gitId":"waseemingly"},"content":"                    System.out.println(\"  \" + newTodo);","lastModifiedDate":"2023-08-22"},{"lineNumber":75,"author":{"gitId":"waseemingly"},"content":"                    System.out.println(\"Now you have \" + tasks.size() + \" tasks in the list.\");","lastModifiedDate":"2023-08-22"},{"lineNumber":76,"author":{"gitId":"waseemingly"},"content":"                    System.out.println(\"____________________________________________________________\");","lastModifiedDate":"2023-08-22"},{"lineNumber":77,"author":{"gitId":"waseemingly"},"content":"                } else if (userInput.startsWith(\"deadline\")) {","lastModifiedDate":"2023-08-22"},{"lineNumber":78,"author":{"gitId":"waseemingly"},"content":"                    String content \u003d userInput.substring(8).trim();","lastModifiedDate":"2023-08-22"},{"lineNumber":79,"author":{"gitId":"waseemingly"},"content":"                    int index \u003d content.indexOf(\"/by\");","lastModifiedDate":"2023-08-22"},{"lineNumber":80,"author":{"gitId":"waseemingly"},"content":"","lastModifiedDate":"2023-08-22"},{"lineNumber":81,"author":{"gitId":"waseemingly"},"content":"                    if (index \u003d\u003d -1) {","lastModifiedDate":"2023-08-22"},{"lineNumber":82,"author":{"gitId":"waseemingly"},"content":"                        throw new DukeException(\"Please use \u0027/by\u0027 to specify the deadline time.\");","lastModifiedDate":"2023-08-22"},{"lineNumber":83,"author":{"gitId":"waseemingly"},"content":"                    } else {","lastModifiedDate":"2023-08-22"},{"lineNumber":84,"author":{"gitId":"waseemingly"},"content":"                        String description \u003d content.substring(0, index).trim();","lastModifiedDate":"2023-08-22"},{"lineNumber":85,"author":{"gitId":"waseemingly"},"content":"                        String by \u003d content.substring(index + 4).trim();","lastModifiedDate":"2023-08-22"},{"lineNumber":86,"author":{"gitId":"waseemingly"},"content":"                        Deadline newDeadline \u003d new Deadline(description, by);","lastModifiedDate":"2023-08-22"},{"lineNumber":87,"author":{"gitId":"waseemingly"},"content":"                        tasks.add(newDeadline);","lastModifiedDate":"2023-08-22"},{"lineNumber":88,"author":{"gitId":"waseemingly"},"content":"","lastModifiedDate":"2023-08-31"},{"lineNumber":89,"author":{"gitId":"waseemingly"},"content":"                        try {","lastModifiedDate":"2023-08-31"},{"lineNumber":90,"author":{"gitId":"waseemingly"},"content":"                            Utils.saveTasks(tasks); // Save the updated tasks to file","lastModifiedDate":"2023-08-31"},{"lineNumber":91,"author":{"gitId":"waseemingly"},"content":"                        } catch (IOException e) {","lastModifiedDate":"2023-08-31"},{"lineNumber":92,"author":{"gitId":"waseemingly"},"content":"                            System.out.println(\"Error saving tasks: \" + e.getMessage());","lastModifiedDate":"2023-08-31"},{"lineNumber":93,"author":{"gitId":"waseemingly"},"content":"                        }","lastModifiedDate":"2023-08-31"},{"lineNumber":94,"author":{"gitId":"waseemingly"},"content":"","lastModifiedDate":"2023-08-31"},{"lineNumber":95,"author":{"gitId":"waseemingly"},"content":"                        System.out.println(\"____________________________________________________________\");","lastModifiedDate":"2023-08-22"},{"lineNumber":96,"author":{"gitId":"waseemingly"},"content":"                        System.out.println(\"Got it. I\u0027ve added this task:\");","lastModifiedDate":"2023-08-22"},{"lineNumber":97,"author":{"gitId":"waseemingly"},"content":"                        System.out.println(\"  \" + newDeadline);","lastModifiedDate":"2023-08-22"},{"lineNumber":98,"author":{"gitId":"waseemingly"},"content":"                        System.out.println(\"Now you have \" + tasks.size() + \" tasks in the list.\");","lastModifiedDate":"2023-08-22"},{"lineNumber":99,"author":{"gitId":"waseemingly"},"content":"                        System.out.println(\"____________________________________________________________\");","lastModifiedDate":"2023-08-22"},{"lineNumber":100,"author":{"gitId":"waseemingly"},"content":"                    }","lastModifiedDate":"2023-08-22"},{"lineNumber":101,"author":{"gitId":"waseemingly"},"content":"                } else if (userInput.startsWith(\"event\")) {","lastModifiedDate":"2023-08-22"},{"lineNumber":102,"author":{"gitId":"waseemingly"},"content":"                    String content \u003d userInput.substring(5).trim();","lastModifiedDate":"2023-08-22"},{"lineNumber":103,"author":{"gitId":"waseemingly"},"content":"","lastModifiedDate":"2023-08-22"},{"lineNumber":104,"author":{"gitId":"waseemingly"},"content":"                    String[] parts \u003d content.split(\"/from | /to \");","lastModifiedDate":"2023-08-22"},{"lineNumber":105,"author":{"gitId":"waseemingly"},"content":"","lastModifiedDate":"2023-08-22"},{"lineNumber":106,"author":{"gitId":"waseemingly"},"content":"                    if (parts.length \u003c 3) {","lastModifiedDate":"2023-08-22"},{"lineNumber":107,"author":{"gitId":"waseemingly"},"content":"                        throw new DukeException(\"Please use the format: event [description] /from [start time] /to [end time]\");","lastModifiedDate":"2023-08-22"},{"lineNumber":108,"author":{"gitId":"waseemingly"},"content":"                    }","lastModifiedDate":"2023-08-22"},{"lineNumber":109,"author":{"gitId":"waseemingly"},"content":"","lastModifiedDate":"2023-08-22"},{"lineNumber":110,"author":{"gitId":"waseemingly"},"content":"                    String description \u003d parts[0].trim();","lastModifiedDate":"2023-08-22"},{"lineNumber":111,"author":{"gitId":"waseemingly"},"content":"                    String from \u003d parts[1].trim();","lastModifiedDate":"2023-08-22"},{"lineNumber":112,"author":{"gitId":"waseemingly"},"content":"                    String to \u003d parts[2].trim();","lastModifiedDate":"2023-08-22"},{"lineNumber":113,"author":{"gitId":"waseemingly"},"content":"","lastModifiedDate":"2023-08-22"},{"lineNumber":114,"author":{"gitId":"waseemingly"},"content":"                    Event newEvent \u003d new Event(description, from, to);","lastModifiedDate":"2023-08-22"},{"lineNumber":115,"author":{"gitId":"waseemingly"},"content":"                    tasks.add(newEvent);","lastModifiedDate":"2023-08-22"},{"lineNumber":116,"author":{"gitId":"waseemingly"},"content":"","lastModifiedDate":"2023-08-22"},{"lineNumber":117,"author":{"gitId":"waseemingly"},"content":"                    try {","lastModifiedDate":"2023-08-31"},{"lineNumber":118,"author":{"gitId":"waseemingly"},"content":"                        Utils.saveTasks(tasks); // Save the updated tasks to file","lastModifiedDate":"2023-08-31"},{"lineNumber":119,"author":{"gitId":"waseemingly"},"content":"                    } catch (IOException e) {","lastModifiedDate":"2023-08-31"},{"lineNumber":120,"author":{"gitId":"waseemingly"},"content":"                        System.out.println(\"Error saving tasks: \" + e.getMessage());","lastModifiedDate":"2023-08-31"},{"lineNumber":121,"author":{"gitId":"waseemingly"},"content":"                    }","lastModifiedDate":"2023-08-31"},{"lineNumber":122,"author":{"gitId":"waseemingly"},"content":"","lastModifiedDate":"2023-08-31"},{"lineNumber":123,"author":{"gitId":"waseemingly"},"content":"                    System.out.println(\"____________________________________________________________\");","lastModifiedDate":"2023-08-22"},{"lineNumber":124,"author":{"gitId":"waseemingly"},"content":"                    System.out.println(\"Got it. I\u0027ve added this task:\");","lastModifiedDate":"2023-08-22"},{"lineNumber":125,"author":{"gitId":"waseemingly"},"content":"                    System.out.println(\"  \" + newEvent);","lastModifiedDate":"2023-08-22"},{"lineNumber":126,"author":{"gitId":"waseemingly"},"content":"                    System.out.println(\"Now you have \" + tasks.size() + \" tasks in the list.\");","lastModifiedDate":"2023-08-22"},{"lineNumber":127,"author":{"gitId":"waseemingly"},"content":"                    System.out.println(\"____________________________________________________________\");","lastModifiedDate":"2023-08-22"},{"lineNumber":128,"author":{"gitId":"waseemingly"},"content":"                } else if (userInput.startsWith(\"delete\")) {","lastModifiedDate":"2023-08-22"},{"lineNumber":129,"author":{"gitId":"waseemingly"},"content":"                    int taskNumber;","lastModifiedDate":"2023-08-22"},{"lineNumber":130,"author":{"gitId":"waseemingly"},"content":"                    try {","lastModifiedDate":"2023-08-22"},{"lineNumber":131,"author":{"gitId":"waseemingly"},"content":"                        taskNumber \u003d Integer.parseInt(userInput.split(\" \")[1]);","lastModifiedDate":"2023-08-22"},{"lineNumber":132,"author":{"gitId":"waseemingly"},"content":"                        if (taskNumber \u003c\u003d 0 || taskNumber \u003e tasks.size()) {","lastModifiedDate":"2023-08-22"},{"lineNumber":133,"author":{"gitId":"waseemingly"},"content":"                            throw new DukeException(\"Invalid task number!\");","lastModifiedDate":"2023-08-22"},{"lineNumber":134,"author":{"gitId":"waseemingly"},"content":"                        }","lastModifiedDate":"2023-08-22"},{"lineNumber":135,"author":{"gitId":"waseemingly"},"content":"","lastModifiedDate":"2023-08-22"},{"lineNumber":136,"author":{"gitId":"waseemingly"},"content":"                        Task deletedTask \u003d tasks.get(taskNumber - 1);","lastModifiedDate":"2023-08-22"},{"lineNumber":137,"author":{"gitId":"waseemingly"},"content":"","lastModifiedDate":"2023-08-22"},{"lineNumber":138,"author":{"gitId":"waseemingly"},"content":"                        tasks.remove(taskNumber - 1);","lastModifiedDate":"2023-08-22"},{"lineNumber":139,"author":{"gitId":"waseemingly"},"content":"","lastModifiedDate":"2023-08-22"},{"lineNumber":140,"author":{"gitId":"waseemingly"},"content":"                        try {","lastModifiedDate":"2023-08-31"},{"lineNumber":141,"author":{"gitId":"waseemingly"},"content":"                            Utils.saveTasks(tasks); // Save the updated tasks to file","lastModifiedDate":"2023-08-31"},{"lineNumber":142,"author":{"gitId":"waseemingly"},"content":"                        } catch (IOException e) {","lastModifiedDate":"2023-08-31"},{"lineNumber":143,"author":{"gitId":"waseemingly"},"content":"                            System.out.println(\"Error saving tasks: \" + e.getMessage());","lastModifiedDate":"2023-08-31"},{"lineNumber":144,"author":{"gitId":"waseemingly"},"content":"                        }","lastModifiedDate":"2023-08-31"},{"lineNumber":145,"author":{"gitId":"waseemingly"},"content":"","lastModifiedDate":"2023-08-31"},{"lineNumber":146,"author":{"gitId":"waseemingly"},"content":"                        System.out.println(\"____________________________________________________________\");","lastModifiedDate":"2023-08-22"},{"lineNumber":147,"author":{"gitId":"waseemingly"},"content":"                        System.out.println(\"Noted. I\u0027ve removed this task: \");","lastModifiedDate":"2023-08-22"},{"lineNumber":148,"author":{"gitId":"waseemingly"},"content":"                        System.out.println(\"  \" + deletedTask);","lastModifiedDate":"2023-08-22"},{"lineNumber":149,"author":{"gitId":"waseemingly"},"content":"                        System.out.println(\"Now you have \" + tasks.size() + \" tasks in the list.\");","lastModifiedDate":"2023-08-22"},{"lineNumber":150,"author":{"gitId":"waseemingly"},"content":"                        System.out.println(\"____________________________________________________________\");","lastModifiedDate":"2023-08-22"},{"lineNumber":151,"author":{"gitId":"waseemingly"},"content":"                    } catch (NumberFormatException e) {","lastModifiedDate":"2023-08-22"},{"lineNumber":152,"author":{"gitId":"waseemingly"},"content":"                        System.out.println(\"____________________________________________________________\");","lastModifiedDate":"2023-08-22"},{"lineNumber":153,"author":{"gitId":"waseemingly"},"content":"                        System.out.println(\"Please provide a valid task number.\");","lastModifiedDate":"2023-08-22"},{"lineNumber":154,"author":{"gitId":"waseemingly"},"content":"                        System.out.println(\"____________________________________________________________\");","lastModifiedDate":"2023-08-22"},{"lineNumber":155,"author":{"gitId":"waseemingly"},"content":"                    } catch (DukeException de) {","lastModifiedDate":"2023-08-22"},{"lineNumber":156,"author":{"gitId":"waseemingly"},"content":"                        System.out.println(\"____________________________________________________________\");","lastModifiedDate":"2023-08-22"},{"lineNumber":157,"author":{"gitId":"waseemingly"},"content":"                        System.out.println(de.getMessage());","lastModifiedDate":"2023-08-22"},{"lineNumber":158,"author":{"gitId":"waseemingly"},"content":"                        System.out.println(\"____________________________________________________________\");","lastModifiedDate":"2023-08-22"},{"lineNumber":159,"author":{"gitId":"waseemingly"},"content":"                    }","lastModifiedDate":"2023-08-22"},{"lineNumber":160,"author":{"gitId":"waseemingly"},"content":"                } else {","lastModifiedDate":"2023-08-22"},{"lineNumber":161,"author":{"gitId":"waseemingly"},"content":"                    throw new DukeException(\"☹ OOPS!!! I\u0027m sorry, but I don\u0027t know what that means :-(\");","lastModifiedDate":"2023-08-22"},{"lineNumber":162,"author":{"gitId":"waseemingly"},"content":"                }","lastModifiedDate":"2023-08-22"},{"lineNumber":163,"author":{"gitId":"waseemingly"},"content":"            } catch (DukeException de) {","lastModifiedDate":"2023-08-22"},{"lineNumber":164,"author":{"gitId":"waseemingly"},"content":"                System.out.println(\"____________________________________________________________\");","lastModifiedDate":"2023-08-22"},{"lineNumber":165,"author":{"gitId":"waseemingly"},"content":"                System.out.println(de.getMessage());","lastModifiedDate":"2023-08-22"},{"lineNumber":166,"author":{"gitId":"waseemingly"},"content":"                System.out.println(\"____________________________________________________________\");","lastModifiedDate":"2023-08-22"},{"lineNumber":167,"author":{"gitId":"waseemingly"},"content":"            }","lastModifiedDate":"2023-08-22"},{"lineNumber":168,"author":{"gitId":"waseemingly"},"content":"        }","lastModifiedDate":"2023-08-22"},{"lineNumber":169,"author":{"gitId":"waseemingly"},"content":"","lastModifiedDate":"2023-08-22"},{"lineNumber":170,"author":{"gitId":"waseemingly"},"content":"        System.out.println(\"____________________________________________________________\");","lastModifiedDate":"2023-08-22"},{"lineNumber":171,"author":{"gitId":"waseemingly"},"content":"        System.out.println(\"Bye. Hope to see you again soon!\");","lastModifiedDate":"2023-08-22"},{"lineNumber":172,"author":{"gitId":"waseemingly"},"content":"        System.out.println(\"____________________________________________________________\");","lastModifiedDate":"2023-08-22"},{"lineNumber":173,"author":{"gitId":"waseemingly"},"content":"    }","lastModifiedDate":"2023-08-22"},{"lineNumber":174,"author":{"gitId":"waseemingly"},"content":"","lastModifiedDate":"2023-08-22"},{"lineNumber":175,"author":{"gitId":"waseemingly"},"content":"    public static void processTask(String userInput, ArrayList\u003cTask\u003e tasks, boolean mark) {","lastModifiedDate":"2023-08-22"},{"lineNumber":176,"author":{"gitId":"waseemingly"},"content":"        int taskNumber;","lastModifiedDate":"2023-08-22"},{"lineNumber":177,"author":{"gitId":"waseemingly"},"content":"        try {","lastModifiedDate":"2023-08-22"},{"lineNumber":178,"author":{"gitId":"waseemingly"},"content":"            taskNumber \u003d Integer.parseInt(userInput.split(\" \")[1]);","lastModifiedDate":"2023-08-22"},{"lineNumber":179,"author":{"gitId":"waseemingly"},"content":"            if (taskNumber \u003c\u003d 0 || taskNumber \u003e tasks.size()) {","lastModifiedDate":"2023-08-22"},{"lineNumber":180,"author":{"gitId":"waseemingly"},"content":"                throw new IndexOutOfBoundsException();","lastModifiedDate":"2023-08-22"},{"lineNumber":181,"author":{"gitId":"waseemingly"},"content":"            }","lastModifiedDate":"2023-08-22"},{"lineNumber":182,"author":{"gitId":"waseemingly"},"content":"","lastModifiedDate":"2023-08-22"},{"lineNumber":183,"author":{"gitId":"waseemingly"},"content":"            Task task \u003d tasks.get(taskNumber - 1);","lastModifiedDate":"2023-08-22"},{"lineNumber":184,"author":{"gitId":"waseemingly"},"content":"            if (mark) {","lastModifiedDate":"2023-08-22"},{"lineNumber":185,"author":{"gitId":"waseemingly"},"content":"                task.markAsDone();","lastModifiedDate":"2023-08-22"},{"lineNumber":186,"author":{"gitId":"waseemingly"},"content":"                System.out.println(\"____________________________________________________________\");","lastModifiedDate":"2023-08-22"},{"lineNumber":187,"author":{"gitId":"waseemingly"},"content":"                System.out.println(\"Nice! I\u0027ve marked this task as done:\");","lastModifiedDate":"2023-08-22"},{"lineNumber":188,"author":{"gitId":"waseemingly"},"content":"            } else {","lastModifiedDate":"2023-08-22"},{"lineNumber":189,"author":{"gitId":"waseemingly"},"content":"                task.unmarkAsDone();","lastModifiedDate":"2023-08-22"},{"lineNumber":190,"author":{"gitId":"waseemingly"},"content":"                System.out.println(\"____________________________________________________________\");","lastModifiedDate":"2023-08-22"},{"lineNumber":191,"author":{"gitId":"waseemingly"},"content":"                System.out.println(\"OK, I\u0027ve marked this task as not done yet:\");","lastModifiedDate":"2023-08-22"},{"lineNumber":192,"author":{"gitId":"waseemingly"},"content":"            }","lastModifiedDate":"2023-08-22"},{"lineNumber":193,"author":{"gitId":"waseemingly"},"content":"            System.out.println(\"  [\" + task.getStatusIcon() + \"] \" + task.description);","lastModifiedDate":"2023-08-22"},{"lineNumber":194,"author":{"gitId":"waseemingly"},"content":"            System.out.println(\"____________________________________________________________\");","lastModifiedDate":"2023-08-22"},{"lineNumber":195,"author":{"gitId":"waseemingly"},"content":"        } catch (NumberFormatException e) {","lastModifiedDate":"2023-08-22"},{"lineNumber":196,"author":{"gitId":"waseemingly"},"content":"            System.out.println(\"Please provide a valid task number.\");","lastModifiedDate":"2023-08-22"},{"lineNumber":197,"author":{"gitId":"waseemingly"},"content":"        } catch (IndexOutOfBoundsException e) {","lastModifiedDate":"2023-08-22"},{"lineNumber":198,"author":{"gitId":"waseemingly"},"content":"            System.out.println(\"That task doesn\u0027t exist!\");","lastModifiedDate":"2023-08-22"},{"lineNumber":199,"author":{"gitId":"waseemingly"},"content":"        }","lastModifiedDate":"2023-08-22"},{"lineNumber":200,"author":{"gitId":"-"},"content":"    }","lastModifiedDate":"2023-08-22"},{"lineNumber":201,"author":{"gitId":"-"},"content":"}","lastModifiedDate":"2023-08-22"},{"lineNumber":202,"author":{"gitId":"waseemingly"},"content":"","lastModifiedDate":"2023-08-22"}],"authorContributionMap":{"waseemingly":198,"-":4}},{"path":"src/main/java/DukeException.java","fileType":"java","lines":[{"lineNumber":1,"author":{"gitId":"waseemingly"},"content":"public class DukeException extends Exception {","lastModifiedDate":"2023-08-22"},{"lineNumber":2,"author":{"gitId":"waseemingly"},"content":"    public DukeException(String message) {","lastModifiedDate":"2023-08-22"},{"lineNumber":3,"author":{"gitId":"waseemingly"},"content":"        super(message);","lastModifiedDate":"2023-08-22"},{"lineNumber":4,"author":{"gitId":"waseemingly"},"content":"    }","lastModifiedDate":"2023-08-22"},{"lineNumber":5,"author":{"gitId":"waseemingly"},"content":"}","lastModifiedDate":"2023-08-22"}],"authorContributionMap":{"waseemingly":5}},{"path":"src/main/java/Event.java","fileType":"java","lines":[{"lineNumber":1,"author":{"gitId":"waseemingly"},"content":"public class Event extends Task {","lastModifiedDate":"2023-08-22"},{"lineNumber":2,"author":{"gitId":"waseemingly"},"content":"","lastModifiedDate":"2023-08-22"},{"lineNumber":3,"author":{"gitId":"waseemingly"},"content":"    protected String from;","lastModifiedDate":"2023-08-22"},{"lineNumber":4,"author":{"gitId":"waseemingly"},"content":"    protected String to;","lastModifiedDate":"2023-08-22"},{"lineNumber":5,"author":{"gitId":"waseemingly"},"content":"","lastModifiedDate":"2023-08-22"},{"lineNumber":6,"author":{"gitId":"waseemingly"},"content":"    public Event(String description, String from, String to) {","lastModifiedDate":"2023-08-22"},{"lineNumber":7,"author":{"gitId":"waseemingly"},"content":"        super(description);","lastModifiedDate":"2023-08-22"},{"lineNumber":8,"author":{"gitId":"waseemingly"},"content":"        this.from \u003d from;","lastModifiedDate":"2023-08-22"},{"lineNumber":9,"author":{"gitId":"waseemingly"},"content":"        this.to \u003d to;","lastModifiedDate":"2023-08-22"},{"lineNumber":10,"author":{"gitId":"waseemingly"},"content":"    }","lastModifiedDate":"2023-08-22"},{"lineNumber":11,"author":{"gitId":"waseemingly"},"content":"","lastModifiedDate":"2023-08-22"},{"lineNumber":12,"author":{"gitId":"waseemingly"},"content":"    @Override","lastModifiedDate":"2023-08-22"},{"lineNumber":13,"author":{"gitId":"waseemingly"},"content":"    public String toString() {","lastModifiedDate":"2023-08-22"},{"lineNumber":14,"author":{"gitId":"waseemingly"},"content":"        return \"[E]\" + super.toString() + \" (from: \" + from + \" to: \" + to + \")\";","lastModifiedDate":"2023-08-22"},{"lineNumber":15,"author":{"gitId":"waseemingly"},"content":"    }","lastModifiedDate":"2023-08-22"},{"lineNumber":16,"author":{"gitId":"waseemingly"},"content":"","lastModifiedDate":"2023-08-31"},{"lineNumber":17,"author":{"gitId":"waseemingly"},"content":"    @Override","lastModifiedDate":"2023-08-31"},{"lineNumber":18,"author":{"gitId":"waseemingly"},"content":"    public String toFileString() {","lastModifiedDate":"2023-08-31"},{"lineNumber":19,"author":{"gitId":"waseemingly"},"content":"        return \"E\" + super.toFileString() + \" | \" + from + to;","lastModifiedDate":"2023-08-31"},{"lineNumber":20,"author":{"gitId":"waseemingly"},"content":"    }","lastModifiedDate":"2023-08-31"},{"lineNumber":21,"author":{"gitId":"waseemingly"},"content":"}","lastModifiedDate":"2023-08-22"},{"lineNumber":22,"author":{"gitId":"waseemingly"},"content":"","lastModifiedDate":"2023-08-22"}],"authorContributionMap":{"waseemingly":22}},{"path":"src/main/java/Task.java","fileType":"java","lines":[{"lineNumber":1,"author":{"gitId":"waseemingly"},"content":"public class Task {","lastModifiedDate":"2023-08-22"},{"lineNumber":2,"author":{"gitId":"waseemingly"},"content":"    protected String description;","lastModifiedDate":"2023-08-22"},{"lineNumber":3,"author":{"gitId":"waseemingly"},"content":"    protected boolean isDone;","lastModifiedDate":"2023-08-22"},{"lineNumber":4,"author":{"gitId":"waseemingly"},"content":"","lastModifiedDate":"2023-08-22"},{"lineNumber":5,"author":{"gitId":"waseemingly"},"content":"    public Task(String description) {","lastModifiedDate":"2023-08-22"},{"lineNumber":6,"author":{"gitId":"waseemingly"},"content":"        this.description \u003d description;","lastModifiedDate":"2023-08-22"},{"lineNumber":7,"author":{"gitId":"waseemingly"},"content":"        this.isDone \u003d false;","lastModifiedDate":"2023-08-22"},{"lineNumber":8,"author":{"gitId":"waseemingly"},"content":"    }","lastModifiedDate":"2023-08-22"},{"lineNumber":9,"author":{"gitId":"waseemingly"},"content":"","lastModifiedDate":"2023-08-22"},{"lineNumber":10,"author":{"gitId":"waseemingly"},"content":"    public String getStatusIcon() {","lastModifiedDate":"2023-08-22"},{"lineNumber":11,"author":{"gitId":"waseemingly"},"content":"        return (isDone ? \"X\" : \" \");","lastModifiedDate":"2023-08-31"},{"lineNumber":12,"author":{"gitId":"waseemingly"},"content":"    }","lastModifiedDate":"2023-08-31"},{"lineNumber":13,"author":{"gitId":"waseemingly"},"content":"","lastModifiedDate":"2023-08-31"},{"lineNumber":14,"author":{"gitId":"waseemingly"},"content":"    public String getNumberIcon() {","lastModifiedDate":"2023-08-31"},{"lineNumber":15,"author":{"gitId":"waseemingly"},"content":"        return (isDone ? \"1\" : \"0\");","lastModifiedDate":"2023-08-31"},{"lineNumber":16,"author":{"gitId":"waseemingly"},"content":"    }","lastModifiedDate":"2023-08-22"},{"lineNumber":17,"author":{"gitId":"waseemingly"},"content":"","lastModifiedDate":"2023-08-22"},{"lineNumber":18,"author":{"gitId":"waseemingly"},"content":"    public void markAsDone() {","lastModifiedDate":"2023-08-22"},{"lineNumber":19,"author":{"gitId":"waseemingly"},"content":"        this.isDone \u003d true;","lastModifiedDate":"2023-08-22"},{"lineNumber":20,"author":{"gitId":"waseemingly"},"content":"    }","lastModifiedDate":"2023-08-22"},{"lineNumber":21,"author":{"gitId":"waseemingly"},"content":"","lastModifiedDate":"2023-08-22"},{"lineNumber":22,"author":{"gitId":"waseemingly"},"content":"    public void unmarkAsDone() {","lastModifiedDate":"2023-08-22"},{"lineNumber":23,"author":{"gitId":"waseemingly"},"content":"        this.isDone \u003d false;","lastModifiedDate":"2023-08-22"},{"lineNumber":24,"author":{"gitId":"waseemingly"},"content":"    }","lastModifiedDate":"2023-08-22"},{"lineNumber":25,"author":{"gitId":"waseemingly"},"content":"","lastModifiedDate":"2023-08-22"},{"lineNumber":26,"author":{"gitId":"waseemingly"},"content":"    @Override","lastModifiedDate":"2023-08-22"},{"lineNumber":27,"author":{"gitId":"waseemingly"},"content":"    public String toString() {","lastModifiedDate":"2023-08-22"},{"lineNumber":28,"author":{"gitId":"waseemingly"},"content":"        return \"[\" + getStatusIcon() + \"] \" + description;","lastModifiedDate":"2023-08-22"},{"lineNumber":29,"author":{"gitId":"waseemingly"},"content":"    }","lastModifiedDate":"2023-08-22"},{"lineNumber":30,"author":{"gitId":"waseemingly"},"content":"","lastModifiedDate":"2023-08-31"},{"lineNumber":31,"author":{"gitId":"waseemingly"},"content":"    public String toFileString() {","lastModifiedDate":"2023-08-31"},{"lineNumber":32,"author":{"gitId":"waseemingly"},"content":"        return \" | \" + getNumberIcon() + \" | \" + description;","lastModifiedDate":"2023-08-31"},{"lineNumber":33,"author":{"gitId":"waseemingly"},"content":"    }","lastModifiedDate":"2023-08-31"},{"lineNumber":34,"author":{"gitId":"waseemingly"},"content":"","lastModifiedDate":"2023-08-31"},{"lineNumber":35,"author":{"gitId":"waseemingly"},"content":"}","lastModifiedDate":"2023-08-22"},{"lineNumber":36,"author":{"gitId":"waseemingly"},"content":"","lastModifiedDate":"2023-08-22"}],"authorContributionMap":{"waseemingly":36}},{"path":"src/main/java/Todo.java","fileType":"java","lines":[{"lineNumber":1,"author":{"gitId":"waseemingly"},"content":"public class Todo extends Task {","lastModifiedDate":"2023-08-22"},{"lineNumber":2,"author":{"gitId":"waseemingly"},"content":"","lastModifiedDate":"2023-08-22"},{"lineNumber":3,"author":{"gitId":"waseemingly"},"content":"    public Todo(String description) {","lastModifiedDate":"2023-08-22"},{"lineNumber":4,"author":{"gitId":"waseemingly"},"content":"        super(description);","lastModifiedDate":"2023-08-22"},{"lineNumber":5,"author":{"gitId":"waseemingly"},"content":"    }","lastModifiedDate":"2023-08-22"},{"lineNumber":6,"author":{"gitId":"waseemingly"},"content":"","lastModifiedDate":"2023-08-22"},{"lineNumber":7,"author":{"gitId":"waseemingly"},"content":"    @Override","lastModifiedDate":"2023-08-22"},{"lineNumber":8,"author":{"gitId":"waseemingly"},"content":"    public String toString() {","lastModifiedDate":"2023-08-22"},{"lineNumber":9,"author":{"gitId":"waseemingly"},"content":"        return \"[T]\" + super.toString();","lastModifiedDate":"2023-08-22"},{"lineNumber":10,"author":{"gitId":"waseemingly"},"content":"    }","lastModifiedDate":"2023-08-22"},{"lineNumber":11,"author":{"gitId":"waseemingly"},"content":"","lastModifiedDate":"2023-08-31"},{"lineNumber":12,"author":{"gitId":"waseemingly"},"content":"    @Override","lastModifiedDate":"2023-08-31"},{"lineNumber":13,"author":{"gitId":"waseemingly"},"content":"    public String toFileString() {","lastModifiedDate":"2023-08-31"},{"lineNumber":14,"author":{"gitId":"waseemingly"},"content":"        return \"T\" + super.toFileString();","lastModifiedDate":"2023-08-31"},{"lineNumber":15,"author":{"gitId":"waseemingly"},"content":"    }","lastModifiedDate":"2023-08-31"},{"lineNumber":16,"author":{"gitId":"waseemingly"},"content":"}","lastModifiedDate":"2023-08-22"},{"lineNumber":17,"author":{"gitId":"waseemingly"},"content":"","lastModifiedDate":"2023-08-22"}],"authorContributionMap":{"waseemingly":17}},{"path":"src/main/java/Utils.java","fileType":"java","lines":[{"lineNumber":1,"author":{"gitId":"waseemingly"},"content":"import java.io.File;","lastModifiedDate":"2023-08-31"},{"lineNumber":2,"author":{"gitId":"waseemingly"},"content":"import java.io.FileNotFoundException;","lastModifiedDate":"2023-08-31"},{"lineNumber":3,"author":{"gitId":"waseemingly"},"content":"import java.io.FileWriter;","lastModifiedDate":"2023-08-31"},{"lineNumber":4,"author":{"gitId":"waseemingly"},"content":"import java.io.IOException;","lastModifiedDate":"2023-08-31"},{"lineNumber":5,"author":{"gitId":"waseemingly"},"content":"import java.util.ArrayList;","lastModifiedDate":"2023-08-31"},{"lineNumber":6,"author":{"gitId":"waseemingly"},"content":"import java.util.Scanner;","lastModifiedDate":"2023-08-31"},{"lineNumber":7,"author":{"gitId":"waseemingly"},"content":"","lastModifiedDate":"2023-08-31"},{"lineNumber":8,"author":{"gitId":"waseemingly"},"content":"public class Utils {","lastModifiedDate":"2023-08-31"},{"lineNumber":9,"author":{"gitId":"waseemingly"},"content":"    public static void saveTasks(ArrayList\u003cTask\u003e tasks) throws IOException {","lastModifiedDate":"2023-08-31"},{"lineNumber":10,"author":{"gitId":"waseemingly"},"content":"        String filePath \u003d \"./data/duke.txt\";","lastModifiedDate":"2023-08-31"},{"lineNumber":11,"author":{"gitId":"waseemingly"},"content":"","lastModifiedDate":"2023-08-31"},{"lineNumber":12,"author":{"gitId":"waseemingly"},"content":"        // Ensure the directory exists","lastModifiedDate":"2023-08-31"},{"lineNumber":13,"author":{"gitId":"waseemingly"},"content":"        File directory \u003d new File(\"./data\");","lastModifiedDate":"2023-08-31"},{"lineNumber":14,"author":{"gitId":"waseemingly"},"content":"        if (!directory.exists()) {","lastModifiedDate":"2023-08-31"},{"lineNumber":15,"author":{"gitId":"waseemingly"},"content":"            directory.mkdirs();","lastModifiedDate":"2023-08-31"},{"lineNumber":16,"author":{"gitId":"waseemingly"},"content":"        }","lastModifiedDate":"2023-08-31"},{"lineNumber":17,"author":{"gitId":"waseemingly"},"content":"","lastModifiedDate":"2023-08-31"},{"lineNumber":18,"author":{"gitId":"waseemingly"},"content":"        try (FileWriter writer \u003d new FileWriter(filePath)) {","lastModifiedDate":"2023-08-31"},{"lineNumber":19,"author":{"gitId":"waseemingly"},"content":"            for (Task task : tasks) {","lastModifiedDate":"2023-08-31"},{"lineNumber":20,"author":{"gitId":"waseemingly"},"content":"                writer.write(task.toFileString() + \"\\n\");","lastModifiedDate":"2023-08-31"},{"lineNumber":21,"author":{"gitId":"waseemingly"},"content":"            }","lastModifiedDate":"2023-08-31"},{"lineNumber":22,"author":{"gitId":"waseemingly"},"content":"        }","lastModifiedDate":"2023-08-31"},{"lineNumber":23,"author":{"gitId":"waseemingly"},"content":"    }","lastModifiedDate":"2023-08-31"},{"lineNumber":24,"author":{"gitId":"waseemingly"},"content":"","lastModifiedDate":"2023-08-31"},{"lineNumber":25,"author":{"gitId":"waseemingly"},"content":"    public static ArrayList\u003cTask\u003e loadTasks() throws FileNotFoundException {","lastModifiedDate":"2023-08-31"},{"lineNumber":26,"author":{"gitId":"waseemingly"},"content":"        String filePath \u003d \"./data/duke.txt\";","lastModifiedDate":"2023-08-31"},{"lineNumber":27,"author":{"gitId":"waseemingly"},"content":"        File file \u003d new File(filePath);","lastModifiedDate":"2023-08-31"},{"lineNumber":28,"author":{"gitId":"waseemingly"},"content":"        ArrayList\u003cTask\u003e tasks \u003d new ArrayList\u003c\u003e();","lastModifiedDate":"2023-08-31"},{"lineNumber":29,"author":{"gitId":"waseemingly"},"content":"","lastModifiedDate":"2023-08-31"},{"lineNumber":30,"author":{"gitId":"waseemingly"},"content":"        if (!file.exists()) {","lastModifiedDate":"2023-08-31"},{"lineNumber":31,"author":{"gitId":"waseemingly"},"content":"            return tasks; // return empty list if file doesn\u0027t exist","lastModifiedDate":"2023-08-31"},{"lineNumber":32,"author":{"gitId":"waseemingly"},"content":"        }","lastModifiedDate":"2023-08-31"},{"lineNumber":33,"author":{"gitId":"waseemingly"},"content":"","lastModifiedDate":"2023-08-31"},{"lineNumber":34,"author":{"gitId":"waseemingly"},"content":"        try (Scanner scanner \u003d new Scanner(file)) {","lastModifiedDate":"2023-08-31"},{"lineNumber":35,"author":{"gitId":"waseemingly"},"content":"            while (scanner.hasNext()) {","lastModifiedDate":"2023-08-31"},{"lineNumber":36,"author":{"gitId":"waseemingly"},"content":"                String line \u003d scanner.nextLine();","lastModifiedDate":"2023-08-31"},{"lineNumber":37,"author":{"gitId":"waseemingly"},"content":"                String[] parts \u003d line.split(\" \\\\| \");","lastModifiedDate":"2023-08-31"},{"lineNumber":38,"author":{"gitId":"waseemingly"},"content":"","lastModifiedDate":"2023-08-31"},{"lineNumber":39,"author":{"gitId":"waseemingly"},"content":"                switch (parts[0]) {","lastModifiedDate":"2023-08-31"},{"lineNumber":40,"author":{"gitId":"waseemingly"},"content":"                    case \"T\":","lastModifiedDate":"2023-08-31"},{"lineNumber":41,"author":{"gitId":"waseemingly"},"content":"                        Todo todo \u003d new Todo(parts[2]);","lastModifiedDate":"2023-08-31"},{"lineNumber":42,"author":{"gitId":"waseemingly"},"content":"                        if (parts[1].equals(\"1\")) {","lastModifiedDate":"2023-08-31"},{"lineNumber":43,"author":{"gitId":"waseemingly"},"content":"                            todo.markAsDone();","lastModifiedDate":"2023-08-31"},{"lineNumber":44,"author":{"gitId":"waseemingly"},"content":"                        }","lastModifiedDate":"2023-08-31"},{"lineNumber":45,"author":{"gitId":"waseemingly"},"content":"                        tasks.add(todo);","lastModifiedDate":"2023-08-31"},{"lineNumber":46,"author":{"gitId":"waseemingly"},"content":"                        break;","lastModifiedDate":"2023-08-31"},{"lineNumber":47,"author":{"gitId":"waseemingly"},"content":"                    case \"D\":","lastModifiedDate":"2023-08-31"},{"lineNumber":48,"author":{"gitId":"waseemingly"},"content":"                        Deadline deadline \u003d new Deadline(parts[2], parts[3]);","lastModifiedDate":"2023-08-31"},{"lineNumber":49,"author":{"gitId":"waseemingly"},"content":"                        if (parts[1].equals(\"1\")) {","lastModifiedDate":"2023-08-31"},{"lineNumber":50,"author":{"gitId":"waseemingly"},"content":"                            deadline.markAsDone();","lastModifiedDate":"2023-08-31"},{"lineNumber":51,"author":{"gitId":"waseemingly"},"content":"                        }","lastModifiedDate":"2023-08-31"},{"lineNumber":52,"author":{"gitId":"waseemingly"},"content":"                        tasks.add(deadline);","lastModifiedDate":"2023-08-31"},{"lineNumber":53,"author":{"gitId":"waseemingly"},"content":"                        break;","lastModifiedDate":"2023-08-31"},{"lineNumber":54,"author":{"gitId":"waseemingly"},"content":"                    case \"E\":","lastModifiedDate":"2023-08-31"},{"lineNumber":55,"author":{"gitId":"waseemingly"},"content":"                        Event event \u003d new Event(parts[2], parts[3], parts[4]);","lastModifiedDate":"2023-08-31"},{"lineNumber":56,"author":{"gitId":"waseemingly"},"content":"                        if (parts[1].equals(\"1\")) {","lastModifiedDate":"2023-08-31"},{"lineNumber":57,"author":{"gitId":"waseemingly"},"content":"                            event.markAsDone();","lastModifiedDate":"2023-08-31"},{"lineNumber":58,"author":{"gitId":"waseemingly"},"content":"                        }","lastModifiedDate":"2023-08-31"},{"lineNumber":59,"author":{"gitId":"waseemingly"},"content":"                        tasks.add(event);","lastModifiedDate":"2023-08-31"},{"lineNumber":60,"author":{"gitId":"waseemingly"},"content":"                        break;","lastModifiedDate":"2023-08-31"},{"lineNumber":61,"author":{"gitId":"waseemingly"},"content":"                }","lastModifiedDate":"2023-08-31"},{"lineNumber":62,"author":{"gitId":"waseemingly"},"content":"            }","lastModifiedDate":"2023-08-31"},{"lineNumber":63,"author":{"gitId":"waseemingly"},"content":"        }","lastModifiedDate":"2023-08-31"},{"lineNumber":64,"author":{"gitId":"waseemingly"},"content":"","lastModifiedDate":"2023-08-31"},{"lineNumber":65,"author":{"gitId":"waseemingly"},"content":"        return tasks;","lastModifiedDate":"2023-08-31"},{"lineNumber":66,"author":{"gitId":"waseemingly"},"content":"    }","lastModifiedDate":"2023-08-31"},{"lineNumber":67,"author":{"gitId":"waseemingly"},"content":"}","lastModifiedDate":"2023-08-31"}],"authorContributionMap":{"waseemingly":67}},{"path":"text-ui-test/input.txt","fileType":"txt","lines":[{"lineNumber":1,"author":{"gitId":"waseemingly"},"content":"todo borrow book","lastModifiedDate":"2023-08-22"}],"authorContributionMap":{"waseemingly":1}}]
