{"authorDailyContributionsMap":{"Kurtyjlee":[{"date":"2023-08-21","commitResults":[{"hash":"e3cc57a4dcbb1162c2c7aa49c1a973f4a3f002e5","isMergeCommit":false,"messageTitle":"level-0","messageBody":"","tags":["level-0"],"fileTypesAndContributionMap":{"java":{"insertions":10,"deletions":0}}},{"hash":"3c1db11b7a1c2f5c4d44ed60ff573dd06e18f37c","isMergeCommit":false,"messageTitle":"level-1, echo","messageBody":"","tags":["level-1"],"fileTypesAndContributionMap":{"java":{"insertions":30,"deletions":5}}},{"hash":"826fc362666f8cced54d7cc999b69aabfdfe6d8e","isMergeCommit":false,"messageTitle":"level-2, Add, List","messageBody":"","tags":["level-2"],"fileTypesAndContributionMap":{"java":{"insertions":31,"deletions":13}}},{"hash":"3d908bdb84b3345003aaedc71815808a6cf85bc6","isMergeCommit":false,"messageTitle":"level-3, mark as done","messageBody":"","fileTypesAndContributionMap":{"java":{"insertions":63,"deletions":7}}},{"hash":"b983b47580dbdcecfdeecb4898dcf644615187fb","isMergeCommit":false,"messageTitle":"level-3, added text for tasks in list","messageBody":"","tags":["level-3"],"fileTypesAndContributionMap":{"java":{"insertions":1,"deletions":0}}}]},{"date":"2023-08-22","commitResults":[{"hash":"cb69db05236bfadc2ba2412c601f65cf1c721dc3","isMergeCommit":false,"messageTitle":"level-4, todos, events and deadlines","messageBody":"","tags":["level-4"],"fileTypesAndContributionMap":{"java":{"insertions":154,"deletions":41}}},{"hash":"789dfe9bab4b9843b51b97882f8d3efd7ec23f08","isMergeCommit":false,"messageTitle":"A-TextUiTesting","messageBody":"","tags":["A-TextUiTesting"],"fileTypesAndContributionMap":{"txt":{"insertions":10,"deletions":0}}},{"hash":"b4e3f2b388970beacaac3a1918b4b28250bc094e","isMergeCommit":false,"messageTitle":"level-5, handle errors for invalid inputs:","messageBody":"","tags":["level-5"],"fileTypesAndContributionMap":{"txt":{"insertions":6,"deletions":0}}},{"hash":"0d329ca5e4dbd9402b2b21fe9ae0b578d725c183","isMergeCommit":false,"messageTitle":"level-6 delete","messageBody":"","tags":["level-6"],"fileTypesAndContributionMap":{"txt":{"insertions":2,"deletions":0}}},{"hash":"217c6fad3125912d0ef00877c9bb6fcc157b9bd2","isMergeCommit":false,"messageTitle":"A-Enums, edited code and added enums","messageBody":"","tags":["A-Enums"],"fileTypesAndContributionMap":{"txt":{"insertions":1,"deletions":0}}}]},{"date":"2023-08-28","commitResults":[{"hash":"15bfc2a975b10ebc509696db6208c82f6de4569c","isMergeCommit":false,"messageTitle":"finalised changes ip week 2","messageBody":"","fileTypesAndContributionMap":{"java":{"insertions":152,"deletions":95}}}]},{"date":"2023-08-29","commitResults":[{"hash":"345a466543c37e241266f84d187ba8bd9fbcc298","isMergeCommit":false,"messageTitle":"Implement level-7, storing data into a txt file","messageBody":"","tags":["level-7"],"fileTypesAndContributionMap":{"java":{"insertions":101,"deletions":6},"sh":{"insertions":12,"deletions":10}}},{"hash":"b0199ebd0a98ef7eaab81deac04d0e39cf9ffb57","isMergeCommit":false,"messageTitle":"store objects instead of string into .ser","messageBody":"","fileTypesAndContributionMap":{"java":{"insertions":65,"deletions":55}}},{"hash":"e9aa8363ba2f0f6e558654347802ca69731ac417","isMergeCommit":false,"messageTitle":"Implement level-8, processing date values for deadline","messageBody":"","tags":["level-8"],"fileTypesAndContributionMap":{"txt":{"insertions":1,"deletions":0},"java":{"insertions":27,"deletions":48},"sh":{"insertions":2,"deletions":1}}},{"hash":"b38ee00b8aa1f1908f66461c4e25bf1a3fd5884e","isMergeCommit":false,"messageTitle":"Add TaskList, Storage and Ui for more oop","messageBody":"","fileTypesAndContributionMap":{"java":{"insertions":246,"deletions":217}}},{"hash":"c6b820d00e505552a5a87b8ff316ce8e2066933b","isMergeCommit":false,"messageTitle":"A-MoreOOP","messageBody":"","tags":["A-MoreOOP"],"fileTypesAndContributionMap":{"java":{"insertions":70,"deletions":72},"sh":{"insertions":7,"deletions":1}}},{"hash":"f0b99d88a18b302c73381dc5683abb3096872cbd","isMergeCommit":false,"messageTitle":"A-Packages","messageBody":"","tags":["A-Packages"],"fileTypesAndContributionMap":{"java":{"insertions":24,"deletions":0},"sh":{"insertions":1,"deletions":1}}},{"hash":"e3a0f7a51e1ad3ac069ed8dedd2e039888649d33","isMergeCommit":false,"messageTitle":"edit packages","messageBody":"","fileTypesAndContributionMap":{"java":{"insertions":10,"deletions":14}}},{"hash":"2a31a5a771dfe60893c4e9a3b55c2eaeeb77da9e","isMergeCommit":true,"messageTitle":"Merge remote-tracking branch \u0027remotes/upstream/add-gradle-support\u0027","messageBody":"","fileTypesAndContributionMap":{}},{"hash":"2394e50c18d21390d41b08f47da71463efd69e4a","isMergeCommit":true,"messageTitle":"Merge remote-tracking branch \u0027remotes/upstream/add-gradle-support\u0027","messageBody":"","fileTypesAndContributionMap":{}},{"hash":"170b9aa92dd275c0b023d36c7b18d7a2604f72cb","isMergeCommit":false,"messageTitle":"A-Gradle","messageBody":"","tags":["A-Gradle"],"fileTypesAndContributionMap":{"gradle":{"insertions":1,"deletions":1}}}]},{"date":"2023-08-30","commitResults":[{"hash":"800a5c83f608ff5b77913bdac5edbeaa71e55c84","isMergeCommit":false,"messageTitle":"A-JUnit, test for TaskList and Deadline","messageBody":"","tags":["A-Jar","A-JUnit"],"fileTypesAndContributionMap":{"txt":{"insertions":1,"deletions":1},"java":{"insertions":92,"deletions":1}}},{"hash":"569b4aca61ad291c2a5f8e70a744692929afed1b","isMergeCommit":false,"messageTitle":"A-JavaDoc, create JavaDoc","messageBody":"","fileTypesAndContributionMap":{"java":{"insertions":163,"deletions":0}}},{"hash":"4954da080c3d5507afc39512ebddf45d2d0be8a8","isMergeCommit":false,"messageTitle":"A-CodingStandard","messageBody":"","fileTypesAndContributionMap":{"java":{"insertions":34,"deletions":30}}},{"hash":"7dd4a1c03ea4e9852a9d14bfbb65fb183899c153","isMergeCommit":false,"messageTitle":"Level-9, find items","messageBody":"","fileTypesAndContributionMap":{"txt":{"insertions":1,"deletions":0},"sh":{"insertions":2,"deletions":2}}},{"hash":"5bc2d3dd8704a86c58ace85477c2b357fb4418f9","isMergeCommit":false,"messageTitle":"Implement slight changes","messageBody":"","fileTypesAndContributionMap":{"java":{"insertions":23,"deletions":0}}},{"hash":"dde2466061336af4dce7171b6a528d89fae4ec4d","isMergeCommit":true,"messageTitle":"fix conflicts","messageBody":"","tags":["A-JavaDoc"],"fileTypesAndContributionMap":{}},{"hash":"cc8a514a10e31a4b65a3f2fb4eb7f3c74384a219","isMergeCommit":true,"messageTitle":"fix conflicts between origin and branch-A-CodingStandard","messageBody":"","tags":["A-CodingStandard"],"fileTypesAndContributionMap":{}},{"hash":"ae9d497764cc08a31c09a826611ac4413814ce1a","isMergeCommit":true,"messageTitle":"Merge branch \u0027branch-Level-9\u0027","messageBody":"","fileTypesAndContributionMap":{}},{"hash":"c8bc6f039ded7fc4c536b621bde672b5a25d82b8","isMergeCommit":true,"messageTitle":"Merge branch \u0027master\u0027","messageBody":"","fileTypesAndContributionMap":{}},{"hash":"684594d90c1b689c55ec911adbc5d28c9c0f7d55","isMergeCommit":false,"messageTitle":"fix level-9","messageBody":"","tags":["Level-9"],"fileTypesAndContributionMap":{"java":{"insertions":3,"deletions":0}}}]},{"date":"2023-08-31","commitResults":[{"hash":"51311bc124c1229dc72e8699a5257fd7d2d8f4e8","isMergeCommit":false,"messageTitle":"Fix keep running bug","messageBody":"","fileTypesAndContributionMap":{"java":{"insertions":7,"deletions":4}}}]},{"date":"2023-09-06","commitResults":[{"hash":"f6ddf2279c2ac7a1dada0e8765ac954e6e523aaa","isMergeCommit":false,"messageTitle":"create barebones gui for CringeBot","messageBody":"","fileTypesAndContributionMap":{"gradle":{"insertions":16,"deletions":1},"fxml":{"insertions":35,"deletions":0},"java":{"insertions":169,"deletions":1}}},{"hash":"745011e606eae7887d732acace0759cc6d7aced6","isMergeCommit":false,"messageTitle":"refactor with packages","messageBody":"","fileTypesAndContributionMap":{"fxml":{"insertions":1,"deletions":1},"java":{"insertions":48,"deletions":24}}},{"hash":"853621dfd9b3c8aa737b492292c18fc6b35c1ffb","isMergeCommit":false,"messageTitle":"Add duke features to JavaFX gui","messageBody":"","tags":["Level-10"],"fileTypesAndContributionMap":{"java":{"insertions":82,"deletions":125}}}]},{"date":"2023-09-07","commitResults":[{"hash":"974f0831b9c4bf555228ea4323e8995d1dd4715e","isMergeCommit":false,"messageTitle":"add JavaDocs","messageBody":"","fileTypesAndContributionMap":{"java":{"insertions":125,"deletions":22}}},{"hash":"c0b1cb647bd61a71e32d832a19cce99a8ddd4cb2","isMergeCommit":false,"messageTitle":"fix find items display bug","messageBody":"","fileTypesAndContributionMap":{"java":{"insertions":1,"deletions":1}}}]},{"date":"2023-09-12","commitResults":[{"hash":"69e1174f826708d6abc01af97654ad2d5c9a03cf","isMergeCommit":false,"messageTitle":"Change Duke class and duke package to CringeBot and cringebot","messageBody":"- Update the cringebot package and all its dependencies\n- Update the CringeBot class and all its dependencies\n","fileTypesAndContributionMap":{"gradle":{"insertions":2,"deletions":2},"fxml":{"insertions":1,"deletions":1},"java":{"insertions":50,"deletions":52}}},{"hash":"f216c20d8b2ac451e852e5d55f640676f9e92121","isMergeCommit":false,"messageTitle":"Remove all mentions of Duke","messageBody":"- Remove all mentions of Duke and changed project to CringeBot\n","fileTypesAndContributionMap":{"java":{"insertions":40,"deletions":42},"sh":{"insertions":1,"deletions":1}}},{"hash":"d301a1b0e710956ef229c8fb7b5400db2a2d94a4","isMergeCommit":false,"messageTitle":"Refactor code and improve code quality - Fix naming - Fix bad indentation for switches - Change overly long string operations - Update JavaDocs comments","messageBody":"","fileTypesAndContributionMap":{"java":{"insertions":103,"deletions":77}}},{"hash":"4f45e68c49515ff01062ca22b74b4d7d35901b21","isMergeCommit":false,"messageTitle":"Implement checkstyle - Change code to meet checkstyle requirements","messageBody":"","fileTypesAndContributionMap":{"gradle":{"insertions":5,"deletions":0},"java":{"insertions":43,"deletions":50}}},{"hash":"b933ced51d94be1df6eb7bf5a338bbcd8655e79e","isMergeCommit":false,"messageTitle":"Add assertions","messageBody":"- Add assertions to storage and inputs\n","fileTypesAndContributionMap":{"java":{"insertions":19,"deletions":2}}},{"hash":"c1741923c914bbaf24312dab4f59252957cae743","isMergeCommit":true,"messageTitle":"Merge pull request #2","messageBody":"Improve code quality of CringeBot","tags":["A-CodeQuality"],"fileTypesAndContributionMap":{}},{"hash":"f9024c78aee8460860e7ba40e1aa828ce729c85b","isMergeCommit":true,"messageTitle":"merge master to branch-A-Assertions","messageBody":"","fileTypesAndContributionMap":{}},{"hash":"e17c266437908d3faf9f8d9698c35a82bd73fca3","isMergeCommit":true,"messageTitle":"Merge pull request #1","messageBody":"Add assertions to CringeBot","tags":["A-Assertions"],"fileTypesAndContributionMap":{}},{"hash":"5888c8151f22dfae9929860db482b83822f3aff9","isMergeCommit":false,"messageTitle":"fix and refactor test files","messageBody":"","fileTypesAndContributionMap":{"java":{"insertions":14,"deletions":11}}}]}]},"authorFileTypeContributionMap":{"Kurtyjlee":{"java":991,"md":0,"fxml":35,"sh":15,"bat":0,"gradle":22,"txt":21}},"authorContributionVariance":{"Kurtyjlee":53999.383},"authorDisplayNameMap":{"Kurtyjlee":"CS2103T-T12-2 KURT.. JIE"}}
