[{"path":"src/main/java/Deadline.java","fileType":"java","lines":[{"lineNumber":1,"author":{"gitId":"songfangyl"},"content":"import java.awt.*;","lastModifiedDate":"2023-08-21"},{"lineNumber":2,"author":{"gitId":"songfangyl"},"content":"","lastModifiedDate":"2023-08-21"},{"lineNumber":3,"author":{"gitId":"songfangyl"},"content":"public class Deadline extends Task{","lastModifiedDate":"2023-08-21"},{"lineNumber":4,"author":{"gitId":"songfangyl"},"content":"     protected String by;","lastModifiedDate":"2023-08-21"},{"lineNumber":5,"author":{"gitId":"songfangyl"},"content":"","lastModifiedDate":"2023-08-21"},{"lineNumber":6,"author":{"gitId":"songfangyl"},"content":"    /**","lastModifiedDate":"2023-08-23"},{"lineNumber":7,"author":{"gitId":"songfangyl"},"content":"     * Constructor.","lastModifiedDate":"2023-08-23"},{"lineNumber":8,"author":{"gitId":"songfangyl"},"content":"     *","lastModifiedDate":"2023-08-23"},{"lineNumber":9,"author":{"gitId":"songfangyl"},"content":"     * @param description Description of the task.","lastModifiedDate":"2023-08-23"},{"lineNumber":10,"author":{"gitId":"songfangyl"},"content":"     * @param by Deadline of the task.","lastModifiedDate":"2023-08-23"},{"lineNumber":11,"author":{"gitId":"songfangyl"},"content":"     */","lastModifiedDate":"2023-08-23"},{"lineNumber":12,"author":{"gitId":"songfangyl"},"content":"     public Deadline(String description, String by) {","lastModifiedDate":"2023-08-21"},{"lineNumber":13,"author":{"gitId":"songfangyl"},"content":"         super(description);","lastModifiedDate":"2023-08-21"},{"lineNumber":14,"author":{"gitId":"songfangyl"},"content":"         this.by \u003d by;","lastModifiedDate":"2023-08-21"},{"lineNumber":15,"author":{"gitId":"songfangyl"},"content":"     }","lastModifiedDate":"2023-08-21"},{"lineNumber":16,"author":{"gitId":"songfangyl"},"content":"","lastModifiedDate":"2023-08-21"},{"lineNumber":17,"author":{"gitId":"songfangyl"},"content":"     @Override","lastModifiedDate":"2023-08-21"},{"lineNumber":18,"author":{"gitId":"songfangyl"},"content":"     public String toString() {","lastModifiedDate":"2023-08-21"},{"lineNumber":19,"author":{"gitId":"songfangyl"},"content":"         return \"[D]\" + super.toString() + \" (by: \" + by + \")\";","lastModifiedDate":"2023-08-21"},{"lineNumber":20,"author":{"gitId":"songfangyl"},"content":"     }","lastModifiedDate":"2023-08-21"},{"lineNumber":21,"author":{"gitId":"songfangyl"},"content":"","lastModifiedDate":"2023-08-21"},{"lineNumber":22,"author":{"gitId":"songfangyl"},"content":"    @Override","lastModifiedDate":"2023-08-27"},{"lineNumber":23,"author":{"gitId":"songfangyl"},"content":"    public String saveString() {","lastModifiedDate":"2023-08-27"},{"lineNumber":24,"author":{"gitId":"songfangyl"},"content":"         return super.saveString() + \"/\" + by;","lastModifiedDate":"2023-08-27"},{"lineNumber":25,"author":{"gitId":"songfangyl"},"content":"    }","lastModifiedDate":"2023-08-27"},{"lineNumber":26,"author":{"gitId":"songfangyl"},"content":"}","lastModifiedDate":"2023-08-21"}],"authorContributionMap":{"songfangyl":26}},{"path":"src/main/java/Duke.java","fileType":"java","lines":[{"lineNumber":1,"author":{"gitId":"songfangyl"},"content":"import java.util.ArrayList;","lastModifiedDate":"2023-08-22"},{"lineNumber":2,"author":{"gitId":"songfangyl"},"content":"import java.util.Objects;","lastModifiedDate":"2023-08-21"},{"lineNumber":3,"author":{"gitId":"songfangyl"},"content":"import java.util.Scanner;","lastModifiedDate":"2023-08-21"},{"lineNumber":4,"author":{"gitId":"songfangyl"},"content":"import java.io.FileWriter;","lastModifiedDate":"2023-08-27"},{"lineNumber":5,"author":{"gitId":"songfangyl"},"content":"import java.io.FileNotFoundException;","lastModifiedDate":"2023-08-27"},{"lineNumber":6,"author":{"gitId":"songfangyl"},"content":"import java.io.File;","lastModifiedDate":"2023-08-27"},{"lineNumber":7,"author":{"gitId":"songfangyl"},"content":"import java.io.IOException;","lastModifiedDate":"2023-08-27"},{"lineNumber":8,"author":{"gitId":"-"},"content":"public class Duke {","lastModifiedDate":"2019-07-29"},{"lineNumber":9,"author":{"gitId":"songfangyl"},"content":"","lastModifiedDate":"2023-08-22"},{"lineNumber":10,"author":{"gitId":"songfangyl"},"content":"    private static String PATH \u003d \"data/duke.txt\";","lastModifiedDate":"2023-08-27"},{"lineNumber":11,"author":{"gitId":"songfangyl"},"content":"    private static ArrayList\u003cTask\u003e tasks \u003d new ArrayList\u003c\u003e();","lastModifiedDate":"2023-08-22"},{"lineNumber":12,"author":{"gitId":"songfangyl"},"content":"","lastModifiedDate":"2023-08-21"},{"lineNumber":13,"author":{"gitId":"songfangyl"},"content":"    /**","lastModifiedDate":"2023-08-23"},{"lineNumber":14,"author":{"gitId":"songfangyl"},"content":"     * Prints out the tasks that currently in the tasks arraylist.","lastModifiedDate":"2023-08-27"},{"lineNumber":15,"author":{"gitId":"songfangyl"},"content":"     */","lastModifiedDate":"2023-08-23"},{"lineNumber":16,"author":{"gitId":"songfangyl"},"content":"    public static void listTasks() throws IOException{","lastModifiedDate":"2023-08-27"},{"lineNumber":17,"author":{"gitId":"songfangyl"},"content":"        System.out.println(\"Here are the tasks in your list:\");","lastModifiedDate":"2023-08-22"},{"lineNumber":18,"author":{"gitId":"songfangyl"},"content":"        for (int i \u003d 0; i \u003c tasks.size(); i++) {","lastModifiedDate":"2023-08-22"},{"lineNumber":19,"author":{"gitId":"songfangyl"},"content":"            System.out.println((i + 1) + \".\" + tasks.get(i).toString());","lastModifiedDate":"2023-08-22"},{"lineNumber":20,"author":{"gitId":"songfangyl"},"content":"        }","lastModifiedDate":"2023-08-21"},{"lineNumber":21,"author":{"gitId":"songfangyl"},"content":"    }","lastModifiedDate":"2023-08-21"},{"lineNumber":22,"author":{"gitId":"songfangyl"},"content":"","lastModifiedDate":"2023-08-21"},{"lineNumber":23,"author":{"gitId":"songfangyl"},"content":"    public static void load() throws IOException{","lastModifiedDate":"2023-08-27"},{"lineNumber":24,"author":{"gitId":"songfangyl"},"content":"        File f \u003d new File(PATH);","lastModifiedDate":"2023-08-27"},{"lineNumber":25,"author":{"gitId":"songfangyl"},"content":"        Scanner sc;","lastModifiedDate":"2023-08-27"},{"lineNumber":26,"author":{"gitId":"songfangyl"},"content":"        try {","lastModifiedDate":"2023-08-27"},{"lineNumber":27,"author":{"gitId":"songfangyl"},"content":"            sc \u003d new Scanner(f);","lastModifiedDate":"2023-08-27"},{"lineNumber":28,"author":{"gitId":"songfangyl"},"content":"        } catch (FileNotFoundException e) {","lastModifiedDate":"2023-08-27"},{"lineNumber":29,"author":{"gitId":"songfangyl"},"content":"            save();","lastModifiedDate":"2023-08-27"},{"lineNumber":30,"author":{"gitId":"songfangyl"},"content":"            sc \u003d new Scanner(f);","lastModifiedDate":"2023-08-27"},{"lineNumber":31,"author":{"gitId":"songfangyl"},"content":"        }","lastModifiedDate":"2023-08-27"},{"lineNumber":32,"author":{"gitId":"songfangyl"},"content":"        while (sc.hasNext()) {","lastModifiedDate":"2023-08-27"},{"lineNumber":33,"author":{"gitId":"songfangyl"},"content":"            String input \u003d sc.nextLine();","lastModifiedDate":"2023-08-27"},{"lineNumber":34,"author":{"gitId":"songfangyl"},"content":"            System.out.println(input);","lastModifiedDate":"2023-08-27"},{"lineNumber":35,"author":{"gitId":"songfangyl"},"content":"            String[] inputArr \u003d input.split(\"/\");","lastModifiedDate":"2023-08-27"},{"lineNumber":36,"author":{"gitId":"songfangyl"},"content":"            Task temp;","lastModifiedDate":"2023-08-27"},{"lineNumber":37,"author":{"gitId":"songfangyl"},"content":"            String des \u003d inputArr[1];","lastModifiedDate":"2023-08-27"},{"lineNumber":38,"author":{"gitId":"songfangyl"},"content":"            if (inputArr.length \u003d\u003d 2) {","lastModifiedDate":"2023-08-27"},{"lineNumber":39,"author":{"gitId":"songfangyl"},"content":"                temp \u003d new Todo(des);","lastModifiedDate":"2023-08-27"},{"lineNumber":40,"author":{"gitId":"songfangyl"},"content":"            } else if (inputArr.length \u003d\u003d 3) {","lastModifiedDate":"2023-08-27"},{"lineNumber":41,"author":{"gitId":"songfangyl"},"content":"                String by \u003d inputArr[2];","lastModifiedDate":"2023-08-27"},{"lineNumber":42,"author":{"gitId":"songfangyl"},"content":"                temp \u003d new Deadline(des, by);","lastModifiedDate":"2023-08-27"},{"lineNumber":43,"author":{"gitId":"songfangyl"},"content":"            } else {","lastModifiedDate":"2023-08-27"},{"lineNumber":44,"author":{"gitId":"songfangyl"},"content":"                String from \u003d inputArr[2];","lastModifiedDate":"2023-08-27"},{"lineNumber":45,"author":{"gitId":"songfangyl"},"content":"                String to \u003d inputArr[3];","lastModifiedDate":"2023-08-27"},{"lineNumber":46,"author":{"gitId":"songfangyl"},"content":"                temp \u003d new Event(des, from, to);","lastModifiedDate":"2023-08-27"},{"lineNumber":47,"author":{"gitId":"songfangyl"},"content":"            }","lastModifiedDate":"2023-08-27"},{"lineNumber":48,"author":{"gitId":"songfangyl"},"content":"            if (inputArr[0] \u003d\u003d \"1\") {","lastModifiedDate":"2023-08-27"},{"lineNumber":49,"author":{"gitId":"songfangyl"},"content":"                temp.mark();","lastModifiedDate":"2023-08-27"},{"lineNumber":50,"author":{"gitId":"songfangyl"},"content":"            }","lastModifiedDate":"2023-08-27"},{"lineNumber":51,"author":{"gitId":"songfangyl"},"content":"            tasks.add(temp);","lastModifiedDate":"2023-08-27"},{"lineNumber":52,"author":{"gitId":"songfangyl"},"content":"        }","lastModifiedDate":"2023-08-27"},{"lineNumber":53,"author":{"gitId":"songfangyl"},"content":"        sc.close();","lastModifiedDate":"2023-08-27"},{"lineNumber":54,"author":{"gitId":"songfangyl"},"content":"    }","lastModifiedDate":"2023-08-27"},{"lineNumber":55,"author":{"gitId":"songfangyl"},"content":"","lastModifiedDate":"2023-08-27"},{"lineNumber":56,"author":{"gitId":"songfangyl"},"content":"    public static void save() throws IOException{","lastModifiedDate":"2023-08-27"},{"lineNumber":57,"author":{"gitId":"songfangyl"},"content":"        FileWriter fw \u003d new FileWriter(PATH);","lastModifiedDate":"2023-08-27"},{"lineNumber":58,"author":{"gitId":"songfangyl"},"content":"        for (int i \u003d 0; i \u003c tasks.size(); i++) {","lastModifiedDate":"2023-08-27"},{"lineNumber":59,"author":{"gitId":"songfangyl"},"content":"            fw.write(tasks.get(i).saveString() + \u0027\\n\u0027);","lastModifiedDate":"2023-08-27"},{"lineNumber":60,"author":{"gitId":"songfangyl"},"content":"        }","lastModifiedDate":"2023-08-27"},{"lineNumber":61,"author":{"gitId":"songfangyl"},"content":"        fw.close();","lastModifiedDate":"2023-08-27"},{"lineNumber":62,"author":{"gitId":"songfangyl"},"content":"","lastModifiedDate":"2023-08-27"},{"lineNumber":63,"author":{"gitId":"songfangyl"},"content":"    }","lastModifiedDate":"2023-08-27"},{"lineNumber":64,"author":{"gitId":"songfangyl"},"content":"","lastModifiedDate":"2023-08-27"},{"lineNumber":65,"author":{"gitId":"songfangyl"},"content":"    /**","lastModifiedDate":"2023-08-23"},{"lineNumber":66,"author":{"gitId":"songfangyl"},"content":"     * Adds task into the tasks arraylist.","lastModifiedDate":"2023-08-27"},{"lineNumber":67,"author":{"gitId":"songfangyl"},"content":"     *","lastModifiedDate":"2023-08-23"},{"lineNumber":68,"author":{"gitId":"songfangyl"},"content":"     * @param task the task that going to be added into tasks arraylist.","lastModifiedDate":"2023-08-23"},{"lineNumber":69,"author":{"gitId":"songfangyl"},"content":"     */","lastModifiedDate":"2023-08-23"},{"lineNumber":70,"author":{"gitId":"songfangyl"},"content":"    public static void addTask(Task task) {","lastModifiedDate":"2023-08-23"},{"lineNumber":71,"author":{"gitId":"songfangyl"},"content":"        tasks.add(task);","lastModifiedDate":"2023-08-22"},{"lineNumber":72,"author":{"gitId":"songfangyl"},"content":"","lastModifiedDate":"2023-08-27"},{"lineNumber":73,"author":{"gitId":"songfangyl"},"content":"        System.out.println(\"Got it, I\u0027ve added this task:\\n    \"  +","lastModifiedDate":"2023-08-22"},{"lineNumber":74,"author":{"gitId":"songfangyl"},"content":"                task.toString() + \"\\n\" +","lastModifiedDate":"2023-08-22"},{"lineNumber":75,"author":{"gitId":"songfangyl"},"content":"                \"Now you have \" + tasks.size() + \" tasks in the list.\");","lastModifiedDate":"2023-08-22"},{"lineNumber":76,"author":{"gitId":"songfangyl"},"content":"    }","lastModifiedDate":"2023-08-21"},{"lineNumber":77,"author":{"gitId":"songfangyl"},"content":"","lastModifiedDate":"2023-08-21"},{"lineNumber":78,"author":{"gitId":"songfangyl"},"content":"    public static void main(String[] args) throws IOException{","lastModifiedDate":"2023-08-27"},{"lineNumber":79,"author":{"gitId":"songfangyl"},"content":"        load();","lastModifiedDate":"2023-08-27"},{"lineNumber":80,"author":{"gitId":"songfangyl"},"content":"","lastModifiedDate":"2023-08-27"},{"lineNumber":81,"author":{"gitId":"songfangyl"},"content":"        Scanner sc \u003d new Scanner(System.in);","lastModifiedDate":"2023-08-27"},{"lineNumber":82,"author":{"gitId":"songfangyl"},"content":"        String LOGO \u003d \"   /\\\\_/\\\\  \\n\" +","lastModifiedDate":"2023-08-21"},{"lineNumber":83,"author":{"gitId":"songfangyl"},"content":"                \"  ( o.o ) \\n\" +","lastModifiedDate":"2023-08-21"},{"lineNumber":84,"author":{"gitId":"songfangyl"},"content":"                \"   \u003e ^ \u003c\\n\";","lastModifiedDate":"2023-08-21"},{"lineNumber":85,"author":{"gitId":"songfangyl"},"content":"        String GREETING \u003d \"Hello(@.@), I\u0027m NiHao \\nWhat can I do for you?\";","lastModifiedDate":"2023-08-21"},{"lineNumber":86,"author":{"gitId":"songfangyl"},"content":"        String EXIT \u003d \"Bye(T.T), Hope to see you again soon!\";","lastModifiedDate":"2023-08-21"},{"lineNumber":87,"author":{"gitId":"songfangyl"},"content":"","lastModifiedDate":"2023-08-21"},{"lineNumber":88,"author":{"gitId":"songfangyl"},"content":"","lastModifiedDate":"2023-08-21"},{"lineNumber":89,"author":{"gitId":"songfangyl"},"content":"        System.out.println(LOGO + GREETING);","lastModifiedDate":"2023-08-21"},{"lineNumber":90,"author":{"gitId":"songfangyl"},"content":"","lastModifiedDate":"2023-08-21"},{"lineNumber":91,"author":{"gitId":"songfangyl"},"content":"        while (true) {","lastModifiedDate":"2023-08-21"},{"lineNumber":92,"author":{"gitId":"songfangyl"},"content":"            try {","lastModifiedDate":"2023-08-22"},{"lineNumber":93,"author":{"gitId":"songfangyl"},"content":"                String input \u003d sc.nextLine().trim();","lastModifiedDate":"2023-08-22"},{"lineNumber":94,"author":{"gitId":"songfangyl"},"content":"","lastModifiedDate":"2023-08-22"},{"lineNumber":95,"author":{"gitId":"songfangyl"},"content":"                String[] inputArr \u003d input.split(\" \", 2);","lastModifiedDate":"2023-08-22"},{"lineNumber":96,"author":{"gitId":"songfangyl"},"content":"                String command \u003d inputArr[0];","lastModifiedDate":"2023-08-22"},{"lineNumber":97,"author":{"gitId":"songfangyl"},"content":"                if (Objects.equals(command, \"exit\")) {","lastModifiedDate":"2023-08-22"},{"lineNumber":98,"author":{"gitId":"songfangyl"},"content":"                    save();","lastModifiedDate":"2023-08-27"},{"lineNumber":99,"author":{"gitId":"songfangyl"},"content":"                    break;","lastModifiedDate":"2023-08-21"},{"lineNumber":100,"author":{"gitId":"songfangyl"},"content":"                } else if (Objects.equals(command, \"list\")) {","lastModifiedDate":"2023-08-21"},{"lineNumber":101,"author":{"gitId":"songfangyl"},"content":"                    if (inputArr.length \u003e 1) {","lastModifiedDate":"2023-08-22"},{"lineNumber":102,"author":{"gitId":"songfangyl"},"content":"                        throw new DukeException(\"Invalid list command\");","lastModifiedDate":"2023-08-22"},{"lineNumber":103,"author":{"gitId":"songfangyl"},"content":"                    }","lastModifiedDate":"2023-08-22"},{"lineNumber":104,"author":{"gitId":"songfangyl"},"content":"                    listTasks();","lastModifiedDate":"2023-08-21"},{"lineNumber":105,"author":{"gitId":"songfangyl"},"content":"                } else if (Objects.equals(command, \"mark\")) {","lastModifiedDate":"2023-08-21"},{"lineNumber":106,"author":{"gitId":"songfangyl"},"content":"                    if (inputArr.length \u003d\u003d 1) {","lastModifiedDate":"2023-08-22"},{"lineNumber":107,"author":{"gitId":"songfangyl"},"content":"                        throw new DukeException(\"☹ OOPS!!! The description of a mark cannot be empty.\");","lastModifiedDate":"2023-08-22"},{"lineNumber":108,"author":{"gitId":"songfangyl"},"content":"                    }","lastModifiedDate":"2023-08-22"},{"lineNumber":109,"author":{"gitId":"songfangyl"},"content":"                    if (input.split(\" \").length \u003e 2) {","lastModifiedDate":"2023-08-22"},{"lineNumber":110,"author":{"gitId":"songfangyl"},"content":"                        throw new DukeException(\"Invalid mark command ?_? \" +","lastModifiedDate":"2023-08-23"},{"lineNumber":111,"author":{"gitId":"songfangyl"},"content":"                                \"this command should follow by only ONE INTEGER\");","lastModifiedDate":"2023-08-23"},{"lineNumber":112,"author":{"gitId":"songfangyl"},"content":"                    }","lastModifiedDate":"2023-08-22"},{"lineNumber":113,"author":{"gitId":"songfangyl"},"content":"                    int i \u003d Integer.parseInt(inputArr[1]);","lastModifiedDate":"2023-08-22"},{"lineNumber":114,"author":{"gitId":"songfangyl"},"content":"                    tasks.get(i - 1).mark();","lastModifiedDate":"2023-08-22"},{"lineNumber":115,"author":{"gitId":"songfangyl"},"content":"                    System.out.println(\"Nice! I\u0027ve marked this task as done:\\n\" +","lastModifiedDate":"2023-08-22"},{"lineNumber":116,"author":{"gitId":"songfangyl"},"content":"                            \"    \" + tasks.get(i - 1).toString());","lastModifiedDate":"2023-08-22"},{"lineNumber":117,"author":{"gitId":"songfangyl"},"content":"                } else if (Objects.equals(command, \"unmark\")) {","lastModifiedDate":"2023-08-21"},{"lineNumber":118,"author":{"gitId":"songfangyl"},"content":"                    if (inputArr.length \u003d\u003d 1) {","lastModifiedDate":"2023-08-22"},{"lineNumber":119,"author":{"gitId":"songfangyl"},"content":"                        throw new DukeException(\"☹ OOPS!!! The description of a unmark cannot be empty.\");","lastModifiedDate":"2023-08-22"},{"lineNumber":120,"author":{"gitId":"songfangyl"},"content":"                    }","lastModifiedDate":"2023-08-22"},{"lineNumber":121,"author":{"gitId":"songfangyl"},"content":"                    if (input.split(\" \").length \u003e 2) {","lastModifiedDate":"2023-08-22"},{"lineNumber":122,"author":{"gitId":"songfangyl"},"content":"                        throw new DukeException(\"Invalid unmark command ?_? \" +","lastModifiedDate":"2023-08-23"},{"lineNumber":123,"author":{"gitId":"songfangyl"},"content":"                                \"this command should follow by only ONE INTEGER\");","lastModifiedDate":"2023-08-23"},{"lineNumber":124,"author":{"gitId":"songfangyl"},"content":"                    }","lastModifiedDate":"2023-08-22"},{"lineNumber":125,"author":{"gitId":"songfangyl"},"content":"                    int i \u003d Integer.parseInt(inputArr[1]);","lastModifiedDate":"2023-08-22"},{"lineNumber":126,"author":{"gitId":"songfangyl"},"content":"                    tasks.get(i - 1).unmark();","lastModifiedDate":"2023-08-22"},{"lineNumber":127,"author":{"gitId":"songfangyl"},"content":"                    System.out.println(\"OK, I\u0027ve marked this task as not done yet:\\n\" +","lastModifiedDate":"2023-08-22"},{"lineNumber":128,"author":{"gitId":"songfangyl"},"content":"                            \"    \" + tasks.get(i - 1).toString());","lastModifiedDate":"2023-08-22"},{"lineNumber":129,"author":{"gitId":"songfangyl"},"content":"                } else if (Objects.equals(command, \"todo\")) {","lastModifiedDate":"2023-08-21"},{"lineNumber":130,"author":{"gitId":"songfangyl"},"content":"                    if (inputArr.length \u003d\u003d 1) {","lastModifiedDate":"2023-08-22"},{"lineNumber":131,"author":{"gitId":"songfangyl"},"content":"                        throw new DukeException(\"☹ OOPS!!! The description of a todo cannot be empty.\");","lastModifiedDate":"2023-08-22"},{"lineNumber":132,"author":{"gitId":"songfangyl"},"content":"                    }","lastModifiedDate":"2023-08-22"},{"lineNumber":133,"author":{"gitId":"songfangyl"},"content":"                    String des \u003d inputArr[1];","lastModifiedDate":"2023-08-22"},{"lineNumber":134,"author":{"gitId":"songfangyl"},"content":"                    addTask(new Todo(des));","lastModifiedDate":"2023-08-21"},{"lineNumber":135,"author":{"gitId":"songfangyl"},"content":"                } else if (Objects.equals(command, \"deadline\")) {","lastModifiedDate":"2023-08-21"},{"lineNumber":136,"author":{"gitId":"songfangyl"},"content":"                    if (inputArr.length \u003d\u003d 1) {","lastModifiedDate":"2023-08-22"},{"lineNumber":137,"author":{"gitId":"songfangyl"},"content":"                        throw new DukeException(\"☹ OOPS!!! The description of a deadline cannot be empty.\");","lastModifiedDate":"2023-08-22"},{"lineNumber":138,"author":{"gitId":"songfangyl"},"content":"                    }","lastModifiedDate":"2023-08-22"},{"lineNumber":139,"author":{"gitId":"songfangyl"},"content":"                    String details \u003d inputArr[1];","lastModifiedDate":"2023-08-22"},{"lineNumber":140,"author":{"gitId":"songfangyl"},"content":"                    String[] detailsArr \u003d details.split(\" /by \", 2);","lastModifiedDate":"2023-08-23"},{"lineNumber":141,"author":{"gitId":"songfangyl"},"content":"                    if (detailsArr.length \u003c\u003d 1) {","lastModifiedDate":"2023-08-22"},{"lineNumber":142,"author":{"gitId":"songfangyl"},"content":"                        throw new DukeException(\"Do you forget to add a deadline for the task?\");","lastModifiedDate":"2023-08-23"},{"lineNumber":143,"author":{"gitId":"songfangyl"},"content":"                    }","lastModifiedDate":"2023-08-22"},{"lineNumber":144,"author":{"gitId":"songfangyl"},"content":"                    String des \u003d detailsArr[0];","lastModifiedDate":"2023-08-22"},{"lineNumber":145,"author":{"gitId":"songfangyl"},"content":"                    String by \u003d detailsArr[1];","lastModifiedDate":"2023-08-22"},{"lineNumber":146,"author":{"gitId":"songfangyl"},"content":"                    addTask(new Deadline(des, by));","lastModifiedDate":"2023-08-21"},{"lineNumber":147,"author":{"gitId":"songfangyl"},"content":"                } else if (Objects.equals(command, \"event\")) {","lastModifiedDate":"2023-08-21"},{"lineNumber":148,"author":{"gitId":"songfangyl"},"content":"                    if (inputArr.length \u003d\u003d 1) {","lastModifiedDate":"2023-08-22"},{"lineNumber":149,"author":{"gitId":"songfangyl"},"content":"                        throw new DukeException(\"☹ OOPS!!! The description of a event cannot be empty.\");","lastModifiedDate":"2023-08-22"},{"lineNumber":150,"author":{"gitId":"songfangyl"},"content":"                    }","lastModifiedDate":"2023-08-22"},{"lineNumber":151,"author":{"gitId":"songfangyl"},"content":"                    String details \u003d inputArr[1];","lastModifiedDate":"2023-08-22"},{"lineNumber":152,"author":{"gitId":"songfangyl"},"content":"                    String[] detailsArr \u003d details.split(\" /from \", 2);","lastModifiedDate":"2023-08-22"},{"lineNumber":153,"author":{"gitId":"songfangyl"},"content":"                    if (detailsArr.length \u003c\u003d 1) {","lastModifiedDate":"2023-08-22"},{"lineNumber":154,"author":{"gitId":"songfangyl"},"content":"                        throw new DukeException(\"Ouuuu, I think you miss some information, try again!\");","lastModifiedDate":"2023-08-22"},{"lineNumber":155,"author":{"gitId":"songfangyl"},"content":"                    }","lastModifiedDate":"2023-08-22"},{"lineNumber":156,"author":{"gitId":"songfangyl"},"content":"                    String des \u003d detailsArr[0];","lastModifiedDate":"2023-08-22"},{"lineNumber":157,"author":{"gitId":"songfangyl"},"content":"                    String time \u003d detailsArr[1];","lastModifiedDate":"2023-08-22"},{"lineNumber":158,"author":{"gitId":"songfangyl"},"content":"                    String[] timeArr \u003d time.split(\" /to \", 2);","lastModifiedDate":"2023-08-22"},{"lineNumber":159,"author":{"gitId":"songfangyl"},"content":"                    if (timeArr.length \u003c\u003d 1) {","lastModifiedDate":"2023-08-22"},{"lineNumber":160,"author":{"gitId":"songfangyl"},"content":"                        throw new DukeException(\"Ouuuu, I think you miss some information, try again!\");","lastModifiedDate":"2023-08-22"},{"lineNumber":161,"author":{"gitId":"songfangyl"},"content":"                    }","lastModifiedDate":"2023-08-22"},{"lineNumber":162,"author":{"gitId":"songfangyl"},"content":"                    String start \u003d timeArr[0];","lastModifiedDate":"2023-08-22"},{"lineNumber":163,"author":{"gitId":"songfangyl"},"content":"                    String end \u003d timeArr[1];","lastModifiedDate":"2023-08-22"},{"lineNumber":164,"author":{"gitId":"songfangyl"},"content":"                    addTask(new Event(des, start, end));","lastModifiedDate":"2023-08-21"},{"lineNumber":165,"author":{"gitId":"songfangyl"},"content":"                } else if (Objects.equals(command, \"delete\")) {","lastModifiedDate":"2023-08-22"},{"lineNumber":166,"author":{"gitId":"songfangyl"},"content":"                    if (inputArr.length \u003d\u003d 1) {","lastModifiedDate":"2023-08-22"},{"lineNumber":167,"author":{"gitId":"songfangyl"},"content":"                        throw new DukeException(\"☹ OOPS!!! The description of a delete cannot be empty.\");","lastModifiedDate":"2023-08-23"},{"lineNumber":168,"author":{"gitId":"songfangyl"},"content":"                    }","lastModifiedDate":"2023-08-22"},{"lineNumber":169,"author":{"gitId":"songfangyl"},"content":"                    if (input.split(\" \").length \u003e 2) {","lastModifiedDate":"2023-08-22"},{"lineNumber":170,"author":{"gitId":"songfangyl"},"content":"                        throw new DukeException(\"Invalid delete command ?_? \" +","lastModifiedDate":"2023-08-23"},{"lineNumber":171,"author":{"gitId":"songfangyl"},"content":"                                \"this command should follow by only ONE INTEGER\");","lastModifiedDate":"2023-08-23"},{"lineNumber":172,"author":{"gitId":"songfangyl"},"content":"                    }","lastModifiedDate":"2023-08-22"},{"lineNumber":173,"author":{"gitId":"songfangyl"},"content":"                    int i \u003d Integer.parseInt(inputArr[1]);","lastModifiedDate":"2023-08-22"},{"lineNumber":174,"author":{"gitId":"songfangyl"},"content":"                    Task temp \u003d tasks.get(i - 1);","lastModifiedDate":"2023-08-22"},{"lineNumber":175,"author":{"gitId":"songfangyl"},"content":"                    tasks.remove(i - 1);","lastModifiedDate":"2023-08-22"},{"lineNumber":176,"author":{"gitId":"songfangyl"},"content":"                    System.out.println(\"Noted. I\u0027ve removed this task:\\n\" +","lastModifiedDate":"2023-08-22"},{"lineNumber":177,"author":{"gitId":"songfangyl"},"content":"                            \"    \" + temp.toString() + \"\\n\" +","lastModifiedDate":"2023-08-22"},{"lineNumber":178,"author":{"gitId":"songfangyl"},"content":"                            \"Now you have \" + tasks.size() + \" tasks in the list.\");","lastModifiedDate":"2023-08-22"},{"lineNumber":179,"author":{"gitId":"songfangyl"},"content":"","lastModifiedDate":"2023-08-22"},{"lineNumber":180,"author":{"gitId":"songfangyl"},"content":"                } else if (Objects.equals(command, \"\")) {","lastModifiedDate":"2023-08-22"},{"lineNumber":181,"author":{"gitId":"songfangyl"},"content":"                    continue;","lastModifiedDate":"2023-08-22"},{"lineNumber":182,"author":{"gitId":"songfangyl"},"content":"                } else {","lastModifiedDate":"2023-08-22"},{"lineNumber":183,"author":{"gitId":"songfangyl"},"content":"                    throw new DukeException(\"☹ OOPS!!! I\u0027m sorry, but I don\u0027t know what that means :-(\");","lastModifiedDate":"2023-08-22"},{"lineNumber":184,"author":{"gitId":"songfangyl"},"content":"                }","lastModifiedDate":"2023-08-21"},{"lineNumber":185,"author":{"gitId":"songfangyl"},"content":"","lastModifiedDate":"2023-08-21"},{"lineNumber":186,"author":{"gitId":"songfangyl"},"content":"            } catch (IndexOutOfBoundsException e) {","lastModifiedDate":"2023-08-22"},{"lineNumber":187,"author":{"gitId":"songfangyl"},"content":"                System.out.println(\"Index out the bounds, try another index\");","lastModifiedDate":"2023-08-22"},{"lineNumber":188,"author":{"gitId":"songfangyl"},"content":"            } catch (DukeException e) {","lastModifiedDate":"2023-08-22"},{"lineNumber":189,"author":{"gitId":"songfangyl"},"content":"                System.out.println(e.getMessage());","lastModifiedDate":"2023-08-22"},{"lineNumber":190,"author":{"gitId":"songfangyl"},"content":"            } catch (NumberFormatException e) {","lastModifiedDate":"2023-08-22"},{"lineNumber":191,"author":{"gitId":"songfangyl"},"content":"                System.out.println(\"Please type in INTEGER after this command ^v^\");","lastModifiedDate":"2023-08-22"},{"lineNumber":192,"author":{"gitId":"songfangyl"},"content":"            }","lastModifiedDate":"2023-08-22"},{"lineNumber":193,"author":{"gitId":"songfangyl"},"content":"            finally {","lastModifiedDate":"2023-08-22"},{"lineNumber":194,"author":{"gitId":"songfangyl"},"content":"","lastModifiedDate":"2023-08-22"},{"lineNumber":195,"author":{"gitId":"songfangyl"},"content":"            }","lastModifiedDate":"2023-08-21"},{"lineNumber":196,"author":{"gitId":"songfangyl"},"content":"        }","lastModifiedDate":"2023-08-21"},{"lineNumber":197,"author":{"gitId":"songfangyl"},"content":"        System.out.println(EXIT);","lastModifiedDate":"2023-08-21"},{"lineNumber":198,"author":{"gitId":"songfangyl"},"content":"        sc.close();","lastModifiedDate":"2023-08-27"},{"lineNumber":199,"author":{"gitId":"-"},"content":"    }","lastModifiedDate":"2019-07-29"},{"lineNumber":200,"author":{"gitId":"-"},"content":"}","lastModifiedDate":"2019-07-29"}],"authorContributionMap":{"songfangyl":197,"-":3}},{"path":"src/main/java/DukeException.java","fileType":"java","lines":[{"lineNumber":1,"author":{"gitId":"songfangyl"},"content":"public class DukeException extends Exception{","lastModifiedDate":"2023-08-22"},{"lineNumber":2,"author":{"gitId":"songfangyl"},"content":"","lastModifiedDate":"2023-08-22"},{"lineNumber":3,"author":{"gitId":"songfangyl"},"content":"    public DukeException(String errorMessage) {","lastModifiedDate":"2023-08-22"},{"lineNumber":4,"author":{"gitId":"songfangyl"},"content":"        super(errorMessage);","lastModifiedDate":"2023-08-22"},{"lineNumber":5,"author":{"gitId":"songfangyl"},"content":"    }","lastModifiedDate":"2023-08-22"},{"lineNumber":6,"author":{"gitId":"songfangyl"},"content":"}","lastModifiedDate":"2023-08-22"}],"authorContributionMap":{"songfangyl":6}},{"path":"src/main/java/Event.java","fileType":"java","lines":[{"lineNumber":1,"author":{"gitId":"songfangyl"},"content":"public class Event extends Task{","lastModifiedDate":"2023-08-21"},{"lineNumber":2,"author":{"gitId":"songfangyl"},"content":"","lastModifiedDate":"2023-08-21"},{"lineNumber":3,"author":{"gitId":"songfangyl"},"content":"    protected String start;","lastModifiedDate":"2023-08-21"},{"lineNumber":4,"author":{"gitId":"songfangyl"},"content":"","lastModifiedDate":"2023-08-21"},{"lineNumber":5,"author":{"gitId":"songfangyl"},"content":"    protected String end;","lastModifiedDate":"2023-08-21"},{"lineNumber":6,"author":{"gitId":"songfangyl"},"content":"","lastModifiedDate":"2023-08-23"},{"lineNumber":7,"author":{"gitId":"songfangyl"},"content":"    /**","lastModifiedDate":"2023-08-23"},{"lineNumber":8,"author":{"gitId":"songfangyl"},"content":"     * This is a constructor.","lastModifiedDate":"2023-08-23"},{"lineNumber":9,"author":{"gitId":"songfangyl"},"content":"     *","lastModifiedDate":"2023-08-23"},{"lineNumber":10,"author":{"gitId":"songfangyl"},"content":"     * @param description description of the task.","lastModifiedDate":"2023-08-23"},{"lineNumber":11,"author":{"gitId":"songfangyl"},"content":"     * @param start the start time of the in a String format.","lastModifiedDate":"2023-08-23"},{"lineNumber":12,"author":{"gitId":"songfangyl"},"content":"     * @param end the end time of the event in a Stirng format.","lastModifiedDate":"2023-08-23"},{"lineNumber":13,"author":{"gitId":"songfangyl"},"content":"     */","lastModifiedDate":"2023-08-23"},{"lineNumber":14,"author":{"gitId":"songfangyl"},"content":"    public Event (String description, String start, String end) {","lastModifiedDate":"2023-08-21"},{"lineNumber":15,"author":{"gitId":"songfangyl"},"content":"        super(description);","lastModifiedDate":"2023-08-21"},{"lineNumber":16,"author":{"gitId":"songfangyl"},"content":"        this.start \u003d start;","lastModifiedDate":"2023-08-21"},{"lineNumber":17,"author":{"gitId":"songfangyl"},"content":"        this.end \u003d end;","lastModifiedDate":"2023-08-21"},{"lineNumber":18,"author":{"gitId":"songfangyl"},"content":"    }","lastModifiedDate":"2023-08-21"},{"lineNumber":19,"author":{"gitId":"songfangyl"},"content":"","lastModifiedDate":"2023-08-21"},{"lineNumber":20,"author":{"gitId":"songfangyl"},"content":"    @Override","lastModifiedDate":"2023-08-21"},{"lineNumber":21,"author":{"gitId":"songfangyl"},"content":"    public String toString() {","lastModifiedDate":"2023-08-21"},{"lineNumber":22,"author":{"gitId":"songfangyl"},"content":"        return \"[E]\" + super.toString() +","lastModifiedDate":"2023-08-21"},{"lineNumber":23,"author":{"gitId":"songfangyl"},"content":"                \" (from: \" + start + \" to: \" + end + \")\";","lastModifiedDate":"2023-08-21"},{"lineNumber":24,"author":{"gitId":"songfangyl"},"content":"    }","lastModifiedDate":"2023-08-21"},{"lineNumber":25,"author":{"gitId":"songfangyl"},"content":"","lastModifiedDate":"2023-08-27"},{"lineNumber":26,"author":{"gitId":"songfangyl"},"content":"    @Override","lastModifiedDate":"2023-08-27"},{"lineNumber":27,"author":{"gitId":"songfangyl"},"content":"    public String saveString() {","lastModifiedDate":"2023-08-27"},{"lineNumber":28,"author":{"gitId":"songfangyl"},"content":"        return super.saveString() + \"/\" + start + \"/\" + end;","lastModifiedDate":"2023-08-27"},{"lineNumber":29,"author":{"gitId":"songfangyl"},"content":"    }","lastModifiedDate":"2023-08-27"},{"lineNumber":30,"author":{"gitId":"songfangyl"},"content":"}","lastModifiedDate":"2023-08-21"}],"authorContributionMap":{"songfangyl":30}},{"path":"src/main/java/Task.java","fileType":"java","lines":[{"lineNumber":1,"author":{"gitId":"songfangyl"},"content":"public abstract class Task {","lastModifiedDate":"2023-08-27"},{"lineNumber":2,"author":{"gitId":"songfangyl"},"content":"    private String description;","lastModifiedDate":"2023-08-21"},{"lineNumber":3,"author":{"gitId":"songfangyl"},"content":"","lastModifiedDate":"2023-08-21"},{"lineNumber":4,"author":{"gitId":"songfangyl"},"content":"    private boolean isDone;","lastModifiedDate":"2023-08-21"},{"lineNumber":5,"author":{"gitId":"songfangyl"},"content":"","lastModifiedDate":"2023-08-21"},{"lineNumber":6,"author":{"gitId":"songfangyl"},"content":"    /**","lastModifiedDate":"2023-08-23"},{"lineNumber":7,"author":{"gitId":"songfangyl"},"content":"     * Constructor","lastModifiedDate":"2023-08-23"},{"lineNumber":8,"author":{"gitId":"songfangyl"},"content":"     *","lastModifiedDate":"2023-08-23"},{"lineNumber":9,"author":{"gitId":"songfangyl"},"content":"     * @param description Description of the task.","lastModifiedDate":"2023-08-23"},{"lineNumber":10,"author":{"gitId":"songfangyl"},"content":"     */","lastModifiedDate":"2023-08-23"},{"lineNumber":11,"author":{"gitId":"songfangyl"},"content":"    public Task(String description) {","lastModifiedDate":"2023-08-21"},{"lineNumber":12,"author":{"gitId":"songfangyl"},"content":"        this.description \u003d description;","lastModifiedDate":"2023-08-21"},{"lineNumber":13,"author":{"gitId":"songfangyl"},"content":"        this.isDone \u003d false;","lastModifiedDate":"2023-08-21"},{"lineNumber":14,"author":{"gitId":"songfangyl"},"content":"    }","lastModifiedDate":"2023-08-21"},{"lineNumber":15,"author":{"gitId":"songfangyl"},"content":"","lastModifiedDate":"2023-08-21"},{"lineNumber":16,"author":{"gitId":"songfangyl"},"content":"    /**","lastModifiedDate":"2023-08-23"},{"lineNumber":17,"author":{"gitId":"songfangyl"},"content":"     * @return The icon which represent whether this task is done.","lastModifiedDate":"2023-08-23"},{"lineNumber":18,"author":{"gitId":"songfangyl"},"content":"     */","lastModifiedDate":"2023-08-23"},{"lineNumber":19,"author":{"gitId":"songfangyl"},"content":"    public String getStatusIcon() {","lastModifiedDate":"2023-08-21"},{"lineNumber":20,"author":{"gitId":"songfangyl"},"content":"        return isDone ? \"X\": \" \";","lastModifiedDate":"2023-08-21"},{"lineNumber":21,"author":{"gitId":"songfangyl"},"content":"    }","lastModifiedDate":"2023-08-21"},{"lineNumber":22,"author":{"gitId":"songfangyl"},"content":"","lastModifiedDate":"2023-08-21"},{"lineNumber":23,"author":{"gitId":"songfangyl"},"content":"    /**","lastModifiedDate":"2023-08-23"},{"lineNumber":24,"author":{"gitId":"songfangyl"},"content":"     * Marks this task as done.","lastModifiedDate":"2023-08-27"},{"lineNumber":25,"author":{"gitId":"songfangyl"},"content":"     */","lastModifiedDate":"2023-08-23"},{"lineNumber":26,"author":{"gitId":"songfangyl"},"content":"    public void mark() {","lastModifiedDate":"2023-08-21"},{"lineNumber":27,"author":{"gitId":"songfangyl"},"content":"        this.isDone \u003d true;","lastModifiedDate":"2023-08-21"},{"lineNumber":28,"author":{"gitId":"songfangyl"},"content":"    }","lastModifiedDate":"2023-08-21"},{"lineNumber":29,"author":{"gitId":"songfangyl"},"content":"","lastModifiedDate":"2023-08-21"},{"lineNumber":30,"author":{"gitId":"songfangyl"},"content":"    /**","lastModifiedDate":"2023-08-23"},{"lineNumber":31,"author":{"gitId":"songfangyl"},"content":"     * Unmark this task, mark this task as undone.","lastModifiedDate":"2023-08-23"},{"lineNumber":32,"author":{"gitId":"songfangyl"},"content":"     */","lastModifiedDate":"2023-08-23"},{"lineNumber":33,"author":{"gitId":"songfangyl"},"content":"    public void unmark() {","lastModifiedDate":"2023-08-21"},{"lineNumber":34,"author":{"gitId":"songfangyl"},"content":"        this.isDone \u003d false;","lastModifiedDate":"2023-08-21"},{"lineNumber":35,"author":{"gitId":"songfangyl"},"content":"","lastModifiedDate":"2023-08-21"},{"lineNumber":36,"author":{"gitId":"songfangyl"},"content":"    }","lastModifiedDate":"2023-08-21"},{"lineNumber":37,"author":{"gitId":"songfangyl"},"content":"","lastModifiedDate":"2023-08-21"},{"lineNumber":38,"author":{"gitId":"songfangyl"},"content":"    public String saveString() {","lastModifiedDate":"2023-08-27"},{"lineNumber":39,"author":{"gitId":"songfangyl"},"content":"        return isDone ? \"1/\" + description : \"0/\" + description;","lastModifiedDate":"2023-08-27"},{"lineNumber":40,"author":{"gitId":"songfangyl"},"content":"    }","lastModifiedDate":"2023-08-27"},{"lineNumber":41,"author":{"gitId":"songfangyl"},"content":"","lastModifiedDate":"2023-08-27"},{"lineNumber":42,"author":{"gitId":"songfangyl"},"content":"    /**","lastModifiedDate":"2023-08-23"},{"lineNumber":43,"author":{"gitId":"songfangyl"},"content":"     * @return String representation of this object.","lastModifiedDate":"2023-08-23"},{"lineNumber":44,"author":{"gitId":"songfangyl"},"content":"     */","lastModifiedDate":"2023-08-23"},{"lineNumber":45,"author":{"gitId":"songfangyl"},"content":"    @Override","lastModifiedDate":"2023-08-21"},{"lineNumber":46,"author":{"gitId":"songfangyl"},"content":"    public String toString() {","lastModifiedDate":"2023-08-21"},{"lineNumber":47,"author":{"gitId":"songfangyl"},"content":"        return \"[\" + this.getStatusIcon() + \"] \" + this.description;","lastModifiedDate":"2023-08-21"},{"lineNumber":48,"author":{"gitId":"songfangyl"},"content":"    }","lastModifiedDate":"2023-08-21"},{"lineNumber":49,"author":{"gitId":"songfangyl"},"content":"","lastModifiedDate":"2023-08-21"},{"lineNumber":50,"author":{"gitId":"songfangyl"},"content":"}","lastModifiedDate":"2023-08-21"}],"authorContributionMap":{"songfangyl":50}},{"path":"src/main/java/Todo.java","fileType":"java","lines":[{"lineNumber":1,"author":{"gitId":"songfangyl"},"content":"public class Todo extends Task{","lastModifiedDate":"2023-08-21"},{"lineNumber":2,"author":{"gitId":"songfangyl"},"content":"","lastModifiedDate":"2023-08-23"},{"lineNumber":3,"author":{"gitId":"songfangyl"},"content":"    /**","lastModifiedDate":"2023-08-23"},{"lineNumber":4,"author":{"gitId":"songfangyl"},"content":"     * Constructor","lastModifiedDate":"2023-08-23"},{"lineNumber":5,"author":{"gitId":"songfangyl"},"content":"     *","lastModifiedDate":"2023-08-23"},{"lineNumber":6,"author":{"gitId":"songfangyl"},"content":"     * @param des Description of the task.","lastModifiedDate":"2023-08-23"},{"lineNumber":7,"author":{"gitId":"songfangyl"},"content":"     */","lastModifiedDate":"2023-08-23"},{"lineNumber":8,"author":{"gitId":"songfangyl"},"content":"    public Todo(String des) {","lastModifiedDate":"2023-08-21"},{"lineNumber":9,"author":{"gitId":"songfangyl"},"content":"        super(des);","lastModifiedDate":"2023-08-21"},{"lineNumber":10,"author":{"gitId":"songfangyl"},"content":"    }","lastModifiedDate":"2023-08-21"},{"lineNumber":11,"author":{"gitId":"songfangyl"},"content":"","lastModifiedDate":"2023-08-21"},{"lineNumber":12,"author":{"gitId":"songfangyl"},"content":"    @Override","lastModifiedDate":"2023-08-21"},{"lineNumber":13,"author":{"gitId":"songfangyl"},"content":"    public String toString() {","lastModifiedDate":"2023-08-21"},{"lineNumber":14,"author":{"gitId":"songfangyl"},"content":"        return \"[T]\" + super.toString();","lastModifiedDate":"2023-08-21"},{"lineNumber":15,"author":{"gitId":"songfangyl"},"content":"    }","lastModifiedDate":"2023-08-21"},{"lineNumber":16,"author":{"gitId":"songfangyl"},"content":"","lastModifiedDate":"2023-08-21"},{"lineNumber":17,"author":{"gitId":"songfangyl"},"content":"}","lastModifiedDate":"2023-08-21"}],"authorContributionMap":{"songfangyl":17}},{"path":"text-ui-test/input.txt","fileType":"txt","lines":[{"lineNumber":1,"author":{"gitId":"songfangyl"},"content":"todo","lastModifiedDate":"2023-08-23"},{"lineNumber":2,"author":{"gitId":"songfangyl"},"content":"todo borrow book","lastModifiedDate":"2023-08-22"},{"lineNumber":3,"author":{"gitId":"songfangyl"},"content":"deadline","lastModifiedDate":"2023-08-23"},{"lineNumber":4,"author":{"gitId":"songfangyl"},"content":"deadline return book","lastModifiedDate":"2023-08-23"},{"lineNumber":5,"author":{"gitId":"songfangyl"},"content":"deadline return book /by Sunday","lastModifiedDate":"2023-08-22"},{"lineNumber":6,"author":{"gitId":"songfangyl"},"content":"event project meeting","lastModifiedDate":"2023-08-23"},{"lineNumber":7,"author":{"gitId":"songfangyl"},"content":"event project meeting /from Mon 2pm to 4pm","lastModifiedDate":"2023-08-23"},{"lineNumber":8,"author":{"gitId":"songfangyl"},"content":"event project meeting /from Mon 2pm /to 4pm","lastModifiedDate":"2023-08-22"},{"lineNumber":9,"author":{"gitId":"songfangyl"},"content":"deadline do homework /by no idea :-p","lastModifiedDate":"2023-08-22"},{"lineNumber":10,"author":{"gitId":"songfangyl"},"content":"todo sleeping 10 hours","lastModifiedDate":"2023-08-23"},{"lineNumber":11,"author":{"gitId":"songfangyl"},"content":"list","lastModifiedDate":"2023-08-23"},{"lineNumber":12,"author":{"gitId":"songfangyl"},"content":"","lastModifiedDate":"2023-08-23"},{"lineNumber":13,"author":{"gitId":"songfangyl"},"content":"delete","lastModifiedDate":"2023-08-23"},{"lineNumber":14,"author":{"gitId":"songfangyl"},"content":"delete -1","lastModifiedDate":"2023-08-23"},{"lineNumber":15,"author":{"gitId":"songfangyl"},"content":"delete 100","lastModifiedDate":"2023-08-23"},{"lineNumber":16,"author":{"gitId":"songfangyl"},"content":"delete 5","lastModifiedDate":"2023-08-23"},{"lineNumber":17,"author":{"gitId":"songfangyl"},"content":"delete sleeping 10 hours","lastModifiedDate":"2023-08-23"},{"lineNumber":18,"author":{"gitId":"songfangyl"},"content":"","lastModifiedDate":"2023-08-23"},{"lineNumber":19,"author":{"gitId":"songfangyl"},"content":"mark everything","lastModifiedDate":"2023-08-23"},{"lineNumber":20,"author":{"gitId":"songfangyl"},"content":"mark 1 2 3 4","lastModifiedDate":"2023-08-23"},{"lineNumber":21,"author":{"gitId":"songfangyl"},"content":"mark 1","lastModifiedDate":"2023-08-22"},{"lineNumber":22,"author":{"gitId":"songfangyl"},"content":"mark 2","lastModifiedDate":"2023-08-22"},{"lineNumber":23,"author":{"gitId":"songfangyl"},"content":"list","lastModifiedDate":"2023-08-22"},{"lineNumber":24,"author":{"gitId":"songfangyl"},"content":"","lastModifiedDate":"2023-08-23"},{"lineNumber":25,"author":{"gitId":"songfangyl"},"content":"unmark 1 2","lastModifiedDate":"2023-08-23"},{"lineNumber":26,"author":{"gitId":"songfangyl"},"content":"unmark 2","lastModifiedDate":"2023-08-22"},{"lineNumber":27,"author":{"gitId":"songfangyl"},"content":"list","lastModifiedDate":"2023-08-22"},{"lineNumber":28,"author":{"gitId":"songfangyl"},"content":"unmark 1","lastModifiedDate":"2023-08-23"},{"lineNumber":29,"author":{"gitId":"songfangyl"},"content":"list","lastModifiedDate":"2023-08-23"},{"lineNumber":30,"author":{"gitId":"songfangyl"},"content":"","lastModifiedDate":"2023-08-23"},{"lineNumber":31,"author":{"gitId":"songfangyl"},"content":"Exit","lastModifiedDate":"2023-08-22"},{"lineNumber":32,"author":{"gitId":"songfangyl"},"content":"exit","lastModifiedDate":"2023-08-22"}],"authorContributionMap":{"songfangyl":32}}]
