{"authorDailyContributionsMap":{"songfangyl":[{"date":"2023-08-21","commitResults":[{"hash":"f1891cd30b1dc84a19b63b2f3b092e9eb7837cc7","isMergeCommit":false,"messageTitle":"Level 0,  Implement an initial skeletal version with greet and exit","messageBody":"","tags":["Level-0"],"fileTypesAndContributionMap":{"java":{"insertions":5,"deletions":6}}},{"hash":"e44a7e5e58f2f5e591a7d40c9141882bd6fd7089","isMergeCommit":false,"messageTitle":"add interaction: chatbot now can echo what user input, exit with the keyword \"exit\"","messageBody":"","tags":["Level-1"],"fileTypesAndContributionMap":{"java":{"insertions":19,"deletions":5}}},{"hash":"88b08917cafaeb1137d5b6234ce8c7a399e12f05","isMergeCommit":false,"messageTitle":"store feature","messageBody":"","fileTypesAndContributionMap":{"java":{"insertions":4,"deletions":1}}},{"hash":"f75c11989be28a5a8754ca282301b883299e9a1a","isMergeCommit":false,"messageTitle":"list out the string when keyword \"list\" is scanned","messageBody":"","tags":["level-2","Level-2"],"fileTypesAndContributionMap":{"java":{"insertions":5,"deletions":1}}},{"hash":"382cdb204eda770b5ba7d811f0c3ce43d49317c0","isMergeCommit":false,"messageTitle":"add Task class","messageBody":"","fileTypesAndContributionMap":{"java":{"insertions":32,"deletions":0}}},{"hash":"cce002057d55d086dcd6be9c81879d04c9b08526","isMergeCommit":false,"messageTitle":"add mark and unmark features","messageBody":"","fileTypesAndContributionMap":{"java":{"insertions":26,"deletions":9}}},{"hash":"1867b591f21efc7596bf1245d6c4c6f0fcf5c690","isMergeCommit":false,"messageTitle":"Debug for Level 3: change scanner.next()  to  scanner.nextLine()","messageBody":"","tags":["Level-3"],"fileTypesAndContributionMap":{"java":{"insertions":10,"deletions":9}}},{"hash":"aaa8b23642ac8d0868a2265de2711435dded5495","isMergeCommit":false,"messageTitle":"Add Three calsses: Deadline, Event, Todo and complete level 4 requirement","messageBody":"","tags":["Level-4"],"fileTypesAndContributionMap":{"java":{"insertions":75,"deletions":8}}}]},{"date":"2023-08-22","commitResults":[{"hash":"4dec07f135c437510dae8e062344b21c374c7ba1","isMergeCommit":false,"messageTitle":"change indentation of the output","messageBody":"","fileTypesAndContributionMap":{"java":{"insertions":9,"deletions":9}}},{"hash":"e365068228d79ef20ea9bfb7d0299045528a24d1","isMergeCommit":false,"messageTitle":"Automated Text UI Testing","messageBody":"","tags":["A-TextUiTesting"],"fileTypesAndContributionMap":{"txt":{"insertions":11,"deletions":0},"java":{"insertions":5,"deletions":5}}},{"hash":"ae7e9f05253175b18716a4e11fa429668843df97","isMergeCommit":false,"messageTitle":"Error handling","messageBody":"","tags":["Level-5"],"fileTypesAndContributionMap":{"java":{"insertions":93,"deletions":36}}},{"hash":"8a949e5ee768377e07810befaa19873f4152c292","isMergeCommit":false,"messageTitle":"implement delete feature","messageBody":"","tags":["Level-6"],"fileTypesAndContributionMap":{"java":{"insertions":30,"deletions":14}}}]},{"date":"2023-08-23","commitResults":[{"hash":"35fb98fe5b9961ad9deb61be06383a2145299793","isMergeCommit":false,"messageTitle":"Update test case to test error handling and delete feature","messageBody":"","fileTypesAndContributionMap":{"txt":{"insertions":21,"deletions":0},"java":{"insertions":9,"deletions":9}}},{"hash":"55f90f3deb43968f27ab70da3eea8b36892162ce","isMergeCommit":false,"messageTitle":"add javadoc","messageBody":"","fileTypesAndContributionMap":{"java":{"insertions":46,"deletions":1}}}]},{"date":"2023-08-27","commitResults":[{"hash":"de3c1df78850b8d301ee7aba82a30471c64f3034","isMergeCommit":false,"messageTitle":"Modify javadoc","messageBody":"","fileTypesAndContributionMap":{"java":{"insertions":3,"deletions":3}}},{"hash":"235894b8b03bbfbe2e6172868f283502132637e9","isMergeCommit":false,"messageTitle":"Add save/load feature","messageBody":"save the data in the data/duke.txt file.\nthe save format as below:\n(isDone 1 or 0)/(description)/(by) or (from)/(to).\n","fileTypesAndContributionMap":{"txt":{"insertions":5,"deletions":0},"java":{"insertions":68,"deletions":4}}},{"hash":"00a46af2a421dc28f38a0fe5ecd1a1c5ea1e583b","isMergeCommit":false,"messageTitle":"Revert \"Add save/load feature\"","messageBody":"This reverts commit 235894b8b03bbfbe2e6172868f283502132637e9.\n","fileTypesAndContributionMap":{"txt":{"insertions":0,"deletions":5},"java":{"insertions":4,"deletions":68}}},{"hash":"f7cda49225e87baa1d4146c9eef61c21df24489d","isMergeCommit":false,"messageTitle":"Add save/load feature","messageBody":"save data into data/Duke.txt.\nthe format as below:\n(isDone 1 or 0)/(description)/(by) or (from)/(to)\n","fileTypesAndContributionMap":{"java":{"insertions":68,"deletions":4}}},{"hash":"4decf793e91e60b3b059279fff229d5bf5400bca","isMergeCommit":true,"messageTitle":"Merge branch \u0027branch-Level-7\u0027","messageBody":"","tags":["Level-7"],"fileTypesAndContributionMap":{}},{"hash":"02d4262e5858b14dd5e60bd9dbf49560d36b83cd","isMergeCommit":false,"messageTitle":"First commit for branch level 8","messageBody":"","fileTypesAndContributionMap":{"java":{"insertions":2,"deletions":0}}}]},{"date":"2023-08-28","commitResults":[{"hash":"ea648ad6b868f2c7e8a95bd58c2733f1300ba5af","isMergeCommit":false,"messageTitle":"Update the date to java LocalDate","messageBody":"","fileTypesAndContributionMap":{"java":{"insertions":48,"deletions":13}}},{"hash":"5b47390b85b9435681dcf4e3c6cf2fe4cb414ac8","isMergeCommit":true,"messageTitle":"Merge branch \u0027branch-Level-8\u0027","messageBody":"","tags":["Level-8"],"fileTypesAndContributionMap":{}}]},{"date":"2023-08-30","commitResults":[{"hash":"3622fa663ea13c7c7a339dd3c629564cf2014d28","isMergeCommit":false,"messageTitle":"Change the design to OOP","messageBody":"Creating a lot of java files:\nParser: deals with making sense of the user command.\n\nStorage: deals with loading tasks from the file and\nsaving tasks in the file.\n\nCommand: the action to be execute.\n\nUi: deals with interactions with the user.\n\nTaskList: contains the task list e.g.,\nit has operations to add/delete tasks in the list.\n","fileTypesAndContributionMap":{"java":{"insertions":481,"deletions":194}}},{"hash":"97f9c01bf2f35dc5c785d90a3e0e25f812e8ddef","isMergeCommit":false,"messageTitle":"Update DeleteCommand and EXPECTED.txt","messageBody":"","fileTypesAndContributionMap":{"java":{"insertions":1,"deletions":1}}},{"hash":"210b2009faacc8fd6cde5db14783eddefdd33a9c","isMergeCommit":true,"messageTitle":"Merge branch \u0027branch-A-MoreOOP\u0027","messageBody":"","tags":["A-MoreOOP"],"fileTypesAndContributionMap":{}},{"hash":"7ebff92aa36061b691af02090959ea0cb3c1f09c","isMergeCommit":false,"messageTitle":"Organize files by creating package","messageBody":"","fileTypesAndContributionMap":{"java":{"insertions":112,"deletions":12},"bat":{"insertions":1,"deletions":1}}},{"hash":"bf60d719cb5ca737d6a59b3e4e412504f22dafd5","isMergeCommit":true,"messageTitle":"Merge branch \u0027branch-A-Packages\u0027","messageBody":"","tags":["A-Packages"],"fileTypesAndContributionMap":{}},{"hash":"16a0ca04fabd31451d9058f710bb4a8fec275a0d","isMergeCommit":true,"messageTitle":"Merge branch \u0027add-gradle-support\u0027 of https://github.com/songfangyl/ip","messageBody":"","fileTypesAndContributionMap":{}},{"hash":"94e19bff7878eb812f749ecce32f0c04154ef8f0","isMergeCommit":false,"messageTitle":"Update build gradle","messageBody":"update the application mainClass.set, change it to the right path\n","tags":["A-Gradle"],"fileTypesAndContributionMap":{"gradle":{"insertions":1,"deletions":1}}}]}]},"authorFileTypeContributionMap":{"songfangyl":{"java":750,"md":0,"fxml":0,"sh":0,"bat":1,"gradle":1,"txt":32}},"authorContributionVariance":{"songfangyl":46533.15},"authorDisplayNameMap":{"songfangyl":"CS2103T-W16-2 SONG..G YI"}}
