[{"path":"src/main/java/AddDeadlineCommand.java","fileType":"java","lines":[{"lineNumber":1,"author":{"gitId":"lunaroddity"},"content":"public class AddDeadlineCommand extends Command {","lastModifiedDate":"2023-09-03"},{"lineNumber":2,"author":{"gitId":"lunaroddity"},"content":"    String allDetails;","lastModifiedDate":"2023-09-03"},{"lineNumber":3,"author":{"gitId":"lunaroddity"},"content":"","lastModifiedDate":"2023-09-03"},{"lineNumber":4,"author":{"gitId":"lunaroddity"},"content":"","lastModifiedDate":"2023-09-03"},{"lineNumber":5,"author":{"gitId":"lunaroddity"},"content":"    public AddDeadlineCommand(String[] commandInputs) throws BareumException {","lastModifiedDate":"2023-09-03"},{"lineNumber":6,"author":{"gitId":"lunaroddity"},"content":"        if (commandInputs.length \u003c\u003d 1) {","lastModifiedDate":"2023-09-03"},{"lineNumber":7,"author":{"gitId":"lunaroddity"},"content":"            throw new BareumException(\"You are missing some arguments :(\\n\" +","lastModifiedDate":"2023-09-03"},{"lineNumber":8,"author":{"gitId":"lunaroddity"},"content":"                    \"Current number of arguments: \" + commandInputs.length +","lastModifiedDate":"2023-09-03"},{"lineNumber":9,"author":{"gitId":"lunaroddity"},"content":"                    \"\\nCorrect format: deadline \u003cdescription\u003e /by \u003cdue date in YYYY-MM-DD\u003e\");","lastModifiedDate":"2023-09-03"},{"lineNumber":10,"author":{"gitId":"lunaroddity"},"content":"        }","lastModifiedDate":"2023-09-03"},{"lineNumber":11,"author":{"gitId":"lunaroddity"},"content":"        this.allDetails \u003d commandInputs[1];","lastModifiedDate":"2023-09-03"},{"lineNumber":12,"author":{"gitId":"lunaroddity"},"content":"    }","lastModifiedDate":"2023-09-03"},{"lineNumber":13,"author":{"gitId":"lunaroddity"},"content":"","lastModifiedDate":"2023-09-03"},{"lineNumber":14,"author":{"gitId":"lunaroddity"},"content":"    @Override","lastModifiedDate":"2023-09-03"},{"lineNumber":15,"author":{"gitId":"lunaroddity"},"content":"    public void execute(Ui ui, Storage storage, TaskList taskList) throws BareumException {","lastModifiedDate":"2023-09-03"},{"lineNumber":16,"author":{"gitId":"lunaroddity"},"content":"        try {","lastModifiedDate":"2023-09-03"},{"lineNumber":17,"author":{"gitId":"lunaroddity"},"content":"            DeadlineTask task \u003d DeadlineTask.makeDeadline(allDetails);","lastModifiedDate":"2023-09-03"},{"lineNumber":18,"author":{"gitId":"lunaroddity"},"content":"            taskList.addTask(task);","lastModifiedDate":"2023-09-03"},{"lineNumber":19,"author":{"gitId":"lunaroddity"},"content":"            storage.saveNewTask(task);","lastModifiedDate":"2023-09-03"},{"lineNumber":20,"author":{"gitId":"lunaroddity"},"content":"            String added \u003d \"I have added this task:\\n\" + task + \"\\nYou now have \"","lastModifiedDate":"2023-09-03"},{"lineNumber":21,"author":{"gitId":"lunaroddity"},"content":"                    + taskList.size() + \" task(s) in your list.\";","lastModifiedDate":"2023-09-03"},{"lineNumber":22,"author":{"gitId":"lunaroddity"},"content":"            Ui.reply(added);","lastModifiedDate":"2023-09-03"},{"lineNumber":23,"author":{"gitId":"lunaroddity"},"content":"        } catch (BareumException e) {","lastModifiedDate":"2023-09-03"},{"lineNumber":24,"author":{"gitId":"lunaroddity"},"content":"            Ui.reply(\"Oops! The description of a deadline cannot be empty.\\n\" +","lastModifiedDate":"2023-09-03"},{"lineNumber":25,"author":{"gitId":"lunaroddity"},"content":"                    \"Correct format: deadline \u003cdescription\u003e /by \u003cdue date in YYYY-MM-DD\u003e\");","lastModifiedDate":"2023-09-03"},{"lineNumber":26,"author":{"gitId":"lunaroddity"},"content":"        }","lastModifiedDate":"2023-09-03"},{"lineNumber":27,"author":{"gitId":"lunaroddity"},"content":"    }","lastModifiedDate":"2023-09-03"},{"lineNumber":28,"author":{"gitId":"lunaroddity"},"content":"}","lastModifiedDate":"2023-09-03"}],"authorContributionMap":{"lunaroddity":28}},{"path":"src/main/java/AddEventCommand.java","fileType":"java","lines":[{"lineNumber":1,"author":{"gitId":"lunaroddity"},"content":"public class AddEventCommand extends Command {","lastModifiedDate":"2023-09-03"},{"lineNumber":2,"author":{"gitId":"lunaroddity"},"content":"    String allDetails;","lastModifiedDate":"2023-09-03"},{"lineNumber":3,"author":{"gitId":"lunaroddity"},"content":"    public AddEventCommand(String[] commandInputs) throws BareumException {","lastModifiedDate":"2023-09-03"},{"lineNumber":4,"author":{"gitId":"lunaroddity"},"content":"        if (commandInputs.length \u003c\u003d 1) {","lastModifiedDate":"2023-09-03"},{"lineNumber":5,"author":{"gitId":"lunaroddity"},"content":"            throw new BareumException(\"You are missing some arguments :(\\n\" +","lastModifiedDate":"2023-09-03"},{"lineNumber":6,"author":{"gitId":"lunaroddity"},"content":"                    \"Current number of arguments: \" + commandInputs.length +","lastModifiedDate":"2023-09-03"},{"lineNumber":7,"author":{"gitId":"lunaroddity"},"content":"                    \"\\nCorrect format: event \u003cdescription\u003e /from \u003cstart time\u003e /to \u003cend time\u003e\");","lastModifiedDate":"2023-09-03"},{"lineNumber":8,"author":{"gitId":"lunaroddity"},"content":"        }","lastModifiedDate":"2023-09-03"},{"lineNumber":9,"author":{"gitId":"lunaroddity"},"content":"        this.allDetails \u003d commandInputs[1];","lastModifiedDate":"2023-09-03"},{"lineNumber":10,"author":{"gitId":"lunaroddity"},"content":"    }","lastModifiedDate":"2023-09-03"},{"lineNumber":11,"author":{"gitId":"lunaroddity"},"content":"","lastModifiedDate":"2023-09-03"},{"lineNumber":12,"author":{"gitId":"lunaroddity"},"content":"    @Override","lastModifiedDate":"2023-09-03"},{"lineNumber":13,"author":{"gitId":"lunaroddity"},"content":"    public void execute(Ui ui, Storage storage, TaskList taskList) throws BareumException {","lastModifiedDate":"2023-09-03"},{"lineNumber":14,"author":{"gitId":"lunaroddity"},"content":"        try {","lastModifiedDate":"2023-09-03"},{"lineNumber":15,"author":{"gitId":"lunaroddity"},"content":"            EventTask task \u003d EventTask.makeEvent(allDetails);","lastModifiedDate":"2023-09-03"},{"lineNumber":16,"author":{"gitId":"lunaroddity"},"content":"            taskList.addTask(task);","lastModifiedDate":"2023-09-03"},{"lineNumber":17,"author":{"gitId":"lunaroddity"},"content":"            storage.saveNewTask(task);","lastModifiedDate":"2023-09-03"},{"lineNumber":18,"author":{"gitId":"lunaroddity"},"content":"            String added \u003d \"I have added this task:\\n\" + task + \"\\nYou now have \"","lastModifiedDate":"2023-09-03"},{"lineNumber":19,"author":{"gitId":"lunaroddity"},"content":"                    + taskList.size() + \" task(s) in your list.\";","lastModifiedDate":"2023-09-03"},{"lineNumber":20,"author":{"gitId":"lunaroddity"},"content":"            Ui.reply(added);","lastModifiedDate":"2023-09-03"},{"lineNumber":21,"author":{"gitId":"lunaroddity"},"content":"        } catch (BareumException e) {","lastModifiedDate":"2023-09-03"},{"lineNumber":22,"author":{"gitId":"lunaroddity"},"content":"            Ui.reply(\"Oops! The description of an event cannot be empty.\\n\" +","lastModifiedDate":"2023-09-03"},{"lineNumber":23,"author":{"gitId":"lunaroddity"},"content":"                    \"Correct format: event \u003cdescription\u003e /from \u003cstart time\u003e /to \u003cend time\u003e\");","lastModifiedDate":"2023-09-03"},{"lineNumber":24,"author":{"gitId":"lunaroddity"},"content":"        }","lastModifiedDate":"2023-09-03"},{"lineNumber":25,"author":{"gitId":"lunaroddity"},"content":"    }","lastModifiedDate":"2023-09-03"},{"lineNumber":26,"author":{"gitId":"lunaroddity"},"content":"}","lastModifiedDate":"2023-09-03"}],"authorContributionMap":{"lunaroddity":26}},{"path":"src/main/java/AddTodoCommand.java","fileType":"java","lines":[{"lineNumber":1,"author":{"gitId":"lunaroddity"},"content":"public class AddTodoCommand extends Command {","lastModifiedDate":"2023-09-03"},{"lineNumber":2,"author":{"gitId":"lunaroddity"},"content":"    String description;","lastModifiedDate":"2023-09-03"},{"lineNumber":3,"author":{"gitId":"lunaroddity"},"content":"","lastModifiedDate":"2023-09-03"},{"lineNumber":4,"author":{"gitId":"lunaroddity"},"content":"    public AddTodoCommand(String[] commandInputs) throws BareumException {","lastModifiedDate":"2023-09-03"},{"lineNumber":5,"author":{"gitId":"lunaroddity"},"content":"        if (commandInputs.length \u003c\u003d 1) {","lastModifiedDate":"2023-09-03"},{"lineNumber":6,"author":{"gitId":"lunaroddity"},"content":"            throw new BareumException(\"Oops! The description of a todo cannot be empty.\\n\" +","lastModifiedDate":"2023-09-03"},{"lineNumber":7,"author":{"gitId":"lunaroddity"},"content":"                    \"Correct format: todo \u003cdescription\u003e\");","lastModifiedDate":"2023-09-03"},{"lineNumber":8,"author":{"gitId":"lunaroddity"},"content":"        }","lastModifiedDate":"2023-09-03"},{"lineNumber":9,"author":{"gitId":"lunaroddity"},"content":"        this.description \u003d commandInputs[1];","lastModifiedDate":"2023-09-03"},{"lineNumber":10,"author":{"gitId":"lunaroddity"},"content":"    }","lastModifiedDate":"2023-09-03"},{"lineNumber":11,"author":{"gitId":"lunaroddity"},"content":"    @Override","lastModifiedDate":"2023-09-03"},{"lineNumber":12,"author":{"gitId":"lunaroddity"},"content":"    public void execute(Ui ui, Storage storage, TaskList taskList) {","lastModifiedDate":"2023-09-03"},{"lineNumber":13,"author":{"gitId":"lunaroddity"},"content":"        try {","lastModifiedDate":"2023-09-03"},{"lineNumber":14,"author":{"gitId":"lunaroddity"},"content":"            TodoTask task \u003d TodoTask.makeTodo(description);","lastModifiedDate":"2023-09-03"},{"lineNumber":15,"author":{"gitId":"lunaroddity"},"content":"            taskList.addTask(task);","lastModifiedDate":"2023-09-03"},{"lineNumber":16,"author":{"gitId":"lunaroddity"},"content":"            storage.saveNewTask(task);","lastModifiedDate":"2023-09-03"},{"lineNumber":17,"author":{"gitId":"lunaroddity"},"content":"            String added \u003d \"I have added this task:\\n\" + task + \"\\nYou now have \"","lastModifiedDate":"2023-09-03"},{"lineNumber":18,"author":{"gitId":"lunaroddity"},"content":"                    + taskList.size() + \" task(s) in your list.\";","lastModifiedDate":"2023-09-03"},{"lineNumber":19,"author":{"gitId":"lunaroddity"},"content":"            Ui.reply(added);","lastModifiedDate":"2023-09-03"},{"lineNumber":20,"author":{"gitId":"lunaroddity"},"content":"        } catch (BareumException e) {","lastModifiedDate":"2023-09-03"},{"lineNumber":21,"author":{"gitId":"lunaroddity"},"content":"            Ui.reply(\"Oops! The description of a todo cannot be empty.\\n\" +","lastModifiedDate":"2023-09-03"},{"lineNumber":22,"author":{"gitId":"lunaroddity"},"content":"                    \"Correct format: todo \u003cdescription\u003e\");","lastModifiedDate":"2023-09-03"},{"lineNumber":23,"author":{"gitId":"lunaroddity"},"content":"        }","lastModifiedDate":"2023-09-03"},{"lineNumber":24,"author":{"gitId":"lunaroddity"},"content":"    }","lastModifiedDate":"2023-09-03"},{"lineNumber":25,"author":{"gitId":"lunaroddity"},"content":"}","lastModifiedDate":"2023-09-03"}],"authorContributionMap":{"lunaroddity":25}},{"path":"src/main/java/Bareum.java","fileType":"java","lines":[{"lineNumber":1,"author":{"gitId":"lunaroddity"},"content":"public class Bareum {","lastModifiedDate":"2023-08-24"},{"lineNumber":2,"author":{"gitId":"lunaroddity"},"content":"    static TaskList taskList \u003d new TaskList();","lastModifiedDate":"2023-08-24"},{"lineNumber":3,"author":{"gitId":"lunaroddity"},"content":"","lastModifiedDate":"2023-09-01"},{"lineNumber":4,"author":{"gitId":"lunaroddity"},"content":"    public void run() {","lastModifiedDate":"2023-09-03"},{"lineNumber":5,"author":{"gitId":"lunaroddity"},"content":"        Ui ui \u003d new Ui();","lastModifiedDate":"2023-09-03"},{"lineNumber":6,"author":{"gitId":"lunaroddity"},"content":"        Parser parser \u003d new Parser();","lastModifiedDate":"2023-09-03"},{"lineNumber":7,"author":{"gitId":"lunaroddity"},"content":"        Storage storage \u003d new Storage();","lastModifiedDate":"2023-09-03"},{"lineNumber":8,"author":{"gitId":"lunaroddity"},"content":"        boolean isExit \u003d false;","lastModifiedDate":"2023-09-03"},{"lineNumber":9,"author":{"gitId":"lunaroddity"},"content":"","lastModifiedDate":"2023-09-01"},{"lineNumber":10,"author":{"gitId":"lunaroddity"},"content":"        storage.loadSavedTaskList(taskList);","lastModifiedDate":"2023-09-03"},{"lineNumber":11,"author":{"gitId":"lunaroddity"},"content":"        ui.showWelcomeMessage();","lastModifiedDate":"2023-09-03"},{"lineNumber":12,"author":{"gitId":"lunaroddity"},"content":"","lastModifiedDate":"2023-09-01"},{"lineNumber":13,"author":{"gitId":"lunaroddity"},"content":"        while (!isExit) {","lastModifiedDate":"2023-09-03"},{"lineNumber":14,"author":{"gitId":"lunaroddity"},"content":"            try {","lastModifiedDate":"2023-09-01"},{"lineNumber":15,"author":{"gitId":"lunaroddity"},"content":"                ui.showLine();","lastModifiedDate":"2023-09-03"},{"lineNumber":16,"author":{"gitId":"lunaroddity"},"content":"                String input \u003d ui.getUserInput();","lastModifiedDate":"2023-09-03"},{"lineNumber":17,"author":{"gitId":"lunaroddity"},"content":"                Command cmd \u003d parser.parse(input);","lastModifiedDate":"2023-09-03"},{"lineNumber":18,"author":{"gitId":"lunaroddity"},"content":"                cmd.execute(ui, storage, taskList);","lastModifiedDate":"2023-09-03"},{"lineNumber":19,"author":{"gitId":"lunaroddity"},"content":"                if (cmd instanceof ByeCommand) {","lastModifiedDate":"2023-09-03"},{"lineNumber":20,"author":{"gitId":"lunaroddity"},"content":"                    isExit \u003d true;","lastModifiedDate":"2023-09-03"},{"lineNumber":21,"author":{"gitId":"lunaroddity"},"content":"                }","lastModifiedDate":"2023-09-03"},{"lineNumber":22,"author":{"gitId":"lunaroddity"},"content":"            } catch (BareumException e) {","lastModifiedDate":"2023-09-03"},{"lineNumber":23,"author":{"gitId":"lunaroddity"},"content":"                System.out.println(e.getMessage());","lastModifiedDate":"2023-09-01"},{"lineNumber":24,"author":{"gitId":"lunaroddity"},"content":"            }","lastModifiedDate":"2023-09-01"},{"lineNumber":25,"author":{"gitId":"lunaroddity"},"content":"        }","lastModifiedDate":"2023-09-01"},{"lineNumber":26,"author":{"gitId":"lunaroddity"},"content":"    }","lastModifiedDate":"2023-08-24"},{"lineNumber":27,"author":{"gitId":"lunaroddity"},"content":"","lastModifiedDate":"2023-08-24"},{"lineNumber":28,"author":{"gitId":"lunaroddity"},"content":"    public static void main(String[] args) {","lastModifiedDate":"2023-08-24"},{"lineNumber":29,"author":{"gitId":"lunaroddity"},"content":"        new Bareum().run();","lastModifiedDate":"2023-09-03"},{"lineNumber":30,"author":{"gitId":"lunaroddity"},"content":"    }","lastModifiedDate":"2023-08-24"},{"lineNumber":31,"author":{"gitId":"lunaroddity"},"content":"}","lastModifiedDate":"2023-08-24"}],"authorContributionMap":{"lunaroddity":31}},{"path":"src/main/java/BareumException.java","fileType":"java","lines":[{"lineNumber":1,"author":{"gitId":"lunaroddity"},"content":"public class BareumException extends Exception {","lastModifiedDate":"2023-09-03"},{"lineNumber":2,"author":{"gitId":"lunaroddity"},"content":"    BareumException(String message) {","lastModifiedDate":"2023-09-03"},{"lineNumber":3,"author":{"gitId":"lunaroddity"},"content":"        super(\"Bareum: \" + message);","lastModifiedDate":"2023-09-03"},{"lineNumber":4,"author":{"gitId":"lunaroddity"},"content":"    }","lastModifiedDate":"2023-09-03"},{"lineNumber":5,"author":{"gitId":"lunaroddity"},"content":"}","lastModifiedDate":"2023-09-03"}],"authorContributionMap":{"lunaroddity":5}},{"path":"src/main/java/ByeCommand.java","fileType":"java","lines":[{"lineNumber":1,"author":{"gitId":"lunaroddity"},"content":"public class ByeCommand extends Command {","lastModifiedDate":"2023-09-03"},{"lineNumber":2,"author":{"gitId":"lunaroddity"},"content":"    public ByeCommand() {","lastModifiedDate":"2023-09-03"},{"lineNumber":3,"author":{"gitId":"lunaroddity"},"content":"","lastModifiedDate":"2023-09-03"},{"lineNumber":4,"author":{"gitId":"lunaroddity"},"content":"    }","lastModifiedDate":"2023-09-03"},{"lineNumber":5,"author":{"gitId":"lunaroddity"},"content":"","lastModifiedDate":"2023-09-03"},{"lineNumber":6,"author":{"gitId":"lunaroddity"},"content":"    @Override","lastModifiedDate":"2023-09-03"},{"lineNumber":7,"author":{"gitId":"lunaroddity"},"content":"    public void execute(Ui ui, Storage storage, TaskList taskList) {","lastModifiedDate":"2023-09-03"},{"lineNumber":8,"author":{"gitId":"lunaroddity"},"content":"        storage.saveAllTasks(taskList);","lastModifiedDate":"2023-09-03"},{"lineNumber":9,"author":{"gitId":"lunaroddity"},"content":"        ui.showGoodbyeMessage();","lastModifiedDate":"2023-09-03"},{"lineNumber":10,"author":{"gitId":"lunaroddity"},"content":"    }","lastModifiedDate":"2023-09-03"},{"lineNumber":11,"author":{"gitId":"lunaroddity"},"content":"}","lastModifiedDate":"2023-09-03"}],"authorContributionMap":{"lunaroddity":11}},{"path":"src/main/java/Command.java","fileType":"java","lines":[{"lineNumber":1,"author":{"gitId":"lunaroddity"},"content":"public abstract class Command {","lastModifiedDate":"2023-09-03"},{"lineNumber":2,"author":{"gitId":"lunaroddity"},"content":"    public abstract void execute(Ui ui, Storage storage, TaskList taskList) throws BareumException;","lastModifiedDate":"2023-09-03"},{"lineNumber":3,"author":{"gitId":"lunaroddity"},"content":"}","lastModifiedDate":"2023-09-03"}],"authorContributionMap":{"lunaroddity":3}},{"path":"src/main/java/DeadlineTask.java","fileType":"java","lines":[{"lineNumber":1,"author":{"gitId":"lunaroddity"},"content":"import java.time.LocalDate;","lastModifiedDate":"2023-09-02"},{"lineNumber":2,"author":{"gitId":"lunaroddity"},"content":"import java.time.format.DateTimeFormatter;","lastModifiedDate":"2023-09-02"},{"lineNumber":3,"author":{"gitId":"lunaroddity"},"content":"import java.time.format.DateTimeParseException;","lastModifiedDate":"2023-09-02"},{"lineNumber":4,"author":{"gitId":"lunaroddity"},"content":"","lastModifiedDate":"2023-09-02"},{"lineNumber":5,"author":{"gitId":"lunaroddity"},"content":"public class DeadlineTask extends Task {","lastModifiedDate":"2023-08-24"},{"lineNumber":6,"author":{"gitId":"lunaroddity"},"content":"    LocalDate dueDate;","lastModifiedDate":"2023-09-02"},{"lineNumber":7,"author":{"gitId":"lunaroddity"},"content":"","lastModifiedDate":"2023-08-24"},{"lineNumber":8,"author":{"gitId":"lunaroddity"},"content":"    private DeadlineTask(boolean isDone, String description, LocalDate dueDate) {","lastModifiedDate":"2023-09-02"},{"lineNumber":9,"author":{"gitId":"lunaroddity"},"content":"        super(isDone, description);","lastModifiedDate":"2023-09-01"},{"lineNumber":10,"author":{"gitId":"lunaroddity"},"content":"        this.dueDate \u003d dueDate;","lastModifiedDate":"2023-09-02"},{"lineNumber":11,"author":{"gitId":"lunaroddity"},"content":"        this.isDone \u003d false;","lastModifiedDate":"2023-09-01"},{"lineNumber":12,"author":{"gitId":"lunaroddity"},"content":"        // add exceptions for time","lastModifiedDate":"2023-09-01"},{"lineNumber":13,"author":{"gitId":"lunaroddity"},"content":"    }","lastModifiedDate":"2023-08-26"},{"lineNumber":14,"author":{"gitId":"lunaroddity"},"content":"","lastModifiedDate":"2023-08-26"},{"lineNumber":15,"author":{"gitId":"lunaroddity"},"content":"    public static DeadlineTask makeDeadline(String allDetails) throws BareumException {","lastModifiedDate":"2023-09-03"},{"lineNumber":16,"author":{"gitId":"lunaroddity"},"content":"        if (allDetails.length() \u003d\u003d 0) {","lastModifiedDate":"2023-09-01"},{"lineNumber":17,"author":{"gitId":"lunaroddity"},"content":"            throw new BareumException(\"Deadline description cannot be empty.\");","lastModifiedDate":"2023-09-03"},{"lineNumber":18,"author":{"gitId":"lunaroddity"},"content":"","lastModifiedDate":"2023-09-01"},{"lineNumber":19,"author":{"gitId":"lunaroddity"},"content":"        }","lastModifiedDate":"2023-09-01"},{"lineNumber":20,"author":{"gitId":"lunaroddity"},"content":"","lastModifiedDate":"2023-09-01"},{"lineNumber":21,"author":{"gitId":"lunaroddity"},"content":"        String[] descriptionDueTime \u003d allDetails.split(\"/by \");","lastModifiedDate":"2023-09-01"},{"lineNumber":22,"author":{"gitId":"lunaroddity"},"content":"        if (descriptionDueTime.length \u003c\u003d 1) {","lastModifiedDate":"2023-09-01"},{"lineNumber":23,"author":{"gitId":"lunaroddity"},"content":"            throw new BareumException(\"Deadline due date cannot be empty.\");","lastModifiedDate":"2023-09-03"},{"lineNumber":24,"author":{"gitId":"lunaroddity"},"content":"        }","lastModifiedDate":"2023-09-01"},{"lineNumber":25,"author":{"gitId":"lunaroddity"},"content":"","lastModifiedDate":"2023-09-01"},{"lineNumber":26,"author":{"gitId":"lunaroddity"},"content":"        String description \u003d descriptionDueTime[0];","lastModifiedDate":"2023-09-01"},{"lineNumber":27,"author":{"gitId":"lunaroddity"},"content":"        String dueDateStr \u003d descriptionDueTime[1];","lastModifiedDate":"2023-09-02"},{"lineNumber":28,"author":{"gitId":"lunaroddity"},"content":"        LocalDate dueDate \u003d null;","lastModifiedDate":"2023-09-02"},{"lineNumber":29,"author":{"gitId":"lunaroddity"},"content":"        try {","lastModifiedDate":"2023-09-02"},{"lineNumber":30,"author":{"gitId":"lunaroddity"},"content":"            dueDate \u003d LocalDate.parse(dueDateStr);","lastModifiedDate":"2023-09-02"},{"lineNumber":31,"author":{"gitId":"lunaroddity"},"content":"        } catch (DateTimeParseException e) {","lastModifiedDate":"2023-09-02"},{"lineNumber":32,"author":{"gitId":"lunaroddity"},"content":"            System.out.println(e.getMessage());","lastModifiedDate":"2023-09-02"},{"lineNumber":33,"author":{"gitId":"lunaroddity"},"content":"            throw new BareumException(\"Wrong date format.\");","lastModifiedDate":"2023-09-03"},{"lineNumber":34,"author":{"gitId":"lunaroddity"},"content":"        }","lastModifiedDate":"2023-09-02"},{"lineNumber":35,"author":{"gitId":"lunaroddity"},"content":"        return new DeadlineTask(false, description, dueDate);","lastModifiedDate":"2023-09-02"},{"lineNumber":36,"author":{"gitId":"lunaroddity"},"content":"    }","lastModifiedDate":"2023-09-01"},{"lineNumber":37,"author":{"gitId":"lunaroddity"},"content":"","lastModifiedDate":"2023-09-01"},{"lineNumber":38,"author":{"gitId":"lunaroddity"},"content":"    public static DeadlineTask makeDeadline(String[] taskInputs) {","lastModifiedDate":"2023-09-03"},{"lineNumber":39,"author":{"gitId":"lunaroddity"},"content":"        String description \u003d taskInputs[2];","lastModifiedDate":"2023-09-01"},{"lineNumber":40,"author":{"gitId":"lunaroddity"},"content":"        String dueDateStr \u003d taskInputs[3];","lastModifiedDate":"2023-09-02"},{"lineNumber":41,"author":{"gitId":"lunaroddity"},"content":"        LocalDate dueDate \u003d null;","lastModifiedDate":"2023-09-02"},{"lineNumber":42,"author":{"gitId":"lunaroddity"},"content":"        dueDate \u003d LocalDate.parse(dueDateStr);","lastModifiedDate":"2023-09-02"},{"lineNumber":43,"author":{"gitId":"lunaroddity"},"content":"        boolean isDone \u003d taskInputs[1].equals(\"1\");","lastModifiedDate":"2023-09-01"},{"lineNumber":44,"author":{"gitId":"lunaroddity"},"content":"        return new DeadlineTask(isDone, description, dueDate);","lastModifiedDate":"2023-09-02"},{"lineNumber":45,"author":{"gitId":"lunaroddity"},"content":"    }","lastModifiedDate":"2023-08-24"},{"lineNumber":46,"author":{"gitId":"lunaroddity"},"content":"","lastModifiedDate":"2023-08-24"},{"lineNumber":47,"author":{"gitId":"lunaroddity"},"content":"    @Override","lastModifiedDate":"2023-08-24"},{"lineNumber":48,"author":{"gitId":"lunaroddity"},"content":"    public String toString() {","lastModifiedDate":"2023-08-24"},{"lineNumber":49,"author":{"gitId":"lunaroddity"},"content":"        String dueDate \u003d this.dueDate.format(DateTimeFormatter.ofPattern(\"MMM d yyyy\"));","lastModifiedDate":"2023-09-02"},{"lineNumber":50,"author":{"gitId":"lunaroddity"},"content":"        return \"[D][\" + this.getStatusIcon() + \"] \" + this.description","lastModifiedDate":"2023-08-24"},{"lineNumber":51,"author":{"gitId":"lunaroddity"},"content":"                + \"(by: \" + dueDate + \")\";","lastModifiedDate":"2023-09-02"},{"lineNumber":52,"author":{"gitId":"lunaroddity"},"content":"    }","lastModifiedDate":"2023-08-24"},{"lineNumber":53,"author":{"gitId":"lunaroddity"},"content":"","lastModifiedDate":"2023-09-01"},{"lineNumber":54,"author":{"gitId":"lunaroddity"},"content":"    @Override","lastModifiedDate":"2023-09-01"},{"lineNumber":55,"author":{"gitId":"lunaroddity"},"content":"    public String toSavedString() {","lastModifiedDate":"2023-09-01"},{"lineNumber":56,"author":{"gitId":"lunaroddity"},"content":"        String done \u003d isDone ? \"1\" : \"0\";","lastModifiedDate":"2023-09-01"},{"lineNumber":57,"author":{"gitId":"lunaroddity"},"content":"        return \"D|\" + done + \"|\" + this.description + \"|\" + dueDate +\"\\n\";","lastModifiedDate":"2023-09-03"},{"lineNumber":58,"author":{"gitId":"lunaroddity"},"content":"    }","lastModifiedDate":"2023-09-01"},{"lineNumber":59,"author":{"gitId":"lunaroddity"},"content":"}","lastModifiedDate":"2023-08-24"}],"authorContributionMap":{"lunaroddity":59}},{"path":"src/main/java/DeleteCommand.java","fileType":"java","lines":[{"lineNumber":1,"author":{"gitId":"lunaroddity"},"content":"public class DeleteCommand extends Command {","lastModifiedDate":"2023-09-03"},{"lineNumber":2,"author":{"gitId":"lunaroddity"},"content":"    private int index;","lastModifiedDate":"2023-09-03"},{"lineNumber":3,"author":{"gitId":"lunaroddity"},"content":"","lastModifiedDate":"2023-09-03"},{"lineNumber":4,"author":{"gitId":"lunaroddity"},"content":"    public DeleteCommand(int index) {","lastModifiedDate":"2023-09-03"},{"lineNumber":5,"author":{"gitId":"lunaroddity"},"content":"        this.index \u003d index;","lastModifiedDate":"2023-09-03"},{"lineNumber":6,"author":{"gitId":"lunaroddity"},"content":"    }","lastModifiedDate":"2023-09-03"},{"lineNumber":7,"author":{"gitId":"lunaroddity"},"content":"    @Override","lastModifiedDate":"2023-09-03"},{"lineNumber":8,"author":{"gitId":"lunaroddity"},"content":"    public void execute(Ui ui, Storage storage, TaskList taskList) throws BareumException {","lastModifiedDate":"2023-09-03"},{"lineNumber":9,"author":{"gitId":"lunaroddity"},"content":"        String deletedTask \u003d taskList.get(index).toString();","lastModifiedDate":"2023-09-03"},{"lineNumber":10,"author":{"gitId":"lunaroddity"},"content":"        taskList.delete(index);","lastModifiedDate":"2023-09-03"},{"lineNumber":11,"author":{"gitId":"lunaroddity"},"content":"        storage.saveAllTasks(taskList);","lastModifiedDate":"2023-09-03"},{"lineNumber":12,"author":{"gitId":"lunaroddity"},"content":"        // exception for if index doesn\u0027t exist","lastModifiedDate":"2023-09-03"},{"lineNumber":13,"author":{"gitId":"lunaroddity"},"content":"        Ui.reply(\"Okay, I\u0027ve deleted this task from the list:\\n\" + deletedTask","lastModifiedDate":"2023-09-03"},{"lineNumber":14,"author":{"gitId":"lunaroddity"},"content":"                + \"\\nYou now have \" + taskList.size() + \" tasks in your list.\");","lastModifiedDate":"2023-09-03"},{"lineNumber":15,"author":{"gitId":"lunaroddity"},"content":"    }","lastModifiedDate":"2023-09-03"},{"lineNumber":16,"author":{"gitId":"lunaroddity"},"content":"}","lastModifiedDate":"2023-09-03"}],"authorContributionMap":{"lunaroddity":16}},{"path":"src/main/java/EventTask.java","fileType":"java","lines":[{"lineNumber":1,"author":{"gitId":"lunaroddity"},"content":"public class EventTask extends Task {","lastModifiedDate":"2023-08-24"},{"lineNumber":2,"author":{"gitId":"lunaroddity"},"content":"    String startDateTime;","lastModifiedDate":"2023-08-24"},{"lineNumber":3,"author":{"gitId":"lunaroddity"},"content":"    String endDateTime;","lastModifiedDate":"2023-08-24"},{"lineNumber":4,"author":{"gitId":"lunaroddity"},"content":"","lastModifiedDate":"2023-08-26"},{"lineNumber":5,"author":{"gitId":"lunaroddity"},"content":"    private EventTask(boolean isDone, String description, String startDateTime,","lastModifiedDate":"2023-09-01"},{"lineNumber":6,"author":{"gitId":"lunaroddity"},"content":"                     String endDateTime) {","lastModifiedDate":"2023-09-01"},{"lineNumber":7,"author":{"gitId":"lunaroddity"},"content":"        super(isDone, description);","lastModifiedDate":"2023-09-01"},{"lineNumber":8,"author":{"gitId":"lunaroddity"},"content":"        this.startDateTime \u003d startDateTime;","lastModifiedDate":"2023-08-24"},{"lineNumber":9,"author":{"gitId":"lunaroddity"},"content":"        this.endDateTime \u003d endDateTime;","lastModifiedDate":"2023-08-24"},{"lineNumber":10,"author":{"gitId":"lunaroddity"},"content":"        // add exceptions for time","lastModifiedDate":"2023-08-26"},{"lineNumber":11,"author":{"gitId":"lunaroddity"},"content":"    }","lastModifiedDate":"2023-08-24"},{"lineNumber":12,"author":{"gitId":"lunaroddity"},"content":"","lastModifiedDate":"2023-08-24"},{"lineNumber":13,"author":{"gitId":"lunaroddity"},"content":"    public static EventTask makeEvent(String allDetails) throws BareumException {","lastModifiedDate":"2023-09-03"},{"lineNumber":14,"author":{"gitId":"lunaroddity"},"content":"        if (allDetails.length() \u003d\u003d 0) {","lastModifiedDate":"2023-09-01"},{"lineNumber":15,"author":{"gitId":"lunaroddity"},"content":"            throw new BareumException(\"Event description cannot be empty.\");","lastModifiedDate":"2023-09-03"},{"lineNumber":16,"author":{"gitId":"lunaroddity"},"content":"        }","lastModifiedDate":"2023-09-01"},{"lineNumber":17,"author":{"gitId":"lunaroddity"},"content":"","lastModifiedDate":"2023-09-01"},{"lineNumber":18,"author":{"gitId":"lunaroddity"},"content":"        String[] descriptionStartEndTime \u003d allDetails.split(\"/from\");","lastModifiedDate":"2023-09-01"},{"lineNumber":19,"author":{"gitId":"lunaroddity"},"content":"        if (descriptionStartEndTime.length \u003c\u003d 1) {","lastModifiedDate":"2023-09-01"},{"lineNumber":20,"author":{"gitId":"lunaroddity"},"content":"            throw new BareumException(\"Event start time cannot be empty.\");","lastModifiedDate":"2023-09-03"},{"lineNumber":21,"author":{"gitId":"lunaroddity"},"content":"        }","lastModifiedDate":"2023-09-01"},{"lineNumber":22,"author":{"gitId":"lunaroddity"},"content":"","lastModifiedDate":"2023-09-01"},{"lineNumber":23,"author":{"gitId":"lunaroddity"},"content":"        String description \u003d descriptionStartEndTime[0];","lastModifiedDate":"2023-09-01"},{"lineNumber":24,"author":{"gitId":"lunaroddity"},"content":"        String[] startEndTime \u003d descriptionStartEndTime[1].split(\"/to\");","lastModifiedDate":"2023-09-01"},{"lineNumber":25,"author":{"gitId":"lunaroddity"},"content":"        if (startEndTime.length \u003c\u003d 1) {","lastModifiedDate":"2023-09-01"},{"lineNumber":26,"author":{"gitId":"lunaroddity"},"content":"            throw new BareumException(\"Event end time cannot be empty.\");","lastModifiedDate":"2023-09-03"},{"lineNumber":27,"author":{"gitId":"lunaroddity"},"content":"        }","lastModifiedDate":"2023-09-01"},{"lineNumber":28,"author":{"gitId":"lunaroddity"},"content":"","lastModifiedDate":"2023-09-01"},{"lineNumber":29,"author":{"gitId":"lunaroddity"},"content":"        String startDateTime \u003d startEndTime[0];","lastModifiedDate":"2023-09-01"},{"lineNumber":30,"author":{"gitId":"lunaroddity"},"content":"        String endDateTime \u003d startEndTime[1];","lastModifiedDate":"2023-09-01"},{"lineNumber":31,"author":{"gitId":"lunaroddity"},"content":"        return new EventTask(false, description, startDateTime, endDateTime);","lastModifiedDate":"2023-09-01"},{"lineNumber":32,"author":{"gitId":"lunaroddity"},"content":"    }","lastModifiedDate":"2023-09-01"},{"lineNumber":33,"author":{"gitId":"lunaroddity"},"content":"","lastModifiedDate":"2023-09-01"},{"lineNumber":34,"author":{"gitId":"lunaroddity"},"content":"    public static EventTask makeEvent(String[] taskInputs) {","lastModifiedDate":"2023-09-03"},{"lineNumber":35,"author":{"gitId":"lunaroddity"},"content":"        boolean isDone \u003d taskInputs[1].equals(\"1\");","lastModifiedDate":"2023-09-01"},{"lineNumber":36,"author":{"gitId":"lunaroddity"},"content":"        String description \u003d taskInputs[2];","lastModifiedDate":"2023-09-01"},{"lineNumber":37,"author":{"gitId":"lunaroddity"},"content":"        String startDateTime \u003d taskInputs[3];","lastModifiedDate":"2023-09-01"},{"lineNumber":38,"author":{"gitId":"lunaroddity"},"content":"        String endDateTime \u003d taskInputs[4];","lastModifiedDate":"2023-09-01"},{"lineNumber":39,"author":{"gitId":"lunaroddity"},"content":"        return new EventTask(isDone, description, startDateTime, endDateTime);","lastModifiedDate":"2023-09-01"},{"lineNumber":40,"author":{"gitId":"lunaroddity"},"content":"    }","lastModifiedDate":"2023-09-01"},{"lineNumber":41,"author":{"gitId":"lunaroddity"},"content":"","lastModifiedDate":"2023-09-01"},{"lineNumber":42,"author":{"gitId":"lunaroddity"},"content":"    @Override","lastModifiedDate":"2023-08-24"},{"lineNumber":43,"author":{"gitId":"lunaroddity"},"content":"    public String toString() {","lastModifiedDate":"2023-08-24"},{"lineNumber":44,"author":{"gitId":"lunaroddity"},"content":"        return \"[E][\" + this.getStatusIcon() + \"] \" + this.description","lastModifiedDate":"2023-08-24"},{"lineNumber":45,"author":{"gitId":"lunaroddity"},"content":"                + \"(from:\" + startDateTime + \"to:\" + endDateTime + \")\";","lastModifiedDate":"2023-08-24"},{"lineNumber":46,"author":{"gitId":"lunaroddity"},"content":"    }","lastModifiedDate":"2023-08-24"},{"lineNumber":47,"author":{"gitId":"lunaroddity"},"content":"","lastModifiedDate":"2023-09-01"},{"lineNumber":48,"author":{"gitId":"lunaroddity"},"content":"    @Override","lastModifiedDate":"2023-09-01"},{"lineNumber":49,"author":{"gitId":"lunaroddity"},"content":"    public String toSavedString() {","lastModifiedDate":"2023-09-01"},{"lineNumber":50,"author":{"gitId":"lunaroddity"},"content":"        String done \u003d isDone ? \"1\" : \"0\";","lastModifiedDate":"2023-09-01"},{"lineNumber":51,"author":{"gitId":"lunaroddity"},"content":"        return \"E|\" + done + \"|\" + this.description + \"|\" + this.startDateTime + \"|\" + this.endDateTime +\"\\n\";","lastModifiedDate":"2023-09-01"},{"lineNumber":52,"author":{"gitId":"lunaroddity"},"content":"    }","lastModifiedDate":"2023-09-01"},{"lineNumber":53,"author":{"gitId":"lunaroddity"},"content":"}","lastModifiedDate":"2023-08-24"}],"authorContributionMap":{"lunaroddity":53}},{"path":"src/main/java/IncorrectCommand.java","fileType":"java","lines":[{"lineNumber":1,"author":{"gitId":"lunaroddity"},"content":"public class IncorrectCommand extends Command {","lastModifiedDate":"2023-09-03"},{"lineNumber":2,"author":{"gitId":"lunaroddity"},"content":"    public IncorrectCommand() {","lastModifiedDate":"2023-09-03"},{"lineNumber":3,"author":{"gitId":"lunaroddity"},"content":"","lastModifiedDate":"2023-09-03"},{"lineNumber":4,"author":{"gitId":"lunaroddity"},"content":"    }","lastModifiedDate":"2023-09-03"},{"lineNumber":5,"author":{"gitId":"lunaroddity"},"content":"","lastModifiedDate":"2023-09-03"},{"lineNumber":6,"author":{"gitId":"lunaroddity"},"content":"    @Override","lastModifiedDate":"2023-09-03"},{"lineNumber":7,"author":{"gitId":"lunaroddity"},"content":"    public void execute(Ui ui, Storage storage, TaskList taskList) throws BareumException {","lastModifiedDate":"2023-09-03"},{"lineNumber":8,"author":{"gitId":"lunaroddity"},"content":"        Ui.reply(\"Oops! I\u0027m sorry but I don\u0027t know what that means :(\");","lastModifiedDate":"2023-09-03"},{"lineNumber":9,"author":{"gitId":"lunaroddity"},"content":"    }","lastModifiedDate":"2023-09-03"},{"lineNumber":10,"author":{"gitId":"lunaroddity"},"content":"}","lastModifiedDate":"2023-09-03"}],"authorContributionMap":{"lunaroddity":10}},{"path":"src/main/java/ListCommand.java","fileType":"java","lines":[{"lineNumber":1,"author":{"gitId":"lunaroddity"},"content":"public class ListCommand extends Command {","lastModifiedDate":"2023-09-03"},{"lineNumber":2,"author":{"gitId":"lunaroddity"},"content":"","lastModifiedDate":"2023-09-03"},{"lineNumber":3,"author":{"gitId":"lunaroddity"},"content":"    public ListCommand() {","lastModifiedDate":"2023-09-03"},{"lineNumber":4,"author":{"gitId":"lunaroddity"},"content":"    }","lastModifiedDate":"2023-09-03"},{"lineNumber":5,"author":{"gitId":"lunaroddity"},"content":"","lastModifiedDate":"2023-09-03"},{"lineNumber":6,"author":{"gitId":"lunaroddity"},"content":"    @Override","lastModifiedDate":"2023-09-03"},{"lineNumber":7,"author":{"gitId":"lunaroddity"},"content":"    public void execute(Ui ui, Storage storage, TaskList taskList) {","lastModifiedDate":"2023-09-03"},{"lineNumber":8,"author":{"gitId":"lunaroddity"},"content":"        Ui.reply(\"Here are your current tasks!\");","lastModifiedDate":"2023-09-03"},{"lineNumber":9,"author":{"gitId":"lunaroddity"},"content":"        for (int i \u003d 0; i \u003c taskList.size(); i++) {","lastModifiedDate":"2023-09-03"},{"lineNumber":10,"author":{"gitId":"lunaroddity"},"content":"            System.out.println((i + 1) + \". \" + taskList.get(i).toString());","lastModifiedDate":"2023-09-03"},{"lineNumber":11,"author":{"gitId":"lunaroddity"},"content":"        }","lastModifiedDate":"2023-09-03"},{"lineNumber":12,"author":{"gitId":"lunaroddity"},"content":"    }","lastModifiedDate":"2023-09-03"},{"lineNumber":13,"author":{"gitId":"lunaroddity"},"content":"}","lastModifiedDate":"2023-09-03"}],"authorContributionMap":{"lunaroddity":13}},{"path":"src/main/java/MarkCommand.java","fileType":"java","lines":[{"lineNumber":1,"author":{"gitId":"lunaroddity"},"content":"public class MarkCommand extends Command {","lastModifiedDate":"2023-09-03"},{"lineNumber":2,"author":{"gitId":"lunaroddity"},"content":"    private int index;","lastModifiedDate":"2023-09-03"},{"lineNumber":3,"author":{"gitId":"lunaroddity"},"content":"","lastModifiedDate":"2023-09-03"},{"lineNumber":4,"author":{"gitId":"lunaroddity"},"content":"    public MarkCommand(int index) {","lastModifiedDate":"2023-09-03"},{"lineNumber":5,"author":{"gitId":"lunaroddity"},"content":"        this.index \u003d index;","lastModifiedDate":"2023-09-03"},{"lineNumber":6,"author":{"gitId":"lunaroddity"},"content":"    }","lastModifiedDate":"2023-09-03"},{"lineNumber":7,"author":{"gitId":"lunaroddity"},"content":"","lastModifiedDate":"2023-09-03"},{"lineNumber":8,"author":{"gitId":"lunaroddity"},"content":"    @Override","lastModifiedDate":"2023-09-03"},{"lineNumber":9,"author":{"gitId":"lunaroddity"},"content":"    public void execute(Ui ui, Storage storage, TaskList taskList) {","lastModifiedDate":"2023-09-03"},{"lineNumber":10,"author":{"gitId":"lunaroddity"},"content":"        taskList.markAsDone(index);","lastModifiedDate":"2023-09-03"},{"lineNumber":11,"author":{"gitId":"lunaroddity"},"content":"        storage.saveAllTasks(taskList);","lastModifiedDate":"2023-09-03"},{"lineNumber":12,"author":{"gitId":"lunaroddity"},"content":"        Ui.reply(\"Well done! I\u0027ve marked this task as done:\\n\" + taskList.get(index).toString());","lastModifiedDate":"2023-09-03"},{"lineNumber":13,"author":{"gitId":"lunaroddity"},"content":"    }","lastModifiedDate":"2023-09-03"},{"lineNumber":14,"author":{"gitId":"lunaroddity"},"content":"}","lastModifiedDate":"2023-09-03"}],"authorContributionMap":{"lunaroddity":14}},{"path":"src/main/java/Parser.java","fileType":"java","lines":[{"lineNumber":1,"author":{"gitId":"lunaroddity"},"content":"public class Parser {","lastModifiedDate":"2023-09-03"},{"lineNumber":2,"author":{"gitId":"lunaroddity"},"content":"    public Parser() {","lastModifiedDate":"2023-09-03"},{"lineNumber":3,"author":{"gitId":"lunaroddity"},"content":"","lastModifiedDate":"2023-09-03"},{"lineNumber":4,"author":{"gitId":"lunaroddity"},"content":"    }","lastModifiedDate":"2023-09-03"},{"lineNumber":5,"author":{"gitId":"lunaroddity"},"content":"","lastModifiedDate":"2023-09-03"},{"lineNumber":6,"author":{"gitId":"lunaroddity"},"content":"    Command parse(String input) throws BareumException {","lastModifiedDate":"2023-09-03"},{"lineNumber":7,"author":{"gitId":"lunaroddity"},"content":"        String[] commandInputs \u003d input.split(\" \", 2);","lastModifiedDate":"2023-09-03"},{"lineNumber":8,"author":{"gitId":"lunaroddity"},"content":"        Command cmd \u003d null;","lastModifiedDate":"2023-09-03"},{"lineNumber":9,"author":{"gitId":"lunaroddity"},"content":"        if (commandInputs[0].equals(\"bye\")) {","lastModifiedDate":"2023-09-03"},{"lineNumber":10,"author":{"gitId":"lunaroddity"},"content":"            return new ByeCommand();","lastModifiedDate":"2023-09-03"},{"lineNumber":11,"author":{"gitId":"lunaroddity"},"content":"        } else if (commandInputs[0].equals(\"list\")) {","lastModifiedDate":"2023-09-03"},{"lineNumber":12,"author":{"gitId":"lunaroddity"},"content":"            // exception for no index","lastModifiedDate":"2023-09-03"},{"lineNumber":13,"author":{"gitId":"lunaroddity"},"content":"            cmd \u003d new ListCommand();","lastModifiedDate":"2023-09-03"},{"lineNumber":14,"author":{"gitId":"lunaroddity"},"content":"        } else if (commandInputs[0].equals(\"mark\")) {","lastModifiedDate":"2023-09-03"},{"lineNumber":15,"author":{"gitId":"lunaroddity"},"content":"            int index \u003d Integer.parseInt(commandInputs[1]) - 1;","lastModifiedDate":"2023-09-03"},{"lineNumber":16,"author":{"gitId":"lunaroddity"},"content":"            cmd \u003d new MarkCommand(index);","lastModifiedDate":"2023-09-03"},{"lineNumber":17,"author":{"gitId":"lunaroddity"},"content":"        } else if (commandInputs[0].equals(\"unmark\")) {","lastModifiedDate":"2023-09-03"},{"lineNumber":18,"author":{"gitId":"lunaroddity"},"content":"            int index \u003d Integer.parseInt(commandInputs[1]) - 1;","lastModifiedDate":"2023-09-03"},{"lineNumber":19,"author":{"gitId":"lunaroddity"},"content":"            cmd \u003d new UnmarkCommand(index);","lastModifiedDate":"2023-09-03"},{"lineNumber":20,"author":{"gitId":"lunaroddity"},"content":"        } else if (commandInputs[0].equals(\"delete\")) {","lastModifiedDate":"2023-09-03"},{"lineNumber":21,"author":{"gitId":"lunaroddity"},"content":"            int index \u003d Integer.parseInt(commandInputs[1]) - 1;","lastModifiedDate":"2023-09-03"},{"lineNumber":22,"author":{"gitId":"lunaroddity"},"content":"            cmd \u003d new DeleteCommand(index);","lastModifiedDate":"2023-09-03"},{"lineNumber":23,"author":{"gitId":"lunaroddity"},"content":"        } else if (commandInputs[0].equals(\"todo\")) {","lastModifiedDate":"2023-09-03"},{"lineNumber":24,"author":{"gitId":"lunaroddity"},"content":"            cmd \u003d new AddTodoCommand(commandInputs);","lastModifiedDate":"2023-09-03"},{"lineNumber":25,"author":{"gitId":"lunaroddity"},"content":"        } else if (commandInputs[0].equals(\"deadline\")){","lastModifiedDate":"2023-09-03"},{"lineNumber":26,"author":{"gitId":"lunaroddity"},"content":"            cmd \u003d new AddDeadlineCommand(commandInputs);","lastModifiedDate":"2023-09-03"},{"lineNumber":27,"author":{"gitId":"lunaroddity"},"content":"        } else if (commandInputs[0].equals(\"event\")) {","lastModifiedDate":"2023-09-03"},{"lineNumber":28,"author":{"gitId":"lunaroddity"},"content":"            cmd \u003d new AddEventCommand(commandInputs);","lastModifiedDate":"2023-09-03"},{"lineNumber":29,"author":{"gitId":"lunaroddity"},"content":"        } else {","lastModifiedDate":"2023-09-03"},{"lineNumber":30,"author":{"gitId":"lunaroddity"},"content":"            cmd \u003d new IncorrectCommand();","lastModifiedDate":"2023-09-03"},{"lineNumber":31,"author":{"gitId":"lunaroddity"},"content":"        }","lastModifiedDate":"2023-09-03"},{"lineNumber":32,"author":{"gitId":"lunaroddity"},"content":"","lastModifiedDate":"2023-09-03"},{"lineNumber":33,"author":{"gitId":"lunaroddity"},"content":"        return cmd;","lastModifiedDate":"2023-09-03"},{"lineNumber":34,"author":{"gitId":"lunaroddity"},"content":"    }","lastModifiedDate":"2023-09-03"},{"lineNumber":35,"author":{"gitId":"lunaroddity"},"content":"}","lastModifiedDate":"2023-09-03"}],"authorContributionMap":{"lunaroddity":35}},{"path":"src/main/java/Storage.java","fileType":"java","lines":[{"lineNumber":1,"author":{"gitId":"lunaroddity"},"content":"import java.io.File;","lastModifiedDate":"2023-09-03"},{"lineNumber":2,"author":{"gitId":"lunaroddity"},"content":"import java.io.FileReader;","lastModifiedDate":"2023-09-03"},{"lineNumber":3,"author":{"gitId":"lunaroddity"},"content":"import java.io.FileWriter;","lastModifiedDate":"2023-09-03"},{"lineNumber":4,"author":{"gitId":"lunaroddity"},"content":"import java.io.IOException;","lastModifiedDate":"2023-09-03"},{"lineNumber":5,"author":{"gitId":"lunaroddity"},"content":"","lastModifiedDate":"2023-09-03"},{"lineNumber":6,"author":{"gitId":"lunaroddity"},"content":"public class Storage {","lastModifiedDate":"2023-09-03"},{"lineNumber":7,"author":{"gitId":"lunaroddity"},"content":"    File storedTasks;","lastModifiedDate":"2023-09-03"},{"lineNumber":8,"author":{"gitId":"lunaroddity"},"content":"","lastModifiedDate":"2023-09-03"},{"lineNumber":9,"author":{"gitId":"lunaroddity"},"content":"    public Storage() {","lastModifiedDate":"2023-09-03"},{"lineNumber":10,"author":{"gitId":"lunaroddity"},"content":"","lastModifiedDate":"2023-09-03"},{"lineNumber":11,"author":{"gitId":"lunaroddity"},"content":"    }","lastModifiedDate":"2023-09-03"},{"lineNumber":12,"author":{"gitId":"lunaroddity"},"content":"","lastModifiedDate":"2023-09-03"},{"lineNumber":13,"author":{"gitId":"lunaroddity"},"content":"    void loadSavedTaskList(TaskList taskList) {","lastModifiedDate":"2023-09-03"},{"lineNumber":14,"author":{"gitId":"lunaroddity"},"content":"        File data \u003d new File(\"./data\");","lastModifiedDate":"2023-09-03"},{"lineNumber":15,"author":{"gitId":"lunaroddity"},"content":"        if (!data.exists()) {","lastModifiedDate":"2023-09-03"},{"lineNumber":16,"author":{"gitId":"lunaroddity"},"content":"            try {","lastModifiedDate":"2023-09-03"},{"lineNumber":17,"author":{"gitId":"lunaroddity"},"content":"                data.mkdirs();","lastModifiedDate":"2023-09-03"},{"lineNumber":18,"author":{"gitId":"lunaroddity"},"content":"            } catch (SecurityException e) {","lastModifiedDate":"2023-09-03"},{"lineNumber":19,"author":{"gitId":"lunaroddity"},"content":"                System.out.println(e.getMessage());","lastModifiedDate":"2023-09-03"},{"lineNumber":20,"author":{"gitId":"lunaroddity"},"content":"            }","lastModifiedDate":"2023-09-03"},{"lineNumber":21,"author":{"gitId":"lunaroddity"},"content":"        }","lastModifiedDate":"2023-09-03"},{"lineNumber":22,"author":{"gitId":"lunaroddity"},"content":"","lastModifiedDate":"2023-09-03"},{"lineNumber":23,"author":{"gitId":"lunaroddity"},"content":"        File storedTasks \u003d new File(\"./data/storedTasks.txt\");","lastModifiedDate":"2023-09-03"},{"lineNumber":24,"author":{"gitId":"lunaroddity"},"content":"        if (!storedTasks.exists()) {","lastModifiedDate":"2023-09-03"},{"lineNumber":25,"author":{"gitId":"lunaroddity"},"content":"            try {","lastModifiedDate":"2023-09-03"},{"lineNumber":26,"author":{"gitId":"lunaroddity"},"content":"                storedTasks.createNewFile();","lastModifiedDate":"2023-09-03"},{"lineNumber":27,"author":{"gitId":"lunaroddity"},"content":"            } catch (IOException e) {","lastModifiedDate":"2023-09-03"},{"lineNumber":28,"author":{"gitId":"lunaroddity"},"content":"                System.out.println(e.getMessage());","lastModifiedDate":"2023-09-03"},{"lineNumber":29,"author":{"gitId":"lunaroddity"},"content":"            }","lastModifiedDate":"2023-09-03"},{"lineNumber":30,"author":{"gitId":"lunaroddity"},"content":"        }","lastModifiedDate":"2023-09-03"},{"lineNumber":31,"author":{"gitId":"lunaroddity"},"content":"        this.storedTasks \u003d storedTasks;","lastModifiedDate":"2023-09-03"},{"lineNumber":32,"author":{"gitId":"lunaroddity"},"content":"        StringBuilder savedTasks \u003d new StringBuilder();","lastModifiedDate":"2023-09-03"},{"lineNumber":33,"author":{"gitId":"lunaroddity"},"content":"        int currChar;","lastModifiedDate":"2023-09-03"},{"lineNumber":34,"author":{"gitId":"lunaroddity"},"content":"        try {","lastModifiedDate":"2023-09-03"},{"lineNumber":35,"author":{"gitId":"lunaroddity"},"content":"            FileReader fr \u003d new FileReader(storedTasks);","lastModifiedDate":"2023-09-03"},{"lineNumber":36,"author":{"gitId":"lunaroddity"},"content":"            while ((currChar \u003d fr.read()) !\u003d -1) {","lastModifiedDate":"2023-09-03"},{"lineNumber":37,"author":{"gitId":"lunaroddity"},"content":"                savedTasks.append((char) currChar);","lastModifiedDate":"2023-09-03"},{"lineNumber":38,"author":{"gitId":"lunaroddity"},"content":"            }","lastModifiedDate":"2023-09-03"},{"lineNumber":39,"author":{"gitId":"lunaroddity"},"content":"","lastModifiedDate":"2023-09-03"},{"lineNumber":40,"author":{"gitId":"lunaroddity"},"content":"            String[] allTaskInputs \u003d savedTasks.toString(). split(\"\\n\");","lastModifiedDate":"2023-09-03"},{"lineNumber":41,"author":{"gitId":"lunaroddity"},"content":"            for (int i \u003d 0; i \u003c allTaskInputs.length; i++) {","lastModifiedDate":"2023-09-03"},{"lineNumber":42,"author":{"gitId":"lunaroddity"},"content":"                String[] taskInputs \u003d allTaskInputs[i].split(\"\\\\|\");","lastModifiedDate":"2023-09-03"},{"lineNumber":43,"author":{"gitId":"lunaroddity"},"content":"                if (taskInputs[0].equals(\"T\")) {","lastModifiedDate":"2023-09-03"},{"lineNumber":44,"author":{"gitId":"lunaroddity"},"content":"                    taskList.addTask(TodoTask.makeTodo(taskInputs));","lastModifiedDate":"2023-09-03"},{"lineNumber":45,"author":{"gitId":"lunaroddity"},"content":"                } else if (taskInputs[0].equals(\"D\")) {","lastModifiedDate":"2023-09-03"},{"lineNumber":46,"author":{"gitId":"lunaroddity"},"content":"                    taskList.addTask(DeadlineTask.makeDeadline(taskInputs));","lastModifiedDate":"2023-09-03"},{"lineNumber":47,"author":{"gitId":"lunaroddity"},"content":"                    // enum: done not done to prevent invalid input","lastModifiedDate":"2023-09-03"},{"lineNumber":48,"author":{"gitId":"lunaroddity"},"content":"                } else if (taskInputs[0].equals(\"E\")) {","lastModifiedDate":"2023-09-03"},{"lineNumber":49,"author":{"gitId":"lunaroddity"},"content":"                    taskList.addTask(EventTask.makeEvent(taskInputs));","lastModifiedDate":"2023-09-03"},{"lineNumber":50,"author":{"gitId":"lunaroddity"},"content":"                }","lastModifiedDate":"2023-09-03"},{"lineNumber":51,"author":{"gitId":"lunaroddity"},"content":"            }","lastModifiedDate":"2023-09-03"},{"lineNumber":52,"author":{"gitId":"lunaroddity"},"content":"        } catch (IOException e) {","lastModifiedDate":"2023-09-03"},{"lineNumber":53,"author":{"gitId":"lunaroddity"},"content":"            System.out.println(e.getMessage());","lastModifiedDate":"2023-09-03"},{"lineNumber":54,"author":{"gitId":"lunaroddity"},"content":"        }","lastModifiedDate":"2023-09-03"},{"lineNumber":55,"author":{"gitId":"lunaroddity"},"content":"    }","lastModifiedDate":"2023-09-03"},{"lineNumber":56,"author":{"gitId":"lunaroddity"},"content":"","lastModifiedDate":"2023-09-03"},{"lineNumber":57,"author":{"gitId":"lunaroddity"},"content":"    void saveNewTask(Task newTask) {","lastModifiedDate":"2023-09-03"},{"lineNumber":58,"author":{"gitId":"lunaroddity"},"content":"        try {","lastModifiedDate":"2023-09-03"},{"lineNumber":59,"author":{"gitId":"lunaroddity"},"content":"            FileWriter fw \u003d new FileWriter(storedTasks, true);","lastModifiedDate":"2023-09-03"},{"lineNumber":60,"author":{"gitId":"lunaroddity"},"content":"            fw.write(newTask.toSavedString());","lastModifiedDate":"2023-09-03"},{"lineNumber":61,"author":{"gitId":"lunaroddity"},"content":"            fw.close();","lastModifiedDate":"2023-09-03"},{"lineNumber":62,"author":{"gitId":"lunaroddity"},"content":"        } catch (IOException e) {","lastModifiedDate":"2023-09-03"},{"lineNumber":63,"author":{"gitId":"lunaroddity"},"content":"            System.out.println(e.getMessage());","lastModifiedDate":"2023-09-03"},{"lineNumber":64,"author":{"gitId":"lunaroddity"},"content":"        }","lastModifiedDate":"2023-09-03"},{"lineNumber":65,"author":{"gitId":"lunaroddity"},"content":"    }","lastModifiedDate":"2023-09-03"},{"lineNumber":66,"author":{"gitId":"lunaroddity"},"content":"","lastModifiedDate":"2023-09-03"},{"lineNumber":67,"author":{"gitId":"lunaroddity"},"content":"    void saveAllTasks(TaskList taskList) {","lastModifiedDate":"2023-09-03"},{"lineNumber":68,"author":{"gitId":"lunaroddity"},"content":"        try {","lastModifiedDate":"2023-09-03"},{"lineNumber":69,"author":{"gitId":"lunaroddity"},"content":"            FileWriter fw \u003d new FileWriter(storedTasks);","lastModifiedDate":"2023-09-03"},{"lineNumber":70,"author":{"gitId":"lunaroddity"},"content":"            for (int i \u003d 0; i \u003c taskList.size(); i++) {","lastModifiedDate":"2023-09-03"},{"lineNumber":71,"author":{"gitId":"lunaroddity"},"content":"                fw.write(taskList.get(i).toSavedString());","lastModifiedDate":"2023-09-03"},{"lineNumber":72,"author":{"gitId":"lunaroddity"},"content":"            }","lastModifiedDate":"2023-09-03"},{"lineNumber":73,"author":{"gitId":"lunaroddity"},"content":"            fw.flush();","lastModifiedDate":"2023-09-03"},{"lineNumber":74,"author":{"gitId":"lunaroddity"},"content":"            fw.close();","lastModifiedDate":"2023-09-03"},{"lineNumber":75,"author":{"gitId":"lunaroddity"},"content":"        } catch (IOException e) {","lastModifiedDate":"2023-09-03"},{"lineNumber":76,"author":{"gitId":"lunaroddity"},"content":"            System.out.println(e.getMessage());","lastModifiedDate":"2023-09-03"},{"lineNumber":77,"author":{"gitId":"lunaroddity"},"content":"        }","lastModifiedDate":"2023-09-03"},{"lineNumber":78,"author":{"gitId":"lunaroddity"},"content":"    }","lastModifiedDate":"2023-09-03"},{"lineNumber":79,"author":{"gitId":"lunaroddity"},"content":"}","lastModifiedDate":"2023-09-03"}],"authorContributionMap":{"lunaroddity":79}},{"path":"src/main/java/Task.java","fileType":"java","lines":[{"lineNumber":1,"author":{"gitId":"lunaroddity"},"content":"public class Task {","lastModifiedDate":"2023-08-24"},{"lineNumber":2,"author":{"gitId":"lunaroddity"},"content":"    String description;","lastModifiedDate":"2023-08-24"},{"lineNumber":3,"author":{"gitId":"lunaroddity"},"content":"    boolean isDone;","lastModifiedDate":"2023-09-01"},{"lineNumber":4,"author":{"gitId":"lunaroddity"},"content":"","lastModifiedDate":"2023-08-24"},{"lineNumber":5,"author":{"gitId":"lunaroddity"},"content":"    public Task(boolean isDone, String description) {","lastModifiedDate":"2023-09-01"},{"lineNumber":6,"author":{"gitId":"lunaroddity"},"content":"        this.isDone \u003d isDone;","lastModifiedDate":"2023-09-01"},{"lineNumber":7,"author":{"gitId":"lunaroddity"},"content":"        this.description \u003d description;","lastModifiedDate":"2023-08-24"},{"lineNumber":8,"author":{"gitId":"lunaroddity"},"content":"    }","lastModifiedDate":"2023-08-24"},{"lineNumber":9,"author":{"gitId":"lunaroddity"},"content":"","lastModifiedDate":"2023-08-24"},{"lineNumber":10,"author":{"gitId":"lunaroddity"},"content":"    public void markAsDone() {","lastModifiedDate":"2023-08-24"},{"lineNumber":11,"author":{"gitId":"lunaroddity"},"content":"        this.isDone \u003d true;","lastModifiedDate":"2023-08-24"},{"lineNumber":12,"author":{"gitId":"lunaroddity"},"content":"    }","lastModifiedDate":"2023-08-24"},{"lineNumber":13,"author":{"gitId":"lunaroddity"},"content":"","lastModifiedDate":"2023-08-24"},{"lineNumber":14,"author":{"gitId":"lunaroddity"},"content":"    public void markAsUndone() {","lastModifiedDate":"2023-08-24"},{"lineNumber":15,"author":{"gitId":"lunaroddity"},"content":"        this.isDone \u003d false;","lastModifiedDate":"2023-08-24"},{"lineNumber":16,"author":{"gitId":"lunaroddity"},"content":"    }","lastModifiedDate":"2023-08-24"},{"lineNumber":17,"author":{"gitId":"lunaroddity"},"content":"","lastModifiedDate":"2023-08-24"},{"lineNumber":18,"author":{"gitId":"lunaroddity"},"content":"    public String getStatusIcon() {","lastModifiedDate":"2023-08-24"},{"lineNumber":19,"author":{"gitId":"lunaroddity"},"content":"        return isDone ? \"X\" : \" \";","lastModifiedDate":"2023-08-24"},{"lineNumber":20,"author":{"gitId":"lunaroddity"},"content":"    }","lastModifiedDate":"2023-08-24"},{"lineNumber":21,"author":{"gitId":"lunaroddity"},"content":"","lastModifiedDate":"2023-08-24"},{"lineNumber":22,"author":{"gitId":"lunaroddity"},"content":"    @Override","lastModifiedDate":"2023-08-24"},{"lineNumber":23,"author":{"gitId":"lunaroddity"},"content":"    public String toString() {","lastModifiedDate":"2023-08-24"},{"lineNumber":24,"author":{"gitId":"lunaroddity"},"content":"        return \"[\" + this.getStatusIcon() + \"] \" + this.description;","lastModifiedDate":"2023-08-24"},{"lineNumber":25,"author":{"gitId":"lunaroddity"},"content":"    }","lastModifiedDate":"2023-08-24"},{"lineNumber":26,"author":{"gitId":"lunaroddity"},"content":"","lastModifiedDate":"2023-09-01"},{"lineNumber":27,"author":{"gitId":"lunaroddity"},"content":"    public String toSavedString() {","lastModifiedDate":"2023-09-01"},{"lineNumber":28,"author":{"gitId":"lunaroddity"},"content":"        return this.description;","lastModifiedDate":"2023-09-01"},{"lineNumber":29,"author":{"gitId":"lunaroddity"},"content":"    }","lastModifiedDate":"2023-09-01"},{"lineNumber":30,"author":{"gitId":"lunaroddity"},"content":"}","lastModifiedDate":"2023-08-24"}],"authorContributionMap":{"lunaroddity":30}},{"path":"src/main/java/TaskList.java","fileType":"java","lines":[{"lineNumber":1,"author":{"gitId":"lunaroddity"},"content":"import java.util.ArrayList;","lastModifiedDate":"2023-08-24"},{"lineNumber":2,"author":{"gitId":"lunaroddity"},"content":"","lastModifiedDate":"2023-08-24"},{"lineNumber":3,"author":{"gitId":"lunaroddity"},"content":"public class TaskList {","lastModifiedDate":"2023-08-24"},{"lineNumber":4,"author":{"gitId":"lunaroddity"},"content":"    ArrayList\u003cTask\u003e taskList;","lastModifiedDate":"2023-08-24"},{"lineNumber":5,"author":{"gitId":"lunaroddity"},"content":"","lastModifiedDate":"2023-08-24"},{"lineNumber":6,"author":{"gitId":"lunaroddity"},"content":"    public TaskList() {","lastModifiedDate":"2023-08-24"},{"lineNumber":7,"author":{"gitId":"lunaroddity"},"content":"        this.taskList \u003d new ArrayList\u003c\u003e();","lastModifiedDate":"2023-08-24"},{"lineNumber":8,"author":{"gitId":"lunaroddity"},"content":"    }","lastModifiedDate":"2023-08-24"},{"lineNumber":9,"author":{"gitId":"lunaroddity"},"content":"","lastModifiedDate":"2023-08-24"},{"lineNumber":10,"author":{"gitId":"lunaroddity"},"content":"    public void addTask(Task task) {","lastModifiedDate":"2023-08-24"},{"lineNumber":11,"author":{"gitId":"lunaroddity"},"content":"        this.taskList.add(task);","lastModifiedDate":"2023-08-24"},{"lineNumber":12,"author":{"gitId":"lunaroddity"},"content":"    }","lastModifiedDate":"2023-08-24"},{"lineNumber":13,"author":{"gitId":"lunaroddity"},"content":"","lastModifiedDate":"2023-08-24"},{"lineNumber":14,"author":{"gitId":"lunaroddity"},"content":"    public int size() {","lastModifiedDate":"2023-08-24"},{"lineNumber":15,"author":{"gitId":"lunaroddity"},"content":"        return this.taskList.size();","lastModifiedDate":"2023-08-24"},{"lineNumber":16,"author":{"gitId":"lunaroddity"},"content":"    }","lastModifiedDate":"2023-08-24"},{"lineNumber":17,"author":{"gitId":"lunaroddity"},"content":"","lastModifiedDate":"2023-08-24"},{"lineNumber":18,"author":{"gitId":"lunaroddity"},"content":"    public Task get(int index) {","lastModifiedDate":"2023-08-24"},{"lineNumber":19,"author":{"gitId":"lunaroddity"},"content":"        return this.taskList.get(index);","lastModifiedDate":"2023-08-24"},{"lineNumber":20,"author":{"gitId":"lunaroddity"},"content":"    }","lastModifiedDate":"2023-08-24"},{"lineNumber":21,"author":{"gitId":"lunaroddity"},"content":"","lastModifiedDate":"2023-08-24"},{"lineNumber":22,"author":{"gitId":"lunaroddity"},"content":"    public void markAsDone(int index) {","lastModifiedDate":"2023-08-24"},{"lineNumber":23,"author":{"gitId":"lunaroddity"},"content":"        this.taskList.get(index).markAsDone();","lastModifiedDate":"2023-08-24"},{"lineNumber":24,"author":{"gitId":"lunaroddity"},"content":"    }","lastModifiedDate":"2023-08-24"},{"lineNumber":25,"author":{"gitId":"lunaroddity"},"content":"","lastModifiedDate":"2023-08-24"},{"lineNumber":26,"author":{"gitId":"lunaroddity"},"content":"    public void markAsUndone(int index) {","lastModifiedDate":"2023-08-24"},{"lineNumber":27,"author":{"gitId":"lunaroddity"},"content":"        this.taskList.get(index).markAsUndone();","lastModifiedDate":"2023-08-24"},{"lineNumber":28,"author":{"gitId":"lunaroddity"},"content":"    }","lastModifiedDate":"2023-08-24"},{"lineNumber":29,"author":{"gitId":"lunaroddity"},"content":"","lastModifiedDate":"2023-08-26"},{"lineNumber":30,"author":{"gitId":"lunaroddity"},"content":"    public void delete(int index) {","lastModifiedDate":"2023-08-26"},{"lineNumber":31,"author":{"gitId":"lunaroddity"},"content":"        this.taskList.remove(index);","lastModifiedDate":"2023-08-26"},{"lineNumber":32,"author":{"gitId":"lunaroddity"},"content":"    }","lastModifiedDate":"2023-08-26"},{"lineNumber":33,"author":{"gitId":"lunaroddity"},"content":"}","lastModifiedDate":"2023-08-24"}],"authorContributionMap":{"lunaroddity":33}},{"path":"src/main/java/TodoTask.java","fileType":"java","lines":[{"lineNumber":1,"author":{"gitId":"lunaroddity"},"content":"public class TodoTask extends Task {","lastModifiedDate":"2023-08-24"},{"lineNumber":2,"author":{"gitId":"lunaroddity"},"content":"","lastModifiedDate":"2023-09-01"},{"lineNumber":3,"author":{"gitId":"lunaroddity"},"content":"    private TodoTask(boolean isDone, String description) {","lastModifiedDate":"2023-09-01"},{"lineNumber":4,"author":{"gitId":"lunaroddity"},"content":"        super(isDone, description);","lastModifiedDate":"2023-09-01"},{"lineNumber":5,"author":{"gitId":"lunaroddity"},"content":"    }","lastModifiedDate":"2023-09-01"},{"lineNumber":6,"author":{"gitId":"lunaroddity"},"content":"","lastModifiedDate":"2023-09-01"},{"lineNumber":7,"author":{"gitId":"lunaroddity"},"content":"    static public TodoTask makeTodo(String description) throws BareumException {","lastModifiedDate":"2023-09-03"},{"lineNumber":8,"author":{"gitId":"lunaroddity"},"content":"        if (description.length() \u003d\u003d 0) {","lastModifiedDate":"2023-08-26"},{"lineNumber":9,"author":{"gitId":"lunaroddity"},"content":"            throw new BareumException(\"Todo description cannot be empty.\");","lastModifiedDate":"2023-09-03"},{"lineNumber":10,"author":{"gitId":"lunaroddity"},"content":"        }","lastModifiedDate":"2023-08-26"},{"lineNumber":11,"author":{"gitId":"lunaroddity"},"content":"        return new TodoTask(false, description);","lastModifiedDate":"2023-09-01"},{"lineNumber":12,"author":{"gitId":"lunaroddity"},"content":"    }","lastModifiedDate":"2023-09-01"},{"lineNumber":13,"author":{"gitId":"lunaroddity"},"content":"","lastModifiedDate":"2023-09-01"},{"lineNumber":14,"author":{"gitId":"lunaroddity"},"content":"    static public TodoTask makeTodo(String[] taskInputs) {","lastModifiedDate":"2023-09-03"},{"lineNumber":15,"author":{"gitId":"lunaroddity"},"content":"        boolean isDone \u003d taskInputs[0].equals(\"1\");","lastModifiedDate":"2023-09-01"},{"lineNumber":16,"author":{"gitId":"lunaroddity"},"content":"        return new TodoTask(isDone, taskInputs[2]);","lastModifiedDate":"2023-09-01"},{"lineNumber":17,"author":{"gitId":"lunaroddity"},"content":"    }","lastModifiedDate":"2023-08-24"},{"lineNumber":18,"author":{"gitId":"lunaroddity"},"content":"","lastModifiedDate":"2023-08-24"},{"lineNumber":19,"author":{"gitId":"lunaroddity"},"content":"    @Override","lastModifiedDate":"2023-08-24"},{"lineNumber":20,"author":{"gitId":"lunaroddity"},"content":"    public String toString() {","lastModifiedDate":"2023-08-24"},{"lineNumber":21,"author":{"gitId":"lunaroddity"},"content":"        return \"[T][\" + this.getStatusIcon() + \"] \" + this.description;","lastModifiedDate":"2023-08-24"},{"lineNumber":22,"author":{"gitId":"lunaroddity"},"content":"    }","lastModifiedDate":"2023-08-24"},{"lineNumber":23,"author":{"gitId":"lunaroddity"},"content":"","lastModifiedDate":"2023-09-01"},{"lineNumber":24,"author":{"gitId":"lunaroddity"},"content":"    @Override","lastModifiedDate":"2023-09-01"},{"lineNumber":25,"author":{"gitId":"lunaroddity"},"content":"    public String toSavedString() {","lastModifiedDate":"2023-09-01"},{"lineNumber":26,"author":{"gitId":"lunaroddity"},"content":"        String done \u003d isDone ? \"1\" : \"0\";","lastModifiedDate":"2023-09-01"},{"lineNumber":27,"author":{"gitId":"lunaroddity"},"content":"        return \"T|\" + done + \"|\" + this.description + \"\\n\";","lastModifiedDate":"2023-09-01"},{"lineNumber":28,"author":{"gitId":"lunaroddity"},"content":"    }","lastModifiedDate":"2023-09-01"},{"lineNumber":29,"author":{"gitId":"lunaroddity"},"content":"}","lastModifiedDate":"2023-08-24"}],"authorContributionMap":{"lunaroddity":29}},{"path":"src/main/java/Ui.java","fileType":"java","lines":[{"lineNumber":1,"author":{"gitId":"lunaroddity"},"content":"import java.util.Scanner;","lastModifiedDate":"2023-09-03"},{"lineNumber":2,"author":{"gitId":"lunaroddity"},"content":"","lastModifiedDate":"2023-09-03"},{"lineNumber":3,"author":{"gitId":"lunaroddity"},"content":"public class Ui {","lastModifiedDate":"2023-09-03"},{"lineNumber":4,"author":{"gitId":"lunaroddity"},"content":"    private static Scanner sc \u003d new Scanner(System.in);","lastModifiedDate":"2023-09-03"},{"lineNumber":5,"author":{"gitId":"lunaroddity"},"content":"","lastModifiedDate":"2023-09-03"},{"lineNumber":6,"author":{"gitId":"lunaroddity"},"content":"    public Ui() {","lastModifiedDate":"2023-09-03"},{"lineNumber":7,"author":{"gitId":"lunaroddity"},"content":"    }","lastModifiedDate":"2023-09-03"},{"lineNumber":8,"author":{"gitId":"lunaroddity"},"content":"","lastModifiedDate":"2023-09-03"},{"lineNumber":9,"author":{"gitId":"lunaroddity"},"content":"    String getUserInput() {","lastModifiedDate":"2023-09-03"},{"lineNumber":10,"author":{"gitId":"lunaroddity"},"content":"       return sc.nextLine();","lastModifiedDate":"2023-09-03"},{"lineNumber":11,"author":{"gitId":"lunaroddity"},"content":"    }","lastModifiedDate":"2023-09-03"},{"lineNumber":12,"author":{"gitId":"lunaroddity"},"content":"","lastModifiedDate":"2023-09-03"},{"lineNumber":13,"author":{"gitId":"lunaroddity"},"content":"    static void reply(String reply) {","lastModifiedDate":"2023-09-03"},{"lineNumber":14,"author":{"gitId":"lunaroddity"},"content":"        String botName \u003d \"Bareum: \";","lastModifiedDate":"2023-09-03"},{"lineNumber":15,"author":{"gitId":"lunaroddity"},"content":"        String fullReply \u003d botName + reply;","lastModifiedDate":"2023-09-03"},{"lineNumber":16,"author":{"gitId":"lunaroddity"},"content":"        System.out.println(fullReply);","lastModifiedDate":"2023-09-03"},{"lineNumber":17,"author":{"gitId":"lunaroddity"},"content":"    }","lastModifiedDate":"2023-09-03"},{"lineNumber":18,"author":{"gitId":"lunaroddity"},"content":"    void showWelcomeMessage() {","lastModifiedDate":"2023-09-03"},{"lineNumber":19,"author":{"gitId":"lunaroddity"},"content":"        reply(\"Hello! I\u0027m Bareum! What can I do for you? ^^\");","lastModifiedDate":"2023-09-03"},{"lineNumber":20,"author":{"gitId":"lunaroddity"},"content":"    }","lastModifiedDate":"2023-09-03"},{"lineNumber":21,"author":{"gitId":"lunaroddity"},"content":"","lastModifiedDate":"2023-09-03"},{"lineNumber":22,"author":{"gitId":"lunaroddity"},"content":"    void showGoodbyeMessage() {","lastModifiedDate":"2023-09-03"},{"lineNumber":23,"author":{"gitId":"lunaroddity"},"content":"        reply(\"Bye! Hope to see you again soon ^^\");","lastModifiedDate":"2023-09-03"},{"lineNumber":24,"author":{"gitId":"lunaroddity"},"content":"    }","lastModifiedDate":"2023-09-03"},{"lineNumber":25,"author":{"gitId":"lunaroddity"},"content":"","lastModifiedDate":"2023-09-03"},{"lineNumber":26,"author":{"gitId":"lunaroddity"},"content":"    void showLine() {","lastModifiedDate":"2023-09-03"},{"lineNumber":27,"author":{"gitId":"lunaroddity"},"content":"        System.out.println(\"________________________\");","lastModifiedDate":"2023-09-03"},{"lineNumber":28,"author":{"gitId":"lunaroddity"},"content":"    }","lastModifiedDate":"2023-09-03"},{"lineNumber":29,"author":{"gitId":"lunaroddity"},"content":"}","lastModifiedDate":"2023-09-03"}],"authorContributionMap":{"lunaroddity":29}},{"path":"src/main/java/UnmarkCommand.java","fileType":"java","lines":[{"lineNumber":1,"author":{"gitId":"lunaroddity"},"content":"public class UnmarkCommand extends Command {","lastModifiedDate":"2023-09-03"},{"lineNumber":2,"author":{"gitId":"lunaroddity"},"content":"    private int index;","lastModifiedDate":"2023-09-03"},{"lineNumber":3,"author":{"gitId":"lunaroddity"},"content":"","lastModifiedDate":"2023-09-03"},{"lineNumber":4,"author":{"gitId":"lunaroddity"},"content":"    public UnmarkCommand(int index) {","lastModifiedDate":"2023-09-03"},{"lineNumber":5,"author":{"gitId":"lunaroddity"},"content":"        this.index \u003d index;","lastModifiedDate":"2023-09-03"},{"lineNumber":6,"author":{"gitId":"lunaroddity"},"content":"    }","lastModifiedDate":"2023-09-03"},{"lineNumber":7,"author":{"gitId":"lunaroddity"},"content":"","lastModifiedDate":"2023-09-03"},{"lineNumber":8,"author":{"gitId":"lunaroddity"},"content":"    @Override","lastModifiedDate":"2023-09-03"},{"lineNumber":9,"author":{"gitId":"lunaroddity"},"content":"    public void execute(Ui ui, Storage storage, TaskList taskList) {","lastModifiedDate":"2023-09-03"},{"lineNumber":10,"author":{"gitId":"lunaroddity"},"content":"        taskList.markAsUndone(index);","lastModifiedDate":"2023-09-03"},{"lineNumber":11,"author":{"gitId":"lunaroddity"},"content":"        storage.saveAllTasks(taskList);","lastModifiedDate":"2023-09-03"},{"lineNumber":12,"author":{"gitId":"lunaroddity"},"content":"        Ui.reply(\"Okay, I\u0027ve marked this task as not done yet:\\n\" + taskList.get(index).toString());","lastModifiedDate":"2023-09-03"},{"lineNumber":13,"author":{"gitId":"lunaroddity"},"content":"    }","lastModifiedDate":"2023-09-03"},{"lineNumber":14,"author":{"gitId":"lunaroddity"},"content":"}","lastModifiedDate":"2023-09-03"}],"authorContributionMap":{"lunaroddity":14}},{"path":"text-ui-test/input.txt","fileType":"txt","lines":[{"lineNumber":1,"author":{"gitId":"lunaroddity"},"content":"todo borrow book","lastModifiedDate":"2023-08-26"},{"lineNumber":2,"author":{"gitId":"lunaroddity"},"content":"deadline return book /by 2023-09-02","lastModifiedDate":"2023-09-02"},{"lineNumber":3,"author":{"gitId":"lunaroddity"},"content":"event project meeting /from Mon 2pm /to 4pm","lastModifiedDate":"2023-08-26"},{"lineNumber":4,"author":{"gitId":"lunaroddity"},"content":"list","lastModifiedDate":"2023-08-26"},{"lineNumber":5,"author":{"gitId":"lunaroddity"},"content":"mark 1","lastModifiedDate":"2023-08-26"},{"lineNumber":6,"author":{"gitId":"lunaroddity"},"content":"list","lastModifiedDate":"2023-08-26"},{"lineNumber":7,"author":{"gitId":"lunaroddity"},"content":"mark 3","lastModifiedDate":"2023-08-26"},{"lineNumber":8,"author":{"gitId":"lunaroddity"},"content":"list","lastModifiedDate":"2023-08-26"},{"lineNumber":9,"author":{"gitId":"lunaroddity"},"content":"unmark 1","lastModifiedDate":"2023-08-26"},{"lineNumber":10,"author":{"gitId":"lunaroddity"},"content":"list","lastModifiedDate":"2023-08-26"},{"lineNumber":11,"author":{"gitId":"lunaroddity"},"content":"delete 2","lastModifiedDate":"2023-08-26"},{"lineNumber":12,"author":{"gitId":"lunaroddity"},"content":"list","lastModifiedDate":"2023-08-26"},{"lineNumber":13,"author":{"gitId":"lunaroddity"},"content":"todo","lastModifiedDate":"2023-08-26"},{"lineNumber":14,"author":{"gitId":"lunaroddity"},"content":"deadline","lastModifiedDate":"2023-08-26"},{"lineNumber":15,"author":{"gitId":"lunaroddity"},"content":"event","lastModifiedDate":"2023-08-26"},{"lineNumber":16,"author":{"gitId":"lunaroddity"},"content":"blah","lastModifiedDate":"2023-08-26"},{"lineNumber":17,"author":{"gitId":"lunaroddity"},"content":"bye","lastModifiedDate":"2023-08-26"}],"authorContributionMap":{"lunaroddity":17}},{"path":"text-ui-test/runtest.bat","fileType":"bat","lines":[{"lineNumber":1,"author":{"gitId":"-"},"content":"@ECHO OFF","lastModifiedDate":"2020-05-25"},{"lineNumber":2,"author":{"gitId":"-"},"content":"","lastModifiedDate":"2020-05-25"},{"lineNumber":3,"author":{"gitId":"-"},"content":"REM create bin directory if it doesn\u0027t exist","lastModifiedDate":"2020-05-25"},{"lineNumber":4,"author":{"gitId":"-"},"content":"if not exist ..\\bin mkdir ..\\bin","lastModifiedDate":"2020-05-25"},{"lineNumber":5,"author":{"gitId":"-"},"content":"","lastModifiedDate":"2020-05-25"},{"lineNumber":6,"author":{"gitId":"-"},"content":"REM delete output from previous run","lastModifiedDate":"2020-05-25"},{"lineNumber":7,"author":{"gitId":"-"},"content":"if exist ACTUAL.TXT del ACTUAL.TXT","lastModifiedDate":"2020-08-25"},{"lineNumber":8,"author":{"gitId":"-"},"content":"","lastModifiedDate":"2020-05-25"},{"lineNumber":9,"author":{"gitId":"-"},"content":"REM compile the code into the bin folder","lastModifiedDate":"2020-05-25"},{"lineNumber":10,"author":{"gitId":"-"},"content":"javac  -cp ..\\src\\main\\java -Xlint:none -d ..\\bin ..\\src\\main\\java\\*.java","lastModifiedDate":"2020-08-25"},{"lineNumber":11,"author":{"gitId":"-"},"content":"IF ERRORLEVEL 1 (","lastModifiedDate":"2020-05-25"},{"lineNumber":12,"author":{"gitId":"-"},"content":"    echo ********** BUILD FAILURE **********","lastModifiedDate":"2020-05-25"},{"lineNumber":13,"author":{"gitId":"-"},"content":"    exit /b 1","lastModifiedDate":"2020-05-25"},{"lineNumber":14,"author":{"gitId":"-"},"content":")","lastModifiedDate":"2020-05-25"},{"lineNumber":15,"author":{"gitId":"-"},"content":"REM no error here, errorlevel \u003d\u003d 0","lastModifiedDate":"2020-05-25"},{"lineNumber":16,"author":{"gitId":"-"},"content":"","lastModifiedDate":"2020-05-25"},{"lineNumber":17,"author":{"gitId":"-"},"content":"REM run the program, feed commands from input.txt file and redirect the output to the ACTUAL.TXT","lastModifiedDate":"2020-05-25"},{"lineNumber":18,"author":{"gitId":"lunaroddity"},"content":"java -classpath ..\\bin Bareum \u003c input.txt \u003e ACTUAL.TXT","lastModifiedDate":"2023-08-26"},{"lineNumber":19,"author":{"gitId":"-"},"content":"","lastModifiedDate":"2020-05-25"},{"lineNumber":20,"author":{"gitId":"-"},"content":"REM compare the output to the expected output","lastModifiedDate":"2020-05-25"},{"lineNumber":21,"author":{"gitId":"-"},"content":"FC ACTUAL.TXT EXPECTED.TXT","lastModifiedDate":"2020-05-25"}],"authorContributionMap":{"lunaroddity":1,"-":20}}]
