{"authorDailyContributionsMap":{"WeeMingQing":[{"date":"2023-08-23","commitResults":[{"hash":"1d2028dc31060418ea90c0b67820d799a68c49d8","isMergeCommit":false,"messageTitle":"Rename, Greet, Exit.","messageBody":"","tags":["Level-0"],"fileTypesAndContributionMap":{"java":{"insertions":2,"deletions":1}}},{"hash":"97013d9e2d011c8936ee56a91c839d9271a32b34","isMergeCommit":false,"messageTitle":"Add echo.","messageBody":"","tags":["Level-1"],"fileTypesAndContributionMap":{"java":{"insertions":9,"deletions":5}}},{"hash":"30e7352946cca75b43da776e1ddcdb5d8166dd3c","isMergeCommit":false,"messageTitle":"Add list.","messageBody":"","tags":["Level-2"],"fileTypesAndContributionMap":{"java":{"insertions":18,"deletions":1}}},{"hash":"60cbb228698c137deadace9f17c67bc15e6fab1c","isMergeCommit":false,"messageTitle":"Add Task class.","messageBody":"","tags":["Level-3"],"fileTypesAndContributionMap":{"java":{"insertions":82,"deletions":12}}},{"hash":"fac8a194e8d41d61204f1964484ff72e63cf49bd","isMergeCommit":false,"messageTitle":"Add inheritance classes.","messageBody":"","tags":["Level-4"],"fileTypesAndContributionMap":{"java":{"insertions":124,"deletions":5}}},{"hash":"20c5825bd28b871c409e82772317b6cd55717cdb","isMergeCommit":true,"messageTitle":"Merge commit \u0027ed6d4d25bd4e34461919ffe785a6f10f4c087552\u0027","messageBody":"* commit \u0027ed6d4d25bd4e34461919ffe785a6f10f4c087552\u0027:\n  Bump gradle and lib version\n  Add Gradle support\n","fileTypesAndContributionMap":{}},{"hash":"e0ad6cbbe0c0b1f79d6be637113d0cb898129b7f","isMergeCommit":false,"messageTitle":"Add TextUiTesting.","messageBody":"","tags":["A-TextUiTesting"],"fileTypesAndContributionMap":{"txt":{"insertions":7,"deletions":0},"java":{"insertions":4,"deletions":3}}},{"hash":"dc2ff7dce9830a588b436a1ee70e738da3201f03","isMergeCommit":false,"messageTitle":"Add exceptions.","messageBody":"","tags":["Level-5"],"fileTypesAndContributionMap":{"txt":{"insertions":4,"deletions":0},"java":{"insertions":72,"deletions":7}}},{"hash":"aacf09258424910797403e1d0527d8c94c6bdcc3","isMergeCommit":false,"messageTitle":"Add delete.","messageBody":"","tags":["Level-6"],"fileTypesAndContributionMap":{"java":{"insertions":34,"deletions":18}}},{"hash":"78c6d701e747241847e987edecb15498957833c5","isMergeCommit":false,"messageTitle":"Add enum.","messageBody":"","tags":["A-Enums"],"fileTypesAndContributionMap":{"java":{"insertions":78,"deletions":72}}},{"hash":"783f8157036e6112a55b24f17fdd41ba4c517e65","isMergeCommit":false,"messageTitle":"Add exception.","messageBody":"","fileTypesAndContributionMap":{"java":{"insertions":22,"deletions":7}}},{"hash":"07c6faad563356d16bb95490f9be1a67a9379f3a","isMergeCommit":false,"messageTitle":"Add out-of-range exception.","messageBody":"","fileTypesAndContributionMap":{"java":{"insertions":3,"deletions":3}}}]},{"date":"2023-09-01","commitResults":[{"hash":"3ff3b87e11a84d7fbccd10a70bc9a83e3a702a94","isMergeCommit":false,"messageTitle":"Add Storage","messageBody":"","fileTypesAndContributionMap":{"gradle":{"insertions":1,"deletions":1},"java":{"insertions":207,"deletions":31},"bat":{"insertions":1,"deletions":1},"md":{"insertions":2,"deletions":2}}},{"hash":"ddc31fe61597bc09162f9f4ee6dacc4166c64c30","isMergeCommit":false,"messageTitle":"Revert \"Add Storage\"","messageBody":"This reverts commit 3ff3b87e11a84d7fbccd10a70bc9a83e3a702a94.\n","fileTypesAndContributionMap":{"gradle":{"insertions":1,"deletions":1},"java":{"insertions":31,"deletions":207},"bat":{"insertions":1,"deletions":1},"md":{"insertions":2,"deletions":2}}},{"hash":"fec80ff76832aa1f53ced5daa1dadbe678270c83","isMergeCommit":true,"messageTitle":"Merge branch \u0027master\u0027 into branch-Level-7","messageBody":"* master:\n  Revert \"Add Storage\"\n","tags":["Level-7"],"fileTypesAndContributionMap":{}}]}]},"authorFileTypeContributionMap":{"WeeMingQing":{"java":319,"md":0,"fxml":0,"sh":0,"bat":0,"gradle":0,"txt":11}},"authorContributionVariance":{"WeeMingQing":34348.76},"authorDisplayNameMap":{"WeeMingQing":"CS2103T-W12-2 WEE ..QING"}}
