[{"path":"src/main/java/Bot.java","fileType":"java","lines":[{"lineNumber":1,"author":{"gitId":"VN-Hao"},"content":"public class Bot {","lastModifiedDate":"2023-08-24"},{"lineNumber":2,"author":{"gitId":"VN-Hao"},"content":"    private final String botName;","lastModifiedDate":"2023-08-25"},{"lineNumber":3,"author":{"gitId":"VN-Hao"},"content":"    private final TaskList list;","lastModifiedDate":"2023-08-25"},{"lineNumber":4,"author":{"gitId":"VN-Hao"},"content":"    private final String HORIZONTAL_LINE","lastModifiedDate":"2023-08-25"},{"lineNumber":5,"author":{"gitId":"VN-Hao"},"content":"            \u003d \"    ____________________________________________________________\";","lastModifiedDate":"2023-08-25"},{"lineNumber":6,"author":{"gitId":"VN-Hao"},"content":"","lastModifiedDate":"2023-08-24"},{"lineNumber":7,"author":{"gitId":"VN-Hao"},"content":"    public Bot(String botName) {","lastModifiedDate":"2023-08-24"},{"lineNumber":8,"author":{"gitId":"VN-Hao"},"content":"        this.botName \u003d botName;","lastModifiedDate":"2023-08-24"},{"lineNumber":9,"author":{"gitId":"VN-Hao"},"content":"        this.list \u003d new TaskList();","lastModifiedDate":"2023-08-24"},{"lineNumber":10,"author":{"gitId":"VN-Hao"},"content":"    }","lastModifiedDate":"2023-08-24"},{"lineNumber":11,"author":{"gitId":"VN-Hao"},"content":"","lastModifiedDate":"2023-08-24"},{"lineNumber":12,"author":{"gitId":"VN-Hao"},"content":"    public void greeting() {","lastModifiedDate":"2023-08-24"},{"lineNumber":13,"author":{"gitId":"VN-Hao"},"content":"        System.out.println(HORIZONTAL_LINE);","lastModifiedDate":"2023-08-25"},{"lineNumber":14,"author":{"gitId":"VN-Hao"},"content":"        System.out.println(\"     Hello! I\u0027m \" + this.botName);","lastModifiedDate":"2023-08-24"},{"lineNumber":15,"author":{"gitId":"VN-Hao"},"content":"        System.out.println(\"     What can I do for you?\");","lastModifiedDate":"2023-08-24"},{"lineNumber":16,"author":{"gitId":"VN-Hao"},"content":"        System.out.println(HORIZONTAL_LINE);","lastModifiedDate":"2023-08-25"},{"lineNumber":17,"author":{"gitId":"VN-Hao"},"content":"        System.out.println();","lastModifiedDate":"2023-08-24"},{"lineNumber":18,"author":{"gitId":"VN-Hao"},"content":"    }","lastModifiedDate":"2023-08-24"},{"lineNumber":19,"author":{"gitId":"VN-Hao"},"content":"","lastModifiedDate":"2023-08-24"},{"lineNumber":20,"author":{"gitId":"VN-Hao"},"content":"    public void markTask(int taskId) {","lastModifiedDate":"2023-08-25"},{"lineNumber":21,"author":{"gitId":"VN-Hao"},"content":"        this.list.mark(taskId, true);","lastModifiedDate":"2023-08-25"},{"lineNumber":22,"author":{"gitId":"VN-Hao"},"content":"        System.out.println(HORIZONTAL_LINE);","lastModifiedDate":"2023-08-25"},{"lineNumber":23,"author":{"gitId":"VN-Hao"},"content":"        System.out.println(\"     Nice! I\u0027ve marked this task as done:\");","lastModifiedDate":"2023-08-24"},{"lineNumber":24,"author":{"gitId":"VN-Hao"},"content":"        System.out.println(\"       \" + this.list.showTask(taskId));","lastModifiedDate":"2023-08-25"},{"lineNumber":25,"author":{"gitId":"VN-Hao"},"content":"        System.out.println(HORIZONTAL_LINE);","lastModifiedDate":"2023-08-25"},{"lineNumber":26,"author":{"gitId":"VN-Hao"},"content":"        System.out.println();","lastModifiedDate":"2023-08-24"},{"lineNumber":27,"author":{"gitId":"VN-Hao"},"content":"    }","lastModifiedDate":"2023-08-24"},{"lineNumber":28,"author":{"gitId":"VN-Hao"},"content":"","lastModifiedDate":"2023-08-24"},{"lineNumber":29,"author":{"gitId":"VN-Hao"},"content":"    public void unmarkTask(int taskId) {","lastModifiedDate":"2023-08-25"},{"lineNumber":30,"author":{"gitId":"VN-Hao"},"content":"        this.list.mark(taskId, false);","lastModifiedDate":"2023-08-25"},{"lineNumber":31,"author":{"gitId":"VN-Hao"},"content":"        System.out.println(HORIZONTAL_LINE);","lastModifiedDate":"2023-08-25"},{"lineNumber":32,"author":{"gitId":"VN-Hao"},"content":"        System.out.println(\"     OK, I\u0027ve marked this task as not done yet:\");","lastModifiedDate":"2023-08-24"},{"lineNumber":33,"author":{"gitId":"VN-Hao"},"content":"        System.out.println(\"       \" + this.list.showTask(taskId));","lastModifiedDate":"2023-08-25"},{"lineNumber":34,"author":{"gitId":"VN-Hao"},"content":"        System.out.println(HORIZONTAL_LINE);","lastModifiedDate":"2023-08-25"},{"lineNumber":35,"author":{"gitId":"VN-Hao"},"content":"        System.out.println();","lastModifiedDate":"2023-08-24"},{"lineNumber":36,"author":{"gitId":"VN-Hao"},"content":"    }","lastModifiedDate":"2023-08-24"},{"lineNumber":37,"author":{"gitId":"VN-Hao"},"content":"","lastModifiedDate":"2023-08-24"},{"lineNumber":38,"author":{"gitId":"VN-Hao"},"content":"    private void notifyTaskAdded(Task task) {","lastModifiedDate":"2023-08-24"},{"lineNumber":39,"author":{"gitId":"VN-Hao"},"content":"        System.out.println(HORIZONTAL_LINE);","lastModifiedDate":"2023-08-25"},{"lineNumber":40,"author":{"gitId":"VN-Hao"},"content":"        System.out.println(\"     Got it. I\u0027ve added this task:\");","lastModifiedDate":"2023-08-24"},{"lineNumber":41,"author":{"gitId":"VN-Hao"},"content":"        System.out.println(\"      \" + task);","lastModifiedDate":"2023-08-24"},{"lineNumber":42,"author":{"gitId":"VN-Hao"},"content":"        System.out.println(\"     Now you have \" + this.list.size() +  \" tasks in the list.\");","lastModifiedDate":"2023-08-24"},{"lineNumber":43,"author":{"gitId":"VN-Hao"},"content":"        System.out.println(HORIZONTAL_LINE);","lastModifiedDate":"2023-08-25"},{"lineNumber":44,"author":{"gitId":"VN-Hao"},"content":"        System.out.println();","lastModifiedDate":"2023-08-24"},{"lineNumber":45,"author":{"gitId":"VN-Hao"},"content":"    }","lastModifiedDate":"2023-08-24"},{"lineNumber":46,"author":{"gitId":"VN-Hao"},"content":"","lastModifiedDate":"2023-08-24"},{"lineNumber":47,"author":{"gitId":"VN-Hao"},"content":"    public void addTask(String str) {","lastModifiedDate":"2023-08-24"},{"lineNumber":48,"author":{"gitId":"VN-Hao"},"content":"        Task task \u003d new Todo(str);","lastModifiedDate":"2023-08-24"},{"lineNumber":49,"author":{"gitId":"VN-Hao"},"content":"        this.list.addTask(task);","lastModifiedDate":"2023-08-24"},{"lineNumber":50,"author":{"gitId":"VN-Hao"},"content":"        notifyTaskAdded(task);","lastModifiedDate":"2023-08-24"},{"lineNumber":51,"author":{"gitId":"VN-Hao"},"content":"    }","lastModifiedDate":"2023-08-24"},{"lineNumber":52,"author":{"gitId":"VN-Hao"},"content":"","lastModifiedDate":"2023-08-24"},{"lineNumber":53,"author":{"gitId":"VN-Hao"},"content":"    public void addTask(String str, String deadline) {","lastModifiedDate":"2023-08-24"},{"lineNumber":54,"author":{"gitId":"VN-Hao"},"content":"        Task task \u003d new Deadline(str, deadline);","lastModifiedDate":"2023-08-24"},{"lineNumber":55,"author":{"gitId":"VN-Hao"},"content":"        this.list.addTask(task);","lastModifiedDate":"2023-08-24"},{"lineNumber":56,"author":{"gitId":"VN-Hao"},"content":"        notifyTaskAdded(task);","lastModifiedDate":"2023-08-24"},{"lineNumber":57,"author":{"gitId":"VN-Hao"},"content":"    }","lastModifiedDate":"2023-08-24"},{"lineNumber":58,"author":{"gitId":"VN-Hao"},"content":"","lastModifiedDate":"2023-08-24"},{"lineNumber":59,"author":{"gitId":"VN-Hao"},"content":"    public void addTask(String str, String startTime, String endTime) {","lastModifiedDate":"2023-08-24"},{"lineNumber":60,"author":{"gitId":"VN-Hao"},"content":"        Task task \u003d new Event(str, startTime, endTime);","lastModifiedDate":"2023-08-24"},{"lineNumber":61,"author":{"gitId":"VN-Hao"},"content":"        this.list.addTask(task);","lastModifiedDate":"2023-08-24"},{"lineNumber":62,"author":{"gitId":"VN-Hao"},"content":"        notifyTaskAdded(task);","lastModifiedDate":"2023-08-24"},{"lineNumber":63,"author":{"gitId":"VN-Hao"},"content":"    }","lastModifiedDate":"2023-08-24"},{"lineNumber":64,"author":{"gitId":"VN-Hao"},"content":"","lastModifiedDate":"2023-08-24"},{"lineNumber":65,"author":{"gitId":"VN-Hao"},"content":"    public void deleteTask(int taskId) {","lastModifiedDate":"2023-08-25"},{"lineNumber":66,"author":{"gitId":"VN-Hao"},"content":"        System.out.println(HORIZONTAL_LINE);","lastModifiedDate":"2023-08-25"},{"lineNumber":67,"author":{"gitId":"VN-Hao"},"content":"        System.out.println(\"     Noted. I\u0027ve removed this task:\");","lastModifiedDate":"2023-08-24"},{"lineNumber":68,"author":{"gitId":"VN-Hao"},"content":"        System.out.println(\"       \" + this.list.deleteTask(taskId));","lastModifiedDate":"2023-08-25"},{"lineNumber":69,"author":{"gitId":"VN-Hao"},"content":"        System.out.println(\"     Now you have \" + this.list.size() + \" tasks in the list.\");","lastModifiedDate":"2023-08-24"},{"lineNumber":70,"author":{"gitId":"VN-Hao"},"content":"        System.out.println(HORIZONTAL_LINE);","lastModifiedDate":"2023-08-25"},{"lineNumber":71,"author":{"gitId":"VN-Hao"},"content":"    }","lastModifiedDate":"2023-08-24"},{"lineNumber":72,"author":{"gitId":"VN-Hao"},"content":"","lastModifiedDate":"2023-08-24"},{"lineNumber":73,"author":{"gitId":"VN-Hao"},"content":"    public void showTask() {","lastModifiedDate":"2023-08-24"},{"lineNumber":74,"author":{"gitId":"VN-Hao"},"content":"        System.out.println(HORIZONTAL_LINE);","lastModifiedDate":"2023-08-25"},{"lineNumber":75,"author":{"gitId":"VN-Hao"},"content":"        System.out.println(\"     Here are the tasks in your list:\");","lastModifiedDate":"2023-08-25"},{"lineNumber":76,"author":{"gitId":"VN-Hao"},"content":"        System.out.println(this.list.showList());","lastModifiedDate":"2023-08-25"},{"lineNumber":77,"author":{"gitId":"VN-Hao"},"content":"        System.out.println(HORIZONTAL_LINE);","lastModifiedDate":"2023-08-25"},{"lineNumber":78,"author":{"gitId":"VN-Hao"},"content":"        System.out.println();","lastModifiedDate":"2023-08-25"},{"lineNumber":79,"author":{"gitId":"VN-Hao"},"content":"    }","lastModifiedDate":"2023-08-24"},{"lineNumber":80,"author":{"gitId":"VN-Hao"},"content":"","lastModifiedDate":"2023-08-24"},{"lineNumber":81,"author":{"gitId":"VN-Hao"},"content":"    public void goodBye() {","lastModifiedDate":"2023-08-24"},{"lineNumber":82,"author":{"gitId":"VN-Hao"},"content":"        System.out.println(HORIZONTAL_LINE);","lastModifiedDate":"2023-08-25"},{"lineNumber":83,"author":{"gitId":"VN-Hao"},"content":"        System.out.println(\"     Bye. Hope to see you again soon!\");","lastModifiedDate":"2023-08-24"},{"lineNumber":84,"author":{"gitId":"VN-Hao"},"content":"        System.out.println(HORIZONTAL_LINE);","lastModifiedDate":"2023-08-25"},{"lineNumber":85,"author":{"gitId":"VN-Hao"},"content":"    }","lastModifiedDate":"2023-08-24"},{"lineNumber":86,"author":{"gitId":"VN-Hao"},"content":"}","lastModifiedDate":"2023-08-24"}],"authorContributionMap":{"VN-Hao":86}},{"path":"src/main/java/Deadline.java","fileType":"java","lines":[{"lineNumber":1,"author":{"gitId":"VN-Hao"},"content":"public class Deadline extends Task {","lastModifiedDate":"2023-08-24"},{"lineNumber":2,"author":{"gitId":"VN-Hao"},"content":"    private final String deadline;","lastModifiedDate":"2023-08-25"},{"lineNumber":3,"author":{"gitId":"VN-Hao"},"content":"","lastModifiedDate":"2023-08-24"},{"lineNumber":4,"author":{"gitId":"VN-Hao"},"content":"    public Deadline(String task, String deadline) {","lastModifiedDate":"2023-08-24"},{"lineNumber":5,"author":{"gitId":"VN-Hao"},"content":"        super(task);","lastModifiedDate":"2023-08-24"},{"lineNumber":6,"author":{"gitId":"VN-Hao"},"content":"        this.deadline \u003d deadline;","lastModifiedDate":"2023-08-24"},{"lineNumber":7,"author":{"gitId":"VN-Hao"},"content":"    }","lastModifiedDate":"2023-08-24"},{"lineNumber":8,"author":{"gitId":"VN-Hao"},"content":"","lastModifiedDate":"2023-08-24"},{"lineNumber":9,"author":{"gitId":"VN-Hao"},"content":"    @Override","lastModifiedDate":"2023-08-24"},{"lineNumber":10,"author":{"gitId":"VN-Hao"},"content":"    public String toString() {","lastModifiedDate":"2023-08-24"},{"lineNumber":11,"author":{"gitId":"VN-Hao"},"content":"        String checkBox \u003d this.done ? \"[D][X] \" : \"[D][ ] \";","lastModifiedDate":"2023-08-25"},{"lineNumber":12,"author":{"gitId":"VN-Hao"},"content":"        String description \u003d String.format(\"%s (by: %s)\", this.task, this.deadline);","lastModifiedDate":"2023-08-25"},{"lineNumber":13,"author":{"gitId":"VN-Hao"},"content":"        return checkBox + description;","lastModifiedDate":"2023-08-25"},{"lineNumber":14,"author":{"gitId":"VN-Hao"},"content":"    }","lastModifiedDate":"2023-08-24"},{"lineNumber":15,"author":{"gitId":"VN-Hao"},"content":"}","lastModifiedDate":"2023-08-24"}],"authorContributionMap":{"VN-Hao":15}},{"path":"src/main/java/Event.java","fileType":"java","lines":[{"lineNumber":1,"author":{"gitId":"VN-Hao"},"content":"public class Event extends Task {","lastModifiedDate":"2023-08-24"},{"lineNumber":2,"author":{"gitId":"VN-Hao"},"content":"    private final String startTime;","lastModifiedDate":"2023-08-25"},{"lineNumber":3,"author":{"gitId":"VN-Hao"},"content":"    private final String endTime;","lastModifiedDate":"2023-08-25"},{"lineNumber":4,"author":{"gitId":"VN-Hao"},"content":"","lastModifiedDate":"2023-08-24"},{"lineNumber":5,"author":{"gitId":"VN-Hao"},"content":"    public Event(String task, String startTime, String endTime) {","lastModifiedDate":"2023-08-24"},{"lineNumber":6,"author":{"gitId":"VN-Hao"},"content":"        super(task);","lastModifiedDate":"2023-08-24"},{"lineNumber":7,"author":{"gitId":"VN-Hao"},"content":"        this.startTime \u003d startTime;","lastModifiedDate":"2023-08-24"},{"lineNumber":8,"author":{"gitId":"VN-Hao"},"content":"        this.endTime \u003d endTime;","lastModifiedDate":"2023-08-24"},{"lineNumber":9,"author":{"gitId":"VN-Hao"},"content":"    }","lastModifiedDate":"2023-08-24"},{"lineNumber":10,"author":{"gitId":"VN-Hao"},"content":"","lastModifiedDate":"2023-08-24"},{"lineNumber":11,"author":{"gitId":"VN-Hao"},"content":"    @Override","lastModifiedDate":"2023-08-24"},{"lineNumber":12,"author":{"gitId":"VN-Hao"},"content":"    public String toString() {","lastModifiedDate":"2023-08-24"},{"lineNumber":13,"author":{"gitId":"VN-Hao"},"content":"        String checkBox \u003d this.done ? \"[E][X] \" : \"[E][ ] \";","lastModifiedDate":"2023-08-25"},{"lineNumber":14,"author":{"gitId":"VN-Hao"},"content":"        String description \u003d String.format(\"%s (from: %s to: %s)\", this.task, this.startTime, this.endTime);","lastModifiedDate":"2023-08-25"},{"lineNumber":15,"author":{"gitId":"VN-Hao"},"content":"        return checkBox + description;","lastModifiedDate":"2023-08-25"},{"lineNumber":16,"author":{"gitId":"VN-Hao"},"content":"    }","lastModifiedDate":"2023-08-24"},{"lineNumber":17,"author":{"gitId":"VN-Hao"},"content":"}","lastModifiedDate":"2023-08-24"}],"authorContributionMap":{"VN-Hao":17}},{"path":"src/main/java/Qi.java","fileType":"java","lines":[{"lineNumber":1,"author":{"gitId":"VN-Hao"},"content":"import java.util.Scanner;","lastModifiedDate":"2023-08-23"},{"lineNumber":2,"author":{"gitId":"VN-Hao"},"content":"public class Qi {","lastModifiedDate":"2023-08-23"},{"lineNumber":3,"author":{"gitId":"VN-Hao"},"content":"    public static void main(String[] args) {","lastModifiedDate":"2023-08-23"},{"lineNumber":4,"author":{"gitId":"VN-Hao"},"content":"        Bot qi \u003d new Bot(\"Qi\");","lastModifiedDate":"2023-08-24"},{"lineNumber":5,"author":{"gitId":"VN-Hao"},"content":"        qi.greeting();","lastModifiedDate":"2023-08-24"},{"lineNumber":6,"author":{"gitId":"VN-Hao"},"content":"","lastModifiedDate":"2023-08-24"},{"lineNumber":7,"author":{"gitId":"VN-Hao"},"content":"        Scanner sc \u003d new Scanner(System.in);","lastModifiedDate":"2023-08-23"},{"lineNumber":8,"author":{"gitId":"VN-Hao"},"content":"        while (true) {","lastModifiedDate":"2023-08-23"},{"lineNumber":9,"author":{"gitId":"VN-Hao"},"content":"            String str \u003d sc.nextLine();","lastModifiedDate":"2023-08-23"},{"lineNumber":10,"author":{"gitId":"VN-Hao"},"content":"            if (str.equals(\"bye\")) {","lastModifiedDate":"2023-08-23"},{"lineNumber":11,"author":{"gitId":"VN-Hao"},"content":"                break;","lastModifiedDate":"2023-08-23"},{"lineNumber":12,"author":{"gitId":"VN-Hao"},"content":"            }","lastModifiedDate":"2023-08-23"},{"lineNumber":13,"author":{"gitId":"VN-Hao"},"content":"","lastModifiedDate":"2023-08-24"},{"lineNumber":14,"author":{"gitId":"VN-Hao"},"content":"            if (str.equals(\"list\")) {","lastModifiedDate":"2023-08-24"},{"lineNumber":15,"author":{"gitId":"VN-Hao"},"content":"                qi.showTask();","lastModifiedDate":"2023-08-24"},{"lineNumber":16,"author":{"gitId":"VN-Hao"},"content":"                continue;","lastModifiedDate":"2023-08-24"},{"lineNumber":17,"author":{"gitId":"VN-Hao"},"content":"            }","lastModifiedDate":"2023-08-24"},{"lineNumber":18,"author":{"gitId":"VN-Hao"},"content":"","lastModifiedDate":"2023-08-24"},{"lineNumber":19,"author":{"gitId":"VN-Hao"},"content":"            if (str.startsWith(\"mark \")) {","lastModifiedDate":"2023-08-24"},{"lineNumber":20,"author":{"gitId":"VN-Hao"},"content":"                int taskId \u003d Integer.parseInt(str.substring(5));","lastModifiedDate":"2023-08-25"},{"lineNumber":21,"author":{"gitId":"VN-Hao"},"content":"                qi.markTask(taskId);","lastModifiedDate":"2023-08-25"},{"lineNumber":22,"author":{"gitId":"VN-Hao"},"content":"                continue;","lastModifiedDate":"2023-08-24"},{"lineNumber":23,"author":{"gitId":"VN-Hao"},"content":"            }","lastModifiedDate":"2023-08-24"},{"lineNumber":24,"author":{"gitId":"VN-Hao"},"content":"","lastModifiedDate":"2023-08-24"},{"lineNumber":25,"author":{"gitId":"VN-Hao"},"content":"            if (str.startsWith(\"unmark \")) {","lastModifiedDate":"2023-08-24"},{"lineNumber":26,"author":{"gitId":"VN-Hao"},"content":"                int taskId \u003d Integer.parseInt(str.substring(7));","lastModifiedDate":"2023-08-25"},{"lineNumber":27,"author":{"gitId":"VN-Hao"},"content":"                qi.unmarkTask(taskId);","lastModifiedDate":"2023-08-25"},{"lineNumber":28,"author":{"gitId":"VN-Hao"},"content":"                continue;","lastModifiedDate":"2023-08-24"},{"lineNumber":29,"author":{"gitId":"VN-Hao"},"content":"            }","lastModifiedDate":"2023-08-24"},{"lineNumber":30,"author":{"gitId":"VN-Hao"},"content":"","lastModifiedDate":"2023-08-24"},{"lineNumber":31,"author":{"gitId":"VN-Hao"},"content":"            if (str.startsWith(\"todo\")) {","lastModifiedDate":"2023-08-24"},{"lineNumber":32,"author":{"gitId":"VN-Hao"},"content":"                try {","lastModifiedDate":"2023-08-24"},{"lineNumber":33,"author":{"gitId":"VN-Hao"},"content":"                    String task \u003d str.substring(5);","lastModifiedDate":"2023-08-24"},{"lineNumber":34,"author":{"gitId":"VN-Hao"},"content":"                    qi.addTask(task);","lastModifiedDate":"2023-08-24"},{"lineNumber":35,"author":{"gitId":"VN-Hao"},"content":"                } catch (StringIndexOutOfBoundsException e) {","lastModifiedDate":"2023-08-24"},{"lineNumber":36,"author":{"gitId":"VN-Hao"},"content":"                    System.out.println(\"    ____________________________________________________________\");","lastModifiedDate":"2023-08-24"},{"lineNumber":37,"author":{"gitId":"VN-Hao"},"content":"                    System.out.println(\"     ☹ OOPS!!! The description of a todo cannot be empty.\");","lastModifiedDate":"2023-08-24"},{"lineNumber":38,"author":{"gitId":"VN-Hao"},"content":"                    System.out.println(\"    ____________________________________________________________\");","lastModifiedDate":"2023-08-24"},{"lineNumber":39,"author":{"gitId":"VN-Hao"},"content":"                }","lastModifiedDate":"2023-08-24"},{"lineNumber":40,"author":{"gitId":"VN-Hao"},"content":"                continue;","lastModifiedDate":"2023-08-24"},{"lineNumber":41,"author":{"gitId":"VN-Hao"},"content":"            }","lastModifiedDate":"2023-08-24"},{"lineNumber":42,"author":{"gitId":"VN-Hao"},"content":"","lastModifiedDate":"2023-08-24"},{"lineNumber":43,"author":{"gitId":"VN-Hao"},"content":"            if (str.startsWith(\"deadline\")) {","lastModifiedDate":"2023-08-24"},{"lineNumber":44,"author":{"gitId":"VN-Hao"},"content":"                // find the first slash","lastModifiedDate":"2023-08-24"},{"lineNumber":45,"author":{"gitId":"VN-Hao"},"content":"                int idx \u003d 9;","lastModifiedDate":"2023-08-24"},{"lineNumber":46,"author":{"gitId":"VN-Hao"},"content":"                while (idx \u003c str.length() \u0026\u0026 str.charAt(idx) !\u003d \u0027/\u0027) {","lastModifiedDate":"2023-08-24"},{"lineNumber":47,"author":{"gitId":"VN-Hao"},"content":"                    idx++;","lastModifiedDate":"2023-08-24"},{"lineNumber":48,"author":{"gitId":"VN-Hao"},"content":"                }","lastModifiedDate":"2023-08-24"},{"lineNumber":49,"author":{"gitId":"VN-Hao"},"content":"                try {","lastModifiedDate":"2023-08-24"},{"lineNumber":50,"author":{"gitId":"VN-Hao"},"content":"                    String task \u003d str.substring(9, idx - 1);","lastModifiedDate":"2023-08-24"},{"lineNumber":51,"author":{"gitId":"VN-Hao"},"content":"                    String deadline \u003d str.substring(idx + 4);","lastModifiedDate":"2023-08-24"},{"lineNumber":52,"author":{"gitId":"VN-Hao"},"content":"                    qi.addTask(task, deadline);","lastModifiedDate":"2023-08-24"},{"lineNumber":53,"author":{"gitId":"VN-Hao"},"content":"                } catch (StringIndexOutOfBoundsException e) {","lastModifiedDate":"2023-08-24"},{"lineNumber":54,"author":{"gitId":"VN-Hao"},"content":"                    System.out.println(\"    ____________________________________________________________\");","lastModifiedDate":"2023-08-24"},{"lineNumber":55,"author":{"gitId":"VN-Hao"},"content":"                    System.out.println(\"     ☹ OOPS!!! The description of a deadline cannot be empty.\");","lastModifiedDate":"2023-08-24"},{"lineNumber":56,"author":{"gitId":"VN-Hao"},"content":"                    System.out.println(\"    ____________________________________________________________\");","lastModifiedDate":"2023-08-24"},{"lineNumber":57,"author":{"gitId":"VN-Hao"},"content":"                }","lastModifiedDate":"2023-08-24"},{"lineNumber":58,"author":{"gitId":"VN-Hao"},"content":"                continue;","lastModifiedDate":"2023-08-24"},{"lineNumber":59,"author":{"gitId":"VN-Hao"},"content":"            }","lastModifiedDate":"2023-08-24"},{"lineNumber":60,"author":{"gitId":"VN-Hao"},"content":"","lastModifiedDate":"2023-08-24"},{"lineNumber":61,"author":{"gitId":"VN-Hao"},"content":"            if (str.startsWith(\"event\")) {","lastModifiedDate":"2023-08-24"},{"lineNumber":62,"author":{"gitId":"VN-Hao"},"content":"                // find the first slash","lastModifiedDate":"2023-08-24"},{"lineNumber":63,"author":{"gitId":"VN-Hao"},"content":"                int idx1 \u003d 6;","lastModifiedDate":"2023-08-24"},{"lineNumber":64,"author":{"gitId":"VN-Hao"},"content":"                while (idx1 \u003c str.length() \u0026\u0026 str.charAt(idx1) !\u003d \u0027/\u0027) {","lastModifiedDate":"2023-08-24"},{"lineNumber":65,"author":{"gitId":"VN-Hao"},"content":"                    idx1++;","lastModifiedDate":"2023-08-24"},{"lineNumber":66,"author":{"gitId":"VN-Hao"},"content":"                }","lastModifiedDate":"2023-08-24"},{"lineNumber":67,"author":{"gitId":"VN-Hao"},"content":"","lastModifiedDate":"2023-08-24"},{"lineNumber":68,"author":{"gitId":"VN-Hao"},"content":"                // find the second slash","lastModifiedDate":"2023-08-24"},{"lineNumber":69,"author":{"gitId":"VN-Hao"},"content":"                int idx2 \u003d idx1 + 1;","lastModifiedDate":"2023-08-24"},{"lineNumber":70,"author":{"gitId":"VN-Hao"},"content":"                while (idx2 \u003c str.length() \u0026\u0026 str.charAt(idx2) !\u003d \u0027/\u0027) {","lastModifiedDate":"2023-08-24"},{"lineNumber":71,"author":{"gitId":"VN-Hao"},"content":"                    idx2++;","lastModifiedDate":"2023-08-24"},{"lineNumber":72,"author":{"gitId":"VN-Hao"},"content":"                }","lastModifiedDate":"2023-08-24"},{"lineNumber":73,"author":{"gitId":"VN-Hao"},"content":"","lastModifiedDate":"2023-08-24"},{"lineNumber":74,"author":{"gitId":"VN-Hao"},"content":"                try {","lastModifiedDate":"2023-08-24"},{"lineNumber":75,"author":{"gitId":"VN-Hao"},"content":"                    String task \u003d str.substring(6, idx1 - 1);","lastModifiedDate":"2023-08-24"},{"lineNumber":76,"author":{"gitId":"VN-Hao"},"content":"                    String startTime \u003d str.substring(idx1 + 6, idx2 - 1);","lastModifiedDate":"2023-08-24"},{"lineNumber":77,"author":{"gitId":"VN-Hao"},"content":"                    String endTime \u003d str.substring(idx2 + 4);","lastModifiedDate":"2023-08-24"},{"lineNumber":78,"author":{"gitId":"VN-Hao"},"content":"                    qi.addTask(task, startTime, endTime);","lastModifiedDate":"2023-08-24"},{"lineNumber":79,"author":{"gitId":"VN-Hao"},"content":"                } catch (StringIndexOutOfBoundsException e) {","lastModifiedDate":"2023-08-24"},{"lineNumber":80,"author":{"gitId":"VN-Hao"},"content":"                    System.out.println(\"    ____________________________________________________________\");","lastModifiedDate":"2023-08-24"},{"lineNumber":81,"author":{"gitId":"VN-Hao"},"content":"                    System.out.println(\"     ☹ OOPS!!! The description of an event cannot be empty.\");","lastModifiedDate":"2023-08-24"},{"lineNumber":82,"author":{"gitId":"VN-Hao"},"content":"                    System.out.println(\"    ____________________________________________________________\");","lastModifiedDate":"2023-08-24"},{"lineNumber":83,"author":{"gitId":"VN-Hao"},"content":"                }","lastModifiedDate":"2023-08-24"},{"lineNumber":84,"author":{"gitId":"VN-Hao"},"content":"                continue;","lastModifiedDate":"2023-08-24"},{"lineNumber":85,"author":{"gitId":"VN-Hao"},"content":"            }","lastModifiedDate":"2023-08-24"},{"lineNumber":86,"author":{"gitId":"VN-Hao"},"content":"","lastModifiedDate":"2023-08-24"},{"lineNumber":87,"author":{"gitId":"VN-Hao"},"content":"            if (str.startsWith(\"delete\")) {","lastModifiedDate":"2023-08-24"},{"lineNumber":88,"author":{"gitId":"VN-Hao"},"content":"                int taskId \u003d Integer.parseInt(str.substring(7));","lastModifiedDate":"2023-08-25"},{"lineNumber":89,"author":{"gitId":"VN-Hao"},"content":"                qi.deleteTask(taskId);","lastModifiedDate":"2023-08-25"},{"lineNumber":90,"author":{"gitId":"VN-Hao"},"content":"                continue;","lastModifiedDate":"2023-08-24"},{"lineNumber":91,"author":{"gitId":"VN-Hao"},"content":"            }","lastModifiedDate":"2023-08-24"},{"lineNumber":92,"author":{"gitId":"VN-Hao"},"content":"","lastModifiedDate":"2023-08-24"},{"lineNumber":93,"author":{"gitId":"VN-Hao"},"content":"            System.out.println(\"    ____________________________________________________________\");","lastModifiedDate":"2023-08-24"},{"lineNumber":94,"author":{"gitId":"VN-Hao"},"content":"            System.out.println(\"     ☹ OOPS!!! I\u0027m sorry, but I don\u0027t know what that means :-(\");","lastModifiedDate":"2023-08-24"},{"lineNumber":95,"author":{"gitId":"VN-Hao"},"content":"            System.out.println(\"    ____________________________________________________________\");","lastModifiedDate":"2023-08-24"},{"lineNumber":96,"author":{"gitId":"VN-Hao"},"content":"        }","lastModifiedDate":"2023-08-23"},{"lineNumber":97,"author":{"gitId":"VN-Hao"},"content":"        qi.goodBye();","lastModifiedDate":"2023-08-24"},{"lineNumber":98,"author":{"gitId":"VN-Hao"},"content":"    }","lastModifiedDate":"2023-08-23"},{"lineNumber":99,"author":{"gitId":"VN-Hao"},"content":"}","lastModifiedDate":"2023-08-23"}],"authorContributionMap":{"VN-Hao":99}},{"path":"src/main/java/Task.java","fileType":"java","lines":[{"lineNumber":1,"author":{"gitId":"VN-Hao"},"content":"public class Task {","lastModifiedDate":"2023-08-24"},{"lineNumber":2,"author":{"gitId":"VN-Hao"},"content":"    protected String task;","lastModifiedDate":"2023-08-24"},{"lineNumber":3,"author":{"gitId":"VN-Hao"},"content":"    protected boolean done;","lastModifiedDate":"2023-08-24"},{"lineNumber":4,"author":{"gitId":"VN-Hao"},"content":"","lastModifiedDate":"2023-08-24"},{"lineNumber":5,"author":{"gitId":"VN-Hao"},"content":"    protected Task(String task) {","lastModifiedDate":"2023-08-24"},{"lineNumber":6,"author":{"gitId":"VN-Hao"},"content":"        this.task \u003d task;","lastModifiedDate":"2023-08-24"},{"lineNumber":7,"author":{"gitId":"VN-Hao"},"content":"        this.done \u003d false;","lastModifiedDate":"2023-08-24"},{"lineNumber":8,"author":{"gitId":"VN-Hao"},"content":"    }","lastModifiedDate":"2023-08-24"},{"lineNumber":9,"author":{"gitId":"VN-Hao"},"content":"","lastModifiedDate":"2023-08-24"},{"lineNumber":10,"author":{"gitId":"VN-Hao"},"content":"    public void mark(boolean status) {","lastModifiedDate":"2023-08-24"},{"lineNumber":11,"author":{"gitId":"VN-Hao"},"content":"        this.done \u003d status;","lastModifiedDate":"2023-08-24"},{"lineNumber":12,"author":{"gitId":"VN-Hao"},"content":"    }","lastModifiedDate":"2023-08-24"},{"lineNumber":13,"author":{"gitId":"VN-Hao"},"content":"}","lastModifiedDate":"2023-08-24"}],"authorContributionMap":{"VN-Hao":13}},{"path":"src/main/java/TaskList.java","fileType":"java","lines":[{"lineNumber":1,"author":{"gitId":"VN-Hao"},"content":"import java.util.ArrayList;","lastModifiedDate":"2023-08-24"},{"lineNumber":2,"author":{"gitId":"VN-Hao"},"content":"","lastModifiedDate":"2023-08-24"},{"lineNumber":3,"author":{"gitId":"VN-Hao"},"content":"public class TaskList {","lastModifiedDate":"2023-08-24"},{"lineNumber":4,"author":{"gitId":"VN-Hao"},"content":"    private final ArrayList\u003cTask\u003e taskList;","lastModifiedDate":"2023-08-25"},{"lineNumber":5,"author":{"gitId":"VN-Hao"},"content":"","lastModifiedDate":"2023-08-24"},{"lineNumber":6,"author":{"gitId":"VN-Hao"},"content":"    public TaskList() {","lastModifiedDate":"2023-08-24"},{"lineNumber":7,"author":{"gitId":"VN-Hao"},"content":"        this.taskList \u003d new ArrayList\u003c\u003e();","lastModifiedDate":"2023-08-24"},{"lineNumber":8,"author":{"gitId":"VN-Hao"},"content":"    }","lastModifiedDate":"2023-08-24"},{"lineNumber":9,"author":{"gitId":"VN-Hao"},"content":"","lastModifiedDate":"2023-08-24"},{"lineNumber":10,"author":{"gitId":"VN-Hao"},"content":"    public void addTask(Task t) {","lastModifiedDate":"2023-08-24"},{"lineNumber":11,"author":{"gitId":"VN-Hao"},"content":"        this.taskList.add(t);","lastModifiedDate":"2023-08-24"},{"lineNumber":12,"author":{"gitId":"VN-Hao"},"content":"    }","lastModifiedDate":"2023-08-24"},{"lineNumber":13,"author":{"gitId":"VN-Hao"},"content":"","lastModifiedDate":"2023-08-24"},{"lineNumber":14,"author":{"gitId":"VN-Hao"},"content":"    public void mark(int id, boolean status) {","lastModifiedDate":"2023-08-25"},{"lineNumber":15,"author":{"gitId":"VN-Hao"},"content":"        this.taskList.get(id - 1).mark(status);","lastModifiedDate":"2023-08-25"},{"lineNumber":16,"author":{"gitId":"VN-Hao"},"content":"    }","lastModifiedDate":"2023-08-24"},{"lineNumber":17,"author":{"gitId":"VN-Hao"},"content":"","lastModifiedDate":"2023-08-24"},{"lineNumber":18,"author":{"gitId":"VN-Hao"},"content":"    public String showTask(int id) {","lastModifiedDate":"2023-08-25"},{"lineNumber":19,"author":{"gitId":"VN-Hao"},"content":"        return this.taskList.get(id - 1).toString();","lastModifiedDate":"2023-08-25"},{"lineNumber":20,"author":{"gitId":"VN-Hao"},"content":"    }","lastModifiedDate":"2023-08-24"},{"lineNumber":21,"author":{"gitId":"VN-Hao"},"content":"","lastModifiedDate":"2023-08-24"},{"lineNumber":22,"author":{"gitId":"VN-Hao"},"content":"    public Task deleteTask(int taskId) {","lastModifiedDate":"2023-08-25"},{"lineNumber":23,"author":{"gitId":"VN-Hao"},"content":"        return this.taskList.remove(taskId - 1);","lastModifiedDate":"2023-08-25"},{"lineNumber":24,"author":{"gitId":"VN-Hao"},"content":"    }","lastModifiedDate":"2023-08-24"},{"lineNumber":25,"author":{"gitId":"VN-Hao"},"content":"","lastModifiedDate":"2023-08-24"},{"lineNumber":26,"author":{"gitId":"VN-Hao"},"content":"    public String showList() {","lastModifiedDate":"2023-08-25"},{"lineNumber":27,"author":{"gitId":"VN-Hao"},"content":"        StringBuilder ans \u003d new StringBuilder();","lastModifiedDate":"2023-08-25"},{"lineNumber":28,"author":{"gitId":"VN-Hao"},"content":"        for (int i \u003d 0; i \u003c this.taskList.size(); i++) {","lastModifiedDate":"2023-08-24"},{"lineNumber":29,"author":{"gitId":"VN-Hao"},"content":"            int id \u003d i + 1;","lastModifiedDate":"2023-08-25"},{"lineNumber":30,"author":{"gitId":"VN-Hao"},"content":"            String temp \u003d \"     \" + id + \". \" + showTask(id);","lastModifiedDate":"2023-08-25"},{"lineNumber":31,"author":{"gitId":"VN-Hao"},"content":"            ans.append(temp);","lastModifiedDate":"2023-08-25"},{"lineNumber":32,"author":{"gitId":"VN-Hao"},"content":"            if (i \u003c this.taskList.size() - 1) {","lastModifiedDate":"2023-08-25"},{"lineNumber":33,"author":{"gitId":"VN-Hao"},"content":"                ans.append(\u0027\\n\u0027);","lastModifiedDate":"2023-08-25"},{"lineNumber":34,"author":{"gitId":"VN-Hao"},"content":"            }","lastModifiedDate":"2023-08-24"},{"lineNumber":35,"author":{"gitId":"VN-Hao"},"content":"        }","lastModifiedDate":"2023-08-25"},{"lineNumber":36,"author":{"gitId":"VN-Hao"},"content":"        return ans.toString();","lastModifiedDate":"2023-08-25"},{"lineNumber":37,"author":{"gitId":"VN-Hao"},"content":"    }","lastModifiedDate":"2023-08-24"},{"lineNumber":38,"author":{"gitId":"VN-Hao"},"content":"","lastModifiedDate":"2023-08-24"},{"lineNumber":39,"author":{"gitId":"VN-Hao"},"content":"    public int size() {","lastModifiedDate":"2023-08-24"},{"lineNumber":40,"author":{"gitId":"VN-Hao"},"content":"        return this.taskList.size();","lastModifiedDate":"2023-08-24"},{"lineNumber":41,"author":{"gitId":"VN-Hao"},"content":"    }","lastModifiedDate":"2023-08-24"},{"lineNumber":42,"author":{"gitId":"VN-Hao"},"content":"}","lastModifiedDate":"2023-08-24"}],"authorContributionMap":{"VN-Hao":42}},{"path":"src/main/java/Todo.java","fileType":"java","lines":[{"lineNumber":1,"author":{"gitId":"VN-Hao"},"content":"public class Todo extends Task {","lastModifiedDate":"2023-08-24"},{"lineNumber":2,"author":{"gitId":"VN-Hao"},"content":"    public Todo(String task) {","lastModifiedDate":"2023-08-24"},{"lineNumber":3,"author":{"gitId":"VN-Hao"},"content":"        super(task);","lastModifiedDate":"2023-08-24"},{"lineNumber":4,"author":{"gitId":"VN-Hao"},"content":"    }","lastModifiedDate":"2023-08-24"},{"lineNumber":5,"author":{"gitId":"VN-Hao"},"content":"","lastModifiedDate":"2023-08-24"},{"lineNumber":6,"author":{"gitId":"VN-Hao"},"content":"    @Override","lastModifiedDate":"2023-08-24"},{"lineNumber":7,"author":{"gitId":"VN-Hao"},"content":"    public String toString() {","lastModifiedDate":"2023-08-24"},{"lineNumber":8,"author":{"gitId":"VN-Hao"},"content":"        if (this.done) {","lastModifiedDate":"2023-08-24"},{"lineNumber":9,"author":{"gitId":"VN-Hao"},"content":"            return \"[T][X] \" + this.task;","lastModifiedDate":"2023-08-24"},{"lineNumber":10,"author":{"gitId":"VN-Hao"},"content":"        }","lastModifiedDate":"2023-08-24"},{"lineNumber":11,"author":{"gitId":"VN-Hao"},"content":"        return \"[T][ ] \" + this.task;","lastModifiedDate":"2023-08-24"},{"lineNumber":12,"author":{"gitId":"VN-Hao"},"content":"    }","lastModifiedDate":"2023-08-24"},{"lineNumber":13,"author":{"gitId":"VN-Hao"},"content":"}","lastModifiedDate":"2023-08-24"}],"authorContributionMap":{"VN-Hao":13}},{"path":"text-ui-test/input.txt","fileType":"txt","lines":[{"lineNumber":1,"author":{"gitId":"VN-Hao"},"content":"todo eat","lastModifiedDate":"2023-08-24"},{"lineNumber":2,"author":{"gitId":"VN-Hao"},"content":"deadline code /by today midnight","lastModifiedDate":"2023-08-24"},{"lineNumber":3,"author":{"gitId":"VN-Hao"},"content":"todo sleep","lastModifiedDate":"2023-08-24"},{"lineNumber":4,"author":{"gitId":"VN-Hao"},"content":"event ES2660 /from Friday 10am /to 12pm","lastModifiedDate":"2023-08-24"},{"lineNumber":5,"author":{"gitId":"VN-Hao"},"content":"list","lastModifiedDate":"2023-08-24"},{"lineNumber":6,"author":{"gitId":"VN-Hao"},"content":"bye","lastModifiedDate":"2023-08-24"}],"authorContributionMap":{"VN-Hao":6}},{"path":"text-ui-test/runtest.bat","fileType":"bat","lines":[{"lineNumber":1,"author":{"gitId":"-"},"content":"@ECHO OFF","lastModifiedDate":"2020-05-25"},{"lineNumber":2,"author":{"gitId":"-"},"content":"","lastModifiedDate":"2020-05-25"},{"lineNumber":3,"author":{"gitId":"-"},"content":"REM create bin directory if it doesn\u0027t exist","lastModifiedDate":"2020-05-25"},{"lineNumber":4,"author":{"gitId":"-"},"content":"if not exist ..\\bin mkdir ..\\bin","lastModifiedDate":"2020-05-25"},{"lineNumber":5,"author":{"gitId":"-"},"content":"","lastModifiedDate":"2020-05-25"},{"lineNumber":6,"author":{"gitId":"-"},"content":"REM delete output from previous run","lastModifiedDate":"2020-05-25"},{"lineNumber":7,"author":{"gitId":"-"},"content":"if exist ACTUAL.TXT del ACTUAL.TXT","lastModifiedDate":"2020-08-25"},{"lineNumber":8,"author":{"gitId":"-"},"content":"","lastModifiedDate":"2020-05-25"},{"lineNumber":9,"author":{"gitId":"-"},"content":"REM compile the code into the bin folder","lastModifiedDate":"2020-05-25"},{"lineNumber":10,"author":{"gitId":"-"},"content":"javac  -cp ..\\src\\main\\java -Xlint:none -d ..\\bin ..\\src\\main\\java\\*.java","lastModifiedDate":"2020-08-25"},{"lineNumber":11,"author":{"gitId":"-"},"content":"IF ERRORLEVEL 1 (","lastModifiedDate":"2020-05-25"},{"lineNumber":12,"author":{"gitId":"-"},"content":"    echo ********** BUILD FAILURE **********","lastModifiedDate":"2020-05-25"},{"lineNumber":13,"author":{"gitId":"-"},"content":"    exit /b 1","lastModifiedDate":"2020-05-25"},{"lineNumber":14,"author":{"gitId":"-"},"content":")","lastModifiedDate":"2020-05-25"},{"lineNumber":15,"author":{"gitId":"-"},"content":"REM no error here, errorlevel \u003d\u003d 0","lastModifiedDate":"2020-05-25"},{"lineNumber":16,"author":{"gitId":"-"},"content":"","lastModifiedDate":"2020-05-25"},{"lineNumber":17,"author":{"gitId":"-"},"content":"REM run the program, feed commands from input.txt file and redirect the output to the ACTUAL.TXT","lastModifiedDate":"2020-05-25"},{"lineNumber":18,"author":{"gitId":"VN-Hao"},"content":"java -classpath ..\\bin Qi \u003c input.txt \u003e ACTUAL.TXT","lastModifiedDate":"2023-08-24"},{"lineNumber":19,"author":{"gitId":"-"},"content":"","lastModifiedDate":"2020-05-25"},{"lineNumber":20,"author":{"gitId":"-"},"content":"REM compare the output to the expected output","lastModifiedDate":"2020-05-25"},{"lineNumber":21,"author":{"gitId":"-"},"content":"FC ACTUAL.TXT EXPECTED.TXT","lastModifiedDate":"2020-05-25"}],"authorContributionMap":{"-":20,"VN-Hao":1}}]
