{"authorDailyContributionsMap":{"kimshitong":[{"date":"2023-08-24","commitResults":[{"hash":"ef724f2fecbe7f2b2c60b40f50c19f09782543f3","isMergeCommit":false,"messageTitle":"commit","messageBody":"","fileTypesAndContributionMap":{"java":{"insertions":17,"deletions":0}}},{"hash":"630ffde0149c4ff842f888771b842c9be92c9533","isMergeCommit":false,"messageTitle":"commit","messageBody":"","fileTypesAndContributionMap":{"java":{"insertions":24,"deletions":5}}},{"hash":"9267c987c04ef9c572d1fd8320703be6f5d929cd","isMergeCommit":false,"messageTitle":"Level-2 Commit","messageBody":"","tags":["Level-2"],"fileTypesAndContributionMap":{"java":{"insertions":31,"deletions":9}}},{"hash":"e3ddc4732d29403d8ae77b380e08220b43d53d72","isMergeCommit":false,"messageTitle":"Level 3","messageBody":"","tags":["Level-3"],"fileTypesAndContributionMap":{"java":{"insertions":102,"deletions":18}}},{"hash":"5ac0626a2aaea5c2bf67bb87dca3b0a917174383","isMergeCommit":false,"messageTitle":"Level-4","messageBody":"","tags":["Level-4"],"fileTypesAndContributionMap":{"java":{"insertions":132,"deletions":19}}},{"hash":"843b3e6667d235ca6e5e9d416dc1c3d554ea4052","isMergeCommit":false,"messageTitle":"Level-5","messageBody":"","tags":["Level-5"],"fileTypesAndContributionMap":{"java":{"insertions":42,"deletions":6}}},{"hash":"496b0e87c6ed7aa46b017c8cde7ab5dbe4370d4b","isMergeCommit":false,"messageTitle":"Level-6","messageBody":"","tags":["Level-6"],"fileTypesAndContributionMap":{"java":{"insertions":30,"deletions":0}}}]},{"date":"2023-08-30","commitResults":[{"hash":"d32903e4d9e7b54d205bf1ab7f8a53da8786d7bd","isMergeCommit":false,"messageTitle":"A-TextUITEsting","messageBody":"","tags":["A-TextUiTesting"],"fileTypesAndContributionMap":{"txt":{"insertions":5,"deletions":0}}}]},{"date":"2023-08-31","commitResults":[{"hash":"29a25e0b83e12f698692388cb61c956ae3c3f33f","isMergeCommit":false,"messageTitle":"branch-Level-7 commit","messageBody":"","tags":["branch-Level-7","Level-7"],"fileTypesAndContributionMap":{"java":{"insertions":181,"deletions":6}}},{"hash":"cb17857f618270448e440d8dd1a2fb9ae0626470","isMergeCommit":false,"messageTitle":"branch-Level-8 commit","messageBody":"","tags":["branch-Level-8","Level-8"],"fileTypesAndContributionMap":{"java":{"insertions":85,"deletions":42}}},{"hash":"5a8abc6257f860fe79197473b49a4afb2a76093f","isMergeCommit":false,"messageTitle":"branch-A-MoreOOP commit","messageBody":"","fileTypesAndContributionMap":{"java":{"insertions":463,"deletions":312}}},{"hash":"d8d0b3d29f4aa25ad509a6aa77dff19f39cf06b2","isMergeCommit":false,"messageTitle":"Revert \"branch-A-MoreOOP commit\"","messageBody":"This reverts commit 5a8abc6257f860fe79197473b49a4afb2a76093f.\n","fileTypesAndContributionMap":{"java":{"insertions":312,"deletions":463}}},{"hash":"17da20f02bd1adc7b621c58d823a0a7d7886aeeb","isMergeCommit":false,"messageTitle":"commit moreoop","messageBody":"","fileTypesAndContributionMap":{"java":{"insertions":1,"deletions":1}}},{"hash":"19a43b4ff703a7cea31dfc460192d2bb5bde52eb","isMergeCommit":true,"messageTitle":"no message","messageBody":"","tags":["Branch-A-MoreOOP","A-MoreOOP"],"fileTypesAndContributionMap":{}},{"hash":"8acc00da23b2d9f34e31b399461b04288d12ccb3","isMergeCommit":false,"messageTitle":"commit","messageBody":"","tags":["A-Packages"],"fileTypesAndContributionMap":{"java":{"insertions":24,"deletions":2}}},{"hash":"776c4b74e46151a19990d605dafc77f3cf165232","isMergeCommit":true,"messageTitle":"Merge branch \u0027add-gradle-support\u0027 into branch-A-Gradle","messageBody":"","fileTypesAndContributionMap":{}},{"hash":"22b9feecfd9f30a3daf9fd22686b01ab9779db76","isMergeCommit":false,"messageTitle":"commit gradle","messageBody":"","tags":["A-JUnit","A-Gradle"],"fileTypesAndContributionMap":{"gradle":{"insertions":2,"deletions":2},"txt":{"insertions":0,"deletions":0}}},{"hash":"f0753b46d3c75180a2df4dc2e6a64f4be56fa464","isMergeCommit":false,"messageTitle":"commit","messageBody":"","tags":["A-Jar"],"fileTypesAndContributionMap":{"java":{"insertions":770,"deletions":0}}},{"hash":"acc404940aa99b6f28a1f1d76860ddf446e345ec","isMergeCommit":false,"messageTitle":"A-Jar","messageBody":"","fileTypesAndContributionMap":{"gradle":{"insertions":5,"deletions":3}}},{"hash":"7c6fbe8b2e96627a6025c6ef160a2a01fee786c8","isMergeCommit":false,"messageTitle":"commit Level-9","messageBody":"","tags":["Level-9"],"fileTypesAndContributionMap":{"java":{"insertions":40,"deletions":4}}},{"hash":"3b833fbd700d9e317c8df067e10271d3444858ae","isMergeCommit":false,"messageTitle":"A-JavaDoc commit","messageBody":"","tags":["A-JavaDoc"],"fileTypesAndContributionMap":{"java":{"insertions":410,"deletions":44}}},{"hash":"e5f5a85ab416e6eca83b52e0a8d79902151e0cc9","isMergeCommit":false,"messageTitle":"commit A-CodingStandard","messageBody":"","tags":["A-CodingStandard"],"fileTypesAndContributionMap":{"java":{"insertions":222,"deletions":262}}},{"hash":"2218d812ce1637c55e01c5774b51ca6b014f3b5d","isMergeCommit":true,"messageTitle":"Merge branch \u0027branch-A-JavaDoc\u0027","messageBody":"# Conflicts:\n#\tsrc/main/java/duke/Duke.java\n#\tsrc/main/java/duke/parser/Parser.java\n#\tsrc/main/java/duke/storage/Storage.java\n#\tsrc/main/java/duke/task/Deadline.java\n#\tsrc/main/java/duke/task/Event.java\n#\tsrc/main/java/duke/task/Task.java\n#\tsrc/main/java/duke/task/TaskArray.java\n#\tsrc/main/java/duke/task/ToDo.java\n#\tsrc/main/java/duke/ui/Ui.java\n","fileTypesAndContributionMap":{}},{"hash":"0c5e5c6a8c81cbe7220e37fa00cbdcbfdbac0ab6","isMergeCommit":true,"messageTitle":"Merge branch \u0027branch-Level-9\u0027 into branch-A-JavaDoc","messageBody":"# Conflicts:\n#\tsrc/main/java/duke/parser/Parser.java\n#\tsrc/main/java/duke/task/TaskArray.java\n","fileTypesAndContributionMap":{}}]},{"date":"2023-09-01","commitResults":[{"hash":"d23170700bb3d85add7ac5b77e5e3c26b67ec186","isMergeCommit":true,"messageTitle":"Merge branch \u0027branch-A-JavaDoc\u0027","messageBody":"# Conflicts:\n#\tsrc/main/java/duke/parser/Parser.java\n#\tsrc/main/java/duke/task/TaskArray.java\n#\tsrc/main/java/duke/ui/Ui.java\n","fileTypesAndContributionMap":{}}]},{"date":"2023-09-07","commitResults":[{"hash":"8d6c384a56b4f3c432967fa1baf45a40f40534ca","isMergeCommit":false,"messageTitle":"commit","messageBody":"","tags":["Level-10"],"fileTypesAndContributionMap":{"gradle":{"insertions":16,"deletions":0},"txt":{"insertions":3,"deletions":0},"fxml":{"insertions":36,"deletions":0},"java":{"insertions":370,"deletions":90}}}]},{"date":"2023-09-13","commitResults":[{"hash":"64cba2093fe37605593b6298b596fc7b17ee58a0","isMergeCommit":false,"messageTitle":"Assertion on 1. which I assumed that there will be /from and /to in Event, also /by in deadline 2. I assumed that all taskArray in the list is being parsed and passed completely Editing UI Display : 3. Some editting on providing better UI Display","messageBody":"","tags":["A-Assertions","A-Assertion"],"fileTypesAndContributionMap":{"java":{"insertions":44,"deletions":8}}},{"hash":"389984f97114d376c5608765cf0e9129382c1e5d","isMergeCommit":false,"messageTitle":"Commit for Code Standard 1. Naming Standard 2. spaces between if and (, switch and ( ... 3. adjusting for functions within try 4. spacing in comments","messageBody":"","fileTypesAndContributionMap":{"java":{"insertions":52,"deletions":67}}},{"hash":"aa33c01af7bf572aa0d40a51ac8430610fb5e2e5","isMergeCommit":false,"messageTitle":"Code Quality - 1. Avoiding Deep Nesting 2. Improved on commenting 3. Some miscilleous edits on improving code quality 4. Removing some empty spce","messageBody":"","tags":["A-CodeQuality"],"fileTypesAndContributionMap":{"txt":{"insertions":0,"deletions":3},"java":{"insertions":64,"deletions":76}}},{"hash":"bed97911b5c9208d321a9c078f47c76a580c9bd4","isMergeCommit":true,"messageTitle":"Merge pull request #1 from kimshitong/branch-A-Assertions","messageBody":"Assertion on","fileTypesAndContributionMap":{}},{"hash":"48460a1d3f469534575cc942355a9e277e25d510","isMergeCommit":true,"messageTitle":"Merge branch \u0027branch-A-CodeQuality\u0027 of https://github.com/kimshitong/ip","messageBody":"# Conflicts:\n#\tsrc/main/java/duke/parser/Parser.java\n","fileTypesAndContributionMap":{}},{"hash":"14bd774cb28f368c30646d1bd1b6ae52a772d516","isMergeCommit":false,"messageTitle":"Revert \"Code Quality -\"","messageBody":"This reverts commit aa33c01af7bf572aa0d40a51ac8430610fb5e2e5.\n","fileTypesAndContributionMap":{"txt":{"insertions":3,"deletions":0},"java":{"insertions":76,"deletions":64}}},{"hash":"a0ca7a7996471933cb7a21b1d6cbd2a841ae9a3e","isMergeCommit":false,"messageTitle":"re-commit... some confusion on git just now","messageBody":"","fileTypesAndContributionMap":{"java":{"insertions":64,"deletions":67}}},{"hash":"d653e7cea29d1ece129699cd4490411c803f2295","isMergeCommit":false,"messageTitle":"Reset back to assertion + origin main, before mistake merging. revert merging manually hehe, will merge again","messageBody":"I cant reset origin ( :( )\n","fileTypesAndContributionMap":{"java":{"insertions":116,"deletions":97}}},{"hash":"3b4661c5e9e777dd30cc140ece873391a0ed59f8","isMergeCommit":true,"messageTitle":"Merge pull request #2 from kimshitong/branch-A-CodeQuality","messageBody":"Branch a code quality into merge","fileTypesAndContributionMap":{}},{"hash":"97426afd97a0b1562256dbe554fb11546de847f0","isMergeCommit":false,"messageTitle":"commit \"merge conflict\"","messageBody":"","fileTypesAndContributionMap":{"java":{"insertions":100,"deletions":130}}},{"hash":"f6c71499d6c21ba376d194385e8579516179cf8a","isMergeCommit":false,"messageTitle":"some follow-up for previous commit","messageBody":"","fileTypesAndContributionMap":{"txt":{"insertions":0,"deletions":3},"java":{"insertions":1,"deletions":0}}}]},{"date":"2023-09-14","commitResults":[{"hash":"34c7999870d46f6c5bbc6d4a29edc0df951bf7c2","isMergeCommit":false,"messageTitle":"BCD-Extension Commit 1. Added addTag [taskIndex] [tagName] 1. Added removeTag [taskIndex] 1. Added listTag [tagName] Some edits to improve code quality","messageBody":"","tags":["BCD-Extension"],"fileTypesAndContributionMap":{"txt":{"insertions":4,"deletions":0},"java":{"insertions":226,"deletions":47}}},{"hash":"2f563a5f341ded54f4ea64ae186a7102dd6ea8ca","isMergeCommit":true,"messageTitle":"Merge pull request #4 from kimshitong/branch-C-Tagging","messageBody":"BCD-Extension Commit","fileTypesAndContributionMap":{}}]}]},"authorFileTypeContributionMap":{"kimshitong":{"java":2729,"md":0,"fxml":36,"sh":0,"bat":0,"gradle":22,"txt":9}},"authorContributionVariance":{"kimshitong":489851.28},"authorDisplayNameMap":{"kimshitong":"CS2103T-T08-1 KIM ..TONG"}}
