{"authorDailyContributionsMap":{"tllshan":[{"date":"2023-08-24","commitResults":[{"hash":"e19899ff10e632fa289211f8d8e938135c841a6a","isMergeCommit":false,"messageTitle":"Implemented Level 0. Rename, Greet, Exit","messageBody":"Renamed Duke to ChatterChicken.\nAdded greeting and exit.\n","tags":["Level-0"],"fileTypesAndContributionMap":{"java":{"insertions":10,"deletions":10}}},{"hash":"755b682e8ec31a464d32aa47fc93d5260a432f83","isMergeCommit":false,"messageTitle":"Level 1. Echo","messageBody":"Added indentation to lines printed.\nAdded scanner to echo user input.\nExits on \"bye\" input.\n","tags":["Level-1"],"fileTypesAndContributionMap":{"java":{"insertions":11,"deletions":6}}},{"hash":"2c74862e1a0709ae32f202789fcf06fdcb61be43","isMergeCommit":false,"messageTitle":"Level 2. Add, List","messageBody":"Added Task and List classes.\nAdds user inputs as tasks to list.\nPrints list on \"list\" input.\n","tags":["Level-2"],"fileTypesAndContributionMap":{"java":{"insertions":49,"deletions":3}}},{"hash":"e73d8b9c671388ccde2a1e5297e9538062a19503","isMergeCommit":false,"messageTitle":"Level 3. Mark as Done","messageBody":"Added isDone field in Task.\nAdded mechanism to mark and unmark tasks.\n","tags":["Level-3"],"fileTypesAndContributionMap":{"java":{"insertions":36,"deletions":1}}},{"hash":"8a5136197e096f87e484dc0afd16a5c8486f9c0f","isMergeCommit":false,"messageTitle":"Level 4. ToDos, Events, Deadlines","messageBody":"Task is an interface.\nToDo, Deadline and Event implement Task.\n","tags":["Level-4"],"fileTypesAndContributionMap":{"java":{"insertions":138,"deletions":45}}},{"hash":"29f587354aaa4330fb54286602513c03190667cf","isMergeCommit":false,"messageTitle":"A-TextUiTesting","messageBody":"Tests if ACTUAL.TXT matches EXPECTED.TXT for given inputs in input.txt\n","tags":["A-TextUiTesting"],"fileTypesAndContributionMap":{"txt":{"insertions":9,"deletions":0},"java":{"insertions":11,"deletions":6},"bat":{"insertions":1,"deletions":1}}},{"hash":"53da15d1b08f8379b774b74e69b3a5ff04936266","isMergeCommit":false,"messageTitle":"Level 5. Handle Errors","messageBody":"Implemented error handling for faulty inputs.\nChanged Task from interface to abstract class.\n","tags":["Level-5"],"fileTypesAndContributionMap":{"java":{"insertions":169,"deletions":113}}},{"hash":"7dd7c63d7c1e3cfba33c548a5e740801dcaf268c","isMergeCommit":false,"messageTitle":"Level 6. Delete","messageBody":"Added delete task function to list.\n","tags":["Level-6"],"fileTypesAndContributionMap":{"txt":{"insertions":2,"deletions":0},"java":{"insertions":42,"deletions":21}}}]},{"date":"2023-08-27","commitResults":[{"hash":"372e72c763e2359c856d5367bfcf5a8d2d982d28","isMergeCommit":false,"messageTitle":"Add javadocs for classes and methods","messageBody":"","fileTypesAndContributionMap":{"java":{"insertions":154,"deletions":44}}}]},{"date":"2023-08-29","commitResults":[{"hash":"87ac7900d142afa7d73b09da66a521a9f39012a9","isMergeCommit":false,"messageTitle":"Implement Level-7 Save for ToDo","messageBody":"","tags":["Level-7"],"fileTypesAndContributionMap":{"txt":{"insertions":0,"deletions":0},"java":{"insertions":86,"deletions":12}}},{"hash":"4870db41d21c7518f4d7288cd9d082c58fd181a5","isMergeCommit":false,"messageTitle":"Implement Level-7 Save for Deadline and Event","messageBody":"","fileTypesAndContributionMap":{"java":{"insertions":69,"deletions":75}}},{"hash":"67349f35e8b1b4e54c6ef978ea53b9e2a687e84c","isMergeCommit":true,"messageTitle":"Merge pull request #1 from tllshan/branch-Level-7","messageBody":"Branch level 7","fileTypesAndContributionMap":{}}]},{"date":"2023-08-30","commitResults":[{"hash":"be366b654e1cfb218a2f9695c9b9674397eed0a0","isMergeCommit":false,"messageTitle":"Implement Level-8 Dates","messageBody":"","fileTypesAndContributionMap":{"txt":{"insertions":5,"deletions":2},"java":{"insertions":36,"deletions":9}}},{"hash":"2b589150060b052c296805fe135112001365f2db","isMergeCommit":true,"messageTitle":"Merge pull request #2 from tllshan/branch-Level-8","messageBody":"Implement Level-8 Dates","fileTypesAndContributionMap":{}}]}]},"authorFileTypeContributionMap":{"tllshan":{"java":476,"md":0,"fxml":0,"sh":0,"bat":1,"gradle":0,"txt":14}},"authorContributionVariance":{"tllshan":35534.246},"authorDisplayNameMap":{"tllshan":"CS2103T-F11-2 TSOU..NNON"}}
