{"authorDailyContributionsMap":{"neyapraveen":[{"date":"2023-08-24","commitResults":[{"hash":"6539f8a2853a56820143863b5c77d623dc1f3bc9","isMergeCommit":false,"messageTitle":"Rename, Greet, Exit","messageBody":"","tags":["Level-0"],"fileTypesAndContributionMap":{"java":{"insertions":4,"deletions":1}}}]},{"date":"2023-08-25","commitResults":[{"hash":"6ae63d88d058d01a766c2332067df9112d995e8b","isMergeCommit":false,"messageTitle":"Echo","messageBody":"","tags":["Level-1"],"fileTypesAndContributionMap":{"java":{"insertions":10,"deletions":8}}},{"hash":"2329ed91975ee76c48e59b8988e24792e99f3e09","isMergeCommit":false,"messageTitle":"Adds input to array list","messageBody":"","fileTypesAndContributionMap":{"java":{"insertions":3,"deletions":0}}},{"hash":"0a3c0644f026660472f9fd9aeb2c84aa4f8f0da5","isMergeCommit":false,"messageTitle":"Add, List","messageBody":"","tags":["Level-2"],"fileTypesAndContributionMap":{"java":{"insertions":24,"deletions":4}}},{"hash":"99a686bda2d9bac33f07f52e6a8c34dc287c8e54","isMergeCommit":false,"messageTitle":"Created Task class","messageBody":"","fileTypesAndContributionMap":{"java":{"insertions":26,"deletions":16}}},{"hash":"bad0c0434f19d7f97c8aca055cd28d40ee9b6c09","isMergeCommit":false,"messageTitle":"Mark as Done","messageBody":"","tags":["Level-3"],"fileTypesAndContributionMap":{"java":{"insertions":58,"deletions":8}}}]},{"date":"2023-08-26","commitResults":[{"hash":"38e05084610229cd44e5760bf089e99569df7784","isMergeCommit":false,"messageTitle":"Create Todo class","messageBody":"","fileTypesAndContributionMap":{"java":{"insertions":44,"deletions":8}}},{"hash":"4d17ae482110ebe1f02f70427ac8f8b0a8d9cc6a","isMergeCommit":false,"messageTitle":"Create Deadline class","messageBody":"","fileTypesAndContributionMap":{"java":{"insertions":27,"deletions":3}}},{"hash":"940800d1b67420820c733029669fcd6405bf9d2e","isMergeCommit":false,"messageTitle":"Create Event class","messageBody":"","fileTypesAndContributionMap":{"java":{"insertions":38,"deletions":3}}},{"hash":"cf201999174ae8a23ea721248bbcb3a480e78309","isMergeCommit":false,"messageTitle":"Create ToDos, Events, Deadlines","messageBody":"","tags":["Level-4"],"fileTypesAndContributionMap":{"java":{"insertions":11,"deletions":20}}},{"hash":"cb158b9556c5e27111ffb9804108bc4afb1ebe8f","isMergeCommit":false,"messageTitle":"Create Test","messageBody":"","tags":["A-TextUiTesting"],"fileTypesAndContributionMap":{"txt":{"insertions":5,"deletions":0},"java":{"insertions":0,"deletions":1},"sh":{"insertions":1,"deletions":1}}},{"hash":"2e5dae22af32bcc8007f683775d8d7551f9e1b90","isMergeCommit":false,"messageTitle":"Create DukeException class","messageBody":"","fileTypesAndContributionMap":{"java":{"insertions":62,"deletions":50}}}]},{"date":"2023-08-27","commitResults":[{"hash":"3a1f20ca8d972da766e788433b5e89bef3e2effc","isMergeCommit":false,"messageTitle":"Handle errors","messageBody":"","fileTypesAndContributionMap":{"java":{"insertions":12,"deletions":0}}},{"hash":"11a15c2b8ea7d8ab35c72b75da6ac5fcd3f60ef3","isMergeCommit":false,"messageTitle":"Handle errors","messageBody":"","fileTypesAndContributionMap":{"java":{"insertions":3,"deletions":5}}},{"hash":"137d6d9665c511ba34706f982cb0bf57c2bd9277","isMergeCommit":false,"messageTitle":"Handle errors final","messageBody":"","tags":["Level-5"],"fileTypesAndContributionMap":{"java":{"insertions":19,"deletions":4}}},{"hash":"f011f87414336ed77692cbd55b82220c307a8bdd","isMergeCommit":false,"messageTitle":"Delete Tasks","messageBody":"","tags":["Level-6"],"fileTypesAndContributionMap":{"java":{"insertions":18,"deletions":2}}},{"hash":"fff5e0f657cdc5c8625800df8a4ae2cf26a6ec20","isMergeCommit":false,"messageTitle":"Create enum for TaskStatus","messageBody":"","tags":["A-Enums"],"fileTypesAndContributionMap":{"java":{"insertions":31,"deletions":26}}}]}]},"authorFileTypeContributionMap":{"neyapraveen":{"java":238,"md":0,"fxml":0,"sh":1,"bat":0,"gradle":0,"txt":5}},"authorContributionVariance":{"neyapraveen":8323.64},"authorDisplayNameMap":{"neyapraveen":"DEWA..VEEN"}}
