{"authorDailyContributionsMap":{"jeffrey-jian":[{"date":"2023-08-23","commitResults":[{"hash":"06d8c66a01ec3947c9078c0137ec83f27ac8d7a7","isMergeCommit":false,"messageTitle":"Rename JED, greet and exit","messageBody":"","tags":["Level-0"],"fileTypesAndContributionMap":{"java":{"insertions":10,"deletions":6}}},{"hash":"193afd484495372df6974aa60c145419bc853f5b","isMergeCommit":false,"messageTitle":"Echo user input","messageBody":"","tags":["Level-1"],"fileTypesAndContributionMap":{"java":{"insertions":21,"deletions":6}}}]},{"date":"2023-08-24","commitResults":[{"hash":"b47d291beaf5965a021aa88bbb235b1e525fc9f6","isMergeCommit":false,"messageTitle":"Add list function","messageBody":"","tags":["Level-2"],"fileTypesAndContributionMap":{"java":{"insertions":12,"deletions":1}}},{"hash":"a8e022e91e352063a37ca2c5aad051d25faf1bf3","isMergeCommit":false,"messageTitle":"Use Tasks","messageBody":"","tags":["A-Classes"],"fileTypesAndContributionMap":{"java":{"insertions":28,"deletions":3}}},{"hash":"aaeddffa5ba169346c0de24a2ac39c5f57a7f7a0","isMergeCommit":false,"messageTitle":"Add mark and unmark features","messageBody":"","tags":["Level-3"],"fileTypesAndContributionMap":{"java":{"insertions":20,"deletions":1}}},{"hash":"61e0edd217baf5e985bb18a282fedf987028c4e1","isMergeCommit":false,"messageTitle":"Add ToDos","messageBody":"","fileTypesAndContributionMap":{"java":{"insertions":20,"deletions":0}}},{"hash":"7adef1816c79925f120d2be6368859c00c6ba99c","isMergeCommit":false,"messageTitle":"Add Deadlines","messageBody":"","tags":["Level-4","A-Inheritance"],"fileTypesAndContributionMap":{"java":{"insertions":30,"deletions":1}}},{"hash":"ef42ff9c5de840776a4d1c8bce356418b6645e64","isMergeCommit":false,"messageTitle":"bugfix string trim","messageBody":"","fileTypesAndContributionMap":{"java":{"insertions":36,"deletions":2}}},{"hash":"e1bd3aeeae210536740276021e9d6d423db9c947","isMergeCommit":false,"messageTitle":"simple todo bye test","messageBody":"","fileTypesAndContributionMap":{"txt":{"insertions":2,"deletions":0},"java":{"insertions":1,"deletions":1}}},{"hash":"a5796e5514edb43996942ab1af71a559aee346f9","isMergeCommit":false,"messageTitle":"More comprehensive test","messageBody":"","tags":["A-TextUiTesting"],"fileTypesAndContributionMap":{"txt":{"insertions":11,"deletions":0}}},{"hash":"8efac7f27a64ec9e3e64682d95ca0fbfd23168d2","isMergeCommit":false,"messageTitle":"Refactor code, use switch case","messageBody":"","fileTypesAndContributionMap":{"java":{"insertions":55,"deletions":56}}},{"hash":"58d20eb56ac1474da3240d53aca950cc87836c9d","isMergeCommit":false,"messageTitle":"Add DukeException for error handling","messageBody":"","fileTypesAndContributionMap":{"txt":{"insertions":1,"deletions":0},"java":{"insertions":2,"deletions":0}}},{"hash":"faf8ebd14e75ec473b3687b8b5a279f72bc57398","isMergeCommit":false,"messageTitle":"Add exceptionhandling to test","messageBody":"","fileTypesAndContributionMap":{"txt":{"insertions":3,"deletions":0}}},{"hash":"ba0c0a2a68ff72d2bbb40ff055d3dc282ac16a47","isMergeCommit":false,"messageTitle":"Bug fix, working app","messageBody":"","tags":["Level-5","A-Exceptions"],"fileTypesAndContributionMap":{"java":{"insertions":108,"deletions":62}}},{"hash":"09dc7a11e2141fb9330e12050a6402799cc0fbf1","isMergeCommit":false,"messageTitle":"Use ArrayList for tasks","messageBody":"","tags":["A-Collections"],"fileTypesAndContributionMap":{"java":{"insertions":17,"deletions":16}}},{"hash":"9be57dcc2d3b9bdbeda57b888f5b60b84d3a665a","isMergeCommit":false,"messageTitle":"Add delete","messageBody":"","fileTypesAndContributionMap":{"java":{"insertions":10,"deletions":0}}},{"hash":"b936e2b1a385680c56be15868c54902b67d91164","isMergeCommit":false,"messageTitle":"Add test for delete","messageBody":"","tags":["Level-6"],"fileTypesAndContributionMap":{"txt":{"insertions":2,"deletions":0}}}]},{"date":"2023-08-26","commitResults":[{"hash":"ea34b4f5d417690535c22307cde6144ffb214402","isMergeCommit":false,"messageTitle":"fix indent for switch-case","messageBody":"","fileTypesAndContributionMap":{"java":{"insertions":93,"deletions":93}}}]},{"date":"2023-08-27","commitResults":[{"hash":"5ba2e4908b6e8b8b103924cc581e7b37fd1e18c1","isMergeCommit":false,"messageTitle":"Read and write to duke.txt file","messageBody":"","fileTypesAndContributionMap":{"txt":{"insertions":3,"deletions":0},"java":{"insertions":106,"deletions":11}}},{"hash":"1a8e4ffadf7c1da8a7c9d0d362fd23e3e2dd2876","isMergeCommit":true,"messageTitle":"Merge branch \u0027branch-Level-7\u0027","messageBody":"","tags":["Level-7"],"fileTypesAndContributionMap":{}},{"hash":"e41bfbca78ce89b2c497f8f64c642d3b870748cf","isMergeCommit":false,"messageTitle":"Use datetime for Deadline","messageBody":"","fileTypesAndContributionMap":{"txt":{"insertions":1,"deletions":1},"java":{"insertions":17,"deletions":5}}},{"hash":"2b7b0a5e3ec78c30b4b8c8d8788ed3ed61b42feb","isMergeCommit":false,"messageTitle":"Use datetime for event","messageBody":"","fileTypesAndContributionMap":{"txt":{"insertions":1,"deletions":0},"java":{"insertions":14,"deletions":7}}},{"hash":"6b73d13273ea9d9e67c6925d420f54313f9f7a7b","isMergeCommit":true,"messageTitle":"Merge branch \u0027branch-Level-8\u0027","messageBody":"","tags":["Level-8"],"fileTypesAndContributionMap":{}},{"hash":"157f593104f48919589d66721f0fc521579abc8e","isMergeCommit":false,"messageTitle":"use Ui class","messageBody":"","fileTypesAndContributionMap":{"txt":{"insertions":1,"deletions":1},"java":{"insertions":104,"deletions":68}}},{"hash":"82da5c38fecf96819683b1b179f7a750821490b2","isMergeCommit":false,"messageTitle":"use Storage class","messageBody":"","fileTypesAndContributionMap":{"java":{"insertions":65,"deletions":52}}}]},{"date":"2023-08-28","commitResults":[{"hash":"e71efee1b9532f87e11c37975e04d08ac082a13a","isMergeCommit":false,"messageTitle":"use TaskList","messageBody":"","fileTypesAndContributionMap":{"txt":{"insertions":2,"deletions":2},"java":{"insertions":130,"deletions":47}}},{"hash":"2e618d52fe48dbd9007ff932796fb1c55a0d6d26","isMergeCommit":false,"messageTitle":"use Parser and Command classes","messageBody":"","fileTypesAndContributionMap":{"txt":{"insertions":3,"deletions":1},"java":{"insertions":251,"deletions":123}}},{"hash":"428ec56cdb0e99dfc2eadc3a02e76b49bb522d60","isMergeCommit":true,"messageTitle":"Merge branch \u0027more-oop\u0027","messageBody":"","tags":["A-MoreOOP"],"fileTypesAndContributionMap":{}},{"hash":"37252372f6e80a14a87288131b8c11e541db937b","isMergeCommit":false,"messageTitle":"A-Packages","messageBody":"","fileTypesAndContributionMap":{"java":{"insertions":117,"deletions":6},"bat":{"insertions":1,"deletions":1},"md":{"insertions":2,"deletions":2}}},{"hash":"7c0def9f19f4fa7513bbf17c43f565f7a400404d","isMergeCommit":true,"messageTitle":"Merge branch \u0027packages\u0027","messageBody":"","tags":["A-Packages"],"fileTypesAndContributionMap":{}}]},{"date":"2023-08-29","commitResults":[{"hash":"60a87e479c420fe13b13e4db5c96ced35c13b24b","isMergeCommit":true,"messageTitle":"Merge branch \u0027add-gradle-support\u0027","messageBody":"","fileTypesAndContributionMap":{}},{"hash":"c3bcc0687709f1e56a372af73986b516978ee2e4","isMergeCommit":false,"messageTitle":"Fix build.grade mainClass name","messageBody":"","fileTypesAndContributionMap":{"gradle":{"insertions":1,"deletions":1},"java":{"insertions":2,"deletions":3}}}]},{"date":"2023-08-30","commitResults":[{"hash":"70eeaf298e9da1f42a491a80241c81e2e401ed12","isMergeCommit":false,"messageTitle":"Add JUnit ToDoTest","messageBody":"","fileTypesAndContributionMap":{"java":{"insertions":26,"deletions":0}}},{"hash":"96f240d9597623e23e546da9a3614e4234245101","isMergeCommit":false,"messageTitle":"Add JUnit Parser test","messageBody":"","fileTypesAndContributionMap":{"java":{"insertions":17,"deletions":0}}},{"hash":"6857b3db89fc6c420728ffa518bf294a52b1a8fa","isMergeCommit":true,"messageTitle":"Merge branch \u0027junit\u0027","messageBody":"","tags":["A-Jar","A-JUnit"],"fileTypesAndContributionMap":{}}]},{"date":"2023-08-31","commitResults":[{"hash":"9562c2a125e45b8cccca8017a6af4859aebb2d5b","isMergeCommit":false,"messageTitle":"Follow coding standard, remove unnecessary imports","messageBody":"","fileTypesAndContributionMap":{"java":{"insertions":26,"deletions":48}}},{"hash":"7a0f416acd58701b28e1be9e3fcf98ed7c2cf6b7","isMergeCommit":false,"messageTitle":"JavaDoc for Duke, Ui","messageBody":"","fileTypesAndContributionMap":{"java":{"insertions":26,"deletions":0}}},{"hash":"f9654e60e788221dce7303408b220bdfe8f2bfa4","isMergeCommit":false,"messageTitle":"JavaDoc for task","messageBody":"","fileTypesAndContributionMap":{"java":{"insertions":182,"deletions":15}}},{"hash":"dd11edb0bf2318450707578941a4e60576701513","isMergeCommit":false,"messageTitle":"JavaDoc for Storage, Parser, DukeException","messageBody":"","fileTypesAndContributionMap":{"java":{"insertions":59,"deletions":22}}},{"hash":"7fb0fbaca15f194c47dd57701611b9fbed0045a5","isMergeCommit":false,"messageTitle":"JavaDoc for commands","messageBody":"","fileTypesAndContributionMap":{"java":{"insertions":100,"deletions":2}}},{"hash":"faac60f4e26357ee1d6be7b74e77428ff0286643","isMergeCommit":false,"messageTitle":"Level-9","messageBody":"","fileTypesAndContributionMap":{"java":{"insertions":57,"deletions":0}}},{"hash":"509cabf4f63054800c894ff1af3ee0368f4a587f","isMergeCommit":true,"messageTitle":"Merge branch \u0027codingStandard\u0027","messageBody":"","tags":["A-CodingStandard"],"fileTypesAndContributionMap":{}},{"hash":"8c6b9be57afcd035ed6994ada7e22f8f57ee3e07","isMergeCommit":true,"messageTitle":"Merge branch \u0027branch-Level-9\u0027","messageBody":"","tags":["Level-9"],"fileTypesAndContributionMap":{}},{"hash":"64b737ffab05d22e23db4ba34fa88a246011101b","isMergeCommit":false,"messageTitle":"JavaDocs for Ui done","messageBody":"","fileTypesAndContributionMap":{"java":{"insertions":52,"deletions":0}}},{"hash":"55e60ed05481ce5a1083685b1254f69ee8c27096","isMergeCommit":true,"messageTitle":"Resolve merge conflicts, add find javadocs","messageBody":"","tags":["A-JavaDoc"],"fileTypesAndContributionMap":{}}]},{"date":"2023-09-05","commitResults":[{"hash":"9b8fbefcf6673f54bc157776d80025e90aef3d87","isMergeCommit":false,"messageTitle":"Add config/checkstyle/ files","messageBody":"","fileTypesAndContributionMap":{"gradle":{"insertions":1,"deletions":0}}},{"hash":"c58f8d600a6a1feb22cab44c35ade5f0dfd67494","isMergeCommit":false,"messageTitle":"Adhere to checkstyle","messageBody":"","fileTypesAndContributionMap":{"java":{"insertions":68,"deletions":46}}},{"hash":"0fbaa799349a54a5242f49f8abfe3b2c666988e0","isMergeCommit":true,"messageTitle":"Merge branch \u0027add-checkstyle\u0027","messageBody":"","tags":["A-Checkstyle"],"fileTypesAndContributionMap":{}}]}]},"authorFileTypeContributionMap":{"jeffrey-jian":{"java":1191,"md":2,"fxml":0,"sh":0,"bat":1,"gradle":2,"txt":25}},"authorContributionVariance":{"jeffrey-jian":50942.76},"authorDisplayNameMap":{"jeffrey-jian":"CS2103T-W17-3 JEFF.. JIE"}}
