[{"path":"src/main/java/Deadline.java","fileType":"java","lines":[{"lineNumber":1,"author":{"gitId":"Carlintyj"},"content":"public class Deadline extends Task {","lastModifiedDate":"2023-08-22"},{"lineNumber":2,"author":{"gitId":"Carlintyj"},"content":"","lastModifiedDate":"2023-08-22"},{"lineNumber":3,"author":{"gitId":"Carlintyj"},"content":"    protected String by;","lastModifiedDate":"2023-08-22"},{"lineNumber":4,"author":{"gitId":"Carlintyj"},"content":"","lastModifiedDate":"2023-08-22"},{"lineNumber":5,"author":{"gitId":"Carlintyj"},"content":"    public Deadline(String description, String by) {","lastModifiedDate":"2023-08-22"},{"lineNumber":6,"author":{"gitId":"Carlintyj"},"content":"        super(description);","lastModifiedDate":"2023-08-22"},{"lineNumber":7,"author":{"gitId":"Carlintyj"},"content":"        this.by \u003d by;","lastModifiedDate":"2023-08-22"},{"lineNumber":8,"author":{"gitId":"Carlintyj"},"content":"    }","lastModifiedDate":"2023-08-22"},{"lineNumber":9,"author":{"gitId":"Carlintyj"},"content":"","lastModifiedDate":"2023-08-22"},{"lineNumber":10,"author":{"gitId":"Carlintyj"},"content":"    @Override","lastModifiedDate":"2023-08-22"},{"lineNumber":11,"author":{"gitId":"Carlintyj"},"content":"    public String toString() {","lastModifiedDate":"2023-08-22"},{"lineNumber":12,"author":{"gitId":"Carlintyj"},"content":"        return \"[D]\" + super.toString() + \" (by: \" + by + \")\";","lastModifiedDate":"2023-08-22"},{"lineNumber":13,"author":{"gitId":"Carlintyj"},"content":"    }","lastModifiedDate":"2023-08-22"},{"lineNumber":14,"author":{"gitId":"Carlintyj"},"content":"}","lastModifiedDate":"2023-08-22"}],"authorContributionMap":{"Carlintyj":14}},{"path":"src/main/java/Duke.java","fileType":"java","lines":[{"lineNumber":1,"author":{"gitId":"Carlintyj"},"content":"import java.util.ArrayList;","lastModifiedDate":"2023-08-22"},{"lineNumber":2,"author":{"gitId":"Carlintyj"},"content":"import java.util.Scanner;","lastModifiedDate":"2023-08-22"},{"lineNumber":3,"author":{"gitId":"Carlintyj"},"content":"","lastModifiedDate":"2023-08-22"},{"lineNumber":4,"author":{"gitId":"-"},"content":"public class Duke {","lastModifiedDate":"2019-07-29"},{"lineNumber":5,"author":{"gitId":"Carlintyj"},"content":"","lastModifiedDate":"2023-08-22"},{"lineNumber":6,"author":{"gitId":"Carlintyj"},"content":"    // Array storing the tasks","lastModifiedDate":"2023-08-22"},{"lineNumber":7,"author":{"gitId":"Carlintyj"},"content":"    static ArrayList\u003cTask\u003e taskArr \u003d new ArrayList\u003cTask\u003e();","lastModifiedDate":"2023-08-22"},{"lineNumber":8,"author":{"gitId":"Carlintyj"},"content":"","lastModifiedDate":"2023-08-22"},{"lineNumber":9,"author":{"gitId":"Carlintyj"},"content":"    // Function that encapsulates message into a message Card template","lastModifiedDate":"2023-08-22"},{"lineNumber":10,"author":{"gitId":"Carlintyj"},"content":"    private static String messageCard(String message) {","lastModifiedDate":"2023-08-22"},{"lineNumber":11,"author":{"gitId":"Carlintyj"},"content":"        String horizontalLine \u003d \"\\t____________________________________________________________\\n\";","lastModifiedDate":"2023-08-22"},{"lineNumber":12,"author":{"gitId":"Carlintyj"},"content":"        return horizontalLine + \"\\t \" + message + \"\\n\" + horizontalLine;","lastModifiedDate":"2023-08-22"},{"lineNumber":13,"author":{"gitId":"Carlintyj"},"content":"    }","lastModifiedDate":"2023-08-22"},{"lineNumber":14,"author":{"gitId":"Carlintyj"},"content":"","lastModifiedDate":"2023-08-22"},{"lineNumber":15,"author":{"gitId":"Carlintyj"},"content":"    // Displays list of items","lastModifiedDate":"2023-08-22"},{"lineNumber":16,"author":{"gitId":"Carlintyj"},"content":"    private static String displayList(ArrayList\u003c? extends Task\u003e list) {","lastModifiedDate":"2023-08-22"},{"lineNumber":17,"author":{"gitId":"Carlintyj"},"content":"        String str \u003d \"Here are the tasks in your list:\\n\\t \";","lastModifiedDate":"2023-08-22"},{"lineNumber":18,"author":{"gitId":"Carlintyj"},"content":"        int count \u003d 0;","lastModifiedDate":"2023-08-22"},{"lineNumber":19,"author":{"gitId":"Carlintyj"},"content":"        for (Task task : taskArr) {","lastModifiedDate":"2023-08-22"},{"lineNumber":20,"author":{"gitId":"Carlintyj"},"content":"            str +\u003d count + 1 + \".\" + task.toString() + \"\\n\\t \";","lastModifiedDate":"2023-08-22"},{"lineNumber":21,"author":{"gitId":"Carlintyj"},"content":"            count++;","lastModifiedDate":"2023-08-22"},{"lineNumber":22,"author":{"gitId":"Carlintyj"},"content":"        }","lastModifiedDate":"2023-08-22"},{"lineNumber":23,"author":{"gitId":"Carlintyj"},"content":"        return messageCard(str.substring(0, str.length() - 3));","lastModifiedDate":"2023-08-22"},{"lineNumber":24,"author":{"gitId":"Carlintyj"},"content":"    }","lastModifiedDate":"2023-08-22"},{"lineNumber":25,"author":{"gitId":"Carlintyj"},"content":"","lastModifiedDate":"2023-08-22"},{"lineNumber":26,"author":{"gitId":"Carlintyj"},"content":"    private static void markTaskAsDone(int index) {","lastModifiedDate":"2023-08-22"},{"lineNumber":27,"author":{"gitId":"Carlintyj"},"content":"        taskArr.get(index).markAsDone();","lastModifiedDate":"2023-08-22"},{"lineNumber":28,"author":{"gitId":"Carlintyj"},"content":"        System.out.println(messageCard(\"Nice! I\u0027ve marked this task as done:\\n\\t\\t\" + taskArr.get(index)));","lastModifiedDate":"2023-08-22"},{"lineNumber":29,"author":{"gitId":"Carlintyj"},"content":"    }","lastModifiedDate":"2023-08-22"},{"lineNumber":30,"author":{"gitId":"Carlintyj"},"content":"","lastModifiedDate":"2023-08-22"},{"lineNumber":31,"author":{"gitId":"Carlintyj"},"content":"    private static void markTaskAsUndone(int index) {","lastModifiedDate":"2023-08-22"},{"lineNumber":32,"author":{"gitId":"Carlintyj"},"content":"        taskArr.get(index).markAsUndone();","lastModifiedDate":"2023-08-22"},{"lineNumber":33,"author":{"gitId":"Carlintyj"},"content":"        System.out.println(messageCard(\"OK, I\u0027ve marked this task as not done yet:\\n\\t\\t\" + taskArr.get(index)));","lastModifiedDate":"2023-08-22"},{"lineNumber":34,"author":{"gitId":"Carlintyj"},"content":"    }","lastModifiedDate":"2023-08-22"},{"lineNumber":35,"author":{"gitId":"Carlintyj"},"content":"","lastModifiedDate":"2023-08-22"},{"lineNumber":36,"author":{"gitId":"Carlintyj"},"content":"    private static void addToDo(String description) {","lastModifiedDate":"2023-08-22"},{"lineNumber":37,"author":{"gitId":"Carlintyj"},"content":"        Todo todo \u003d new Todo(description);","lastModifiedDate":"2023-08-22"},{"lineNumber":38,"author":{"gitId":"Carlintyj"},"content":"        taskArr.add(todo);","lastModifiedDate":"2023-08-22"},{"lineNumber":39,"author":{"gitId":"Carlintyj"},"content":"        System.out.println(messageCard(\"Got it. I\u0027ve added this task:\\n\\t\\t\"","lastModifiedDate":"2023-08-22"},{"lineNumber":40,"author":{"gitId":"Carlintyj"},"content":"                + todo","lastModifiedDate":"2023-08-22"},{"lineNumber":41,"author":{"gitId":"Carlintyj"},"content":"                + \"\\n\\tNow you have \" + taskArr.size() + \" tasks in the list.\"));","lastModifiedDate":"2023-08-22"},{"lineNumber":42,"author":{"gitId":"Carlintyj"},"content":"    }","lastModifiedDate":"2023-08-22"},{"lineNumber":43,"author":{"gitId":"Carlintyj"},"content":"","lastModifiedDate":"2023-08-22"},{"lineNumber":44,"author":{"gitId":"Carlintyj"},"content":"    private static void addDeadline(String description) {","lastModifiedDate":"2023-08-22"},{"lineNumber":45,"author":{"gitId":"Carlintyj"},"content":"        Deadline deadline \u003d new Deadline(description.substring(0, description.indexOf(\"/by\")),","lastModifiedDate":"2023-08-22"},{"lineNumber":46,"author":{"gitId":"Carlintyj"},"content":"                description.substring(description.indexOf(\"/by\") + 4));","lastModifiedDate":"2023-08-22"},{"lineNumber":47,"author":{"gitId":"Carlintyj"},"content":"        taskArr.add(deadline);","lastModifiedDate":"2023-08-22"},{"lineNumber":48,"author":{"gitId":"Carlintyj"},"content":"        System.out.println(messageCard(\"Got it. I\u0027ve added this task:\\n\\t\\t\"","lastModifiedDate":"2023-08-22"},{"lineNumber":49,"author":{"gitId":"Carlintyj"},"content":"                + deadline","lastModifiedDate":"2023-08-22"},{"lineNumber":50,"author":{"gitId":"Carlintyj"},"content":"                + \"\\n\\tNow you have \" + taskArr.size() + \" tasks in the list.\"));","lastModifiedDate":"2023-08-22"},{"lineNumber":51,"author":{"gitId":"Carlintyj"},"content":"    }","lastModifiedDate":"2023-08-22"},{"lineNumber":52,"author":{"gitId":"Carlintyj"},"content":"","lastModifiedDate":"2023-08-22"},{"lineNumber":53,"author":{"gitId":"Carlintyj"},"content":"    private static void addEvent(String description) {","lastModifiedDate":"2023-08-22"},{"lineNumber":54,"author":{"gitId":"Carlintyj"},"content":"","lastModifiedDate":"2023-08-22"},{"lineNumber":55,"author":{"gitId":"Carlintyj"},"content":"        int indexFrom \u003d description.indexOf(\"/from\");","lastModifiedDate":"2023-08-22"},{"lineNumber":56,"author":{"gitId":"Carlintyj"},"content":"        int indexTo \u003d description.indexOf(\"/to\");","lastModifiedDate":"2023-08-22"},{"lineNumber":57,"author":{"gitId":"Carlintyj"},"content":"","lastModifiedDate":"2023-08-22"},{"lineNumber":58,"author":{"gitId":"Carlintyj"},"content":"        String event \u003d description.substring(0, indexFrom).trim();","lastModifiedDate":"2023-08-22"},{"lineNumber":59,"author":{"gitId":"Carlintyj"},"content":"        String startTime \u003d description.substring(indexFrom + \"/from\".length(), indexTo).trim();","lastModifiedDate":"2023-08-22"},{"lineNumber":60,"author":{"gitId":"Carlintyj"},"content":"        String endTime \u003d description.substring(indexTo + \"/to\".length()).trim();","lastModifiedDate":"2023-08-22"},{"lineNumber":61,"author":{"gitId":"Carlintyj"},"content":"","lastModifiedDate":"2023-08-22"},{"lineNumber":62,"author":{"gitId":"Carlintyj"},"content":"        Event eventTask \u003d new Event(event, startTime, endTime);","lastModifiedDate":"2023-08-22"},{"lineNumber":63,"author":{"gitId":"Carlintyj"},"content":"        taskArr.add(eventTask);","lastModifiedDate":"2023-08-22"},{"lineNumber":64,"author":{"gitId":"Carlintyj"},"content":"        System.out.println(messageCard(\"Got it. I\u0027ve added this task:\\n\\t\\t\"","lastModifiedDate":"2023-08-22"},{"lineNumber":65,"author":{"gitId":"Carlintyj"},"content":"                + eventTask","lastModifiedDate":"2023-08-22"},{"lineNumber":66,"author":{"gitId":"Carlintyj"},"content":"                + \"\\n\\tNow you have \" + taskArr.size() + \" tasks in the list.\"));","lastModifiedDate":"2023-08-22"},{"lineNumber":67,"author":{"gitId":"Carlintyj"},"content":"    }","lastModifiedDate":"2023-08-22"},{"lineNumber":68,"author":{"gitId":"Carlintyj"},"content":"","lastModifiedDate":"2023-08-22"},{"lineNumber":69,"author":{"gitId":"Carlintyj"},"content":"    private static void deleteTask(int index) {","lastModifiedDate":"2023-08-22"},{"lineNumber":70,"author":{"gitId":"Carlintyj"},"content":"        Task task \u003d taskArr.get(index);","lastModifiedDate":"2023-08-22"},{"lineNumber":71,"author":{"gitId":"Carlintyj"},"content":"        taskArr.remove(task);","lastModifiedDate":"2023-08-22"},{"lineNumber":72,"author":{"gitId":"Carlintyj"},"content":"        System.out.println(messageCard(\"Noted. I\u0027ve removed this task:\\n\\t\\t\"","lastModifiedDate":"2023-08-22"},{"lineNumber":73,"author":{"gitId":"Carlintyj"},"content":"                + task","lastModifiedDate":"2023-08-22"},{"lineNumber":74,"author":{"gitId":"Carlintyj"},"content":"                + \"\\n\\tNow you have \" + taskArr.size() + \" tasks in the list.\"));","lastModifiedDate":"2023-08-22"},{"lineNumber":75,"author":{"gitId":"Carlintyj"},"content":"    }","lastModifiedDate":"2023-08-22"},{"lineNumber":76,"author":{"gitId":"Carlintyj"},"content":"","lastModifiedDate":"2023-08-22"},{"lineNumber":77,"author":{"gitId":"Carlintyj"},"content":"","lastModifiedDate":"2023-08-22"},{"lineNumber":78,"author":{"gitId":"Carlintyj"},"content":"    // Main function","lastModifiedDate":"2023-08-22"},{"lineNumber":79,"author":{"gitId":"-"},"content":"    public static void main(String[] args) {","lastModifiedDate":"2019-07-29"},{"lineNumber":80,"author":{"gitId":"Carlintyj"},"content":"        String CHATBOTNAME \u003d \"Carl\";","lastModifiedDate":"2023-08-22"},{"lineNumber":81,"author":{"gitId":"Carlintyj"},"content":"        System.out.println(messageCard(\"Hello! I\u0027m \" + CHATBOTNAME","lastModifiedDate":"2023-08-22"},{"lineNumber":82,"author":{"gitId":"Carlintyj"},"content":"            + \"\\n\\t What can I do for you?\"));","lastModifiedDate":"2023-08-22"},{"lineNumber":83,"author":{"gitId":"Carlintyj"},"content":"        Scanner SC \u003d new Scanner(System.in);","lastModifiedDate":"2023-08-22"},{"lineNumber":84,"author":{"gitId":"Carlintyj"},"content":"","lastModifiedDate":"2023-08-22"},{"lineNumber":85,"author":{"gitId":"Carlintyj"},"content":"        while (true) {","lastModifiedDate":"2023-08-22"},{"lineNumber":86,"author":{"gitId":"Carlintyj"},"content":"            String userInput \u003d SC.nextLine();","lastModifiedDate":"2023-08-22"},{"lineNumber":87,"author":{"gitId":"Carlintyj"},"content":"            try {","lastModifiedDate":"2023-08-22"},{"lineNumber":88,"author":{"gitId":"Carlintyj"},"content":"                if (userInput.equals(\"bye\")) {","lastModifiedDate":"2023-08-22"},{"lineNumber":89,"author":{"gitId":"Carlintyj"},"content":"                    System.out.println(messageCard(\"Bye. Hope to see you again soon!\"));","lastModifiedDate":"2023-08-22"},{"lineNumber":90,"author":{"gitId":"Carlintyj"},"content":"                    break;","lastModifiedDate":"2023-08-22"},{"lineNumber":91,"author":{"gitId":"Carlintyj"},"content":"                } else if (userInput.equals(\"list\")) {","lastModifiedDate":"2023-08-22"},{"lineNumber":92,"author":{"gitId":"Carlintyj"},"content":"                    System.out.println(displayList(taskArr));","lastModifiedDate":"2023-08-22"},{"lineNumber":93,"author":{"gitId":"Carlintyj"},"content":"                } else if (userInput.contains(\"mark\") \u0026\u0026 userInput.substring(0, 4).equals(\"mark\")) {","lastModifiedDate":"2023-08-22"},{"lineNumber":94,"author":{"gitId":"Carlintyj"},"content":"                    if (!userInput.equals(\"mark\")) {","lastModifiedDate":"2023-08-22"},{"lineNumber":95,"author":{"gitId":"Carlintyj"},"content":"                        int index \u003d Integer.parseInt(userInput.substring(5)) - 1;","lastModifiedDate":"2023-08-22"},{"lineNumber":96,"author":{"gitId":"Carlintyj"},"content":"                        if (index \u003e\u003d taskArr.size() || index \u003c 0) {","lastModifiedDate":"2023-08-22"},{"lineNumber":97,"author":{"gitId":"Carlintyj"},"content":"                            System.out.println(messageCard(\"Invalid mark task\"));","lastModifiedDate":"2023-08-22"},{"lineNumber":98,"author":{"gitId":"Carlintyj"},"content":"                        } else {","lastModifiedDate":"2023-08-22"},{"lineNumber":99,"author":{"gitId":"Carlintyj"},"content":"                            markTaskAsDone(index);","lastModifiedDate":"2023-08-22"},{"lineNumber":100,"author":{"gitId":"Carlintyj"},"content":"                        }","lastModifiedDate":"2023-08-22"},{"lineNumber":101,"author":{"gitId":"Carlintyj"},"content":"                    } else {","lastModifiedDate":"2023-08-22"},{"lineNumber":102,"author":{"gitId":"Carlintyj"},"content":"                        System.out.println(messageCard(\"Invalid mark task\"));","lastModifiedDate":"2023-08-22"},{"lineNumber":103,"author":{"gitId":"Carlintyj"},"content":"                    }","lastModifiedDate":"2023-08-22"},{"lineNumber":104,"author":{"gitId":"Carlintyj"},"content":"                } else if (userInput.contains(\"unmark\") \u0026\u0026 userInput.substring(0, 6).equals(\"unmark\")) {","lastModifiedDate":"2023-08-22"},{"lineNumber":105,"author":{"gitId":"Carlintyj"},"content":"                    if (!userInput.equals(\"unmark\")) {","lastModifiedDate":"2023-08-22"},{"lineNumber":106,"author":{"gitId":"Carlintyj"},"content":"                        int index \u003d Integer.parseInt(userInput.substring(7)) - 1;","lastModifiedDate":"2023-08-22"},{"lineNumber":107,"author":{"gitId":"Carlintyj"},"content":"                        if (index \u003e\u003d taskArr.size() || index \u003c 0) {","lastModifiedDate":"2023-08-22"},{"lineNumber":108,"author":{"gitId":"Carlintyj"},"content":"                            System.out.println(messageCard(\"Invalid unmark task\"));","lastModifiedDate":"2023-08-22"},{"lineNumber":109,"author":{"gitId":"Carlintyj"},"content":"                        } else {","lastModifiedDate":"2023-08-22"},{"lineNumber":110,"author":{"gitId":"Carlintyj"},"content":"                            markTaskAsUndone(index);","lastModifiedDate":"2023-08-22"},{"lineNumber":111,"author":{"gitId":"Carlintyj"},"content":"                        }","lastModifiedDate":"2023-08-22"},{"lineNumber":112,"author":{"gitId":"Carlintyj"},"content":"                    } else {","lastModifiedDate":"2023-08-22"},{"lineNumber":113,"author":{"gitId":"Carlintyj"},"content":"                        System.out.println(messageCard(\"Invalid unmark task\"));","lastModifiedDate":"2023-08-22"},{"lineNumber":114,"author":{"gitId":"Carlintyj"},"content":"                    }","lastModifiedDate":"2023-08-22"},{"lineNumber":115,"author":{"gitId":"Carlintyj"},"content":"                } else if (userInput.contains(\"delete\") \u0026\u0026 userInput.substring(0, 6).equals(\"delete\")) {","lastModifiedDate":"2023-08-22"},{"lineNumber":116,"author":{"gitId":"Carlintyj"},"content":"                    if (!userInput.equals(\"delete\")) {","lastModifiedDate":"2023-08-22"},{"lineNumber":117,"author":{"gitId":"Carlintyj"},"content":"                        int index \u003d Integer.parseInt(userInput.substring(7)) - 1;","lastModifiedDate":"2023-08-22"},{"lineNumber":118,"author":{"gitId":"Carlintyj"},"content":"                        if (index \u003e\u003d taskArr.size() || index \u003c 0) {","lastModifiedDate":"2023-08-22"},{"lineNumber":119,"author":{"gitId":"Carlintyj"},"content":"                            System.out.println(messageCard(\"Invalid task index to be deleted\"));","lastModifiedDate":"2023-08-22"},{"lineNumber":120,"author":{"gitId":"Carlintyj"},"content":"                        } else {","lastModifiedDate":"2023-08-22"},{"lineNumber":121,"author":{"gitId":"Carlintyj"},"content":"                            deleteTask(index);","lastModifiedDate":"2023-08-22"},{"lineNumber":122,"author":{"gitId":"Carlintyj"},"content":"                        }","lastModifiedDate":"2023-08-22"},{"lineNumber":123,"author":{"gitId":"Carlintyj"},"content":"                    } else {","lastModifiedDate":"2023-08-22"},{"lineNumber":124,"author":{"gitId":"Carlintyj"},"content":"                        System.out.println(messageCard(\"Invalid task index to be deleted\"));","lastModifiedDate":"2023-08-22"},{"lineNumber":125,"author":{"gitId":"Carlintyj"},"content":"                    }","lastModifiedDate":"2023-08-22"},{"lineNumber":126,"author":{"gitId":"Carlintyj"},"content":"                } else {","lastModifiedDate":"2023-08-22"},{"lineNumber":127,"author":{"gitId":"Carlintyj"},"content":"                    if (userInput.contains(\"todo\") \u0026\u0026 userInput.substring(0, 4).equals(\"todo\")) {","lastModifiedDate":"2023-08-22"},{"lineNumber":128,"author":{"gitId":"Carlintyj"},"content":"                        // Add a task","lastModifiedDate":"2023-08-22"},{"lineNumber":129,"author":{"gitId":"Carlintyj"},"content":"                        if (userInput.equals(\"todo\")) { // checks if description is empty","lastModifiedDate":"2023-08-22"},{"lineNumber":130,"author":{"gitId":"Carlintyj"},"content":"                            throw new DukeException(\"todo\");","lastModifiedDate":"2023-08-22"},{"lineNumber":131,"author":{"gitId":"Carlintyj"},"content":"                        } else {","lastModifiedDate":"2023-08-22"},{"lineNumber":132,"author":{"gitId":"Carlintyj"},"content":"                            addToDo(userInput.substring(5));","lastModifiedDate":"2023-08-22"},{"lineNumber":133,"author":{"gitId":"Carlintyj"},"content":"                        }","lastModifiedDate":"2023-08-22"},{"lineNumber":134,"author":{"gitId":"Carlintyj"},"content":"                    } else if (userInput.contains(\"deadline\") \u0026\u0026 userInput.substring(0, 8).equals(\"deadline\")) {","lastModifiedDate":"2023-08-22"},{"lineNumber":135,"author":{"gitId":"Carlintyj"},"content":"                        // Add a deadline","lastModifiedDate":"2023-08-22"},{"lineNumber":136,"author":{"gitId":"Carlintyj"},"content":"                        if (userInput.equals(\"deadline\") || !userInput.contains(\"/by\")) { // checks if description is invalid","lastModifiedDate":"2023-08-22"},{"lineNumber":137,"author":{"gitId":"Carlintyj"},"content":"                            throw new DukeException(\"deadline\");","lastModifiedDate":"2023-08-22"},{"lineNumber":138,"author":{"gitId":"Carlintyj"},"content":"                        } else {","lastModifiedDate":"2023-08-22"},{"lineNumber":139,"author":{"gitId":"Carlintyj"},"content":"                            addDeadline(userInput.substring(9));","lastModifiedDate":"2023-08-22"},{"lineNumber":140,"author":{"gitId":"Carlintyj"},"content":"                        }","lastModifiedDate":"2023-08-22"},{"lineNumber":141,"author":{"gitId":"Carlintyj"},"content":"","lastModifiedDate":"2023-08-22"},{"lineNumber":142,"author":{"gitId":"Carlintyj"},"content":"                    } else if (userInput.contains(\"event\") \u0026\u0026 userInput.substring(0, 5).equals(\"event\")) {","lastModifiedDate":"2023-08-22"},{"lineNumber":143,"author":{"gitId":"Carlintyj"},"content":"                        // Add an event","lastModifiedDate":"2023-08-22"},{"lineNumber":144,"author":{"gitId":"Carlintyj"},"content":"                        if (userInput.equals(\"event\") || !userInput.contains(\"/from\") || !userInput.contains(\"/to\")) { // checks if description is invalid","lastModifiedDate":"2023-08-22"},{"lineNumber":145,"author":{"gitId":"Carlintyj"},"content":"                            throw new DukeException(\"event\");","lastModifiedDate":"2023-08-22"},{"lineNumber":146,"author":{"gitId":"Carlintyj"},"content":"                        } else {","lastModifiedDate":"2023-08-22"},{"lineNumber":147,"author":{"gitId":"Carlintyj"},"content":"                            addEvent(userInput.substring(6));","lastModifiedDate":"2023-08-22"},{"lineNumber":148,"author":{"gitId":"Carlintyj"},"content":"                        }","lastModifiedDate":"2023-08-22"},{"lineNumber":149,"author":{"gitId":"Carlintyj"},"content":"                    } else {","lastModifiedDate":"2023-08-22"},{"lineNumber":150,"author":{"gitId":"Carlintyj"},"content":"                        System.out.println(messageCard(\"OOPS!!! I\u0027m sorry, but I don\u0027t know what that means :-(\"));","lastModifiedDate":"2023-08-22"},{"lineNumber":151,"author":{"gitId":"Carlintyj"},"content":"                    }","lastModifiedDate":"2023-08-22"},{"lineNumber":152,"author":{"gitId":"Carlintyj"},"content":"                }","lastModifiedDate":"2023-08-22"},{"lineNumber":153,"author":{"gitId":"Carlintyj"},"content":"            } catch (DukeException e) {","lastModifiedDate":"2023-08-22"},{"lineNumber":154,"author":{"gitId":"Carlintyj"},"content":"                System.out.println(messageCard(e.getMessage()));","lastModifiedDate":"2023-08-22"},{"lineNumber":155,"author":{"gitId":"Carlintyj"},"content":"            }","lastModifiedDate":"2023-08-22"},{"lineNumber":156,"author":{"gitId":"Carlintyj"},"content":"        }","lastModifiedDate":"2023-08-22"},{"lineNumber":157,"author":{"gitId":"Carlintyj"},"content":"        SC.close();","lastModifiedDate":"2023-08-22"},{"lineNumber":158,"author":{"gitId":"-"},"content":"    }","lastModifiedDate":"2019-07-29"},{"lineNumber":159,"author":{"gitId":"-"},"content":"}","lastModifiedDate":"2019-07-29"}],"authorContributionMap":{"-":4,"Carlintyj":155}},{"path":"src/main/java/DukeException.java","fileType":"java","lines":[{"lineNumber":1,"author":{"gitId":"Carlintyj"},"content":"public class DukeException extends Exception {","lastModifiedDate":"2023-08-22"},{"lineNumber":2,"author":{"gitId":"Carlintyj"},"content":"    public DukeException(String message) {","lastModifiedDate":"2023-08-22"},{"lineNumber":3,"author":{"gitId":"Carlintyj"},"content":"        super(\"OOPS!!! The description of a \" + message + \" cannot be empty.\");","lastModifiedDate":"2023-08-22"},{"lineNumber":4,"author":{"gitId":"Carlintyj"},"content":"    }","lastModifiedDate":"2023-08-22"},{"lineNumber":5,"author":{"gitId":"Carlintyj"},"content":"}","lastModifiedDate":"2023-08-22"}],"authorContributionMap":{"Carlintyj":5}},{"path":"src/main/java/Event.java","fileType":"java","lines":[{"lineNumber":1,"author":{"gitId":"Carlintyj"},"content":"public class Event extends Task {","lastModifiedDate":"2023-08-22"},{"lineNumber":2,"author":{"gitId":"Carlintyj"},"content":"","lastModifiedDate":"2023-08-22"},{"lineNumber":3,"author":{"gitId":"Carlintyj"},"content":"    protected String from;","lastModifiedDate":"2023-08-22"},{"lineNumber":4,"author":{"gitId":"Carlintyj"},"content":"    protected String to;","lastModifiedDate":"2023-08-22"},{"lineNumber":5,"author":{"gitId":"Carlintyj"},"content":"","lastModifiedDate":"2023-08-22"},{"lineNumber":6,"author":{"gitId":"Carlintyj"},"content":"    public Event(String description, String from, String to) {","lastModifiedDate":"2023-08-22"},{"lineNumber":7,"author":{"gitId":"Carlintyj"},"content":"        super(description);","lastModifiedDate":"2023-08-22"},{"lineNumber":8,"author":{"gitId":"Carlintyj"},"content":"        this.from \u003d from;","lastModifiedDate":"2023-08-22"},{"lineNumber":9,"author":{"gitId":"Carlintyj"},"content":"        this.to \u003d to;","lastModifiedDate":"2023-08-22"},{"lineNumber":10,"author":{"gitId":"Carlintyj"},"content":"    }","lastModifiedDate":"2023-08-22"},{"lineNumber":11,"author":{"gitId":"Carlintyj"},"content":"","lastModifiedDate":"2023-08-22"},{"lineNumber":12,"author":{"gitId":"Carlintyj"},"content":"    @Override","lastModifiedDate":"2023-08-22"},{"lineNumber":13,"author":{"gitId":"Carlintyj"},"content":"    public String toString() {","lastModifiedDate":"2023-08-22"},{"lineNumber":14,"author":{"gitId":"Carlintyj"},"content":"        return \"[E]\" + super.toString() + \" (from: \" + from + \" to: \" + to + \")\";","lastModifiedDate":"2023-08-22"},{"lineNumber":15,"author":{"gitId":"Carlintyj"},"content":"    }","lastModifiedDate":"2023-08-22"},{"lineNumber":16,"author":{"gitId":"Carlintyj"},"content":"    // [E][ ] project meeting (from: Mon 2pm to: 4pm)","lastModifiedDate":"2023-08-22"},{"lineNumber":17,"author":{"gitId":"Carlintyj"},"content":"}","lastModifiedDate":"2023-08-22"}],"authorContributionMap":{"Carlintyj":17}},{"path":"src/main/java/Task.java","fileType":"java","lines":[{"lineNumber":1,"author":{"gitId":"Carlintyj"},"content":"public class Task {","lastModifiedDate":"2023-08-22"},{"lineNumber":2,"author":{"gitId":"Carlintyj"},"content":"    protected String description;","lastModifiedDate":"2023-08-22"},{"lineNumber":3,"author":{"gitId":"Carlintyj"},"content":"    protected boolean isDone;","lastModifiedDate":"2023-08-22"},{"lineNumber":4,"author":{"gitId":"Carlintyj"},"content":"","lastModifiedDate":"2023-08-22"},{"lineNumber":5,"author":{"gitId":"Carlintyj"},"content":"    public Task(String description) {","lastModifiedDate":"2023-08-22"},{"lineNumber":6,"author":{"gitId":"Carlintyj"},"content":"        this.description \u003d description;","lastModifiedDate":"2023-08-22"},{"lineNumber":7,"author":{"gitId":"Carlintyj"},"content":"        this.isDone \u003d false;","lastModifiedDate":"2023-08-22"},{"lineNumber":8,"author":{"gitId":"Carlintyj"},"content":"    }","lastModifiedDate":"2023-08-22"},{"lineNumber":9,"author":{"gitId":"Carlintyj"},"content":"","lastModifiedDate":"2023-08-22"},{"lineNumber":10,"author":{"gitId":"Carlintyj"},"content":"    public String getStatusIcon() {","lastModifiedDate":"2023-08-22"},{"lineNumber":11,"author":{"gitId":"Carlintyj"},"content":"        return (isDone ? \"X\" : \" \"); // mark done task with X","lastModifiedDate":"2023-08-22"},{"lineNumber":12,"author":{"gitId":"Carlintyj"},"content":"    }","lastModifiedDate":"2023-08-22"},{"lineNumber":13,"author":{"gitId":"Carlintyj"},"content":"","lastModifiedDate":"2023-08-22"},{"lineNumber":14,"author":{"gitId":"Carlintyj"},"content":"    public void markAsDone() {","lastModifiedDate":"2023-08-22"},{"lineNumber":15,"author":{"gitId":"Carlintyj"},"content":"        this.isDone \u003d true;","lastModifiedDate":"2023-08-22"},{"lineNumber":16,"author":{"gitId":"Carlintyj"},"content":"    }","lastModifiedDate":"2023-08-22"},{"lineNumber":17,"author":{"gitId":"Carlintyj"},"content":"","lastModifiedDate":"2023-08-22"},{"lineNumber":18,"author":{"gitId":"Carlintyj"},"content":"    public void markAsUndone() {","lastModifiedDate":"2023-08-22"},{"lineNumber":19,"author":{"gitId":"Carlintyj"},"content":"        this.isDone \u003d false;","lastModifiedDate":"2023-08-22"},{"lineNumber":20,"author":{"gitId":"Carlintyj"},"content":"    }","lastModifiedDate":"2023-08-22"},{"lineNumber":21,"author":{"gitId":"Carlintyj"},"content":"","lastModifiedDate":"2023-08-22"},{"lineNumber":22,"author":{"gitId":"Carlintyj"},"content":"    @Override","lastModifiedDate":"2023-08-22"},{"lineNumber":23,"author":{"gitId":"Carlintyj"},"content":"    public String toString() {","lastModifiedDate":"2023-08-22"},{"lineNumber":24,"author":{"gitId":"Carlintyj"},"content":"        return \"[\"+ this.getStatusIcon() + \"] \" + this.description;","lastModifiedDate":"2023-08-22"},{"lineNumber":25,"author":{"gitId":"Carlintyj"},"content":"    }","lastModifiedDate":"2023-08-22"},{"lineNumber":26,"author":{"gitId":"Carlintyj"},"content":"}","lastModifiedDate":"2023-08-22"}],"authorContributionMap":{"Carlintyj":26}},{"path":"src/main/java/Todo.java","fileType":"java","lines":[{"lineNumber":1,"author":{"gitId":"Carlintyj"},"content":"public class Todo extends Task {","lastModifiedDate":"2023-08-22"},{"lineNumber":2,"author":{"gitId":"Carlintyj"},"content":"","lastModifiedDate":"2023-08-22"},{"lineNumber":3,"author":{"gitId":"Carlintyj"},"content":"    public Todo(String description) {","lastModifiedDate":"2023-08-22"},{"lineNumber":4,"author":{"gitId":"Carlintyj"},"content":"        super(description);","lastModifiedDate":"2023-08-22"},{"lineNumber":5,"author":{"gitId":"Carlintyj"},"content":"    }","lastModifiedDate":"2023-08-22"},{"lineNumber":6,"author":{"gitId":"Carlintyj"},"content":"","lastModifiedDate":"2023-08-22"},{"lineNumber":7,"author":{"gitId":"Carlintyj"},"content":"    @Override","lastModifiedDate":"2023-08-22"},{"lineNumber":8,"author":{"gitId":"Carlintyj"},"content":"    public String toString() {","lastModifiedDate":"2023-08-22"},{"lineNumber":9,"author":{"gitId":"Carlintyj"},"content":"        return \"[T]\" + super.toString();","lastModifiedDate":"2023-08-22"},{"lineNumber":10,"author":{"gitId":"Carlintyj"},"content":"    }","lastModifiedDate":"2023-08-22"},{"lineNumber":11,"author":{"gitId":"Carlintyj"},"content":"}","lastModifiedDate":"2023-08-22"}],"authorContributionMap":{"Carlintyj":11}},{"path":"text-ui-test/input.txt","fileType":"txt","lines":[{"lineNumber":1,"author":{"gitId":"Carlintyj"},"content":"todo read book","lastModifiedDate":"2023-08-22"},{"lineNumber":2,"author":{"gitId":"Carlintyj"},"content":"deadline return book /by June 6th","lastModifiedDate":"2023-08-22"},{"lineNumber":3,"author":{"gitId":"Carlintyj"},"content":"event project meeting /from Mon 2pm /to 4pm","lastModifiedDate":"2023-08-22"},{"lineNumber":4,"author":{"gitId":"Carlintyj"},"content":"todo join sports club","lastModifiedDate":"2023-08-22"},{"lineNumber":5,"author":{"gitId":"Carlintyj"},"content":"list","lastModifiedDate":"2023-08-22"},{"lineNumber":6,"author":{"gitId":"Carlintyj"},"content":"mark 3","lastModifiedDate":"2023-08-22"},{"lineNumber":7,"author":{"gitId":"Carlintyj"},"content":"mark 2","lastModifiedDate":"2023-08-22"},{"lineNumber":8,"author":{"gitId":"Carlintyj"},"content":"list","lastModifiedDate":"2023-08-22"},{"lineNumber":9,"author":{"gitId":"Carlintyj"},"content":"unmark 3","lastModifiedDate":"2023-08-22"},{"lineNumber":10,"author":{"gitId":"Carlintyj"},"content":"unmark 7","lastModifiedDate":"2023-08-22"},{"lineNumber":11,"author":{"gitId":"Carlintyj"},"content":"todo","lastModifiedDate":"2023-08-22"},{"lineNumber":12,"author":{"gitId":"Carlintyj"},"content":"deadline","lastModifiedDate":"2023-08-22"},{"lineNumber":13,"author":{"gitId":"Carlintyj"},"content":"blah","lastModifiedDate":"2023-08-22"},{"lineNumber":14,"author":{"gitId":"Carlintyj"},"content":"delete 3","lastModifiedDate":"2023-08-22"},{"lineNumber":15,"author":{"gitId":"Carlintyj"},"content":"delete 10","lastModifiedDate":"2023-08-22"},{"lineNumber":16,"author":{"gitId":"Carlintyj"},"content":"list","lastModifiedDate":"2023-08-22"},{"lineNumber":17,"author":{"gitId":"Carlintyj"},"content":"bye","lastModifiedDate":"2023-08-22"}],"authorContributionMap":{"Carlintyj":17}}]
