{"authorDailyContributionsMap":{"Carlintyj":[{"date":"2023-08-22","commitResults":[{"hash":"912d8cfe5ae97a83222112f1f7b9b5bbe3a8b763","isMergeCommit":false,"messageTitle":"Given chatbot a new name and implemented initial skeleton","messageBody":"","tags":["level-0"],"fileTypesAndContributionMap":{"java":{"insertions":5,"deletions":6}}},{"hash":"426e88b8230c62ab5dda4f85b83992f9ccb88a83","isMergeCommit":false,"messageTitle":"Improve skeletal version by echoing commands by user","messageBody":"","tags":["level-1"],"fileTypesAndContributionMap":{"java":{"insertions":23,"deletions":5}}},{"hash":"74a1837d891cc06ea7bf86cac23797e60d4ceaa1","isMergeCommit":false,"messageTitle":"Added the ability to store whatever text entered by the user and display them back to the user when requested.","messageBody":"","tags":["level-2"],"fileTypesAndContributionMap":{"java":{"insertions":21,"deletions":1}}},{"hash":"24b17a3e5fbde98f729ad2a0fd7e0fea347568ec","isMergeCommit":false,"messageTitle":"Added the ability to mark tasks as done and back to not done.","messageBody":"","tags":["level-3"],"fileTypesAndContributionMap":{"java":{"insertions":52,"deletions":7}}},{"hash":"08603b8b2aec177ee9d61a3024a01e6c81a604d2","isMergeCommit":false,"messageTitle":"Added support for tracking three types of tasks","messageBody":"","tags":["level-4"],"fileTypesAndContributionMap":{"java":{"insertions":87,"deletions":5}}},{"hash":"b96f64b64d52493401bead8164d3ceef1d404f6b","isMergeCommit":false,"messageTitle":"Test using I/O redirection technique","messageBody":"","tags":["A-TextUiTesting"],"fileTypesAndContributionMap":{"txt":{"insertions":10,"deletions":0},"java":{"insertions":3,"deletions":2},"sh":{"insertions":0,"deletions":0}}},{"hash":"2872e615f280211512af79f879a72ea890c018de","isMergeCommit":false,"messageTitle":"Added Error Handling","messageBody":"","tags":["level-5"],"fileTypesAndContributionMap":{"txt":{"insertions":5,"deletions":0},"java":{"insertions":61,"deletions":22}}},{"hash":"0b9beaabe4b68aec3a06dd8e6d1bd1401bab8e9a","isMergeCommit":false,"messageTitle":"Added support for deleting tasks from the list.","messageBody":"","tags":["level-6"],"fileTypesAndContributionMap":{"txt":{"insertions":4,"deletions":2},"java":{"insertions":49,"deletions":31}}}]},{"date":"2023-08-29","commitResults":[{"hash":"c69d6b0133e26ecb05feb4d2a8bd9a96c4417471","isMergeCommit":false,"messageTitle":"Save tasks in the hard disk automatically whenever the task list changes.","messageBody":"","tags":["level-7"],"fileTypesAndContributionMap":{"txt":{"insertions":7,"deletions":0},"java":{"insertions":190,"deletions":82}}},{"hash":"70384ae1d37fe6392808b7d584ec1ebc3c7cfc9a","isMergeCommit":false,"messageTitle":"Revert \"Save tasks in the hard disk automatically whenever the task list changes.\"","messageBody":"This reverts commit c69d6b0133e26ecb05feb4d2a8bd9a96c4417471.\n","fileTypesAndContributionMap":{"txt":{"insertions":0,"deletions":7},"java":{"insertions":82,"deletions":190}}},{"hash":"7419e6f4a8f1f887b89b3755e1617a5ccbad4c9f","isMergeCommit":false,"messageTitle":"Revert \"Revert \"Save tasks in the hard disk automatically whenever the task list changes.\"\"","messageBody":"This reverts commit 70384ae1d37fe6392808b7d584ec1ebc3c7cfc9a.\n","fileTypesAndContributionMap":{"txt":{"insertions":7,"deletions":0},"java":{"insertions":190,"deletions":82}}},{"hash":"7f70cce68d82fb9fa5d09e538b0d732af416a020","isMergeCommit":false,"messageTitle":"Store dates as LocalDate","messageBody":"","tags":["level-8"],"fileTypesAndContributionMap":{"txt":{"insertions":5,"deletions":7},"java":{"insertions":62,"deletions":29}}}]}]},"authorFileTypeContributionMap":{"Carlintyj":{"java":369,"md":0,"fxml":0,"sh":0,"bat":0,"gradle":0,"txt":22}},"authorContributionVariance":{"Carlintyj":74545.35},"authorDisplayNameMap":{"Carlintyj":"CS2103T-T17-4 TAN ..RLIN"}}
