[{"path":"README.md","fileType":"md","lines":[{"lineNumber":1,"author":{"gitId":"leezhengjing"},"content":"# bee.Bee project template","lastModifiedDate":"2023-08-31"},{"lineNumber":2,"author":{"gitId":"-"},"content":"","lastModifiedDate":"2020-05-25"},{"lineNumber":3,"author":{"gitId":"-"},"content":"This is a project template for a greenfield Java project. It\u0027s named after the Java mascot _Duke_. Given below are instructions on how to use it.","lastModifiedDate":"2020-05-25"},{"lineNumber":4,"author":{"gitId":"-"},"content":"","lastModifiedDate":"2020-05-25"},{"lineNumber":5,"author":{"gitId":"-"},"content":"## Setting up in Intellij","lastModifiedDate":"2020-05-25"},{"lineNumber":6,"author":{"gitId":"-"},"content":"","lastModifiedDate":"2020-05-25"},{"lineNumber":7,"author":{"gitId":"-"},"content":"Prerequisites: JDK 11, update Intellij to the most recent version.","lastModifiedDate":"2020-05-25"},{"lineNumber":8,"author":{"gitId":"-"},"content":"","lastModifiedDate":"2020-05-25"},{"lineNumber":9,"author":{"gitId":"-"},"content":"1. Open Intellij (if you are not in the welcome screen, click `File` \u003e `Close Project` to close the existing project first)","lastModifiedDate":"2021-01-17"},{"lineNumber":10,"author":{"gitId":"-"},"content":"1. Open the project into Intellij as follows:","lastModifiedDate":"2021-01-17"},{"lineNumber":11,"author":{"gitId":"-"},"content":"   1. Click `Open`.","lastModifiedDate":"2021-01-17"},{"lineNumber":12,"author":{"gitId":"-"},"content":"   1. Select the project directory, and click `OK`.","lastModifiedDate":"2021-01-17"},{"lineNumber":13,"author":{"gitId":"-"},"content":"   1. If there are any further prompts, accept the defaults.","lastModifiedDate":"2020-05-25"},{"lineNumber":14,"author":{"gitId":"-"},"content":"1. Configure the project to use **JDK 11** (not other versions) as explained in [here](https://www.jetbrains.com/help/idea/sdk.html#set-up-jdk).\u003cbr\u003e","lastModifiedDate":"2021-07-29"},{"lineNumber":15,"author":{"gitId":"-"},"content":"   In the same dialog, set the **Project language level** field to the `SDK default` option.","lastModifiedDate":"2021-07-29"},{"lineNumber":16,"author":{"gitId":"leezhengjing"},"content":"3. After that, locate the `src/main/java/bee.Bee.java` file, right-click it, and choose `Run bee.Bee.main()` (if the code editor is showing compile errors, try restarting the IDE). If the setup is correct, you should see something like the below as the output:","lastModifiedDate":"2023-08-31"},{"lineNumber":17,"author":{"gitId":"-"},"content":"   ```","lastModifiedDate":"2020-05-25"},{"lineNumber":18,"author":{"gitId":"-"},"content":"   Hello from","lastModifiedDate":"2020-05-25"},{"lineNumber":19,"author":{"gitId":"-"},"content":"    ____        _        ","lastModifiedDate":"2020-05-25"},{"lineNumber":20,"author":{"gitId":"-"},"content":"   |  _ \\ _   _| | _____ ","lastModifiedDate":"2020-05-25"},{"lineNumber":21,"author":{"gitId":"-"},"content":"   | | | | | | | |/ / _ \\","lastModifiedDate":"2020-05-25"},{"lineNumber":22,"author":{"gitId":"-"},"content":"   | |_| | |_| |   \u003c  __/","lastModifiedDate":"2020-05-25"},{"lineNumber":23,"author":{"gitId":"-"},"content":"   |____/ \\__,_|_|\\_\\___|","lastModifiedDate":"2020-05-25"},{"lineNumber":24,"author":{"gitId":"-"},"content":"   ```","lastModifiedDate":"2020-05-25"}],"authorContributionMap":{"leezhengjing":2,"-":22}},{"path":"data/bee.txt","fileType":"txt","lines":[{"lineNumber":1,"author":{"gitId":"leezhengjing"},"content":"[T][ ] YOUR MOM","lastModifiedDate":"2023-08-30"},{"lineNumber":2,"author":{"gitId":"leezhengjing"},"content":"[D][ ] YOUR DAD (by: Aug 30 2023 23:59)","lastModifiedDate":"2023-08-30"},{"lineNumber":3,"author":{"gitId":"leezhengjing"},"content":"[T][ ] YOUR MOM","lastModifiedDate":"2023-08-31"}],"authorContributionMap":{"leezhengjing":3}},{"path":"src/main/java/bee/Bee.java","fileType":"java","lines":[{"lineNumber":1,"author":{"gitId":"leezhengjing"},"content":"package bee;","lastModifiedDate":"2023-08-31"},{"lineNumber":2,"author":{"gitId":"leezhengjing"},"content":"","lastModifiedDate":"2023-08-31"},{"lineNumber":3,"author":{"gitId":"leezhengjing"},"content":"import java.util.Scanner;","lastModifiedDate":"2023-08-24"},{"lineNumber":4,"author":{"gitId":"leezhengjing"},"content":"","lastModifiedDate":"2023-08-30"},{"lineNumber":5,"author":{"gitId":"leezhengjing"},"content":"public class Bee {","lastModifiedDate":"2023-08-24"},{"lineNumber":6,"author":{"gitId":"leezhengjing"},"content":"    private Storage storage;","lastModifiedDate":"2023-08-31"},{"lineNumber":7,"author":{"gitId":"leezhengjing"},"content":"    private TaskList tasks;","lastModifiedDate":"2023-08-31"},{"lineNumber":8,"author":{"gitId":"leezhengjing"},"content":"    private Ui ui;","lastModifiedDate":"2023-08-31"},{"lineNumber":9,"author":{"gitId":"leezhengjing"},"content":"","lastModifiedDate":"2023-08-24"},{"lineNumber":10,"author":{"gitId":"leezhengjing"},"content":"    private static final String DATA_FILE_PATH \u003d \"./data/bee.txt\";","lastModifiedDate":"2023-08-30"},{"lineNumber":11,"author":{"gitId":"leezhengjing"},"content":"    public Bee(String filePath) {","lastModifiedDate":"2023-08-31"},{"lineNumber":12,"author":{"gitId":"leezhengjing"},"content":"        try {","lastModifiedDate":"2023-08-24"},{"lineNumber":13,"author":{"gitId":"leezhengjing"},"content":"            ui \u003d new Ui();","lastModifiedDate":"2023-08-31"},{"lineNumber":14,"author":{"gitId":"leezhengjing"},"content":"            storage \u003d new Storage(filePath);","lastModifiedDate":"2023-08-31"},{"lineNumber":15,"author":{"gitId":"leezhengjing"},"content":"            tasks \u003d new TaskList(storage.loadTasksFromFile());","lastModifiedDate":"2023-08-31"},{"lineNumber":16,"author":{"gitId":"leezhengjing"},"content":"        } catch (BeeException e) {","lastModifiedDate":"2023-08-31"},{"lineNumber":17,"author":{"gitId":"leezhengjing"},"content":"            ui.showLoadingError();","lastModifiedDate":"2023-08-31"},{"lineNumber":18,"author":{"gitId":"leezhengjing"},"content":"            tasks \u003d new TaskList();","lastModifiedDate":"2023-08-31"},{"lineNumber":19,"author":{"gitId":"leezhengjing"},"content":"        }","lastModifiedDate":"2023-08-30"},{"lineNumber":20,"author":{"gitId":"leezhengjing"},"content":"    }","lastModifiedDate":"2023-08-30"},{"lineNumber":21,"author":{"gitId":"leezhengjing"},"content":"    public void run() {","lastModifiedDate":"2023-08-31"},{"lineNumber":22,"author":{"gitId":"leezhengjing"},"content":"        ui.greet();","lastModifiedDate":"2023-08-31"},{"lineNumber":23,"author":{"gitId":"leezhengjing"},"content":"        Scanner scanner \u003d new Scanner(System.in);","lastModifiedDate":"2023-08-24"},{"lineNumber":24,"author":{"gitId":"leezhengjing"},"content":"","lastModifiedDate":"2023-08-24"},{"lineNumber":25,"author":{"gitId":"leezhengjing"},"content":"        boolean isRunning \u003d true;","lastModifiedDate":"2023-08-24"},{"lineNumber":26,"author":{"gitId":"leezhengjing"},"content":"","lastModifiedDate":"2023-08-30"},{"lineNumber":27,"author":{"gitId":"leezhengjing"},"content":"        while (isRunning) {","lastModifiedDate":"2023-08-24"},{"lineNumber":28,"author":{"gitId":"leezhengjing"},"content":"            String userInput \u003d scanner.nextLine();","lastModifiedDate":"2023-08-24"},{"lineNumber":29,"author":{"gitId":"leezhengjing"},"content":"            isRunning \u003d Parser.parseUserCommand(userInput, tasks, storage, ui);","lastModifiedDate":"2023-08-31"},{"lineNumber":30,"author":{"gitId":"leezhengjing"},"content":"        }","lastModifiedDate":"2023-08-24"},{"lineNumber":31,"author":{"gitId":"leezhengjing"},"content":"        scanner.close();","lastModifiedDate":"2023-08-30"},{"lineNumber":32,"author":{"gitId":"leezhengjing"},"content":"    }","lastModifiedDate":"2023-08-24"},{"lineNumber":33,"author":{"gitId":"leezhengjing"},"content":"","lastModifiedDate":"2023-08-31"},{"lineNumber":34,"author":{"gitId":"leezhengjing"},"content":"    public static void main(String[] args) {","lastModifiedDate":"2023-08-31"},{"lineNumber":35,"author":{"gitId":"leezhengjing"},"content":"        new Bee(DATA_FILE_PATH).run();","lastModifiedDate":"2023-08-31"},{"lineNumber":36,"author":{"gitId":"leezhengjing"},"content":"    }","lastModifiedDate":"2023-08-31"},{"lineNumber":37,"author":{"gitId":"leezhengjing"},"content":"}","lastModifiedDate":"2023-08-24"}],"authorContributionMap":{"leezhengjing":37}},{"path":"src/main/java/bee/BeeException.java","fileType":"java","lines":[{"lineNumber":1,"author":{"gitId":"leezhengjing"},"content":"package bee;","lastModifiedDate":"2023-08-31"},{"lineNumber":2,"author":{"gitId":"leezhengjing"},"content":"","lastModifiedDate":"2023-08-31"},{"lineNumber":3,"author":{"gitId":"leezhengjing"},"content":"public class BeeException extends Exception {","lastModifiedDate":"2023-08-24"},{"lineNumber":4,"author":{"gitId":"leezhengjing"},"content":"    public BeeException(String message) {","lastModifiedDate":"2023-08-24"},{"lineNumber":5,"author":{"gitId":"leezhengjing"},"content":"        super(message);","lastModifiedDate":"2023-08-24"},{"lineNumber":6,"author":{"gitId":"leezhengjing"},"content":"    }","lastModifiedDate":"2023-08-24"},{"lineNumber":7,"author":{"gitId":"leezhengjing"},"content":"","lastModifiedDate":"2023-08-24"},{"lineNumber":8,"author":{"gitId":"leezhengjing"},"content":"    @Override","lastModifiedDate":"2023-08-24"},{"lineNumber":9,"author":{"gitId":"leezhengjing"},"content":"    public String toString() {","lastModifiedDate":"2023-08-24"},{"lineNumber":10,"author":{"gitId":"leezhengjing"},"content":"        return \"    _  _\\n\" +","lastModifiedDate":"2023-08-24"},{"lineNumber":11,"author":{"gitId":"leezhengjing"},"content":"                \"   | )/ )\\n\" +","lastModifiedDate":"2023-08-24"},{"lineNumber":12,"author":{"gitId":"leezhengjing"},"content":"                \"\\\\\\\\ |//,\u0027 __\\n\" +","lastModifiedDate":"2023-08-24"},{"lineNumber":13,"author":{"gitId":"leezhengjing"},"content":"                \"(\\\")(_)-\\\"()))\u003d-\\n\" +","lastModifiedDate":"2023-08-24"},{"lineNumber":14,"author":{"gitId":"leezhengjing"},"content":"                \"   (\\\\\\\\ \" + super.getMessage();","lastModifiedDate":"2023-08-24"},{"lineNumber":15,"author":{"gitId":"leezhengjing"},"content":"    }","lastModifiedDate":"2023-08-24"},{"lineNumber":16,"author":{"gitId":"leezhengjing"},"content":"}","lastModifiedDate":"2023-08-24"}],"authorContributionMap":{"leezhengjing":16}},{"path":"src/main/java/bee/Deadline.java","fileType":"java","lines":[{"lineNumber":1,"author":{"gitId":"leezhengjing"},"content":"package bee;","lastModifiedDate":"2023-08-31"},{"lineNumber":2,"author":{"gitId":"leezhengjing"},"content":"","lastModifiedDate":"2023-08-31"},{"lineNumber":3,"author":{"gitId":"leezhengjing"},"content":"import java.time.LocalDateTime;","lastModifiedDate":"2023-08-30"},{"lineNumber":4,"author":{"gitId":"leezhengjing"},"content":"import java.time.format.DateTimeFormatter;","lastModifiedDate":"2023-08-30"},{"lineNumber":5,"author":{"gitId":"leezhengjing"},"content":"","lastModifiedDate":"2023-08-30"},{"lineNumber":6,"author":{"gitId":"leezhengjing"},"content":"public class Deadline extends Task {","lastModifiedDate":"2023-08-24"},{"lineNumber":7,"author":{"gitId":"leezhengjing"},"content":"    LocalDateTime localDateTime;","lastModifiedDate":"2023-08-30"},{"lineNumber":8,"author":{"gitId":"leezhengjing"},"content":"","lastModifiedDate":"2023-08-24"},{"lineNumber":9,"author":{"gitId":"leezhengjing"},"content":"    public Deadline(String description, LocalDateTime localDateTime) {","lastModifiedDate":"2023-08-30"},{"lineNumber":10,"author":{"gitId":"leezhengjing"},"content":"        super(description);","lastModifiedDate":"2023-08-24"},{"lineNumber":11,"author":{"gitId":"leezhengjing"},"content":"        this.localDateTime \u003d localDateTime;","lastModifiedDate":"2023-08-30"},{"lineNumber":12,"author":{"gitId":"leezhengjing"},"content":"    }","lastModifiedDate":"2023-08-24"},{"lineNumber":13,"author":{"gitId":"leezhengjing"},"content":"","lastModifiedDate":"2023-08-24"},{"lineNumber":14,"author":{"gitId":"leezhengjing"},"content":"    public Deadline(String description, LocalDateTime localDateTime, Boolean isDone) {","lastModifiedDate":"2023-08-30"},{"lineNumber":15,"author":{"gitId":"leezhengjing"},"content":"        super(description, isDone);","lastModifiedDate":"2023-08-30"},{"lineNumber":16,"author":{"gitId":"leezhengjing"},"content":"        this.localDateTime \u003d localDateTime;","lastModifiedDate":"2023-08-30"},{"lineNumber":17,"author":{"gitId":"leezhengjing"},"content":"    }","lastModifiedDate":"2023-08-30"},{"lineNumber":18,"author":{"gitId":"leezhengjing"},"content":"","lastModifiedDate":"2023-08-30"},{"lineNumber":19,"author":{"gitId":"leezhengjing"},"content":"    @Override","lastModifiedDate":"2023-08-24"},{"lineNumber":20,"author":{"gitId":"leezhengjing"},"content":"     public String toString() {","lastModifiedDate":"2023-08-24"},{"lineNumber":21,"author":{"gitId":"leezhengjing"},"content":"        return \"[D]\" + super.toString() + \" (by: \"","lastModifiedDate":"2023-08-30"},{"lineNumber":22,"author":{"gitId":"leezhengjing"},"content":"                + this.localDateTime.format(DateTimeFormatter.ofPattern(\"MMM dd yyyy HH:mm\")) + \")\";","lastModifiedDate":"2023-08-30"},{"lineNumber":23,"author":{"gitId":"leezhengjing"},"content":"    }","lastModifiedDate":"2023-08-24"},{"lineNumber":24,"author":{"gitId":"leezhengjing"},"content":"}","lastModifiedDate":"2023-08-24"}],"authorContributionMap":{"leezhengjing":24}},{"path":"src/main/java/bee/Event.java","fileType":"java","lines":[{"lineNumber":1,"author":{"gitId":"leezhengjing"},"content":"package bee;","lastModifiedDate":"2023-08-31"},{"lineNumber":2,"author":{"gitId":"leezhengjing"},"content":"","lastModifiedDate":"2023-08-31"},{"lineNumber":3,"author":{"gitId":"leezhengjing"},"content":"public class Event extends Task{","lastModifiedDate":"2023-08-24"},{"lineNumber":4,"author":{"gitId":"leezhengjing"},"content":"    String startDate;","lastModifiedDate":"2023-08-24"},{"lineNumber":5,"author":{"gitId":"leezhengjing"},"content":"    String endDate;","lastModifiedDate":"2023-08-24"},{"lineNumber":6,"author":{"gitId":"leezhengjing"},"content":"","lastModifiedDate":"2023-08-24"},{"lineNumber":7,"author":{"gitId":"leezhengjing"},"content":"    public Event(String description, String startDate, String endDate) {","lastModifiedDate":"2023-08-24"},{"lineNumber":8,"author":{"gitId":"leezhengjing"},"content":"        super(description);","lastModifiedDate":"2023-08-24"},{"lineNumber":9,"author":{"gitId":"leezhengjing"},"content":"        this.startDate \u003d startDate;","lastModifiedDate":"2023-08-24"},{"lineNumber":10,"author":{"gitId":"leezhengjing"},"content":"        this.endDate \u003d endDate;","lastModifiedDate":"2023-08-24"},{"lineNumber":11,"author":{"gitId":"leezhengjing"},"content":"    }","lastModifiedDate":"2023-08-24"},{"lineNumber":12,"author":{"gitId":"leezhengjing"},"content":"","lastModifiedDate":"2023-08-24"},{"lineNumber":13,"author":{"gitId":"leezhengjing"},"content":"    public Event(String description, String startDate, String endDate, Boolean isDone) {","lastModifiedDate":"2023-08-30"},{"lineNumber":14,"author":{"gitId":"leezhengjing"},"content":"        super(description, isDone);","lastModifiedDate":"2023-08-30"},{"lineNumber":15,"author":{"gitId":"leezhengjing"},"content":"        this.startDate \u003d startDate;","lastModifiedDate":"2023-08-30"},{"lineNumber":16,"author":{"gitId":"leezhengjing"},"content":"        this.endDate \u003d endDate;","lastModifiedDate":"2023-08-30"},{"lineNumber":17,"author":{"gitId":"leezhengjing"},"content":"    }","lastModifiedDate":"2023-08-30"},{"lineNumber":18,"author":{"gitId":"leezhengjing"},"content":"","lastModifiedDate":"2023-08-30"},{"lineNumber":19,"author":{"gitId":"leezhengjing"},"content":"    @Override","lastModifiedDate":"2023-08-24"},{"lineNumber":20,"author":{"gitId":"leezhengjing"},"content":"    public String toString() {","lastModifiedDate":"2023-08-24"},{"lineNumber":21,"author":{"gitId":"leezhengjing"},"content":"        return \"[E]\" + super.toString() + \" (from: \" + startDate + \" to: \" + endDate + \")\";","lastModifiedDate":"2023-08-24"},{"lineNumber":22,"author":{"gitId":"leezhengjing"},"content":"    }","lastModifiedDate":"2023-08-24"},{"lineNumber":23,"author":{"gitId":"leezhengjing"},"content":"}","lastModifiedDate":"2023-08-24"}],"authorContributionMap":{"leezhengjing":23}},{"path":"src/main/java/bee/Parser.java","fileType":"java","lines":[{"lineNumber":1,"author":{"gitId":"leezhengjing"},"content":"package bee;","lastModifiedDate":"2023-08-31"},{"lineNumber":2,"author":{"gitId":"leezhengjing"},"content":"","lastModifiedDate":"2023-08-31"},{"lineNumber":3,"author":{"gitId":"leezhengjing"},"content":"public class Parser {","lastModifiedDate":"2023-08-31"},{"lineNumber":4,"author":{"gitId":"leezhengjing"},"content":"","lastModifiedDate":"2023-08-31"},{"lineNumber":5,"author":{"gitId":"leezhengjing"},"content":"    enum TaskClass {","lastModifiedDate":"2023-08-31"},{"lineNumber":6,"author":{"gitId":"leezhengjing"},"content":"        TODO, DEADLINE, EVENT","lastModifiedDate":"2023-08-31"},{"lineNumber":7,"author":{"gitId":"leezhengjing"},"content":"    }","lastModifiedDate":"2023-08-31"},{"lineNumber":8,"author":{"gitId":"leezhengjing"},"content":"","lastModifiedDate":"2023-08-31"},{"lineNumber":9,"author":{"gitId":"leezhengjing"},"content":"    enum TaskAction {","lastModifiedDate":"2023-08-31"},{"lineNumber":10,"author":{"gitId":"leezhengjing"},"content":"        MARK, UNMARK, DELETE","lastModifiedDate":"2023-08-31"},{"lineNumber":11,"author":{"gitId":"leezhengjing"},"content":"    }","lastModifiedDate":"2023-08-31"},{"lineNumber":12,"author":{"gitId":"leezhengjing"},"content":"","lastModifiedDate":"2023-08-31"},{"lineNumber":13,"author":{"gitId":"leezhengjing"},"content":"    public static boolean parseUserCommand(String userInput, TaskList tasks, Storage storage, Ui ui) {","lastModifiedDate":"2023-08-31"},{"lineNumber":14,"author":{"gitId":"leezhengjing"},"content":"        String[] splitInput \u003d userInput.split(\" \");","lastModifiedDate":"2023-08-31"},{"lineNumber":15,"author":{"gitId":"leezhengjing"},"content":"        String command \u003d splitInput[0].toLowerCase();","lastModifiedDate":"2023-08-31"},{"lineNumber":16,"author":{"gitId":"leezhengjing"},"content":"        try {","lastModifiedDate":"2023-08-31"},{"lineNumber":17,"author":{"gitId":"leezhengjing"},"content":"            switch (command) {","lastModifiedDate":"2023-08-31"},{"lineNumber":18,"author":{"gitId":"leezhengjing"},"content":"                case \"bye\":","lastModifiedDate":"2023-08-31"},{"lineNumber":19,"author":{"gitId":"leezhengjing"},"content":"                    ui.farewell();","lastModifiedDate":"2023-08-31"},{"lineNumber":20,"author":{"gitId":"leezhengjing"},"content":"                    return false;","lastModifiedDate":"2023-08-31"},{"lineNumber":21,"author":{"gitId":"leezhengjing"},"content":"                case \"list\":","lastModifiedDate":"2023-08-31"},{"lineNumber":22,"author":{"gitId":"leezhengjing"},"content":"                    tasks.listAllTasks();","lastModifiedDate":"2023-08-31"},{"lineNumber":23,"author":{"gitId":"leezhengjing"},"content":"                    break;","lastModifiedDate":"2023-08-31"},{"lineNumber":24,"author":{"gitId":"leezhengjing"},"content":"                case \"todo\":","lastModifiedDate":"2023-08-31"},{"lineNumber":25,"author":{"gitId":"leezhengjing"},"content":"                    tasks.createTask(TaskClass.TODO, userInput);","lastModifiedDate":"2023-08-31"},{"lineNumber":26,"author":{"gitId":"leezhengjing"},"content":"                    break;","lastModifiedDate":"2023-08-31"},{"lineNumber":27,"author":{"gitId":"leezhengjing"},"content":"                case \"deadline\":","lastModifiedDate":"2023-08-31"},{"lineNumber":28,"author":{"gitId":"leezhengjing"},"content":"                    tasks.createTask(TaskClass.DEADLINE, userInput);","lastModifiedDate":"2023-08-31"},{"lineNumber":29,"author":{"gitId":"leezhengjing"},"content":"                    break;","lastModifiedDate":"2023-08-31"},{"lineNumber":30,"author":{"gitId":"leezhengjing"},"content":"                case \"event\":","lastModifiedDate":"2023-08-31"},{"lineNumber":31,"author":{"gitId":"leezhengjing"},"content":"                    tasks.createTask(TaskClass.EVENT, userInput);","lastModifiedDate":"2023-08-31"},{"lineNumber":32,"author":{"gitId":"leezhengjing"},"content":"                    break;","lastModifiedDate":"2023-08-31"},{"lineNumber":33,"author":{"gitId":"leezhengjing"},"content":"                case \"mark\":","lastModifiedDate":"2023-08-31"},{"lineNumber":34,"author":{"gitId":"leezhengjing"},"content":"                    tasks.updateTask(TaskAction.MARK, userInput);","lastModifiedDate":"2023-08-31"},{"lineNumber":35,"author":{"gitId":"leezhengjing"},"content":"                    break;","lastModifiedDate":"2023-08-31"},{"lineNumber":36,"author":{"gitId":"leezhengjing"},"content":"                case \"unmark\":","lastModifiedDate":"2023-08-31"},{"lineNumber":37,"author":{"gitId":"leezhengjing"},"content":"                    tasks.updateTask(TaskAction.UNMARK, userInput);","lastModifiedDate":"2023-08-31"},{"lineNumber":38,"author":{"gitId":"leezhengjing"},"content":"                    break;","lastModifiedDate":"2023-08-31"},{"lineNumber":39,"author":{"gitId":"leezhengjing"},"content":"                case \"delete\":","lastModifiedDate":"2023-08-31"},{"lineNumber":40,"author":{"gitId":"leezhengjing"},"content":"                    tasks.updateTask(TaskAction.DELETE, userInput);","lastModifiedDate":"2023-08-31"},{"lineNumber":41,"author":{"gitId":"leezhengjing"},"content":"                    break;","lastModifiedDate":"2023-08-31"},{"lineNumber":42,"author":{"gitId":"leezhengjing"},"content":"                default:","lastModifiedDate":"2023-08-31"},{"lineNumber":43,"author":{"gitId":"leezhengjing"},"content":"                    throw new BeeException(\"Sorry, you need to use a command!\");","lastModifiedDate":"2023-08-31"},{"lineNumber":44,"author":{"gitId":"leezhengjing"},"content":"","lastModifiedDate":"2023-08-31"},{"lineNumber":45,"author":{"gitId":"leezhengjing"},"content":"            }","lastModifiedDate":"2023-08-31"},{"lineNumber":46,"author":{"gitId":"leezhengjing"},"content":"        } catch (BeeException e) {","lastModifiedDate":"2023-08-31"},{"lineNumber":47,"author":{"gitId":"leezhengjing"},"content":"            System.out.println(e.toString());","lastModifiedDate":"2023-08-31"},{"lineNumber":48,"author":{"gitId":"leezhengjing"},"content":"        } catch (Exception e) {","lastModifiedDate":"2023-08-31"},{"lineNumber":49,"author":{"gitId":"leezhengjing"},"content":"            System.out.println(\"    _  _\\n\" +","lastModifiedDate":"2023-08-31"},{"lineNumber":50,"author":{"gitId":"leezhengjing"},"content":"                    \"   | )/ )\\n\" +","lastModifiedDate":"2023-08-31"},{"lineNumber":51,"author":{"gitId":"leezhengjing"},"content":"                    \"\\\\\\\\ |//,\u0027 __\\n\" +","lastModifiedDate":"2023-08-31"},{"lineNumber":52,"author":{"gitId":"leezhengjing"},"content":"                    \"(\\\")(_)-\\\"()))\u003d-\\n\" +","lastModifiedDate":"2023-08-31"},{"lineNumber":53,"author":{"gitId":"leezhengjing"},"content":"                    \"   (\\\\\\\\ BZZZZZZZ!!!! Something went very wrong!!\");","lastModifiedDate":"2023-08-31"},{"lineNumber":54,"author":{"gitId":"leezhengjing"},"content":"        }","lastModifiedDate":"2023-08-31"},{"lineNumber":55,"author":{"gitId":"leezhengjing"},"content":"        storage.saveTasksToFile();","lastModifiedDate":"2023-08-31"},{"lineNumber":56,"author":{"gitId":"leezhengjing"},"content":"        return true;","lastModifiedDate":"2023-08-31"},{"lineNumber":57,"author":{"gitId":"leezhengjing"},"content":"    }","lastModifiedDate":"2023-08-31"},{"lineNumber":58,"author":{"gitId":"leezhengjing"},"content":"}","lastModifiedDate":"2023-08-31"}],"authorContributionMap":{"leezhengjing":58}},{"path":"src/main/java/bee/Storage.java","fileType":"java","lines":[{"lineNumber":1,"author":{"gitId":"leezhengjing"},"content":"package bee;","lastModifiedDate":"2023-08-31"},{"lineNumber":2,"author":{"gitId":"leezhengjing"},"content":"","lastModifiedDate":"2023-08-31"},{"lineNumber":3,"author":{"gitId":"leezhengjing"},"content":"import java.io.File;","lastModifiedDate":"2023-08-31"},{"lineNumber":4,"author":{"gitId":"leezhengjing"},"content":"import java.io.FileWriter;","lastModifiedDate":"2023-08-31"},{"lineNumber":5,"author":{"gitId":"leezhengjing"},"content":"import java.io.IOException;","lastModifiedDate":"2023-08-31"},{"lineNumber":6,"author":{"gitId":"leezhengjing"},"content":"import java.time.LocalDateTime;","lastModifiedDate":"2023-08-31"},{"lineNumber":7,"author":{"gitId":"leezhengjing"},"content":"import java.time.format.DateTimeFormatter;","lastModifiedDate":"2023-08-31"},{"lineNumber":8,"author":{"gitId":"leezhengjing"},"content":"import java.util.ArrayList;","lastModifiedDate":"2023-08-31"},{"lineNumber":9,"author":{"gitId":"leezhengjing"},"content":"import java.util.Scanner;","lastModifiedDate":"2023-08-31"},{"lineNumber":10,"author":{"gitId":"leezhengjing"},"content":"","lastModifiedDate":"2023-08-31"},{"lineNumber":11,"author":{"gitId":"leezhengjing"},"content":"public class Storage {","lastModifiedDate":"2023-08-31"},{"lineNumber":12,"author":{"gitId":"leezhengjing"},"content":"","lastModifiedDate":"2023-08-31"},{"lineNumber":13,"author":{"gitId":"leezhengjing"},"content":"    private TaskList tasks \u003d new TaskList();","lastModifiedDate":"2023-08-31"},{"lineNumber":14,"author":{"gitId":"leezhengjing"},"content":"","lastModifiedDate":"2023-08-31"},{"lineNumber":15,"author":{"gitId":"leezhengjing"},"content":"    private String filePath \u003d \"\";","lastModifiedDate":"2023-08-31"},{"lineNumber":16,"author":{"gitId":"leezhengjing"},"content":"    public Storage(String filePath) throws BeeException {","lastModifiedDate":"2023-08-31"},{"lineNumber":17,"author":{"gitId":"leezhengjing"},"content":"        this.filePath \u003d filePath;","lastModifiedDate":"2023-08-31"},{"lineNumber":18,"author":{"gitId":"leezhengjing"},"content":"    }","lastModifiedDate":"2023-08-31"},{"lineNumber":19,"author":{"gitId":"leezhengjing"},"content":"","lastModifiedDate":"2023-08-31"},{"lineNumber":20,"author":{"gitId":"leezhengjing"},"content":"    // Parse string information from file into task","lastModifiedDate":"2023-08-31"},{"lineNumber":21,"author":{"gitId":"leezhengjing"},"content":"    private void parseTask(String taskData) throws BeeException{","lastModifiedDate":"2023-08-31"},{"lineNumber":22,"author":{"gitId":"leezhengjing"},"content":"        String[] taskDataSplit \u003d taskData.split(\"]\");","lastModifiedDate":"2023-08-31"},{"lineNumber":23,"author":{"gitId":"leezhengjing"},"content":"        String taskType \u003d taskDataSplit[0].substring(1);","lastModifiedDate":"2023-08-31"},{"lineNumber":24,"author":{"gitId":"leezhengjing"},"content":"        Boolean isDone \u003d taskDataSplit[1].substring(1).equals(\"X\");","lastModifiedDate":"2023-08-31"},{"lineNumber":25,"author":{"gitId":"leezhengjing"},"content":"        String taskDescription \u003d taskDataSplit[2].substring(1);","lastModifiedDate":"2023-08-31"},{"lineNumber":26,"author":{"gitId":"leezhengjing"},"content":"","lastModifiedDate":"2023-08-31"},{"lineNumber":27,"author":{"gitId":"leezhengjing"},"content":"        switch (taskType) {","lastModifiedDate":"2023-08-31"},{"lineNumber":28,"author":{"gitId":"leezhengjing"},"content":"            case \"T\":","lastModifiedDate":"2023-08-31"},{"lineNumber":29,"author":{"gitId":"leezhengjing"},"content":"                Todo todo \u003d new Todo(taskDescription, isDone);","lastModifiedDate":"2023-08-31"},{"lineNumber":30,"author":{"gitId":"leezhengjing"},"content":"                tasks.quietlyAddTask(todo);","lastModifiedDate":"2023-08-31"},{"lineNumber":31,"author":{"gitId":"leezhengjing"},"content":"                break;","lastModifiedDate":"2023-08-31"},{"lineNumber":32,"author":{"gitId":"leezhengjing"},"content":"            case \"D\":","lastModifiedDate":"2023-08-31"},{"lineNumber":33,"author":{"gitId":"leezhengjing"},"content":"                try {","lastModifiedDate":"2023-08-31"},{"lineNumber":34,"author":{"gitId":"leezhengjing"},"content":"                    String[] splitEditedInput \u003d taskDescription.split(\"by: \");","lastModifiedDate":"2023-08-31"},{"lineNumber":35,"author":{"gitId":"leezhengjing"},"content":"                    String deadlineDescription \u003d splitEditedInput[0];","lastModifiedDate":"2023-08-31"},{"lineNumber":36,"author":{"gitId":"leezhengjing"},"content":"                    deadlineDescription \u003d deadlineDescription.substring(0, deadlineDescription.indexOf(\"(\") - 1);","lastModifiedDate":"2023-08-31"},{"lineNumber":37,"author":{"gitId":"leezhengjing"},"content":"                    String deadlineDateString \u003d splitEditedInput[1];","lastModifiedDate":"2023-08-31"},{"lineNumber":38,"author":{"gitId":"leezhengjing"},"content":"                    deadlineDateString \u003d deadlineDateString.substring(0, deadlineDateString.indexOf(\")\"));","lastModifiedDate":"2023-08-31"},{"lineNumber":39,"author":{"gitId":"leezhengjing"},"content":"","lastModifiedDate":"2023-08-31"},{"lineNumber":40,"author":{"gitId":"leezhengjing"},"content":"                    DateTimeFormatter storageFormatter \u003d DateTimeFormatter.ofPattern(\"MMM dd yyyy HH:mm\");","lastModifiedDate":"2023-08-31"},{"lineNumber":41,"author":{"gitId":"leezhengjing"},"content":"                    LocalDateTime deadlineDate \u003d LocalDateTime.parse(deadlineDateString, storageFormatter);","lastModifiedDate":"2023-08-31"},{"lineNumber":42,"author":{"gitId":"leezhengjing"},"content":"","lastModifiedDate":"2023-08-31"},{"lineNumber":43,"author":{"gitId":"leezhengjing"},"content":"                    Deadline deadlineTask \u003d new Deadline(deadlineDescription, deadlineDate, isDone);","lastModifiedDate":"2023-08-31"},{"lineNumber":44,"author":{"gitId":"leezhengjing"},"content":"                    tasks.quietlyAddTask(deadlineTask);","lastModifiedDate":"2023-08-31"},{"lineNumber":45,"author":{"gitId":"leezhengjing"},"content":"                } catch (StringIndexOutOfBoundsException e) {","lastModifiedDate":"2023-08-31"},{"lineNumber":46,"author":{"gitId":"leezhengjing"},"content":"                    throw new BeeException(\"OOPS!! The description of a deadline cannot be empty.\");","lastModifiedDate":"2023-08-31"},{"lineNumber":47,"author":{"gitId":"leezhengjing"},"content":"                } catch (ArrayIndexOutOfBoundsException e) {","lastModifiedDate":"2023-08-31"},{"lineNumber":48,"author":{"gitId":"leezhengjing"},"content":"                    throw new BeeException(\"OOPS!! The date of the deadline cannot be empty.\");","lastModifiedDate":"2023-08-31"},{"lineNumber":49,"author":{"gitId":"leezhengjing"},"content":"                }","lastModifiedDate":"2023-08-31"},{"lineNumber":50,"author":{"gitId":"leezhengjing"},"content":"                break;","lastModifiedDate":"2023-08-31"},{"lineNumber":51,"author":{"gitId":"leezhengjing"},"content":"            case \"E\":","lastModifiedDate":"2023-08-31"},{"lineNumber":52,"author":{"gitId":"leezhengjing"},"content":"                try {","lastModifiedDate":"2023-08-31"},{"lineNumber":53,"author":{"gitId":"leezhengjing"},"content":"                    String[] splitEditedInput \u003d taskDescription.split(\"from: \");","lastModifiedDate":"2023-08-31"},{"lineNumber":54,"author":{"gitId":"leezhengjing"},"content":"                    String[] splitEditedInput2 \u003d splitEditedInput[1].split(\" to: \");","lastModifiedDate":"2023-08-31"},{"lineNumber":55,"author":{"gitId":"leezhengjing"},"content":"                    String eventDescription \u003d splitEditedInput[0];","lastModifiedDate":"2023-08-31"},{"lineNumber":56,"author":{"gitId":"leezhengjing"},"content":"                    eventDescription \u003d eventDescription.substring(0, eventDescription.indexOf(\"(\") - 1);","lastModifiedDate":"2023-08-31"},{"lineNumber":57,"author":{"gitId":"leezhengjing"},"content":"                    String eventStartDate \u003d splitEditedInput2[0];","lastModifiedDate":"2023-08-31"},{"lineNumber":58,"author":{"gitId":"leezhengjing"},"content":"                    String eventEndDate \u003d splitEditedInput2[1];","lastModifiedDate":"2023-08-31"},{"lineNumber":59,"author":{"gitId":"leezhengjing"},"content":"                    eventEndDate \u003d eventEndDate.substring(0, eventEndDate.indexOf(\")\"));","lastModifiedDate":"2023-08-31"},{"lineNumber":60,"author":{"gitId":"leezhengjing"},"content":"                    Event event \u003d new Event(eventDescription, eventStartDate, eventEndDate, isDone);","lastModifiedDate":"2023-08-31"},{"lineNumber":61,"author":{"gitId":"leezhengjing"},"content":"                    tasks.quietlyAddTask(event);","lastModifiedDate":"2023-08-31"},{"lineNumber":62,"author":{"gitId":"leezhengjing"},"content":"                } catch (StringIndexOutOfBoundsException e) {","lastModifiedDate":"2023-08-31"},{"lineNumber":63,"author":{"gitId":"leezhengjing"},"content":"                    throw new BeeException(\"OOPS!! The description of an event cannot be empty.\");","lastModifiedDate":"2023-08-31"},{"lineNumber":64,"author":{"gitId":"leezhengjing"},"content":"                } catch (ArrayIndexOutOfBoundsException e) {","lastModifiedDate":"2023-08-31"},{"lineNumber":65,"author":{"gitId":"leezhengjing"},"content":"                    throw new BeeException(\"OOPS!! The date of an event cannot be empty.\");","lastModifiedDate":"2023-08-31"},{"lineNumber":66,"author":{"gitId":"leezhengjing"},"content":"                }","lastModifiedDate":"2023-08-31"},{"lineNumber":67,"author":{"gitId":"leezhengjing"},"content":"                break;","lastModifiedDate":"2023-08-31"},{"lineNumber":68,"author":{"gitId":"leezhengjing"},"content":"        }","lastModifiedDate":"2023-08-31"},{"lineNumber":69,"author":{"gitId":"leezhengjing"},"content":"    }","lastModifiedDate":"2023-08-31"},{"lineNumber":70,"author":{"gitId":"leezhengjing"},"content":"    // Save tasks to file","lastModifiedDate":"2023-08-31"},{"lineNumber":71,"author":{"gitId":"leezhengjing"},"content":"    public void saveTasksToFile() {","lastModifiedDate":"2023-08-31"},{"lineNumber":72,"author":{"gitId":"leezhengjing"},"content":"        try {","lastModifiedDate":"2023-08-31"},{"lineNumber":73,"author":{"gitId":"leezhengjing"},"content":"            File file \u003d new File(this.filePath);","lastModifiedDate":"2023-08-31"},{"lineNumber":74,"author":{"gitId":"leezhengjing"},"content":"            FileWriter writer \u003d new FileWriter(file);","lastModifiedDate":"2023-08-31"},{"lineNumber":75,"author":{"gitId":"leezhengjing"},"content":"","lastModifiedDate":"2023-08-31"},{"lineNumber":76,"author":{"gitId":"leezhengjing"},"content":"            for (Task task : tasks.getTasks()) {","lastModifiedDate":"2023-08-31"},{"lineNumber":77,"author":{"gitId":"leezhengjing"},"content":"                writer.write(task.toString() + System.lineSeparator());","lastModifiedDate":"2023-08-31"},{"lineNumber":78,"author":{"gitId":"leezhengjing"},"content":"            }","lastModifiedDate":"2023-08-31"},{"lineNumber":79,"author":{"gitId":"leezhengjing"},"content":"            writer.close();","lastModifiedDate":"2023-08-31"},{"lineNumber":80,"author":{"gitId":"leezhengjing"},"content":"        } catch (IOException e) {","lastModifiedDate":"2023-08-31"},{"lineNumber":81,"author":{"gitId":"leezhengjing"},"content":"            System.out.println(\"Error saving tasks to file: \" + e.getMessage());","lastModifiedDate":"2023-08-31"},{"lineNumber":82,"author":{"gitId":"leezhengjing"},"content":"        }","lastModifiedDate":"2023-08-31"},{"lineNumber":83,"author":{"gitId":"leezhengjing"},"content":"    }","lastModifiedDate":"2023-08-31"},{"lineNumber":84,"author":{"gitId":"leezhengjing"},"content":"","lastModifiedDate":"2023-08-31"},{"lineNumber":85,"author":{"gitId":"leezhengjing"},"content":"    // Load tasks from file","lastModifiedDate":"2023-08-31"},{"lineNumber":86,"author":{"gitId":"leezhengjing"},"content":"    public ArrayList\u003cTask\u003e loadTasksFromFile() throws BeeException {","lastModifiedDate":"2023-08-31"},{"lineNumber":87,"author":{"gitId":"leezhengjing"},"content":"        try {","lastModifiedDate":"2023-08-31"},{"lineNumber":88,"author":{"gitId":"leezhengjing"},"content":"            File file \u003d new File(filePath);","lastModifiedDate":"2023-08-31"},{"lineNumber":89,"author":{"gitId":"leezhengjing"},"content":"            if (!file.exists()) {","lastModifiedDate":"2023-08-31"},{"lineNumber":90,"author":{"gitId":"leezhengjing"},"content":"                // If file doesn\u0027t exist, create an empty one","lastModifiedDate":"2023-08-31"},{"lineNumber":91,"author":{"gitId":"leezhengjing"},"content":"                file.createNewFile();","lastModifiedDate":"2023-08-31"},{"lineNumber":92,"author":{"gitId":"leezhengjing"},"content":"                return this.tasks.getTasks();","lastModifiedDate":"2023-08-31"},{"lineNumber":93,"author":{"gitId":"leezhengjing"},"content":"            }","lastModifiedDate":"2023-08-31"},{"lineNumber":94,"author":{"gitId":"leezhengjing"},"content":"","lastModifiedDate":"2023-08-31"},{"lineNumber":95,"author":{"gitId":"leezhengjing"},"content":"            Scanner fileScanner \u003d new Scanner(file);","lastModifiedDate":"2023-08-31"},{"lineNumber":96,"author":{"gitId":"leezhengjing"},"content":"            while (fileScanner.hasNextLine()) {","lastModifiedDate":"2023-08-31"},{"lineNumber":97,"author":{"gitId":"leezhengjing"},"content":"                String taskData \u003d fileScanner.nextLine();","lastModifiedDate":"2023-08-31"},{"lineNumber":98,"author":{"gitId":"leezhengjing"},"content":"                parseTask(taskData);","lastModifiedDate":"2023-08-31"},{"lineNumber":99,"author":{"gitId":"leezhengjing"},"content":"                // Parse taskData and add tasks to the list","lastModifiedDate":"2023-08-31"},{"lineNumber":100,"author":{"gitId":"leezhengjing"},"content":"                // Example: T | 1 | read book","lastModifiedDate":"2023-08-31"},{"lineNumber":101,"author":{"gitId":"leezhengjing"},"content":"            }","lastModifiedDate":"2023-08-31"},{"lineNumber":102,"author":{"gitId":"leezhengjing"},"content":"            fileScanner.close();","lastModifiedDate":"2023-08-31"},{"lineNumber":103,"author":{"gitId":"leezhengjing"},"content":"            return this.tasks.getTasks();","lastModifiedDate":"2023-08-31"},{"lineNumber":104,"author":{"gitId":"leezhengjing"},"content":"        } catch (IOException e) {","lastModifiedDate":"2023-08-31"},{"lineNumber":105,"author":{"gitId":"leezhengjing"},"content":"            System.out.println(\"Error loading tasks from file: \" + e.getMessage());","lastModifiedDate":"2023-08-31"},{"lineNumber":106,"author":{"gitId":"leezhengjing"},"content":"        }","lastModifiedDate":"2023-08-31"},{"lineNumber":107,"author":{"gitId":"leezhengjing"},"content":"        return null;","lastModifiedDate":"2023-08-31"},{"lineNumber":108,"author":{"gitId":"leezhengjing"},"content":"    }","lastModifiedDate":"2023-08-31"},{"lineNumber":109,"author":{"gitId":"leezhengjing"},"content":"}","lastModifiedDate":"2023-08-31"}],"authorContributionMap":{"leezhengjing":109}},{"path":"src/main/java/bee/Task.java","fileType":"java","lines":[{"lineNumber":1,"author":{"gitId":"leezhengjing"},"content":"package bee;","lastModifiedDate":"2023-08-31"},{"lineNumber":2,"author":{"gitId":"leezhengjing"},"content":"","lastModifiedDate":"2023-08-31"},{"lineNumber":3,"author":{"gitId":"leezhengjing"},"content":"public class Task {","lastModifiedDate":"2023-08-24"},{"lineNumber":4,"author":{"gitId":"leezhengjing"},"content":"    protected String description;","lastModifiedDate":"2023-08-24"},{"lineNumber":5,"author":{"gitId":"leezhengjing"},"content":"    protected boolean isDone;","lastModifiedDate":"2023-08-24"},{"lineNumber":6,"author":{"gitId":"leezhengjing"},"content":"","lastModifiedDate":"2023-08-24"},{"lineNumber":7,"author":{"gitId":"leezhengjing"},"content":"    public Task(String description) {","lastModifiedDate":"2023-08-24"},{"lineNumber":8,"author":{"gitId":"leezhengjing"},"content":"        this.description \u003d description;","lastModifiedDate":"2023-08-24"},{"lineNumber":9,"author":{"gitId":"leezhengjing"},"content":"        this.isDone \u003d false;","lastModifiedDate":"2023-08-24"},{"lineNumber":10,"author":{"gitId":"leezhengjing"},"content":"    }","lastModifiedDate":"2023-08-24"},{"lineNumber":11,"author":{"gitId":"leezhengjing"},"content":"","lastModifiedDate":"2023-08-24"},{"lineNumber":12,"author":{"gitId":"leezhengjing"},"content":"    public Task(String description, boolean isDone) {","lastModifiedDate":"2023-08-30"},{"lineNumber":13,"author":{"gitId":"leezhengjing"},"content":"        this.description \u003d description;","lastModifiedDate":"2023-08-30"},{"lineNumber":14,"author":{"gitId":"leezhengjing"},"content":"        this.isDone \u003d isDone;","lastModifiedDate":"2023-08-30"},{"lineNumber":15,"author":{"gitId":"leezhengjing"},"content":"    }","lastModifiedDate":"2023-08-30"},{"lineNumber":16,"author":{"gitId":"leezhengjing"},"content":"","lastModifiedDate":"2023-08-30"},{"lineNumber":17,"author":{"gitId":"leezhengjing"},"content":"    public String getStatusIcon() {","lastModifiedDate":"2023-08-24"},{"lineNumber":18,"author":{"gitId":"leezhengjing"},"content":"        return (isDone ? \"X\" : \" \"); // mark done task with X","lastModifiedDate":"2023-08-24"},{"lineNumber":19,"author":{"gitId":"leezhengjing"},"content":"    }","lastModifiedDate":"2023-08-24"},{"lineNumber":20,"author":{"gitId":"leezhengjing"},"content":"","lastModifiedDate":"2023-08-24"},{"lineNumber":21,"author":{"gitId":"leezhengjing"},"content":"    public String getDescription() {","lastModifiedDate":"2023-08-24"},{"lineNumber":22,"author":{"gitId":"leezhengjing"},"content":"        return this.description;","lastModifiedDate":"2023-08-24"},{"lineNumber":23,"author":{"gitId":"leezhengjing"},"content":"    }","lastModifiedDate":"2023-08-24"},{"lineNumber":24,"author":{"gitId":"leezhengjing"},"content":"","lastModifiedDate":"2023-08-24"},{"lineNumber":25,"author":{"gitId":"leezhengjing"},"content":"    public void setDone() {","lastModifiedDate":"2023-08-24"},{"lineNumber":26,"author":{"gitId":"leezhengjing"},"content":"        this.isDone \u003d true;","lastModifiedDate":"2023-08-24"},{"lineNumber":27,"author":{"gitId":"leezhengjing"},"content":"    }","lastModifiedDate":"2023-08-24"},{"lineNumber":28,"author":{"gitId":"leezhengjing"},"content":"","lastModifiedDate":"2023-08-24"},{"lineNumber":29,"author":{"gitId":"leezhengjing"},"content":"    public void setNotDone() {","lastModifiedDate":"2023-08-24"},{"lineNumber":30,"author":{"gitId":"leezhengjing"},"content":"        this.isDone \u003d false;","lastModifiedDate":"2023-08-24"},{"lineNumber":31,"author":{"gitId":"leezhengjing"},"content":"    }","lastModifiedDate":"2023-08-24"},{"lineNumber":32,"author":{"gitId":"leezhengjing"},"content":"    @Override","lastModifiedDate":"2023-08-24"},{"lineNumber":33,"author":{"gitId":"leezhengjing"},"content":"    public String toString() {","lastModifiedDate":"2023-08-24"},{"lineNumber":34,"author":{"gitId":"leezhengjing"},"content":"        return \"[\" + getStatusIcon() + \"] \" + description;","lastModifiedDate":"2023-08-24"},{"lineNumber":35,"author":{"gitId":"leezhengjing"},"content":"    }","lastModifiedDate":"2023-08-24"},{"lineNumber":36,"author":{"gitId":"leezhengjing"},"content":"}","lastModifiedDate":"2023-08-24"}],"authorContributionMap":{"leezhengjing":36}},{"path":"src/main/java/bee/TaskList.java","fileType":"java","lines":[{"lineNumber":1,"author":{"gitId":"leezhengjing"},"content":"package bee;","lastModifiedDate":"2023-08-31"},{"lineNumber":2,"author":{"gitId":"leezhengjing"},"content":"","lastModifiedDate":"2023-08-31"},{"lineNumber":3,"author":{"gitId":"leezhengjing"},"content":"import java.time.LocalDateTime;","lastModifiedDate":"2023-08-31"},{"lineNumber":4,"author":{"gitId":"leezhengjing"},"content":"import java.time.format.DateTimeFormatter;","lastModifiedDate":"2023-08-31"},{"lineNumber":5,"author":{"gitId":"leezhengjing"},"content":"import java.time.format.DateTimeParseException;","lastModifiedDate":"2023-08-31"},{"lineNumber":6,"author":{"gitId":"leezhengjing"},"content":"import java.util.ArrayList;","lastModifiedDate":"2023-08-24"},{"lineNumber":7,"author":{"gitId":"leezhengjing"},"content":"public class TaskList {","lastModifiedDate":"2023-08-24"},{"lineNumber":8,"author":{"gitId":"leezhengjing"},"content":"    private ArrayList\u003cTask\u003e tasks;","lastModifiedDate":"2023-08-24"},{"lineNumber":9,"author":{"gitId":"leezhengjing"},"content":"","lastModifiedDate":"2023-08-24"},{"lineNumber":10,"author":{"gitId":"leezhengjing"},"content":"    public TaskList() {","lastModifiedDate":"2023-08-24"},{"lineNumber":11,"author":{"gitId":"leezhengjing"},"content":"        this.tasks \u003d new ArrayList\u003c\u003e();","lastModifiedDate":"2023-08-24"},{"lineNumber":12,"author":{"gitId":"leezhengjing"},"content":"    }","lastModifiedDate":"2023-08-24"},{"lineNumber":13,"author":{"gitId":"leezhengjing"},"content":"","lastModifiedDate":"2023-08-24"},{"lineNumber":14,"author":{"gitId":"leezhengjing"},"content":"    public TaskList(ArrayList\u003cTask\u003e tasks) {","lastModifiedDate":"2023-08-31"},{"lineNumber":15,"author":{"gitId":"leezhengjing"},"content":"        this.tasks \u003d tasks;","lastModifiedDate":"2023-08-31"},{"lineNumber":16,"author":{"gitId":"leezhengjing"},"content":"    }","lastModifiedDate":"2023-08-31"},{"lineNumber":17,"author":{"gitId":"leezhengjing"},"content":"","lastModifiedDate":"2023-08-31"},{"lineNumber":18,"author":{"gitId":"leezhengjing"},"content":"    public void quietlyAddTask(Task task) {","lastModifiedDate":"2023-08-30"},{"lineNumber":19,"author":{"gitId":"leezhengjing"},"content":"        this.tasks.add(task);","lastModifiedDate":"2023-08-30"},{"lineNumber":20,"author":{"gitId":"leezhengjing"},"content":"    }","lastModifiedDate":"2023-08-30"},{"lineNumber":21,"author":{"gitId":"leezhengjing"},"content":"","lastModifiedDate":"2023-08-30"},{"lineNumber":22,"author":{"gitId":"leezhengjing"},"content":"    public void addTask(Task task) {","lastModifiedDate":"2023-08-24"},{"lineNumber":23,"author":{"gitId":"leezhengjing"},"content":"        this.tasks.add(task);","lastModifiedDate":"2023-08-24"},{"lineNumber":24,"author":{"gitId":"leezhengjing"},"content":"        System.out.println(\"Got it. I\u0027ve added this task: ~Bzzz~\");","lastModifiedDate":"2023-08-24"},{"lineNumber":25,"author":{"gitId":"leezhengjing"},"content":"        System.out.println(\"\\t\" + task.toString());","lastModifiedDate":"2023-08-24"},{"lineNumber":26,"author":{"gitId":"leezhengjing"},"content":"        System.out.println(\"Now you have \" + this.tasks.size() + \" tasks in the list. ~Bzzz~\");","lastModifiedDate":"2023-08-24"},{"lineNumber":27,"author":{"gitId":"leezhengjing"},"content":"    }","lastModifiedDate":"2023-08-24"},{"lineNumber":28,"author":{"gitId":"leezhengjing"},"content":"","lastModifiedDate":"2023-08-24"},{"lineNumber":29,"author":{"gitId":"leezhengjing"},"content":"    public void listAllTasks() {","lastModifiedDate":"2023-08-24"},{"lineNumber":30,"author":{"gitId":"leezhengjing"},"content":"        System.out.println(\"Here are the tasks in your list: ~Bzzz~\");","lastModifiedDate":"2023-08-24"},{"lineNumber":31,"author":{"gitId":"leezhengjing"},"content":"        for (int i \u003d 0; i \u003c this.tasks.size() ; i++) {","lastModifiedDate":"2023-08-24"},{"lineNumber":32,"author":{"gitId":"leezhengjing"},"content":"            System.out.println((i + 1) + \". \" + this.tasks.get(i).toString());","lastModifiedDate":"2023-08-24"},{"lineNumber":33,"author":{"gitId":"leezhengjing"},"content":"        }","lastModifiedDate":"2023-08-24"},{"lineNumber":34,"author":{"gitId":"leezhengjing"},"content":"    }","lastModifiedDate":"2023-08-24"},{"lineNumber":35,"author":{"gitId":"leezhengjing"},"content":"","lastModifiedDate":"2023-08-24"},{"lineNumber":36,"author":{"gitId":"leezhengjing"},"content":"    public ArrayList\u003cTask\u003e getTasks() {","lastModifiedDate":"2023-08-30"},{"lineNumber":37,"author":{"gitId":"leezhengjing"},"content":"        return tasks;","lastModifiedDate":"2023-08-30"},{"lineNumber":38,"author":{"gitId":"leezhengjing"},"content":"    }","lastModifiedDate":"2023-08-30"},{"lineNumber":39,"author":{"gitId":"leezhengjing"},"content":"","lastModifiedDate":"2023-08-30"},{"lineNumber":40,"author":{"gitId":"leezhengjing"},"content":"    public void setTaskDone(int taskIndex) throws BeeException {","lastModifiedDate":"2023-08-24"},{"lineNumber":41,"author":{"gitId":"leezhengjing"},"content":"        if (taskIndex \u003e this.tasks.size() || taskIndex \u003c 1) {","lastModifiedDate":"2023-08-24"},{"lineNumber":42,"author":{"gitId":"leezhengjing"},"content":"            throw new BeeException(\"OOPS!! Please enter a valid task number.\");","lastModifiedDate":"2023-08-24"},{"lineNumber":43,"author":{"gitId":"leezhengjing"},"content":"        }","lastModifiedDate":"2023-08-24"},{"lineNumber":44,"author":{"gitId":"leezhengjing"},"content":"        this.tasks.get(taskIndex - 1).setDone();","lastModifiedDate":"2023-08-24"},{"lineNumber":45,"author":{"gitId":"leezhengjing"},"content":"        System.out.println(\"Nice! I\u0027ve marked task \" + taskIndex +  \" as done: ~Bzzz~\");","lastModifiedDate":"2023-08-24"},{"lineNumber":46,"author":{"gitId":"leezhengjing"},"content":"        System.out.println(this.tasks.get(taskIndex - 1).toString());","lastModifiedDate":"2023-08-24"},{"lineNumber":47,"author":{"gitId":"leezhengjing"},"content":"    }","lastModifiedDate":"2023-08-24"},{"lineNumber":48,"author":{"gitId":"leezhengjing"},"content":"","lastModifiedDate":"2023-08-24"},{"lineNumber":49,"author":{"gitId":"leezhengjing"},"content":"    public void setTaskNotDone(int taskIndex) throws BeeException {","lastModifiedDate":"2023-08-24"},{"lineNumber":50,"author":{"gitId":"leezhengjing"},"content":"        if (taskIndex \u003e this.tasks.size() || taskIndex \u003c 1) {","lastModifiedDate":"2023-08-24"},{"lineNumber":51,"author":{"gitId":"leezhengjing"},"content":"            throw new BeeException(\"OOPS!! Please enter a valid task number.\");","lastModifiedDate":"2023-08-24"},{"lineNumber":52,"author":{"gitId":"leezhengjing"},"content":"        }","lastModifiedDate":"2023-08-24"},{"lineNumber":53,"author":{"gitId":"leezhengjing"},"content":"        this.tasks.get(taskIndex - 1).setNotDone();","lastModifiedDate":"2023-08-24"},{"lineNumber":54,"author":{"gitId":"leezhengjing"},"content":"        System.out.println(\"OK, I\u0027ve marked task \" + taskIndex +  \" as not done yet: ~Bzzzz\");","lastModifiedDate":"2023-08-24"},{"lineNumber":55,"author":{"gitId":"leezhengjing"},"content":"        System.out.println(this.tasks.get(taskIndex - 1).toString());","lastModifiedDate":"2023-08-24"},{"lineNumber":56,"author":{"gitId":"leezhengjing"},"content":"    }","lastModifiedDate":"2023-08-24"},{"lineNumber":57,"author":{"gitId":"leezhengjing"},"content":"","lastModifiedDate":"2023-08-24"},{"lineNumber":58,"author":{"gitId":"leezhengjing"},"content":"    public void deleteTask(int taskIndex) throws BeeException {","lastModifiedDate":"2023-08-24"},{"lineNumber":59,"author":{"gitId":"leezhengjing"},"content":"        if (taskIndex \u003e tasks.size() || taskIndex \u003c 1) {","lastModifiedDate":"2023-08-24"},{"lineNumber":60,"author":{"gitId":"leezhengjing"},"content":"            throw new BeeException(\"OOPS!! Please enter a valid task number.\");","lastModifiedDate":"2023-08-24"},{"lineNumber":61,"author":{"gitId":"leezhengjing"},"content":"        }","lastModifiedDate":"2023-08-24"},{"lineNumber":62,"author":{"gitId":"leezhengjing"},"content":"        Task deletedTask \u003d this.tasks.get(taskIndex - 1);","lastModifiedDate":"2023-08-24"},{"lineNumber":63,"author":{"gitId":"leezhengjing"},"content":"        this.tasks.remove(taskIndex - 1);","lastModifiedDate":"2023-08-24"},{"lineNumber":64,"author":{"gitId":"leezhengjing"},"content":"        System.out.println(\"Okies~. I\u0027ve removed this task:\");","lastModifiedDate":"2023-08-24"},{"lineNumber":65,"author":{"gitId":"leezhengjing"},"content":"        System.out.println(deletedTask.toString());","lastModifiedDate":"2023-08-24"},{"lineNumber":66,"author":{"gitId":"leezhengjing"},"content":"        System.out.println(\"Now you have \" + this.tasks.size() + \" tasks in the list.\");","lastModifiedDate":"2023-08-24"},{"lineNumber":67,"author":{"gitId":"leezhengjing"},"content":"    }","lastModifiedDate":"2023-08-24"},{"lineNumber":68,"author":{"gitId":"leezhengjing"},"content":"","lastModifiedDate":"2023-08-24"},{"lineNumber":69,"author":{"gitId":"leezhengjing"},"content":"    public void createTask(Parser.TaskClass task, String userInput) throws BeeException {","lastModifiedDate":"2023-08-31"},{"lineNumber":70,"author":{"gitId":"leezhengjing"},"content":"        switch (task) {","lastModifiedDate":"2023-08-31"},{"lineNumber":71,"author":{"gitId":"leezhengjing"},"content":"            case TODO:","lastModifiedDate":"2023-08-31"},{"lineNumber":72,"author":{"gitId":"leezhengjing"},"content":"                try {","lastModifiedDate":"2023-08-31"},{"lineNumber":73,"author":{"gitId":"leezhengjing"},"content":"                    String editedInput \u003d userInput.substring(5);","lastModifiedDate":"2023-08-31"},{"lineNumber":74,"author":{"gitId":"leezhengjing"},"content":"                    if (editedInput.isEmpty()) {","lastModifiedDate":"2023-08-31"},{"lineNumber":75,"author":{"gitId":"leezhengjing"},"content":"                        throw new BeeException(\"OOPS!! The description of a todo cannot be empty.\");","lastModifiedDate":"2023-08-31"},{"lineNumber":76,"author":{"gitId":"leezhengjing"},"content":"                    }","lastModifiedDate":"2023-08-31"},{"lineNumber":77,"author":{"gitId":"leezhengjing"},"content":"                    Todo todo \u003d new Todo(editedInput);","lastModifiedDate":"2023-08-31"},{"lineNumber":78,"author":{"gitId":"leezhengjing"},"content":"                    this.addTask(todo);","lastModifiedDate":"2023-08-31"},{"lineNumber":79,"author":{"gitId":"leezhengjing"},"content":"                } catch (StringIndexOutOfBoundsException e) {","lastModifiedDate":"2023-08-31"},{"lineNumber":80,"author":{"gitId":"leezhengjing"},"content":"                    throw new BeeException(\"OOPS!! The description of a todo cannot be empty.\");","lastModifiedDate":"2023-08-31"},{"lineNumber":81,"author":{"gitId":"leezhengjing"},"content":"                }","lastModifiedDate":"2023-08-31"},{"lineNumber":82,"author":{"gitId":"leezhengjing"},"content":"                break;","lastModifiedDate":"2023-08-31"},{"lineNumber":83,"author":{"gitId":"leezhengjing"},"content":"            case DEADLINE:","lastModifiedDate":"2023-08-31"},{"lineNumber":84,"author":{"gitId":"leezhengjing"},"content":"                try {","lastModifiedDate":"2023-08-31"},{"lineNumber":85,"author":{"gitId":"leezhengjing"},"content":"                    String editedInput \u003d userInput.substring(9);","lastModifiedDate":"2023-08-31"},{"lineNumber":86,"author":{"gitId":"leezhengjing"},"content":"                    if (editedInput.isEmpty()) {","lastModifiedDate":"2023-08-31"},{"lineNumber":87,"author":{"gitId":"leezhengjing"},"content":"                        throw new BeeException(\"OOPS!! The description of a deadline cannot be empty.\");","lastModifiedDate":"2023-08-31"},{"lineNumber":88,"author":{"gitId":"leezhengjing"},"content":"                    }","lastModifiedDate":"2023-08-31"},{"lineNumber":89,"author":{"gitId":"leezhengjing"},"content":"                    String[] splitEditedInput \u003d editedInput.split(\" /by \");","lastModifiedDate":"2023-08-31"},{"lineNumber":90,"author":{"gitId":"leezhengjing"},"content":"                    String deadlineDescription \u003d splitEditedInput[0];","lastModifiedDate":"2023-08-31"},{"lineNumber":91,"author":{"gitId":"leezhengjing"},"content":"                    String deadlineDateString \u003d splitEditedInput[1];","lastModifiedDate":"2023-08-31"},{"lineNumber":92,"author":{"gitId":"leezhengjing"},"content":"","lastModifiedDate":"2023-08-31"},{"lineNumber":93,"author":{"gitId":"leezhengjing"},"content":"                    DateTimeFormatter formatter \u003d DateTimeFormatter.ofPattern(\"yyyy-MM-dd HHmm\");","lastModifiedDate":"2023-08-31"},{"lineNumber":94,"author":{"gitId":"leezhengjing"},"content":"                    LocalDateTime deadlineDate \u003d LocalDateTime.parse(deadlineDateString, formatter);","lastModifiedDate":"2023-08-31"},{"lineNumber":95,"author":{"gitId":"leezhengjing"},"content":"","lastModifiedDate":"2023-08-31"},{"lineNumber":96,"author":{"gitId":"leezhengjing"},"content":"                    Deadline deadlineTask \u003d new Deadline(deadlineDescription, deadlineDate);","lastModifiedDate":"2023-08-31"},{"lineNumber":97,"author":{"gitId":"leezhengjing"},"content":"                    this.addTask(deadlineTask);","lastModifiedDate":"2023-08-31"},{"lineNumber":98,"author":{"gitId":"leezhengjing"},"content":"                } catch (DateTimeParseException e) {","lastModifiedDate":"2023-08-31"},{"lineNumber":99,"author":{"gitId":"leezhengjing"},"content":"                    throw new BeeException(\"OOPS!! Invalid deadline date format. Please use yyyy-MM-dd HHmm\");","lastModifiedDate":"2023-08-31"},{"lineNumber":100,"author":{"gitId":"leezhengjing"},"content":"                }","lastModifiedDate":"2023-08-31"},{"lineNumber":101,"author":{"gitId":"leezhengjing"},"content":"                catch (StringIndexOutOfBoundsException e) {","lastModifiedDate":"2023-08-31"},{"lineNumber":102,"author":{"gitId":"leezhengjing"},"content":"                    throw new BeeException(\"OOPS!! The description of a deadline cannot be empty.\");","lastModifiedDate":"2023-08-31"},{"lineNumber":103,"author":{"gitId":"leezhengjing"},"content":"                } catch (ArrayIndexOutOfBoundsException e) {","lastModifiedDate":"2023-08-31"},{"lineNumber":104,"author":{"gitId":"leezhengjing"},"content":"                    throw new BeeException(\"OOPS!! The date of the deadline cannot be empty.\");","lastModifiedDate":"2023-08-31"},{"lineNumber":105,"author":{"gitId":"leezhengjing"},"content":"                }","lastModifiedDate":"2023-08-31"},{"lineNumber":106,"author":{"gitId":"leezhengjing"},"content":"                break;","lastModifiedDate":"2023-08-31"},{"lineNumber":107,"author":{"gitId":"leezhengjing"},"content":"            case EVENT:","lastModifiedDate":"2023-08-31"},{"lineNumber":108,"author":{"gitId":"leezhengjing"},"content":"                try {","lastModifiedDate":"2023-08-31"},{"lineNumber":109,"author":{"gitId":"leezhengjing"},"content":"                    String editedInput \u003d userInput.substring(6);","lastModifiedDate":"2023-08-31"},{"lineNumber":110,"author":{"gitId":"leezhengjing"},"content":"                    if (editedInput.isEmpty()) {","lastModifiedDate":"2023-08-31"},{"lineNumber":111,"author":{"gitId":"leezhengjing"},"content":"                        throw new BeeException(\"OOPS!! The description of an event cannot be empty.\");","lastModifiedDate":"2023-08-31"},{"lineNumber":112,"author":{"gitId":"leezhengjing"},"content":"                    }","lastModifiedDate":"2023-08-31"},{"lineNumber":113,"author":{"gitId":"leezhengjing"},"content":"                    String[] splitEditedInput \u003d editedInput.split(\" /from \");","lastModifiedDate":"2023-08-31"},{"lineNumber":114,"author":{"gitId":"leezhengjing"},"content":"                    String[] splitEditedInput2 \u003d splitEditedInput[1].split(\" /to \");","lastModifiedDate":"2023-08-31"},{"lineNumber":115,"author":{"gitId":"leezhengjing"},"content":"                    String eventDescription \u003d splitEditedInput[0];","lastModifiedDate":"2023-08-31"},{"lineNumber":116,"author":{"gitId":"leezhengjing"},"content":"                    String eventStartDate \u003d splitEditedInput2[0];","lastModifiedDate":"2023-08-31"},{"lineNumber":117,"author":{"gitId":"leezhengjing"},"content":"                    String eventEndDate \u003d splitEditedInput2[1];","lastModifiedDate":"2023-08-31"},{"lineNumber":118,"author":{"gitId":"leezhengjing"},"content":"                    Event event \u003d new Event(eventDescription, eventStartDate, eventEndDate);","lastModifiedDate":"2023-08-31"},{"lineNumber":119,"author":{"gitId":"leezhengjing"},"content":"                    this.addTask(event);","lastModifiedDate":"2023-08-31"},{"lineNumber":120,"author":{"gitId":"leezhengjing"},"content":"                } catch (StringIndexOutOfBoundsException e) {","lastModifiedDate":"2023-08-31"},{"lineNumber":121,"author":{"gitId":"leezhengjing"},"content":"                    throw new BeeException(\"OOPS!! The description of an event cannot be empty.\");","lastModifiedDate":"2023-08-31"},{"lineNumber":122,"author":{"gitId":"leezhengjing"},"content":"                } catch (ArrayIndexOutOfBoundsException e) {","lastModifiedDate":"2023-08-31"},{"lineNumber":123,"author":{"gitId":"leezhengjing"},"content":"                    throw new BeeException(\"OOPS!! The date of an event cannot be empty.\");","lastModifiedDate":"2023-08-31"},{"lineNumber":124,"author":{"gitId":"leezhengjing"},"content":"                }","lastModifiedDate":"2023-08-31"},{"lineNumber":125,"author":{"gitId":"leezhengjing"},"content":"                break;","lastModifiedDate":"2023-08-31"},{"lineNumber":126,"author":{"gitId":"leezhengjing"},"content":"","lastModifiedDate":"2023-08-31"},{"lineNumber":127,"author":{"gitId":"leezhengjing"},"content":"            default:","lastModifiedDate":"2023-08-31"},{"lineNumber":128,"author":{"gitId":"leezhengjing"},"content":"                this.addTask(new Task(userInput));","lastModifiedDate":"2023-08-31"},{"lineNumber":129,"author":{"gitId":"leezhengjing"},"content":"        }","lastModifiedDate":"2023-08-31"},{"lineNumber":130,"author":{"gitId":"leezhengjing"},"content":"    }","lastModifiedDate":"2023-08-31"},{"lineNumber":131,"author":{"gitId":"leezhengjing"},"content":"    public void updateTask(Parser.TaskAction action, String userInput) throws BeeException {","lastModifiedDate":"2023-08-31"},{"lineNumber":132,"author":{"gitId":"leezhengjing"},"content":"        String[] splitInput \u003d userInput.split(\" \");","lastModifiedDate":"2023-08-31"},{"lineNumber":133,"author":{"gitId":"leezhengjing"},"content":"        switch (action) {","lastModifiedDate":"2023-08-31"},{"lineNumber":134,"author":{"gitId":"leezhengjing"},"content":"            case MARK:","lastModifiedDate":"2023-08-31"},{"lineNumber":135,"author":{"gitId":"leezhengjing"},"content":"                try {","lastModifiedDate":"2023-08-31"},{"lineNumber":136,"author":{"gitId":"leezhengjing"},"content":"                    int taskIndex \u003d Integer.parseInt(splitInput[1]);","lastModifiedDate":"2023-08-31"},{"lineNumber":137,"author":{"gitId":"leezhengjing"},"content":"                    this.setTaskDone(taskIndex);","lastModifiedDate":"2023-08-31"},{"lineNumber":138,"author":{"gitId":"leezhengjing"},"content":"                } catch (ArrayIndexOutOfBoundsException e) {","lastModifiedDate":"2023-08-31"},{"lineNumber":139,"author":{"gitId":"leezhengjing"},"content":"                    throw new BeeException(\"OOPS!! The task number cannot be empty.\");","lastModifiedDate":"2023-08-31"},{"lineNumber":140,"author":{"gitId":"leezhengjing"},"content":"                } catch (NumberFormatException e) {","lastModifiedDate":"2023-08-31"},{"lineNumber":141,"author":{"gitId":"leezhengjing"},"content":"                    throw new BeeException(\"OOPS!! You must have entered an invalid task number.\");","lastModifiedDate":"2023-08-31"},{"lineNumber":142,"author":{"gitId":"leezhengjing"},"content":"                }","lastModifiedDate":"2023-08-31"},{"lineNumber":143,"author":{"gitId":"leezhengjing"},"content":"                break;","lastModifiedDate":"2023-08-31"},{"lineNumber":144,"author":{"gitId":"leezhengjing"},"content":"            case UNMARK:","lastModifiedDate":"2023-08-31"},{"lineNumber":145,"author":{"gitId":"leezhengjing"},"content":"                try {","lastModifiedDate":"2023-08-31"},{"lineNumber":146,"author":{"gitId":"leezhengjing"},"content":"                    int taskIndex \u003d Integer.parseInt(splitInput[1]);","lastModifiedDate":"2023-08-31"},{"lineNumber":147,"author":{"gitId":"leezhengjing"},"content":"                    this.setTaskNotDone(taskIndex);","lastModifiedDate":"2023-08-31"},{"lineNumber":148,"author":{"gitId":"leezhengjing"},"content":"                } catch (ArrayIndexOutOfBoundsException e) {","lastModifiedDate":"2023-08-31"},{"lineNumber":149,"author":{"gitId":"leezhengjing"},"content":"                    throw new BeeException(\"OOPS!! The task number cannot be empty.\");","lastModifiedDate":"2023-08-31"},{"lineNumber":150,"author":{"gitId":"leezhengjing"},"content":"                } catch (NumberFormatException e) {","lastModifiedDate":"2023-08-31"},{"lineNumber":151,"author":{"gitId":"leezhengjing"},"content":"                    throw new BeeException(\"OOPSS!! You must have entered an invalid task number.\");","lastModifiedDate":"2023-08-31"},{"lineNumber":152,"author":{"gitId":"leezhengjing"},"content":"                }","lastModifiedDate":"2023-08-31"},{"lineNumber":153,"author":{"gitId":"leezhengjing"},"content":"                break;","lastModifiedDate":"2023-08-31"},{"lineNumber":154,"author":{"gitId":"leezhengjing"},"content":"            case DELETE:","lastModifiedDate":"2023-08-31"},{"lineNumber":155,"author":{"gitId":"leezhengjing"},"content":"                try {","lastModifiedDate":"2023-08-31"},{"lineNumber":156,"author":{"gitId":"leezhengjing"},"content":"                    int taskIndex \u003d Integer.parseInt(splitInput[1]);","lastModifiedDate":"2023-08-31"},{"lineNumber":157,"author":{"gitId":"leezhengjing"},"content":"                    this.deleteTask(taskIndex);","lastModifiedDate":"2023-08-31"},{"lineNumber":158,"author":{"gitId":"leezhengjing"},"content":"                } catch (ArrayIndexOutOfBoundsException e) {","lastModifiedDate":"2023-08-31"},{"lineNumber":159,"author":{"gitId":"leezhengjing"},"content":"                    throw new BeeException(\"OOPSS!! Please enter a task number\");","lastModifiedDate":"2023-08-31"},{"lineNumber":160,"author":{"gitId":"leezhengjing"},"content":"                } catch (NumberFormatException e) {","lastModifiedDate":"2023-08-31"},{"lineNumber":161,"author":{"gitId":"leezhengjing"},"content":"                    throw new BeeException(\"OOPSS!! You must have entered an invalid task number.\");","lastModifiedDate":"2023-08-31"},{"lineNumber":162,"author":{"gitId":"leezhengjing"},"content":"                }","lastModifiedDate":"2023-08-31"},{"lineNumber":163,"author":{"gitId":"leezhengjing"},"content":"                break;","lastModifiedDate":"2023-08-31"},{"lineNumber":164,"author":{"gitId":"leezhengjing"},"content":"            default:","lastModifiedDate":"2023-08-31"},{"lineNumber":165,"author":{"gitId":"leezhengjing"},"content":"                throw new BeeException(\"OOPSS!! I can\u0027t do that!!!\");","lastModifiedDate":"2023-08-31"},{"lineNumber":166,"author":{"gitId":"leezhengjing"},"content":"        }","lastModifiedDate":"2023-08-31"},{"lineNumber":167,"author":{"gitId":"leezhengjing"},"content":"    }","lastModifiedDate":"2023-08-31"},{"lineNumber":168,"author":{"gitId":"leezhengjing"},"content":"}","lastModifiedDate":"2023-08-24"}],"authorContributionMap":{"leezhengjing":168}},{"path":"src/main/java/bee/Todo.java","fileType":"java","lines":[{"lineNumber":1,"author":{"gitId":"leezhengjing"},"content":"package bee;","lastModifiedDate":"2023-08-31"},{"lineNumber":2,"author":{"gitId":"leezhengjing"},"content":"","lastModifiedDate":"2023-08-31"},{"lineNumber":3,"author":{"gitId":"leezhengjing"},"content":"public class Todo extends Task{","lastModifiedDate":"2023-08-24"},{"lineNumber":4,"author":{"gitId":"leezhengjing"},"content":"    public Todo(String description) {","lastModifiedDate":"2023-08-24"},{"lineNumber":5,"author":{"gitId":"leezhengjing"},"content":"        super(description);","lastModifiedDate":"2023-08-24"},{"lineNumber":6,"author":{"gitId":"leezhengjing"},"content":"    }","lastModifiedDate":"2023-08-24"},{"lineNumber":7,"author":{"gitId":"leezhengjing"},"content":"","lastModifiedDate":"2023-08-24"},{"lineNumber":8,"author":{"gitId":"leezhengjing"},"content":"    public Todo(String description, Boolean isDone) { super(description, isDone); }","lastModifiedDate":"2023-08-30"},{"lineNumber":9,"author":{"gitId":"leezhengjing"},"content":"","lastModifiedDate":"2023-08-30"},{"lineNumber":10,"author":{"gitId":"leezhengjing"},"content":"    @Override","lastModifiedDate":"2023-08-24"},{"lineNumber":11,"author":{"gitId":"leezhengjing"},"content":"    public String toString() {","lastModifiedDate":"2023-08-24"},{"lineNumber":12,"author":{"gitId":"leezhengjing"},"content":"        return \"[T]\" + super.toString();","lastModifiedDate":"2023-08-24"},{"lineNumber":13,"author":{"gitId":"leezhengjing"},"content":"    }","lastModifiedDate":"2023-08-24"},{"lineNumber":14,"author":{"gitId":"leezhengjing"},"content":"}","lastModifiedDate":"2023-08-24"}],"authorContributionMap":{"leezhengjing":14}},{"path":"src/main/java/bee/Ui.java","fileType":"java","lines":[{"lineNumber":1,"author":{"gitId":"leezhengjing"},"content":"package bee;","lastModifiedDate":"2023-08-31"},{"lineNumber":2,"author":{"gitId":"leezhengjing"},"content":"","lastModifiedDate":"2023-08-31"},{"lineNumber":3,"author":{"gitId":"leezhengjing"},"content":"public class Ui {","lastModifiedDate":"2023-08-31"},{"lineNumber":4,"author":{"gitId":"leezhengjing"},"content":"    public void greet() {","lastModifiedDate":"2023-08-31"},{"lineNumber":5,"author":{"gitId":"leezhengjing"},"content":"        String logo \u003d \"\\n\" +","lastModifiedDate":"2023-08-31"},{"lineNumber":6,"author":{"gitId":"leezhengjing"},"content":"                \"__________\\n\" +","lastModifiedDate":"2023-08-31"},{"lineNumber":7,"author":{"gitId":"leezhengjing"},"content":"                \"\\\\______   \\\\ ____   ____\\n\" +","lastModifiedDate":"2023-08-31"},{"lineNumber":8,"author":{"gitId":"leezhengjing"},"content":"                \" |    |  _// __ \\\\_/ __ \\\\\\n\" +","lastModifiedDate":"2023-08-31"},{"lineNumber":9,"author":{"gitId":"leezhengjing"},"content":"                \" |    |   \\\\  ___/\\\\  ___/\\n\" +","lastModifiedDate":"2023-08-31"},{"lineNumber":10,"author":{"gitId":"leezhengjing"},"content":"                \" |______  /\\\\___  \u003e\\\\___  \u003e\\n\" +","lastModifiedDate":"2023-08-31"},{"lineNumber":11,"author":{"gitId":"leezhengjing"},"content":"                \"        \\\\/     \\\\/     \\\\/\\n\";","lastModifiedDate":"2023-08-31"},{"lineNumber":12,"author":{"gitId":"leezhengjing"},"content":"        System.out.println(\"Hello! I\u0027m\" + logo);","lastModifiedDate":"2023-08-31"},{"lineNumber":13,"author":{"gitId":"leezhengjing"},"content":"        System.out.println(\"~Bzzzz~ What may I assist you with today? ~Bzzzz~\\n\");","lastModifiedDate":"2023-08-31"},{"lineNumber":14,"author":{"gitId":"leezhengjing"},"content":"    }","lastModifiedDate":"2023-08-31"},{"lineNumber":15,"author":{"gitId":"leezhengjing"},"content":"","lastModifiedDate":"2023-08-31"},{"lineNumber":16,"author":{"gitId":"leezhengjing"},"content":"    public void showLoadingError() {","lastModifiedDate":"2023-08-31"},{"lineNumber":17,"author":{"gitId":"leezhengjing"},"content":"        System.out.println(\"~Bzzzz~ Oh no! We failed to load the tasks\\n\");","lastModifiedDate":"2023-08-31"},{"lineNumber":18,"author":{"gitId":"leezhengjing"},"content":"    }","lastModifiedDate":"2023-08-31"},{"lineNumber":19,"author":{"gitId":"leezhengjing"},"content":"","lastModifiedDate":"2023-08-31"},{"lineNumber":20,"author":{"gitId":"leezhengjing"},"content":"    public void farewell() {","lastModifiedDate":"2023-08-31"},{"lineNumber":21,"author":{"gitId":"leezhengjing"},"content":"        System.out.println(\"Bye-bye! Have a great day! ~Bzzz~\");","lastModifiedDate":"2023-08-31"},{"lineNumber":22,"author":{"gitId":"leezhengjing"},"content":"    }","lastModifiedDate":"2023-08-31"},{"lineNumber":23,"author":{"gitId":"leezhengjing"},"content":"}","lastModifiedDate":"2023-08-31"}],"authorContributionMap":{"leezhengjing":23}},{"path":"text-ui-test/input.txt","fileType":"txt","lines":[{"lineNumber":1,"author":{"gitId":"leezhengjing"},"content":"todo borrow books","lastModifiedDate":"2023-08-24"},{"lineNumber":2,"author":{"gitId":"leezhengjing"},"content":"deadline return books /by June 6th","lastModifiedDate":"2023-08-24"},{"lineNumber":3,"author":{"gitId":"leezhengjing"},"content":"event project meeting /from Aug 6th 2pm /to 4pm","lastModifiedDate":"2023-08-24"},{"lineNumber":4,"author":{"gitId":"leezhengjing"},"content":"todo join sports club","lastModifiedDate":"2023-08-24"},{"lineNumber":5,"author":{"gitId":"leezhengjing"},"content":"todo borrow book","lastModifiedDate":"2023-08-24"},{"lineNumber":6,"author":{"gitId":"leezhengjing"},"content":"list","lastModifiedDate":"2023-08-24"},{"lineNumber":7,"author":{"gitId":"leezhengjing"},"content":"mark 1","lastModifiedDate":"2023-08-24"},{"lineNumber":8,"author":{"gitId":"leezhengjing"},"content":"list","lastModifiedDate":"2023-08-24"},{"lineNumber":9,"author":{"gitId":"leezhengjing"},"content":"mark 4","lastModifiedDate":"2023-08-24"},{"lineNumber":10,"author":{"gitId":"leezhengjing"},"content":"list","lastModifiedDate":"2023-08-24"},{"lineNumber":11,"author":{"gitId":"leezhengjing"},"content":"bye","lastModifiedDate":"2023-08-24"}],"authorContributionMap":{"leezhengjing":11}},{"path":"text-ui-test/runtest.bat","fileType":"bat","lines":[{"lineNumber":1,"author":{"gitId":"-"},"content":"@ECHO OFF","lastModifiedDate":"2020-05-25"},{"lineNumber":2,"author":{"gitId":"-"},"content":"","lastModifiedDate":"2020-05-25"},{"lineNumber":3,"author":{"gitId":"-"},"content":"REM create bin directory if it doesn\u0027t exist","lastModifiedDate":"2020-05-25"},{"lineNumber":4,"author":{"gitId":"-"},"content":"if not exist ..\\bin mkdir ..\\bin","lastModifiedDate":"2020-05-25"},{"lineNumber":5,"author":{"gitId":"-"},"content":"","lastModifiedDate":"2020-05-25"},{"lineNumber":6,"author":{"gitId":"-"},"content":"REM delete output from previous run","lastModifiedDate":"2020-05-25"},{"lineNumber":7,"author":{"gitId":"-"},"content":"if exist ACTUAL.TXT del ACTUAL.TXT","lastModifiedDate":"2020-08-25"},{"lineNumber":8,"author":{"gitId":"-"},"content":"","lastModifiedDate":"2020-05-25"},{"lineNumber":9,"author":{"gitId":"-"},"content":"REM compile the code into the bin folder","lastModifiedDate":"2020-05-25"},{"lineNumber":10,"author":{"gitId":"-"},"content":"javac  -cp ..\\src\\main\\java -Xlint:none -d ..\\bin ..\\src\\main\\java\\*.java","lastModifiedDate":"2020-08-25"},{"lineNumber":11,"author":{"gitId":"-"},"content":"IF ERRORLEVEL 1 (","lastModifiedDate":"2020-05-25"},{"lineNumber":12,"author":{"gitId":"-"},"content":"    echo ********** BUILD FAILURE **********","lastModifiedDate":"2020-05-25"},{"lineNumber":13,"author":{"gitId":"-"},"content":"    exit /b 1","lastModifiedDate":"2020-05-25"},{"lineNumber":14,"author":{"gitId":"-"},"content":")","lastModifiedDate":"2020-05-25"},{"lineNumber":15,"author":{"gitId":"-"},"content":"REM no error here, errorlevel \u003d\u003d 0","lastModifiedDate":"2020-05-25"},{"lineNumber":16,"author":{"gitId":"-"},"content":"","lastModifiedDate":"2020-05-25"},{"lineNumber":17,"author":{"gitId":"-"},"content":"REM run the program, feed commands from input.txt file and redirect the output to the ACTUAL.TXT","lastModifiedDate":"2020-05-25"},{"lineNumber":18,"author":{"gitId":"leezhengjing"},"content":"java -classpath ..\\bin bee.Bee \u003c input.txt \u003e ACTUAL.TXT","lastModifiedDate":"2023-08-31"},{"lineNumber":19,"author":{"gitId":"-"},"content":"","lastModifiedDate":"2020-05-25"},{"lineNumber":20,"author":{"gitId":"-"},"content":"REM compare the output to the expected output","lastModifiedDate":"2020-05-25"},{"lineNumber":21,"author":{"gitId":"-"},"content":"FC ACTUAL.TXT EXPECTED.TXT","lastModifiedDate":"2020-05-25"}],"authorContributionMap":{"leezhengjing":1,"-":20}},{"path":"text-ui-test/runtest.sh","fileType":"sh","lines":[{"lineNumber":1,"author":{"gitId":"-"},"content":"#!/usr/bin/env bash","lastModifiedDate":"2020-05-25"},{"lineNumber":2,"author":{"gitId":"-"},"content":"","lastModifiedDate":"2020-05-25"},{"lineNumber":3,"author":{"gitId":"-"},"content":"# create bin directory if it doesn\u0027t exist","lastModifiedDate":"2020-05-25"},{"lineNumber":4,"author":{"gitId":"-"},"content":"if [ ! -d \"../bin\" ]","lastModifiedDate":"2020-05-25"},{"lineNumber":5,"author":{"gitId":"-"},"content":"then","lastModifiedDate":"2020-05-25"},{"lineNumber":6,"author":{"gitId":"-"},"content":"    mkdir ../bin","lastModifiedDate":"2020-05-25"},{"lineNumber":7,"author":{"gitId":"-"},"content":"fi","lastModifiedDate":"2020-05-25"},{"lineNumber":8,"author":{"gitId":"-"},"content":"","lastModifiedDate":"2020-05-25"},{"lineNumber":9,"author":{"gitId":"-"},"content":"# delete output from previous run","lastModifiedDate":"2020-05-25"},{"lineNumber":10,"author":{"gitId":"-"},"content":"if [ -e \"./ACTUAL.TXT\" ]","lastModifiedDate":"2020-05-25"},{"lineNumber":11,"author":{"gitId":"-"},"content":"then","lastModifiedDate":"2020-05-25"},{"lineNumber":12,"author":{"gitId":"-"},"content":"    rm ACTUAL.TXT","lastModifiedDate":"2020-05-25"},{"lineNumber":13,"author":{"gitId":"-"},"content":"fi","lastModifiedDate":"2020-05-25"},{"lineNumber":14,"author":{"gitId":"-"},"content":"","lastModifiedDate":"2020-05-25"},{"lineNumber":15,"author":{"gitId":"-"},"content":"# compile the code into the bin folder, terminates if error occurred","lastModifiedDate":"2020-05-25"},{"lineNumber":16,"author":{"gitId":"-"},"content":"if ! javac -cp ../src/main/java -Xlint:none -d ../bin ../src/main/java/*.java","lastModifiedDate":"2020-08-25"},{"lineNumber":17,"author":{"gitId":"-"},"content":"then","lastModifiedDate":"2020-05-25"},{"lineNumber":18,"author":{"gitId":"-"},"content":"    echo \"********** BUILD FAILURE **********\"","lastModifiedDate":"2020-05-25"},{"lineNumber":19,"author":{"gitId":"-"},"content":"    exit 1","lastModifiedDate":"2020-05-25"},{"lineNumber":20,"author":{"gitId":"-"},"content":"fi","lastModifiedDate":"2020-05-25"},{"lineNumber":21,"author":{"gitId":"-"},"content":"","lastModifiedDate":"2020-05-25"},{"lineNumber":22,"author":{"gitId":"-"},"content":"# run the program, feed commands from input.txt file and redirect the output to the ACTUAL.TXT","lastModifiedDate":"2020-05-25"},{"lineNumber":23,"author":{"gitId":"leezhengjing"},"content":"java -classpath ../bin Bee \u003c input.txt \u003e ACTUAL.TXT","lastModifiedDate":"2023-08-24"},{"lineNumber":24,"author":{"gitId":"-"},"content":"","lastModifiedDate":"2020-05-25"},{"lineNumber":25,"author":{"gitId":"-"},"content":"# convert to UNIX format","lastModifiedDate":"2020-05-25"},{"lineNumber":26,"author":{"gitId":"-"},"content":"cp EXPECTED.TXT EXPECTED-UNIX.TXT","lastModifiedDate":"2020-05-25"},{"lineNumber":27,"author":{"gitId":"-"},"content":"dos2unix ACTUAL.TXT EXPECTED-UNIX.TXT","lastModifiedDate":"2020-05-25"},{"lineNumber":28,"author":{"gitId":"-"},"content":"","lastModifiedDate":"2020-05-25"},{"lineNumber":29,"author":{"gitId":"-"},"content":"# compare the output to the expected output","lastModifiedDate":"2020-05-25"},{"lineNumber":30,"author":{"gitId":"-"},"content":"diff ACTUAL.TXT EXPECTED-UNIX.TXT","lastModifiedDate":"2020-05-25"},{"lineNumber":31,"author":{"gitId":"-"},"content":"if [ $? -eq 0 ]","lastModifiedDate":"2020-05-25"},{"lineNumber":32,"author":{"gitId":"-"},"content":"then","lastModifiedDate":"2020-05-25"},{"lineNumber":33,"author":{"gitId":"-"},"content":"    echo \"Test result: PASSED\"","lastModifiedDate":"2020-05-25"},{"lineNumber":34,"author":{"gitId":"-"},"content":"    exit 0","lastModifiedDate":"2020-05-25"},{"lineNumber":35,"author":{"gitId":"-"},"content":"else","lastModifiedDate":"2020-05-25"},{"lineNumber":36,"author":{"gitId":"-"},"content":"    echo \"Test result: FAILED\"","lastModifiedDate":"2020-05-25"},{"lineNumber":37,"author":{"gitId":"-"},"content":"    exit 1","lastModifiedDate":"2020-05-25"},{"lineNumber":38,"author":{"gitId":"-"},"content":"fi","lastModifiedDate":"2020-05-25"}],"authorContributionMap":{"leezhengjing":1,"-":37}}]
