{"authorDailyContributionsMap":{"mfjkri":[{"date":"2023-08-19","commitResults":[{"hash":"fb187b5e783dac0feacd6eb3a804ed058d80d09f","isMergeCommit":false,"messageTitle":"Add Level-0","messageBody":"","tags":["Level-0"],"fileTypesAndContributionMap":{"java":{"insertions":14,"deletions":6}}},{"hash":"65d9f22e48c6d328a18ef223a5e5ba5e4a02309d","isMergeCommit":false,"messageTitle":"Add Level-1","messageBody":"","tags":["Level-1"],"fileTypesAndContributionMap":{"java":{"insertions":13,"deletions":0}}},{"hash":"730e4a4aefbcb45954c37f6a80e99f79f1a79599","isMergeCommit":false,"messageTitle":"Add Level-2","messageBody":"","tags":["Level-2"],"fileTypesAndContributionMap":{"java":{"insertions":15,"deletions":5}}},{"hash":"f6acda85c5bcd8180eaf14991fe0d4167fe8cc3c","isMergeCommit":false,"messageTitle":"Add Level-3","messageBody":"","tags":["Level-3"],"fileTypesAndContributionMap":{"java":{"insertions":50,"deletions":12}}},{"hash":"709bc1eff4b045f88369134b92072476e6ff268b","isMergeCommit":false,"messageTitle":"Add Level-4","messageBody":"","tags":["Level-4"],"fileTypesAndContributionMap":{"java":{"insertions":71,"deletions":7}}},{"hash":"9022272b023f9a422364e69e1b272fff565fd379","isMergeCommit":false,"messageTitle":"A-TextUiTesting","messageBody":"","tags":["A-TextUiTesting"],"fileTypesAndContributionMap":{"txt":{"insertions":9,"deletions":0},"java":{"insertions":15,"deletions":9},"sh":{"insertions":0,"deletions":0}}},{"hash":"c0e451242dd4aa68ac82ad5e896c66f9712f9942","isMergeCommit":false,"messageTitle":"Add Level-5","messageBody":"","tags":["Level-5"],"fileTypesAndContributionMap":{"java":{"insertions":103,"deletions":32}}},{"hash":"f5e31c44fa404137280804e686fa8faa7d4d56b6","isMergeCommit":false,"messageTitle":"Add Level-6","messageBody":"","tags":["Level-6"],"fileTypesAndContributionMap":{"txt":{"insertions":8,"deletions":0},"java":{"insertions":27,"deletions":23}}}]},{"date":"2023-08-25","commitResults":[{"hash":"9edfe2f70f722a1b1d9e9b36f91dff57a09f46a1","isMergeCommit":false,"messageTitle":"Update exception handling","messageBody":"","fileTypesAndContributionMap":{"txt":{"insertions":16,"deletions":5},"java":{"insertions":41,"deletions":14},"sh":{"insertions":1,"deletions":1}}},{"hash":"2a31b38972f7550fb387036cb77afb182673425d","isMergeCommit":false,"messageTitle":"Add Level 7 functionality","messageBody":"","fileTypesAndContributionMap":{"java":{"insertions":205,"deletions":108}}},{"hash":"d910689ecd09cf3b6f6cbb11b6cd9a9d04def07b","isMergeCommit":false,"messageTitle":"Fix saving and loading","messageBody":"","fileTypesAndContributionMap":{"java":{"insertions":5,"deletions":2}}},{"hash":"2db86e400e9a67ac0f0a2dc1d514551b73a6da39","isMergeCommit":true,"messageTitle":"Merge branch \u0027branch-Level-7\u0027","messageBody":"","tags":["Level-7"],"fileTypesAndContributionMap":{}},{"hash":"a5a59e868f0c363943879a0a6267048c8f070c6e","isMergeCommit":false,"messageTitle":"Add Level-8","messageBody":"","fileTypesAndContributionMap":{"java":{"insertions":34,"deletions":13}}},{"hash":"baf09d8a34305ab996dd9aadb7ae2849968ae312","isMergeCommit":true,"messageTitle":"Merge branch \u0027branch-Level-8\u0027","messageBody":"","tags":["Level-8"],"fileTypesAndContributionMap":{}},{"hash":"4e1cffc85e8aae9ffaa626c8f67f8ee4b83106b1","isMergeCommit":false,"messageTitle":"Add time support","messageBody":"","fileTypesAndContributionMap":{"java":{"insertions":28,"deletions":22}}}]},{"date":"2023-08-26","commitResults":[{"hash":"75df082d84a838111ac1f3d45677aa4c06699a8c","isMergeCommit":false,"messageTitle":"Add Level A More OOP","messageBody":"","fileTypesAndContributionMap":{"java":{"insertions":473,"deletions":254}}},{"hash":"012a8a49ae8d3f5f351a58f92e98b52506e636b1","isMergeCommit":true,"messageTitle":"Merge branch \u0027branch-A-MoreOOP\u0027","messageBody":"","tags":["Level-A-More-OOP"],"fileTypesAndContributionMap":{}},{"hash":"8cff2083532f5274c78a528e4c267c3fc07acfc8","isMergeCommit":false,"messageTitle":"Add Level A Packages","messageBody":"","fileTypesAndContributionMap":{"java":{"insertions":90,"deletions":6}}},{"hash":"288d63a1fb4d4f86d8ce42c15952ab1cf0b4004a","isMergeCommit":true,"messageTitle":"Merge branch \u0027branch-A-Packages\u0027","messageBody":"","tags":["Level-A-Packages"],"fileTypesAndContributionMap":{}},{"hash":"d673a3e296eeb18df3a9916214806660cee4adf7","isMergeCommit":true,"messageTitle":"Merge branch \u0027add-gradle-support\u0027 into branch-A-Gradle","messageBody":"","fileTypesAndContributionMap":{}},{"hash":"86558db5ee5d054fe278de694cd678d630bf003b","isMergeCommit":false,"messageTitle":"Add Level A Gradle","messageBody":"","fileTypesAndContributionMap":{"gradle":{"insertions":2,"deletions":2},"java":{"insertions":2,"deletions":0},"bat":{"insertions":1,"deletions":1},"md":{"insertions":13,"deletions":8}}},{"hash":"3caba2d367ee70930b4c0938bf4cf18395a91d31","isMergeCommit":true,"messageTitle":"Merge branch \u0027branch-A-Gradle\u0027","messageBody":"","tags":["Level-A-Gradle"],"fileTypesAndContributionMap":{}},{"hash":"7d7c1fdec9b7d4fd6c137824342e654f11737e71","isMergeCommit":false,"messageTitle":"Add Level A JUnit","messageBody":"","tags":["Level-A-Javadoc","Level-A-JUnit"],"fileTypesAndContributionMap":{"java":{"insertions":81,"deletions":0}}},{"hash":"440f8504be452ad758223490f8a6781593edb861","isMergeCommit":false,"messageTitle":"Add Level A Javadoc","messageBody":"","fileTypesAndContributionMap":{"java":{"insertions":441,"deletions":17}}},{"hash":"065f850dc6dcf6d256d5962a3ce1404d82959fe4","isMergeCommit":true,"messageTitle":"Merge branch \u0027branch-A-Javadoc\u0027","messageBody":"","fileTypesAndContributionMap":{}},{"hash":"74d3d9d39c8fbb399b155358d66bdd33f4e11199","isMergeCommit":false,"messageTitle":"Add Level 9","messageBody":"","tags":["Level-A-Jar","Level-A-CodingStandard"],"fileTypesAndContributionMap":{"java":{"insertions":71,"deletions":3}}},{"hash":"776827ab2b715923cf0c6807769ed7795f3bd673","isMergeCommit":true,"messageTitle":"Merge branch \u0027Level-9\u0027","messageBody":"","tags":["Level-9"],"fileTypesAndContributionMap":{}}]}]},"authorFileTypeContributionMap":{"mfjkri":{"java":1254,"md":10,"fxml":0,"sh":1,"bat":1,"gradle":1,"txt":28}},"authorContributionVariance":{"mfjkri":215329.1},"authorDisplayNameMap":{"mfjkri":"CS2103T-T17-3 MUHA..ALAM"}}
