{"authorDailyContributionsMap":{"dlathyun":[{"date":"2023-08-22","commitResults":[{"hash":"c7e1f70f7776876178cad5ff39d5e5011d064948","isMergeCommit":false,"messageTitle":"Level 01","messageBody":"","tags":["Level-1","Level-0"],"fileTypesAndContributionMap":{"java":{"insertions":37,"deletions":0}}}]},{"date":"2023-08-23","commitResults":[{"hash":"e2e390ac694dc514c03c751e90537dd258e404ee","isMergeCommit":false,"messageTitle":"Level 2","messageBody":"","tags":["Level-2"],"fileTypesAndContributionMap":{"java":{"insertions":38,"deletions":7}}},{"hash":"d4a410f242cbdceac159c8212fac87f60cc740e8","isMergeCommit":false,"messageTitle":"Level 3","messageBody":"","tags":["Level-3"],"fileTypesAndContributionMap":{"java":{"insertions":192,"deletions":16}}},{"hash":"f7cf1fece7178d47908426cd2bcfd23a47186140","isMergeCommit":false,"messageTitle":"Level 4","messageBody":"","tags":["Level-4"],"fileTypesAndContributionMap":{"java":{"insertions":209,"deletions":46}}},{"hash":"c1305df3c15765fc159ee6b4414202730961c0bc","isMergeCommit":false,"messageTitle":"A-TextUiTesting","messageBody":"","tags":["A-TextUiTesting"],"fileTypesAndContributionMap":{"txt":{"insertions":6,"deletions":0},"java":{"insertions":75,"deletions":6}}}]},{"date":"2023-08-24","commitResults":[{"hash":"0aae59041252fad4ccd743aff4e435ead81d7546","isMergeCommit":false,"messageTitle":"Level 5","messageBody":"","tags":["Level-5"],"fileTypesAndContributionMap":{"java":{"insertions":23,"deletions":8}}},{"hash":"de0b177e011b52591a6981a9714b1a5c3eadf885","isMergeCommit":false,"messageTitle":"Level 6","messageBody":"","tags":["Level-6"],"fileTypesAndContributionMap":{"java":{"insertions":41,"deletions":1}}},{"hash":"6de943a690f49653109208d566ed7a2305545d14","isMergeCommit":false,"messageTitle":"A-Enums","messageBody":"","tags":["A-Enums"],"fileTypesAndContributionMap":{"java":{"insertions":10,"deletions":3}}}]},{"date":"2023-08-30","commitResults":[{"hash":"4af986eb2815934d7c42d265358548a9cf7008cd","isMergeCommit":false,"messageTitle":"Level 7","messageBody":"","tags":["Level-7"],"fileTypesAndContributionMap":{"txt":{"insertions":3,"deletions":0},"java":{"insertions":125,"deletions":5}}},{"hash":"255550e0b58438477b304920abe08e9126513b2a","isMergeCommit":false,"messageTitle":"Level 8","messageBody":"","fileTypesAndContributionMap":{"txt":{"insertions":1,"deletions":3},"java":{"insertions":57,"deletions":15}}},{"hash":"ad426abe969cc43b2930b66625d342be62792979","isMergeCommit":true,"messageTitle":"Merge branch \u0027branch-Level-8\u0027","messageBody":"","tags":["Level-8"],"fileTypesAndContributionMap":{}}]},{"date":"2023-09-04","commitResults":[{"hash":"3f02b3bfe93ef88090ba5adc1fc3f6812c8640e6","isMergeCommit":false,"messageTitle":"A-MoreOOP","messageBody":"","fileTypesAndContributionMap":{"java":{"insertions":249,"deletions":75}}},{"hash":"6cb18eaebbe138e2d8856b65c268ce9dfa4f5c25","isMergeCommit":true,"messageTitle":"Merge branch \u0027branch-A-MoreOOP\u0027","messageBody":"","tags":["A-Packages","A-MoreOOP"],"fileTypesAndContributionMap":{}},{"hash":"a755eb1eefd6b28df65fdfa2771cf704e511b5db","isMergeCommit":true,"messageTitle":"Merge remote-tracking branch \u0027origin/add-gradle-support\u0027","messageBody":"","fileTypesAndContributionMap":{}},{"hash":"b738c7c6fb03d0f24a021d0c4165ad51c70303ed","isMergeCommit":false,"messageTitle":"Add package and gradle","messageBody":"","tags":["A-Gradle"],"fileTypesAndContributionMap":{"gradle":{"insertions":1,"deletions":1},"java":{"insertions":69,"deletions":142}}},{"hash":"c2263162f55b0613899546ac42b08b0d4b522cba","isMergeCommit":false,"messageTitle":"Add JUnit tests","messageBody":"","fileTypesAndContributionMap":{"java":{"insertions":34,"deletions":0}}},{"hash":"1c54f1e4f3615e1b3ade106212dba67b90b6cf7a","isMergeCommit":true,"messageTitle":"Merge branch \u0027branch-A-JUnit\u0027","messageBody":"","tags":["A-Jar","A-JUnit"],"fileTypesAndContributionMap":{}},{"hash":"18afce2e74021caeb4d39d9c3b86189548b5cd49","isMergeCommit":false,"messageTitle":"A-JavaDoc","messageBody":"","fileTypesAndContributionMap":{"java":{"insertions":158,"deletions":26}}}]},{"date":"2023-09-05","commitResults":[{"hash":"a1a37fb9595e60a1f5168079c3e0b1e8883e9934","isMergeCommit":false,"messageTitle":"A-CodingStandard","messageBody":"","fileTypesAndContributionMap":{"java":{"insertions":30,"deletions":132}}},{"hash":"196f3bd355104a08b1b1074b542bc5319839b095","isMergeCommit":false,"messageTitle":"Level-9","messageBody":"","fileTypesAndContributionMap":{"java":{"insertions":37,"deletions":2}}},{"hash":"10200be155b9956442c9c287c1355680150ebeab","isMergeCommit":true,"messageTitle":"Merge branch \u0027branch-A-JavaDoc\u0027","messageBody":"","fileTypesAndContributionMap":{}},{"hash":"c9c58b3e630616d52cb4ea8bdeed0bfc130223f6","isMergeCommit":true,"messageTitle":"Merge conflict","messageBody":"","tags":["A-JavaDoc","A-CodingStandard"],"fileTypesAndContributionMap":{}},{"hash":"5f1e2d0e08da8a2361f9ace72d05632c70b38a85","isMergeCommit":true,"messageTitle":"Merge branch \u0027branch-Level-9\u0027","messageBody":"","fileTypesAndContributionMap":{}},{"hash":"55ae3adb9fade1a5c1ff9c7917a091c2e8d0cc4a","isMergeCommit":false,"messageTitle":"Level-9","messageBody":"","tags":["Level-9"],"fileTypesAndContributionMap":{"java":{"insertions":1,"deletions":0}}},{"hash":"1336565f317aa834a6f8c62577da19db7d828b87","isMergeCommit":false,"messageTitle":"A-CheckStyle","messageBody":"","fileTypesAndContributionMap":{"gradle":{"insertions":5,"deletions":0},"java":{"insertions":62,"deletions":60}}},{"hash":"dac359ddf90dcd7e456716905687742858d30453","isMergeCommit":true,"messageTitle":"Merge branch \u0027branch-A-CheckStyle\u0027","messageBody":"","tags":["A-CheckStyle"],"fileTypesAndContributionMap":{}},{"hash":"e4d51393b3c83766b852876030d40784b8090f8b","isMergeCommit":false,"messageTitle":"Add Javafx until part 3","messageBody":"","fileTypesAndContributionMap":{"gradle":{"insertions":22,"deletions":0},"txt":{"insertions":2,"deletions":1},"fxml":{"insertions":35,"deletions":0},"java":{"insertions":232,"deletions":14}}}]},{"date":"2023-09-06","commitResults":[{"hash":"52f897548e1e7ab5d63e0f94a7369cc0e1f070f4","isMergeCommit":false,"messageTitle":"Add Javafx until part 4","messageBody":"","fileTypesAndContributionMap":{"gradle":{"insertions":2,"deletions":2},"fxml":{"insertions":3,"deletions":1},"java":{"insertions":174,"deletions":133}}},{"hash":"bc4afde3475752938c11b80e67017ae13dc9a65f","isMergeCommit":false,"messageTitle":"Add Javafx with greet message","messageBody":"","fileTypesAndContributionMap":{"java":{"insertions":16,"deletions":0}}},{"hash":"39010dd000adc427f9fbfe9b77b6aaf15f36afad","isMergeCommit":true,"messageTitle":"Merge branch \u0027branch-Level-10\u0027","messageBody":"","tags":["Level-10"],"fileTypesAndContributionMap":{}},{"hash":"3c14b6540feb604a34c3d5d2a78848cf9c7a53e9","isMergeCommit":false,"messageTitle":"Add css","messageBody":"","fileTypesAndContributionMap":{"fxml":{"insertions":11,"deletions":5},"java":{"insertions":0,"deletions":49}}}]},{"date":"2023-09-07","commitResults":[{"hash":"47fc4afa81fe0af3bdcd97b2712b342db8b1cfaa","isMergeCommit":true,"messageTitle":"Merge branch \u0027branch-Level-10\u0027","messageBody":"","fileTypesAndContributionMap":{}}]}]},"authorFileTypeContributionMap":{"dlathyun":{"java":1160,"md":0,"fxml":43,"sh":0,"bat":0,"gradle":28,"txt":8}},"authorContributionVariance":{"dlathyun":56478.25},"authorDisplayNameMap":{"dlathyun":"CS2103T-W10-2 YIM ..HYUN"}}
