{"authorDailyContributionsMap":{"dlathyun":[{"date":"2023-08-22","commitResults":[{"hash":"c7e1f70f7776876178cad5ff39d5e5011d064948","isMergeCommit":false,"messageTitle":"Level 01","messageBody":"","tags":["Level-1","Level-0"],"fileTypesAndContributionMap":{"java":{"insertions":37,"deletions":0}}}]},{"date":"2023-08-23","commitResults":[{"hash":"e2e390ac694dc514c03c751e90537dd258e404ee","isMergeCommit":false,"messageTitle":"Level 2","messageBody":"","tags":["Level-2"],"fileTypesAndContributionMap":{"java":{"insertions":38,"deletions":7}}},{"hash":"d4a410f242cbdceac159c8212fac87f60cc740e8","isMergeCommit":false,"messageTitle":"Level 3","messageBody":"","tags":["Level-3"],"fileTypesAndContributionMap":{"java":{"insertions":192,"deletions":16}}},{"hash":"f7cf1fece7178d47908426cd2bcfd23a47186140","isMergeCommit":false,"messageTitle":"Level 4","messageBody":"","tags":["Level-4"],"fileTypesAndContributionMap":{"java":{"insertions":209,"deletions":46}}},{"hash":"c1305df3c15765fc159ee6b4414202730961c0bc","isMergeCommit":false,"messageTitle":"A-TextUiTesting","messageBody":"","tags":["A-TextUiTesting"],"fileTypesAndContributionMap":{"txt":{"insertions":6,"deletions":0},"java":{"insertions":75,"deletions":6}}}]},{"date":"2023-08-24","commitResults":[{"hash":"0aae59041252fad4ccd743aff4e435ead81d7546","isMergeCommit":false,"messageTitle":"Level 5","messageBody":"","tags":["Level-5"],"fileTypesAndContributionMap":{"java":{"insertions":23,"deletions":8}}},{"hash":"de0b177e011b52591a6981a9714b1a5c3eadf885","isMergeCommit":false,"messageTitle":"Level 6","messageBody":"","tags":["Level-6"],"fileTypesAndContributionMap":{"java":{"insertions":41,"deletions":1}}},{"hash":"6de943a690f49653109208d566ed7a2305545d14","isMergeCommit":false,"messageTitle":"A-Enums","messageBody":"","tags":["A-Enums"],"fileTypesAndContributionMap":{"java":{"insertions":10,"deletions":3}}}]}]},"authorFileTypeContributionMap":{"dlathyun":{"java":544,"md":0,"fxml":0,"sh":0,"bat":0,"gradle":0,"txt":6}},"authorContributionVariance":{"dlathyun":41306.25},"authorDisplayNameMap":{"dlathyun":"YIM ..HYUN"}}
