{"authorDailyContributionsMap":{"songgthu":[{"date":"2023-08-20","commitResults":[{"hash":"b5370172e5358597b417104d791657f89a9c170f","isMergeCommit":false,"messageTitle":"Level 0","messageBody":"","tags":["Level-0"],"fileTypesAndContributionMap":{"java":{"insertions":11,"deletions":6}}},{"hash":"02e7d5be389d738f8c6ea3a7022429c6014d0ab9","isMergeCommit":false,"messageTitle":"Level 1","messageBody":"","tags":["Level-1"],"fileTypesAndContributionMap":{"java":{"insertions":21,"deletions":4}}},{"hash":"b8b384c0463736bb965466513c89483af1def571","isMergeCommit":false,"messageTitle":"Level 2","messageBody":"","tags":["Level-2"],"fileTypesAndContributionMap":{"java":{"insertions":16,"deletions":1}}},{"hash":"1a77eb6c97a02b4d70a66a90e157168fce2db31a","isMergeCommit":false,"messageTitle":"Level 3","messageBody":"","fileTypesAndContributionMap":{"java":{"insertions":59,"deletions":4}}},{"hash":"afac077cbe8b4661b3a74e04e96ce5dcd0621fa9","isMergeCommit":false,"messageTitle":"Level 3","messageBody":"","fileTypesAndContributionMap":{"java":{"insertions":4,"deletions":4}}},{"hash":"cf5b09e44b19cefce5bac13a678304aceb1a548b","isMergeCommit":false,"messageTitle":"Level 3","messageBody":"","fileTypesAndContributionMap":{"java":{"insertions":4,"deletions":5}}},{"hash":"cf7396e8d9c1db551f869bd3a39dca6506ce22ec","isMergeCommit":false,"messageTitle":"Level 3","messageBody":"","fileTypesAndContributionMap":{"java":{"insertions":8,"deletions":9}}},{"hash":"67161e3d11e2b6187388173ac88fc2e79e29f115","isMergeCommit":false,"messageTitle":"Level 4","messageBody":"","tags":["Level-4"],"fileTypesAndContributionMap":{"java":{"insertions":61,"deletions":6}}}]},{"date":"2023-08-21","commitResults":[{"hash":"d8f35495dd02482ecf3432df4a49dda5a06028ba","isMergeCommit":false,"messageTitle":"Automated Text UI Testing","messageBody":"","tags":["A-TextUiTesting"],"fileTypesAndContributionMap":{"txt":{"insertions":3,"deletions":0},"java":{"insertions":2,"deletions":2},"bat":{"insertions":2,"deletions":2},"sh":{"insertions":3,"deletions":7}}},{"hash":"84d1039b7b6a9f654ddb91e9faf21a940ccc8327","isMergeCommit":false,"messageTitle":"Level 5","messageBody":"","tags":["Level-5"],"fileTypesAndContributionMap":{"java":{"insertions":59,"deletions":5}}},{"hash":"47f4f46307f8c9ccbaae27d3968381babe3a6b3a","isMergeCommit":false,"messageTitle":"Level 6","messageBody":"","fileTypesAndContributionMap":{"java":{"insertions":31,"deletions":1}}}]},{"date":"2023-08-23","commitResults":[{"hash":"83f482601fd4f365a57449855f350e004caf4739","isMergeCommit":false,"messageTitle":"Level 6","messageBody":"","tags":["Level-6"],"fileTypesAndContributionMap":{"java":{"insertions":55,"deletions":55}}}]},{"date":"2023-08-26","commitResults":[{"hash":"662776c736f70425c0db245b6bd9b39cec703c71","isMergeCommit":false,"messageTitle":"Add save function","messageBody":"","fileTypesAndContributionMap":{"txt":{"insertions":3,"deletions":0},"java":{"insertions":106,"deletions":57}}},{"hash":"2d095a5b355bf715ed416240f7ca0fef484408fb","isMergeCommit":false,"messageTitle":"Add date formatting for Deadline, Event tasks","messageBody":"","tags":["Level-7"],"fileTypesAndContributionMap":{"txt":{"insertions":9,"deletions":5},"java":{"insertions":45,"deletions":20}}}]},{"date":"2023-08-27","commitResults":[{"hash":"63e08b262a5a2d7612a0e20349af77736cbada75","isMergeCommit":true,"messageTitle":"Merge pull request #1 from songgthu/branch-Level-7","messageBody":"Add date formatting for Deadline, Event tasks","tags":["Level-8"],"fileTypesAndContributionMap":{}},{"hash":"f7ff2fbf9112690924a170b8ed9ffd32b05a77c9","isMergeCommit":false,"messageTitle":"Extract the following classes: Ui, Storage, Parser, TaskList","messageBody":"","tags":["A-MoreOOP"],"fileTypesAndContributionMap":{"txt":{"insertions":5,"deletions":6},"java":{"insertions":312,"deletions":185}}},{"hash":"68b654dcc76cb60c6fe7f3df342cae1cc85d4f1e","isMergeCommit":false,"messageTitle":"Organize classes into packages","messageBody":"","tags":["A-Packages"],"fileTypesAndContributionMap":{"txt":{"insertions":10,"deletions":6},"java":{"insertions":78,"deletions":18},"bat":{"insertions":4,"deletions":3}}},{"hash":"bff0cc5a13dfe2327a6d94568a49f75725b7cb5a","isMergeCommit":false,"messageTitle":"Set up gradle","messageBody":"","tags":["A-Gradle"],"fileTypesAndContributionMap":{"gradle":{"insertions":24,"deletions":0},"java":{"insertions":20,"deletions":30}}},{"hash":"742c45fed9e95695014d05303af628a74c31db13","isMergeCommit":false,"messageTitle":"Add JUnit testcases for Todo, Deadline and Event","messageBody":"","fileTypesAndContributionMap":{"gradle":{"insertions":8,"deletions":0},"java":{"insertions":92,"deletions":2}}},{"hash":"9c1e9038d79991f1b78321066c18ea0e123bf962","isMergeCommit":false,"messageTitle":"Add JUnit testcases of Todo, Deadline and Event","messageBody":"","tags":["A-Junit"],"fileTypesAndContributionMap":{"gradle":{"insertions":26,"deletions":16},"java":{"insertions":23,"deletions":23}}},{"hash":"d6ee0807d9236c636e0f40c613243c0593d4e726","isMergeCommit":false,"messageTitle":"Package the app as a JAR file","messageBody":"","tags":["A-Jar"],"fileTypesAndContributionMap":{"gradle":{"insertions":1,"deletions":0}}}]},{"date":"2023-08-28","commitResults":[{"hash":"eebedc93437b38eddaf8a697528f2444c0c72ac5","isMergeCommit":false,"messageTitle":"Add javadoc to classes and methods","messageBody":"","tags":["A-Javadoc"],"fileTypesAndContributionMap":{"java":{"insertions":166,"deletions":6}}},{"hash":"6bc0fc441136235577006f9bc1996d847f1365ec","isMergeCommit":false,"messageTitle":"Check coding standards","messageBody":"","tags":["A-CodingStandards"],"fileTypesAndContributionMap":{"java":{"insertions":166,"deletions":6}}},{"hash":"a96852921217c0dbb74f687b5883008f951d2810","isMergeCommit":false,"messageTitle":"Add find task function","messageBody":"","fileTypesAndContributionMap":{"txt":{"insertions":2,"deletions":3},"java":{"insertions":51,"deletions":12}}},{"hash":"6e49d9c97004543f7f26b3d93a99b08bbc81127f","isMergeCommit":true,"messageTitle":"Merge branch \u0027branch-Level-9\u0027","messageBody":"","tags":["Level-9"],"fileTypesAndContributionMap":{}}]},{"date":"2023-09-01","commitResults":[{"hash":"b2d7451302b366328735aeb2fea255b376213b4c","isMergeCommit":false,"messageTitle":"Add checkStyle to detect coding style violations","messageBody":"","tags":["A-CheckStyle"],"fileTypesAndContributionMap":{"gradle":{"insertions":6,"deletions":1},"java":{"insertions":1,"deletions":0}}}]}]},"authorFileTypeContributionMap":{"songgthu":{"java":779,"md":0,"fxml":0,"sh":2,"bat":4,"gradle":48,"txt":12}},"authorContributionVariance":{"songgthu":55498.562},"authorDisplayNameMap":{"songgthu":"CS2103T-T15-3 TRIN.. THU"}}
