{"authorDailyContributionsMap":{"Leb14":[{"date":"2023-08-23","commitResults":[{"hash":"df306c174739a081d9dda53d195bc94f902eb138","isMergeCommit":false,"messageTitle":"Level - 0","messageBody":"Level - 0 increment\n","tags":["Level-0"],"fileTypesAndContributionMap":{"java":{"insertions":17,"deletions":6}}},{"hash":"b1c09ef70da2ad43c697da3552b8a2e6a9af4dbb","isMergeCommit":false,"messageTitle":"Level - 1","messageBody":"Level - 1 increment\n","fileTypesAndContributionMap":{"java":{"insertions":25,"deletions":2}}},{"hash":"ba8f9fdb9f44e249623288717643fe58d1aff3e0","isMergeCommit":false,"messageTitle":"Revert \"Level - 1\"","messageBody":"This reverts commit b1c09ef70da2ad43c697da3552b8a2e6a9af4dbb.\n","fileTypesAndContributionMap":{"java":{"insertions":2,"deletions":25}}},{"hash":"75fd0b03c4c1ff3d598a336136d5c004250779be","isMergeCommit":false,"messageTitle":"Level - 1","messageBody":"Level - 1 increment\n","tags":["Level-1"],"fileTypesAndContributionMap":{"java":{"insertions":17,"deletions":2}}},{"hash":"06e88a1b3e441cc3a06cbc622a14e222298ca248","isMergeCommit":false,"messageTitle":"Level - 3","messageBody":"Level 3 increment\n","fileTypesAndContributionMap":{"java":{"insertions":62,"deletions":3}}},{"hash":"13f955413cdbcb795149ce46d63b50f481aa5c27","isMergeCommit":false,"messageTitle":"Revert \"Level - 3\"","messageBody":"This reverts commit 06e88a1b3e441cc3a06cbc622a14e222298ca248.\n","fileTypesAndContributionMap":{"java":{"insertions":3,"deletions":62}}},{"hash":"88f206847442eefc27776c4cfd8823675a640f3e","isMergeCommit":false,"messageTitle":"Level - 2","messageBody":"Level - 2 increment\n","tags":["Level-2"],"fileTypesAndContributionMap":{"java":{"insertions":41,"deletions":3}}},{"hash":"06522ffad910f84b2a895f4ca5d5e289c3082756","isMergeCommit":false,"messageTitle":"Level - 3","messageBody":"Level - 3 increment\n","tags":["Level-3"],"fileTypesAndContributionMap":{"java":{"insertions":22,"deletions":1}}}]},{"date":"2023-08-24","commitResults":[{"hash":"6a97adb72e2be78733f701ab199ba2699e186557","isMergeCommit":false,"messageTitle":"Level - 4","messageBody":"Level 4 increment\n","tags":["Level-4"],"fileTypesAndContributionMap":{"java":{"insertions":113,"deletions":33}}},{"hash":"4b287ffdc4e618a8a9376c9d6716498b4e76e094","isMergeCommit":false,"messageTitle":"A - TextUiTesting","messageBody":"A - TextUiTesting\n","tags":["A-TextUiTesting"],"fileTypesAndContributionMap":{"txt":{"insertions":11,"deletions":0},"java":{"insertions":2,"deletions":2}}}]},{"date":"2023-08-25","commitResults":[{"hash":"be60e345522e90bd478e01553ba9880f3bed36f6","isMergeCommit":false,"messageTitle":"Level - 5","messageBody":"Level 5 increment\n","tags":["Level-5"],"fileTypesAndContributionMap":{"txt":{"insertions":8,"deletions":0},"java":{"insertions":106,"deletions":35}}},{"hash":"271dfd2ffd088c443cf317c28a137813f1350073","isMergeCommit":false,"messageTitle":"Level - 6","messageBody":"Level 6 increment\n","tags":["Level-6"],"fileTypesAndContributionMap":{"txt":{"insertions":2,"deletions":0},"java":{"insertions":12,"deletions":1}}}]}]},"authorFileTypeContributionMap":{"Leb14":{"java":253,"md":0,"fxml":0,"sh":0,"bat":0,"gradle":0,"txt":21}},"authorContributionVariance":{"Leb14":11365.6875},"authorDisplayNameMap":{"Leb14":"CHEN.. HAO"}}
