{"authorDailyContributionsMap":{"geoffong11":[{"date":"2023-08-19","commitResults":[{"hash":"94a08b00238189098da9ecfe9546ddd299ed8cb0","isMergeCommit":false,"messageTitle":"Level 0","messageBody":"","tags":["Level-0"],"fileTypesAndContributionMap":{"java":{"insertions":7,"deletions":10},"bat":{"insertions":21,"deletions":21},"sh":{"insertions":37,"deletions":37},"md":{"insertions":62,"deletions":62}}}]},{"date":"2023-08-20","commitResults":[{"hash":"d837e6435b5830a7bec3dd31921af71da8608005","isMergeCommit":false,"messageTitle":"level-0","messageBody":"","fileTypesAndContributionMap":{"java":{"insertions":1,"deletions":1}}},{"hash":"ececccbe2b03a181cb52c405ecd2ae781f04d83a","isMergeCommit":false,"messageTitle":"level-1","messageBody":"","tags":["level-1"],"fileTypesAndContributionMap":{"java":{"insertions":42,"deletions":1}}},{"hash":"1f1c13e6ab7504f4df1859320db799b845f5489a","isMergeCommit":false,"messageTitle":"level-2","messageBody":"","tags":["level-2"],"fileTypesAndContributionMap":{"java":{"insertions":49,"deletions":1}}},{"hash":"4e3ac2df7618cfc1ae9b9ac700e2973c84c3025b","isMergeCommit":false,"messageTitle":"level-3","messageBody":"","tags":["level-3"],"fileTypesAndContributionMap":{"java":{"insertions":65,"deletions":2}}},{"hash":"5c612bd67165c112b1dd8853ed8c8c8226684dd5","isMergeCommit":false,"messageTitle":"level-4","messageBody":"","tags":["level-4"],"fileTypesAndContributionMap":{"java":{"insertions":107,"deletions":8}}}]},{"date":"2023-08-22","commitResults":[{"hash":"11abfd5ab99e391cd280fc43d97518105b8c465a","isMergeCommit":false,"messageTitle":"level-5","messageBody":"","tags":["level-5"],"fileTypesAndContributionMap":{"txt":{"insertions":3,"deletions":0},"java":{"insertions":160,"deletions":64}}},{"hash":"13f0a3fd1c400ed4b6402b46cd76627549335206","isMergeCommit":false,"messageTitle":"level-6","messageBody":"","tags":["level-6"],"fileTypesAndContributionMap":{"java":{"insertions":14,"deletions":1}}}]},{"date":"2023-08-24","commitResults":[{"hash":"ea7b89e4e555f41d5a165476d546a7e636ede768","isMergeCommit":false,"messageTitle":"A-TextUiTesting","messageBody":"","tags":["A-TextUiTesting"],"fileTypesAndContributionMap":{"txt":{"insertions":2,"deletions":1}}}]},{"date":"2023-08-27","commitResults":[{"hash":"468505203ce7a4ae1ccf29b588d0569d3132a534","isMergeCommit":false,"messageTitle":"finish the general loading and writing of files","messageBody":"","fileTypesAndContributionMap":{"java":{"insertions":101,"deletions":10}}},{"hash":"81f6ddd7a001cb3f7065713f060d99b53d143600","isMergeCommit":false,"messageTitle":"finish marking and unmarking of files in storage","messageBody":"","fileTypesAndContributionMap":{"java":{"insertions":104,"deletions":68}}},{"hash":"62e97d2e9c126d0100add65a88166745f50461a5","isMergeCommit":true,"messageTitle":"Merge branch \u0027branch-level-7\u0027","messageBody":"","tags":["Level-7"],"fileTypesAndContributionMap":{}},{"hash":"12ee9c06b2d25b7e120a807133a76413a41d5723","isMergeCommit":false,"messageTitle":"level-8","messageBody":"","fileTypesAndContributionMap":{"java":{"insertions":69,"deletions":33}}},{"hash":"c2c1dc1d0b08157a68296ace60ab7282436dd22e","isMergeCommit":true,"messageTitle":"Merge branch \u0027branch-level-8\u0027","messageBody":"","tags":["Level-8"],"fileTypesAndContributionMap":{}},{"hash":"32d5d8327fa1427bed6a7d768b5ff2cab807cb01","isMergeCommit":false,"messageTitle":"add ui","messageBody":"","fileTypesAndContributionMap":{"java":{"insertions":22,"deletions":3}}}]},{"date":"2023-08-28","commitResults":[{"hash":"5ddd08851aed98a9365676869c98aba8821a84cb","isMergeCommit":false,"messageTitle":"more OOP","messageBody":"","tags":["A-MoreOOP"],"fileTypesAndContributionMap":{"java":{"insertions":15,"deletions":4}}}]}]},"authorFileTypeContributionMap":{"geoffong11":{"java":557,"md":0,"fxml":0,"sh":0,"bat":0,"gradle":0,"txt":4}},"authorContributionVariance":{"geoffong11":21559.24},"authorDisplayNameMap":{"geoffong11":"ONG ..EOFF"}}
