{"authorDailyContributionsMap":{"AryanG01":[{"date":"2023-08-24","commitResults":[{"hash":"08ff577bf38e658cc6b0850ec6ae86aa9ad192cc","isMergeCommit":false,"messageTitle":"Level-0","messageBody":"","tags":["Level-0"],"fileTypesAndContributionMap":{"java":{"insertions":8,"deletions":6}}},{"hash":"9503fb3d183ad5ef693bffef83b89514231dcda6","isMergeCommit":false,"messageTitle":"Level-1","messageBody":"","tags":["Level-1"],"fileTypesAndContributionMap":{"java":{"insertions":17,"deletions":4}}},{"hash":"af20120fa730895e8c3bbc4e3aada06e400c8d1d","isMergeCommit":false,"messageTitle":"Level-2","messageBody":"","tags":["Level-2"],"fileTypesAndContributionMap":{"java":{"insertions":14,"deletions":3}}},{"hash":"03281e03e339d056c6c09b053627290318fe731c","isMergeCommit":false,"messageTitle":"Level-3","messageBody":"","tags":["Level-3"],"fileTypesAndContributionMap":{"java":{"insertions":49,"deletions":5}}},{"hash":"fe37bbe141fffaa1cb856fde9e5d162ce0ecdb1f","isMergeCommit":false,"messageTitle":"Level-4","messageBody":"","tags":["Level-4"],"fileTypesAndContributionMap":{"java":{"insertions":131,"deletions":21}}}]},{"date":"2023-08-25","commitResults":[{"hash":"4f1bb9381d69ea84ea618be9f1e86387ef3a7a7e","isMergeCommit":false,"messageTitle":"A-TextUiTesting","messageBody":"","fileTypesAndContributionMap":{"txt":{"insertions":12,"deletions":0},"bat":{"insertions":5,"deletions":5}}}]},{"date":"2023-08-26","commitResults":[{"hash":"85328e8296f102022438b718ea94a93f493db900","isMergeCommit":false,"messageTitle":"Level-5","messageBody":"","tags":["Level-5"],"fileTypesAndContributionMap":{"java":{"insertions":104,"deletions":56}}},{"hash":"be85d7a5b320f149a4780e6ca5aecf87ca463378","isMergeCommit":false,"messageTitle":"Level-6","messageBody":"","tags":["Level-6"],"fileTypesAndContributionMap":{"java":{"insertions":34,"deletions":21}}},{"hash":"b11f3241ea3ab933c3d79cef90076bc32b12dacb","isMergeCommit":false,"messageTitle":"A-Enums","messageBody":"","tags":["A-Enums"],"fileTypesAndContributionMap":{"java":{"insertions":54,"deletions":32}}}]},{"date":"2023-08-27","commitResults":[{"hash":"ac724c55711d1496a2bb64ce8e6066874620c405","isMergeCommit":false,"messageTitle":"A-TextUiTesting","messageBody":"","tags":["A-TextUiTesting"],"fileTypesAndContributionMap":{"txt":{"insertions":15,"deletions":1}}}]}]},"authorFileTypeContributionMap":{"AryanG01":{"java":269,"md":0,"fxml":0,"sh":0,"bat":4,"gradle":0,"txt":26}},"authorContributionVariance":{"AryanG01":12226.41},"authorDisplayNameMap":{"AryanG01":"CS2103T-F10-1 ARYA..ANJU"}}
