{"authorDailyContributionsMap":{"AriellaCallista":[{"date":"2023-08-20","commitResults":[{"hash":"ed38e95e3c5a95d51e99540730cb86d71cd8db63","isMergeCommit":false,"messageTitle":"Add greeting and exit","messageBody":"","tags":["Level-0"],"fileTypesAndContributionMap":{"java":{"insertions":6,"deletions":6}}},{"hash":"b9d455bc76efcf909ed79655d94c0e9e6a5b9c24","isMergeCommit":false,"messageTitle":"Improve skeletal version to echo message and exit","messageBody":"","tags":["Level-1"],"fileTypesAndContributionMap":{"java":{"insertions":14,"deletions":1}}},{"hash":"6dc51ea892c17da4ccddb266d19ca51c0819a9ea","isMergeCommit":false,"messageTitle":"Implement add and list functionalities","messageBody":"","tags":["Level-2"],"fileTypesAndContributionMap":{"java":{"insertions":20,"deletions":6}}},{"hash":"38c3c98f80a370d82ed3e60ca6fb6a6e896437e8","isMergeCommit":false,"messageTitle":"Create class for task","messageBody":"","fileTypesAndContributionMap":{"java":{"insertions":31,"deletions":0}}},{"hash":"d6916772dc6e476e9950139574e3b4ca0e8bdb6e","isMergeCommit":false,"messageTitle":"Improove efficiency by using StringBuilder instead of String in loop","messageBody":"","fileTypesAndContributionMap":{"java":{"insertions":5,"deletions":5}}}]},{"date":"2023-08-21","commitResults":[{"hash":"3f5fdb02ee23c14d96e1297c8b5f04e362c8591b","isMergeCommit":false,"messageTitle":"Implement mark as done functionality","messageBody":"","tags":["Level-3"],"fileTypesAndContributionMap":{"java":{"insertions":57,"deletions":9}}}]},{"date":"2023-08-24","commitResults":[{"hash":"6b8b3536c9cf34b765508c1fdd066cbaba8a9d19","isMergeCommit":false,"messageTitle":"Replace getDescription with toString method","messageBody":"","fileTypesAndContributionMap":{"java":{"insertions":4,"deletions":7}}},{"hash":"c9475e706245756280ad05af653d81f7f5730a42","isMergeCommit":false,"messageTitle":"Create subclasses for tasks","messageBody":"","fileTypesAndContributionMap":{"java":{"insertions":52,"deletions":0}}},{"hash":"63aa3181497992657b245ef7e8fe3bc003834c1c","isMergeCommit":false,"messageTitle":"Replace loop with scanner methods and implement todo","messageBody":"","fileTypesAndContributionMap":{"java":{"insertions":16,"deletions":23}}},{"hash":"407fef676a4217d41d9593c981801654c727e502","isMergeCommit":false,"messageTitle":"Implement adding deadline type task","messageBody":"","fileTypesAndContributionMap":{"java":{"insertions":11,"deletions":0}}},{"hash":"a5aa851d216e40debd996dbd99343dc497c9bd6e","isMergeCommit":false,"messageTitle":"Implement adding event type task","messageBody":"","tags":["Level-4"],"fileTypesAndContributionMap":{"java":{"insertions":13,"deletions":3}}},{"hash":"ab95ffe69eef8a5ccf68a29c57edd9777232875f","isMergeCommit":false,"messageTitle":"Create DukeException class","messageBody":"","fileTypesAndContributionMap":{"java":{"insertions":7,"deletions":0}}},{"hash":"1c56155dc66495e3d55b331b522d65d67b56234b","isMergeCommit":false,"messageTitle":"Implement error handling","messageBody":"","tags":["Level-5"],"fileTypesAndContributionMap":{"java":{"insertions":117,"deletions":43}}},{"hash":"e21cb90039dcee720bb9eab2fdbb01552ac3d787","isMergeCommit":false,"messageTitle":"Implement deleting task","messageBody":"","tags":["Level-6"],"fileTypesAndContributionMap":{"java":{"insertions":12,"deletions":0}}},{"hash":"72339e724edd8955c68df31a53691ca5964e5fd7","isMergeCommit":false,"messageTitle":"Implement enums for commands","messageBody":"","tags":["A-Enums"],"fileTypesAndContributionMap":{"java":{"insertions":86,"deletions":22}}},{"hash":"d0546eafe60edb2bb008619a7dc230977bbbd973","isMergeCommit":false,"messageTitle":"Implement automated text ui testing","messageBody":"","tags":["A-TextUiTesting"],"fileTypesAndContributionMap":{"txt":{"insertions":23,"deletions":0},"java":{"insertions":35,"deletions":36}}},{"hash":"14df8a14407b0950f4a07f69cca946748e740fb6","isMergeCommit":false,"messageTitle":"Refactor class name to Sana","messageBody":"","fileTypesAndContributionMap":{"java":{"insertions":35,"deletions":35}}},{"hash":"2c0b122330d8ab2df5e542781254ef2da88dc918","isMergeCommit":false,"messageTitle":"Add more test cases","messageBody":"","fileTypesAndContributionMap":{"txt":{"insertions":2,"deletions":0}}},{"hash":"ee8384708ce42963a7a6fa60c3a47fbdd702c5b0","isMergeCommit":false,"messageTitle":"Make helper methods in Sana class private","messageBody":"","fileTypesAndContributionMap":{"java":{"insertions":24,"deletions":26}}}]},{"date":"2023-08-30","commitResults":[{"hash":"35be9525bc00b979d2c07a2912b8c497fb1b43d6","isMergeCommit":false,"messageTitle":"Implement save tasks function","messageBody":"","fileTypesAndContributionMap":{"java":{"insertions":60,"deletions":12}}},{"hash":"d5d3368bf8197360f6ba0f5eaea5ce1f9f23f1bd","isMergeCommit":true,"messageTitle":"Merge branch \u0027branch-level-7\u0027","messageBody":"","tags":["Level-7"],"fileTypesAndContributionMap":{}},{"hash":"30c6bf80cd5923f7b39a0ac35496e0858f05d70b","isMergeCommit":false,"messageTitle":"Implement date and time for deadline","messageBody":"","fileTypesAndContributionMap":{"java":{"insertions":23,"deletions":10}}},{"hash":"12f72b7f20ef0261cea77e92402b7046b4df4bc1","isMergeCommit":false,"messageTitle":"Implement date and time for event","messageBody":"","fileTypesAndContributionMap":{"java":{"insertions":28,"deletions":11}}},{"hash":"81f417c36844ff608a316d9f1176423ec6ea3165","isMergeCommit":true,"messageTitle":"Merge branch \u0027branch-level-8\u0027","messageBody":"","fileTypesAndContributionMap":{}}]}]},"authorFileTypeContributionMap":{"AriellaCallista":{"java":409,"md":0,"fxml":0,"sh":0,"bat":0,"gradle":0,"txt":25}},"authorContributionVariance":{"AriellaCallista":28150.77},"authorDisplayNameMap":{"AriellaCallista":"CS2103T-W09-4 ARIE..ISTA"}}
