{"authorDailyContributionsMap":{"AriellaCallista":[{"date":"2023-08-20","commitResults":[{"hash":"ed38e95e3c5a95d51e99540730cb86d71cd8db63","isMergeCommit":false,"messageTitle":"Add greeting and exit","messageBody":"","tags":["Level-0"],"fileTypesAndContributionMap":{"java":{"insertions":6,"deletions":6}}},{"hash":"b9d455bc76efcf909ed79655d94c0e9e6a5b9c24","isMergeCommit":false,"messageTitle":"Improve skeletal version to echo message and exit","messageBody":"","tags":["Level-1"],"fileTypesAndContributionMap":{"java":{"insertions":14,"deletions":1}}},{"hash":"6dc51ea892c17da4ccddb266d19ca51c0819a9ea","isMergeCommit":false,"messageTitle":"Implement add and list functionalities","messageBody":"","tags":["Level-2"],"fileTypesAndContributionMap":{"java":{"insertions":20,"deletions":6}}},{"hash":"38c3c98f80a370d82ed3e60ca6fb6a6e896437e8","isMergeCommit":false,"messageTitle":"Create class for task","messageBody":"","fileTypesAndContributionMap":{"java":{"insertions":31,"deletions":0}}},{"hash":"d6916772dc6e476e9950139574e3b4ca0e8bdb6e","isMergeCommit":false,"messageTitle":"Improove efficiency by using StringBuilder instead of String in loop","messageBody":"","fileTypesAndContributionMap":{"java":{"insertions":5,"deletions":5}}}]},{"date":"2023-08-21","commitResults":[{"hash":"3f5fdb02ee23c14d96e1297c8b5f04e362c8591b","isMergeCommit":false,"messageTitle":"Implement mark as done functionality","messageBody":"","tags":["Level-3"],"fileTypesAndContributionMap":{"java":{"insertions":57,"deletions":9}}}]},{"date":"2023-08-24","commitResults":[{"hash":"6b8b3536c9cf34b765508c1fdd066cbaba8a9d19","isMergeCommit":false,"messageTitle":"Replace getDescription with toString method","messageBody":"","fileTypesAndContributionMap":{"java":{"insertions":4,"deletions":7}}},{"hash":"c9475e706245756280ad05af653d81f7f5730a42","isMergeCommit":false,"messageTitle":"Create subclasses for tasks","messageBody":"","fileTypesAndContributionMap":{"java":{"insertions":52,"deletions":0}}},{"hash":"63aa3181497992657b245ef7e8fe3bc003834c1c","isMergeCommit":false,"messageTitle":"Replace loop with scanner methods and implement todo","messageBody":"","fileTypesAndContributionMap":{"java":{"insertions":16,"deletions":23}}},{"hash":"407fef676a4217d41d9593c981801654c727e502","isMergeCommit":false,"messageTitle":"Implement adding deadline type task","messageBody":"","fileTypesAndContributionMap":{"java":{"insertions":11,"deletions":0}}},{"hash":"a5aa851d216e40debd996dbd99343dc497c9bd6e","isMergeCommit":false,"messageTitle":"Implement adding event type task","messageBody":"","tags":["Level-4"],"fileTypesAndContributionMap":{"java":{"insertions":13,"deletions":3}}},{"hash":"ab95ffe69eef8a5ccf68a29c57edd9777232875f","isMergeCommit":false,"messageTitle":"Create DukeException class","messageBody":"","fileTypesAndContributionMap":{"java":{"insertions":7,"deletions":0}}},{"hash":"1c56155dc66495e3d55b331b522d65d67b56234b","isMergeCommit":false,"messageTitle":"Implement error handling","messageBody":"","tags":["Level-5"],"fileTypesAndContributionMap":{"java":{"insertions":117,"deletions":43}}},{"hash":"e21cb90039dcee720bb9eab2fdbb01552ac3d787","isMergeCommit":false,"messageTitle":"Implement deleting task","messageBody":"","tags":["Level-6"],"fileTypesAndContributionMap":{"java":{"insertions":12,"deletions":0}}},{"hash":"72339e724edd8955c68df31a53691ca5964e5fd7","isMergeCommit":false,"messageTitle":"Implement enums for commands","messageBody":"","tags":["A-Enums"],"fileTypesAndContributionMap":{"java":{"insertions":86,"deletions":22}}},{"hash":"d0546eafe60edb2bb008619a7dc230977bbbd973","isMergeCommit":false,"messageTitle":"Implement automated text ui testing","messageBody":"","tags":["A-TextUiTesting"],"fileTypesAndContributionMap":{"txt":{"insertions":23,"deletions":0},"java":{"insertions":35,"deletions":36}}},{"hash":"14df8a14407b0950f4a07f69cca946748e740fb6","isMergeCommit":false,"messageTitle":"Refactor class name to Sana","messageBody":"","fileTypesAndContributionMap":{"java":{"insertions":35,"deletions":35}}},{"hash":"2c0b122330d8ab2df5e542781254ef2da88dc918","isMergeCommit":false,"messageTitle":"Add more test cases","messageBody":"","fileTypesAndContributionMap":{"txt":{"insertions":2,"deletions":0}}},{"hash":"ee8384708ce42963a7a6fa60c3a47fbdd702c5b0","isMergeCommit":false,"messageTitle":"Make helper methods in Sana class private","messageBody":"","fileTypesAndContributionMap":{"java":{"insertions":24,"deletions":26}}}]},{"date":"2023-08-30","commitResults":[{"hash":"35be9525bc00b979d2c07a2912b8c497fb1b43d6","isMergeCommit":false,"messageTitle":"Implement save tasks function","messageBody":"","fileTypesAndContributionMap":{"java":{"insertions":60,"deletions":12}}},{"hash":"d5d3368bf8197360f6ba0f5eaea5ce1f9f23f1bd","isMergeCommit":true,"messageTitle":"Merge branch \u0027branch-level-7\u0027","messageBody":"","tags":["Level-7"],"fileTypesAndContributionMap":{}},{"hash":"30c6bf80cd5923f7b39a0ac35496e0858f05d70b","isMergeCommit":false,"messageTitle":"Implement date and time for deadline","messageBody":"","fileTypesAndContributionMap":{"java":{"insertions":23,"deletions":10}}},{"hash":"12f72b7f20ef0261cea77e92402b7046b4df4bc1","isMergeCommit":false,"messageTitle":"Implement date and time for event","messageBody":"","fileTypesAndContributionMap":{"java":{"insertions":28,"deletions":11}}},{"hash":"81f417c36844ff608a316d9f1176423ec6ea3165","isMergeCommit":true,"messageTitle":"Merge branch \u0027branch-level-8\u0027","messageBody":"","tags":["Level-8"],"fileTypesAndContributionMap":{}},{"hash":"36b6c2a015184d6f3236c89aaf5f48037db7efb4","isMergeCommit":false,"messageTitle":"Create classes to make code more OOP","messageBody":"","fileTypesAndContributionMap":{"java":{"insertions":20,"deletions":0}}},{"hash":"ebb963f7bc1f027ba5c26b1dc77556891462e1db","isMergeCommit":false,"messageTitle":"Implement parser class to parse commands","messageBody":"","fileTypesAndContributionMap":{"java":{"insertions":21,"deletions":1}}},{"hash":"1bf7642e00fafb48fe19dc4af5e079cd288aef0a","isMergeCommit":false,"messageTitle":"Implement UI class","messageBody":"","fileTypesAndContributionMap":{"java":{"insertions":25,"deletions":1}}},{"hash":"be9305b9d76dcb74a8134a4fa1f911a37db5c837","isMergeCommit":false,"messageTitle":"Implement TaskList class","messageBody":"","fileTypesAndContributionMap":{"java":{"insertions":19,"deletions":2}}},{"hash":"88c7bf7c1c43e3259abda978dcc8d0d7f5b6ac90","isMergeCommit":false,"messageTitle":"Implement load and save functions in Storage class","messageBody":"","fileTypesAndContributionMap":{"java":{"insertions":58,"deletions":1}}},{"hash":"139b9b5d441f98d5f71eb1a336ea65a458fb441e","isMergeCommit":false,"messageTitle":"Implement add todo task function","messageBody":"","fileTypesAndContributionMap":{"java":{"insertions":56,"deletions":287}}},{"hash":"fa3d695825eaaa0099aab0cb7b9d27b6955105bf","isMergeCommit":false,"messageTitle":"Implement add deadline task function","messageBody":"","fileTypesAndContributionMap":{"java":{"insertions":26,"deletions":0}}},{"hash":"d2c02af141a784b4014211b654140ec885cfa7f6","isMergeCommit":false,"messageTitle":"Bugfix for empty todo command","messageBody":"","fileTypesAndContributionMap":{"java":{"insertions":6,"deletions":2}}},{"hash":"4d153c46531adde267719a6ec26042ed00b2f215","isMergeCommit":false,"messageTitle":"Bugfix for doubled lines on printing error msg","messageBody":"","fileTypesAndContributionMap":{"java":{"insertions":0,"deletions":2}}},{"hash":"47dda04d3231940e5b311aff65af569e10f17c09","isMergeCommit":false,"messageTitle":"Implement Command superclass","messageBody":"","fileTypesAndContributionMap":{"java":{"insertions":13,"deletions":1}}},{"hash":"2b384ec07a8642cd3426a8b33ec37d3037cf2c3e","isMergeCommit":false,"messageTitle":"Implement adding event task function","messageBody":"","fileTypesAndContributionMap":{"java":{"insertions":46,"deletions":9}}},{"hash":"dc9135aa3f4fe0a20357528f3065e139c7fe6e67","isMergeCommit":false,"messageTitle":"Implement HelpCommand for invalid command words","messageBody":"","fileTypesAndContributionMap":{"java":{"insertions":10,"deletions":1}}},{"hash":"e21d971d8887388148f37ff9f6a430bda50ca8c6","isMergeCommit":false,"messageTitle":"Implement ExitCommand class","messageBody":"","fileTypesAndContributionMap":{"java":{"insertions":58,"deletions":3}}},{"hash":"afa09eeace0705525a467e2dbdef5cbf340e0594","isMergeCommit":false,"messageTitle":"Implement listing tasks function","messageBody":"","fileTypesAndContributionMap":{"java":{"insertions":20,"deletions":3}}},{"hash":"d5e79fc4a9caf1329700ddc9ec028da6f78640e0","isMergeCommit":false,"messageTitle":"Implement formatString method for saving tasks","messageBody":"","fileTypesAndContributionMap":{"java":{"insertions":21,"deletions":6}}},{"hash":"93082a585b031ca5e70601d00988fab3fa589842","isMergeCommit":false,"messageTitle":"Task: Implement getTask","messageBody":"","fileTypesAndContributionMap":{"java":{"insertions":47,"deletions":3}}},{"hash":"0289cf25a3211b27774cbd2ce2a0d60d0729e2c1","isMergeCommit":false,"messageTitle":"AddCommand: refactor constructor to include isDone","messageBody":"","fileTypesAndContributionMap":{"java":{"insertions":8,"deletions":5}}},{"hash":"0ffaefe0e670f986711dbc46c46fa83bc45b30ea","isMergeCommit":false,"messageTitle":"Refactor save method to write formatted tasks","messageBody":"","fileTypesAndContributionMap":{"java":{"insertions":2,"deletions":3}}},{"hash":"fa8fa6235c8a62d3b68cfff99930beb558caf969","isMergeCommit":false,"messageTitle":"Refactor tasksList to be an array list of tasks","messageBody":"","fileTypesAndContributionMap":{"java":{"insertions":14,"deletions":4}}},{"hash":"f71f19df49ef03f07113995f268f5886006f1df6","isMergeCommit":false,"messageTitle":"ListCommand: implement execute method","messageBody":"","fileTypesAndContributionMap":{"java":{"insertions":3,"deletions":2}}},{"hash":"dfbe4449de2b4f77588ce2dee0b9b36ac448c678","isMergeCommit":false,"messageTitle":"Refactor deleting tasks function","messageBody":"","fileTypesAndContributionMap":{"java":{"insertions":24,"deletions":4}}},{"hash":"18a0472fdcba6a2166547e6962ecc40aa573ee4b","isMergeCommit":false,"messageTitle":"Refactor unmark and mark tasks functions","messageBody":"","fileTypesAndContributionMap":{"java":{"insertions":56,"deletions":2}}},{"hash":"670741258e18fc27f6668db2f939c97a174bcab4","isMergeCommit":true,"messageTitle":"Merge branch \u0027branch-more-OOP\u0027","messageBody":"","tags":["A-MoreOOP"],"fileTypesAndContributionMap":{}},{"hash":"94a7e5ef856bbf41970c013ebd24c95513896dad","isMergeCommit":false,"messageTitle":"Package classes into \u0027sana\u0027","messageBody":"","tags":["A-Packages"],"fileTypesAndContributionMap":{"java":{"insertions":35,"deletions":10}}},{"hash":"092f245d9db72ec7b5712111eac70a2af1bbb81c","isMergeCommit":true,"messageTitle":"Merge branch \u0027add-gradle-support\u0027","messageBody":"","fileTypesAndContributionMap":{}},{"hash":"6f15e56587081bedd04b34f4219125e368648408","isMergeCommit":false,"messageTitle":"build.gradle: set mainClass to sana.Sana","messageBody":"","tags":["A-Jar","A-Gradle"],"fileTypesAndContributionMap":{"gradle":{"insertions":2,"deletions":2}}}]},{"date":"2023-08-31","commitResults":[{"hash":"140d34648d20e709c9b1c548d40bc6ea98e386c5","isMergeCommit":false,"messageTitle":"Update files for text ui test","messageBody":"","fileTypesAndContributionMap":{"txt":{"insertions":6,"deletions":7},"sh":{"insertions":2,"deletions":2}}},{"hash":"fded52a5130fa2fb479c4ca8c40301f0cfe10bc2","isMergeCommit":false,"messageTitle":"Ui: refactor class to have scanner as field","messageBody":"","fileTypesAndContributionMap":{"java":{"insertions":14,"deletions":10}}},{"hash":"8923d4607c9e303797341c476ceccd93ef2f5b21","isMergeCommit":false,"messageTitle":"Add JUnit tests for Task class formatTask method","messageBody":"","fileTypesAndContributionMap":{"java":{"insertions":47,"deletions":0}}},{"hash":"7a50df9b81f86b8d51c2c354c33e61c5adbdbb69","isMergeCommit":false,"messageTitle":"Add JUnit tests for parser method","messageBody":"","fileTypesAndContributionMap":{"java":{"insertions":112,"deletions":0}}},{"hash":"420ce6e38fcc22e8e81579c1d8651ae7cab5e425","isMergeCommit":false,"messageTitle":"Add JUnit tests for AddCommand execute method","messageBody":"","tags":["A-JUnit"],"fileTypesAndContributionMap":{"java":{"insertions":104,"deletions":3}}},{"hash":"95742b31b1aefa4a25d58e92b52ee648f1799050","isMergeCommit":false,"messageTitle":"Add header comments to non-private classes/methods","messageBody":"","fileTypesAndContributionMap":{"java":{"insertions":484,"deletions":68}}},{"hash":"8943e9e385a2c173e1af60f5199f95be0027fac8","isMergeCommit":true,"messageTitle":"Merge branch \u0027branch-A-JavaDoc\u0027","messageBody":"","tags":["A-JavaDoc"],"fileTypesAndContributionMap":{}},{"hash":"53fad8271c477e8be88be834f99f6688531e2ef7","isMergeCommit":false,"messageTitle":"Add checkstyle configuration","messageBody":"","tags":["A-CheckStyle"],"fileTypesAndContributionMap":{"gradle":{"insertions":5,"deletions":0}}},{"hash":"05aaefe337a57c3cfbc3d7a8c6cfc718755ddb14","isMergeCommit":true,"messageTitle":"Merge branch \u0027branch-A-CodingStandard\u0027","messageBody":"","tags":["A-CodingStandard"],"fileTypesAndContributionMap":{}},{"hash":"8b31de577934f4772faa9d85f55322e3316ae796","isMergeCommit":false,"messageTitle":"Implement find task function","messageBody":"","fileTypesAndContributionMap":{"java":{"insertions":57,"deletions":0}}},{"hash":"3795a0e7e67009cee5ab2ec16eb0a21f77137ad1","isMergeCommit":true,"messageTitle":"Merge branch \u0027branch-Level-9\u0027","messageBody":"","tags":["Level-9"],"fileTypesAndContributionMap":{}},{"hash":"14b8521103d9d35a5159af245a26fe09e791be2c","isMergeCommit":false,"messageTitle":"Update runtest.sh so it runs without existing data","messageBody":"","fileTypesAndContributionMap":{"java":{"insertions":1,"deletions":1},"sh":{"insertions":17,"deletions":0}}}]},{"date":"2023-09-07","commitResults":[{"hash":"cb94def28554faaad68b573a0611097c88671631","isMergeCommit":false,"messageTitle":"Add GUI using JavaFX","messageBody":"","fileTypesAndContributionMap":{"gradle":{"insertions":15,"deletions":0},"fxml":{"insertions":35,"deletions":0},"java":{"insertions":204,"deletions":117}}},{"hash":"273a55b9c787883386bdae41b9e838338e177001","isMergeCommit":true,"messageTitle":"Merge branch \u0027branch-Level-10\u0027","messageBody":"","tags":["Level-10"],"fileTypesAndContributionMap":{}}]},{"date":"2023-09-08","commitResults":[{"hash":"2a781fa3086b086cb01c39c9b909e3767ac96c5e","isMergeCommit":false,"messageTitle":"Add javadocs and fix code standard violations","messageBody":"","fileTypesAndContributionMap":{"java":{"insertions":25,"deletions":15}}}]},{"date":"2023-09-11","commitResults":[{"hash":"1dd685e071f94ccc7a0913a9ec3a28d2bb27030c","isMergeCommit":false,"messageTitle":"Refactor filepath in storage","messageBody":"","fileTypesAndContributionMap":{"txt":{"insertions":3,"deletions":0},"java":{"insertions":10,"deletions":18}}},{"hash":"0a40ee72f112c5e194d27dafe47c54586357ee8c","isMergeCommit":false,"messageTitle":"Create new jar file","messageBody":"","fileTypesAndContributionMap":{"gradle":{"insertions":2,"deletions":1},"txt":{"insertions":3,"deletions":0},"java":{"insertions":13,"deletions":11}}}]},{"date":"2023-09-12","commitResults":[{"hash":"d9c11f3c621632843ada7e4365181814eb52258d","isMergeCommit":false,"messageTitle":"Add assertions","messageBody":"","fileTypesAndContributionMap":{"txt":{"insertions":3,"deletions":4},"java":{"insertions":33,"deletions":5}}},{"hash":"43e272fd99a603bf15e339286553a0e60371c365","isMergeCommit":false,"messageTitle":"Refactor code to adhere to code quality","messageBody":"","fileTypesAndContributionMap":{"txt":{"insertions":3,"deletions":1},"java":{"insertions":476,"deletions":286}}}]},{"date":"2023-09-13","commitResults":[{"hash":"e1b0dd09e3764922dc02c7dc64ab0d5c9bb7f1bf","isMergeCommit":false,"messageTitle":"AddCommand: replace class with the smaller classes","messageBody":"The execute method in the AddCommand class is getting too long\n(over 100 LoC)\n\nSeparating the execute method in different classes is more readable and\nmaintainable in the long run as opposed to using one large switch\nstatement in the AddCommand class.\n\nLet\u0027s extract the classes based on each command i.e. AddTodoClass,\nAddDeadlineClass, AddEventClass.\n","fileTypesAndContributionMap":{"txt":{"insertions":3,"deletions":1},"java":{"insertions":476,"deletions":286}}},{"hash":"8e11578736537d44beee132fc385336f41f6dff0","isMergeCommit":true,"messageTitle":"Merge pull request #1 from AriellaCallista/branch-A-Assertions","messageBody":"Add assertions","tags":["A-Assertions"],"fileTypesAndContributionMap":{}},{"hash":"0bad69c2d840ad03c09794030b4182c84031a38f","isMergeCommit":true,"messageTitle":"Merge branch \u0027master\u0027 of https://github.com/AriellaCallista/ip","messageBody":"","fileTypesAndContributionMap":{}},{"hash":"abc5047f6f26d196b51bce33dda8a0b2439a00d1","isMergeCommit":true,"messageTitle":"Merge branch \u0027master\u0027 into branch-A-CodeQuality","messageBody":"# Conflicts:\n#\tdata/SanaTasks.txt\n#\tsrc/main/java/sana/AddCommand.java\n#\tsrc/main/java/sana/DeleteCommand.java\n#\tsrc/main/java/sana/Parser.java\n#\tsrc/main/java/sana/TaskList.java\n","fileTypesAndContributionMap":{}},{"hash":"b6b529f6cbb4b694cbf251019238d36234c3c7f7","isMergeCommit":true,"messageTitle":"Merge pull request #2 from AriellaCallista/branch-A-CodeQuality","messageBody":"","tags":["A-CodeQuality"],"fileTypesAndContributionMap":{}},{"hash":"a511cac16b0f0e707d6d6348c4fb7572d5de3786","isMergeCommit":true,"messageTitle":"Merge branch \u0027master\u0027 of https://github.com/AriellaCallista/ip","messageBody":"","fileTypesAndContributionMap":{}}]}]},"authorFileTypeContributionMap":{"AriellaCallista":{"java":1677,"md":0,"fxml":35,"sh":19,"bat":0,"gradle":23,"txt":33}},"authorContributionVariance":{"AriellaCallista":110716.89},"authorDisplayNameMap":{"AriellaCallista":"CS2103T-W09-4 ARIE..ISTA"}}
