{"authorDailyContributionsMap":{"Dioclei":[{"date":"2023-08-22","commitResults":[{"hash":"4cf7ee367cb37d07db1a55e5604682dbc5a9946d","isMergeCommit":false,"messageTitle":"Renamed Duke to Fluke. Added skeletal code.","messageBody":"","tags":["Level-0"],"fileTypesAndContributionMap":{"java":{"insertions":30,"deletions":6}}},{"hash":"9f91054ed5479f293bfcbc299b0008c9a9079c01","isMergeCommit":false,"messageTitle":"Give Fluke a personality","messageBody":"","fileTypesAndContributionMap":{"java":{"insertions":3,"deletions":3}}},{"hash":"63285781b96d23f7de6c80ab538def7928dbe16a","isMergeCommit":false,"messageTitle":"Add ability to give Fluke commands","messageBody":"","tags":["Level-1"],"fileTypesAndContributionMap":{"java":{"insertions":23,"deletions":1}}},{"hash":"b90cbc4a74fc7bf427ff723ad87718f96d7c19f5","isMergeCommit":false,"messageTitle":"input now adds to a list.","messageBody":"","tags":["Level-2"],"fileTypesAndContributionMap":{"java":{"insertions":24,"deletions":6}}},{"hash":"5a7ac04f01da24d088e00456750457e8003500ea","isMergeCommit":false,"messageTitle":"added tasks and renamed methods appropriately.","messageBody":"","tags":["Level-3"],"fileTypesAndContributionMap":{"java":{"insertions":76,"deletions":18}}},{"hash":"9230ffd07a7f65b13489eb0fc839431dc68f51b7","isMergeCommit":false,"messageTitle":"Updated with 3 types of tasks","messageBody":"","tags":["Level-4"],"fileTypesAndContributionMap":{"java":{"insertions":98,"deletions":13}}}]},{"date":"2023-08-23","commitResults":[{"hash":"6b5329e69a7ce9928931fa999318f007657ecb80","isMergeCommit":false,"messageTitle":"added automated testing library","messageBody":"","tags":["A-TextUiTesting"],"fileTypesAndContributionMap":{"txt":{"insertions":4,"deletions":0},"java":{"insertions":3,"deletions":4}}},{"hash":"b84f82a43adb82c832e356c7850367a540f180ff","isMergeCommit":false,"messageTitle":"added delete","messageBody":"","tags":["Level-6","Level-5"],"fileTypesAndContributionMap":{"java":{"insertions":169,"deletions":83}}},{"hash":"c4821039b67230864c4d9cd3af21ad3b9d6b2265","isMergeCommit":false,"messageTitle":"add enum for commands","messageBody":"","tags":["A-Enums"],"fileTypesAndContributionMap":{"java":{"insertions":56,"deletions":19}}}]},{"date":"2023-08-29","commitResults":[{"hash":"0f40dee189782af4758ae0703b28154453a23a26","isMergeCommit":false,"messageTitle":"reformatted code","messageBody":"","fileTypesAndContributionMap":{"java":{"insertions":32,"deletions":32}}},{"hash":"c6c2a28c77fa87987d8275e7390b77f705a923bb","isMergeCommit":false,"messageTitle":"add error handling for invalid inputs for event and deadline","messageBody":"","fileTypesAndContributionMap":{"java":{"insertions":6,"deletions":0}}}]},{"date":"2023-08-31","commitResults":[{"hash":"b99462223840b51c3a8c0821483ec26c3482063f","isMergeCommit":false,"messageTitle":"Save todo list data to fluke.txt and read data on startup","messageBody":"","tags":["Level-7"],"fileTypesAndContributionMap":{"java":{"insertions":193,"deletions":13}}},{"hash":"f2c4544801c808446490f5a543955c068909d93f","isMergeCommit":false,"messageTitle":"change storage of date data to use LocalDate","messageBody":"","tags":["Level-8"],"fileTypesAndContributionMap":{"java":{"insertions":38,"deletions":16}}}]},{"date":"2023-09-02","commitResults":[{"hash":"cc2341d0c7109d9ea3cabae3e61dada5e3616bda","isMergeCommit":false,"messageTitle":"refactor code, add parser storage tasklist and ui. rename duke to fluke","messageBody":"","fileTypesAndContributionMap":{"java":{"insertions":551,"deletions":409}}},{"hash":"663d74f2d3655789d054c8e0424b96f0ee00a2c4","isMergeCommit":false,"messageTitle":"rename DukeException to FlukeException","messageBody":"","fileTypesAndContributionMap":{"java":{"insertions":44,"deletions":44}}},{"hash":"dc4537bb28e530801bcba6ff77304be447b76e65","isMergeCommit":false,"messageTitle":"fix ui bug with printing list","messageBody":"","tags":["A-MoreOOP"],"fileTypesAndContributionMap":{"java":{"insertions":4,"deletions":1}}},{"hash":"5e58c6fc19758b325e3d51cedd58b29e577e8074","isMergeCommit":true,"messageTitle":"Merge branch \u0027MoreOOP\u0027","messageBody":"* MoreOOP:\n  fix ui bug with printing list\n  rename DukeException to FlukeException\n  refactor code, add parser storage tasklist and ui. rename duke to fluke\n","fileTypesAndContributionMap":{}},{"hash":"971d094062c28c2e4b0687ff108b6821c027650f","isMergeCommit":false,"messageTitle":"cleanup code","messageBody":"","fileTypesAndContributionMap":{"java":{"insertions":6,"deletions":6}}},{"hash":"777a1daf77cea8f030fbcf9c138e9d41947eced5","isMergeCommit":false,"messageTitle":"refactor into packages","messageBody":"","tags":["A-Packages"],"fileTypesAndContributionMap":{"java":{"insertions":54,"deletions":4}}},{"hash":"d095b8d10c2547fa845dcefb47e1c31a561057af","isMergeCommit":true,"messageTitle":"Merge branch \u0027Packages\u0027","messageBody":"* Packages:\n  refactor into packages\n  cleanup code\n","fileTypesAndContributionMap":{}},{"hash":"6199fe6e1d135d4b9782b1b8620e3166031798c8","isMergeCommit":true,"messageTitle":"Merge commit \u0027ed6d4d25bd4e34461919ffe785a6f10f4c087552\u0027","messageBody":"* commit \u0027ed6d4d25bd4e34461919ffe785a6f10f4c087552\u0027:\n  Bump gradle and lib version\n  Add Gradle support\n","tags":["A-Gradle"],"fileTypesAndContributionMap":{}},{"hash":"a1c1bd2d99c56a64dfe94e7d6686bf02536d5622","isMergeCommit":false,"messageTitle":"remove redundant constructor for fluke","messageBody":"","fileTypesAndContributionMap":{"java":{"insertions":0,"deletions":7}}},{"hash":"4871cb40156fd0e2ab22a7f8e139b22aa5aa6041","isMergeCommit":false,"messageTitle":"fix mark as done bug","messageBody":"","fileTypesAndContributionMap":{"java":{"insertions":1,"deletions":0}}},{"hash":"a20d71718d956fe9c57858a61f08e3a7ea76a85b","isMergeCommit":false,"messageTitle":"add tests for TaskList","messageBody":"","fileTypesAndContributionMap":{"java":{"insertions":51,"deletions":3}}},{"hash":"0e9e2c46647d8335c212fae56b697079561a59cf","isMergeCommit":false,"messageTitle":"add tests for Parser","messageBody":"","tags":["A-Jar","A-JUnit"],"fileTypesAndContributionMap":{"java":{"insertions":33,"deletions":4}}},{"hash":"60e411bcd87f0c1ac5854586efe9872acd651627","isMergeCommit":true,"messageTitle":"Merge branch \u0027branch-testing\u0027","messageBody":"* branch-testing:\n  add tests for Parser\n  add tests for TaskList\n","fileTypesAndContributionMap":{}},{"hash":"813a550786fd7e0ce16127e849a94b9b987463f5","isMergeCommit":false,"messageTitle":"Add javadoc to all public methods and a few non-trivial private methods.","messageBody":"","tags":["A-JavaDoc"],"fileTypesAndContributionMap":{"java":{"insertions":365,"deletions":15}}},{"hash":"c9423d2b666226afa04884fa31537691127c0c9a","isMergeCommit":false,"messageTitle":"comply with coding standards","messageBody":"","tags":["A-CodingStandard"],"fileTypesAndContributionMap":{"java":{"insertions":77,"deletions":78}}},{"hash":"c96772447232771393b8d7f77cd6670973716dff","isMergeCommit":false,"messageTitle":"implement find feature","messageBody":"","tags":["Level-9"],"fileTypesAndContributionMap":{"java":{"insertions":64,"deletions":1}}},{"hash":"2cbaaf3e51a59b56a1f71cb2cab283811a07235b","isMergeCommit":true,"messageTitle":"Merge branch \u0027branch-A-JavaDoc\u0027","messageBody":"* branch-A-JavaDoc:\n  Add javadoc to all public methods and a few non-trivial private methods.\n","fileTypesAndContributionMap":{}},{"hash":"bb17b4b34fa56552d04fc3744a165335a385757e","isMergeCommit":true,"messageTitle":"Merge branch \u0027branch-A-CodingStandard\u0027","messageBody":"* branch-A-CodingStandard:\n  comply with coding standards\n\n# Conflicts:\n#\tsrc/main/java/fluke/Fluke.java\n#\tsrc/main/java/fluke/Parser.java\n#\tsrc/main/java/fluke/TaskList.java\n#\tsrc/main/java/fluke/Ui.java\n#\tsrc/main/java/fluke/tasks/Deadline.java\n#\tsrc/main/java/fluke/tasks/Event.java\n","fileTypesAndContributionMap":{}},{"hash":"1c3fb51896664555a227424829f81f8b5053f3b3","isMergeCommit":true,"messageTitle":"Merge branch \u0027branch-Level-9\u0027","messageBody":"* branch-Level-9:\n  implement find feature\n\n# Conflicts:\n#\tsrc/main/java/fluke/TaskList.java\n#\tsrc/main/java/fluke/Ui.java\n","fileTypesAndContributionMap":{}}]},{"date":"2023-09-06","commitResults":[{"hash":"6205dcd14841c60777f3397cb2d2ae6c838f6d7b","isMergeCommit":false,"messageTitle":"add checkstyle gradle script","messageBody":"","tags":["A-CheckStyle"],"fileTypesAndContributionMap":{"gradle":{"insertions":5,"deletions":0},"java":{"insertions":49,"deletions":45}}},{"hash":"30bb208ee425a5639aa31a705518350719266d18","isMergeCommit":true,"messageTitle":"Merge tag \u0027A-CheckStyle\u0027","messageBody":"* tag \u0027A-CheckStyle\u0027:\n  add checkstyle gradle script\n","fileTypesAndContributionMap":{}}]},{"date":"2023-09-09","commitResults":[{"hash":"49742ad8471c51707d4502023c0dd514742f140c","isMergeCommit":false,"messageTitle":"Add GUI to Fluke","messageBody":"","tags":["Level-10"],"fileTypesAndContributionMap":{"gradle":{"insertions":15,"deletions":0},"fxml":{"insertions":35,"deletions":0},"java":{"insertions":258,"deletions":124}}},{"hash":"f4e801074736df3644b6719ce1f049c434539b9b","isMergeCommit":true,"messageTitle":"Merge branch \u0027branch-Level-10\u0027","messageBody":"* branch-Level-10:\n  Add GUI to Fluke\n","fileTypesAndContributionMap":{}}]},{"date":"2023-09-15","commitResults":[{"hash":"d664d842aa7e2cd907a0132c63bf6f2bff6b48d1","isMergeCommit":false,"messageTitle":"Change build.gradle config","messageBody":"","fileTypesAndContributionMap":{"gradle":{"insertions":2,"deletions":2}}},{"hash":"cd806bef4a5ba0971a7c994c83d4635300be0e34","isMergeCommit":false,"messageTitle":"Add assertions for assumptions in the code","messageBody":"There are no assertions in the code to make sure of key assumptions.\nThis can cause errors which are hard to debug such as NullPointerExceptions.\n\nAdd assertions to make sure that:\n1. fluke and ui elements are not null upon initialisation and upon user input.\n2. save file parser regex correctly detects what is needed, e.g. the type of task.\n\nReasons for the above:\n1. This is important because the whole application will break when fluke and ui elements are null.\n2. This is important because the regex needs to work to parse the whole save file correctly.\n","tags":["A-FullCommitMessage","A-Assertions"],"fileTypesAndContributionMap":{"java":{"insertions":8,"deletions":1}}}]},{"date":"2023-09-16","commitResults":[{"hash":"97c24ce0dece2daf7fd1a6467815a0a20302afbc","isMergeCommit":false,"messageTitle":"Refactor code to make it more readable","messageBody":"","fileTypesAndContributionMap":{"java":{"insertions":42,"deletions":35}}},{"hash":"81f7576f584cf7be3bb56f0418dc8acaae5adca3","isMergeCommit":false,"messageTitle":"Revert \"Refactor code to make it more readable\"","messageBody":"This reverts commit 97c24ce0dece2daf7fd1a6467815a0a20302afbc.\n","fileTypesAndContributionMap":{"java":{"insertions":35,"deletions":42}}},{"hash":"1428f37bde5c117968f376a65badf52ad54dabcb","isMergeCommit":false,"messageTitle":"Revert \"Revert \"Refactor code to make it more readable\"\"","messageBody":"This reverts commit 81f7576f584cf7be3bb56f0418dc8acaae5adca3.\n","tags":["A-CodeQuality"],"fileTypesAndContributionMap":{"java":{"insertions":42,"deletions":35}}},{"hash":"cf68d9e1d8608edd1ca142b3495988002d0c2016","isMergeCommit":true,"messageTitle":"Merge pull request #1 from Dioclei/branch-A-Assertions","messageBody":"Add assertions for assumptions in the code","fileTypesAndContributionMap":{}},{"hash":"f47b916f13479c338973012a0eb2d47b1ba8f368","isMergeCommit":true,"messageTitle":"Merge branch \u0027master\u0027 of https://github.com/Dioclei/ip","messageBody":"* \u0027master\u0027 of https://github.com/Dioclei/ip:\n  Add assertions for assumptions in the code\n","fileTypesAndContributionMap":{}},{"hash":"4a7c756b794491e1dfb8158845d6488746a9039b","isMergeCommit":true,"messageTitle":"Merge branch \u0027master\u0027 into branch-A-CodeQuality","messageBody":"* master:\n  Add assertions for assumptions in the code\n","fileTypesAndContributionMap":{}},{"hash":"47ccf99546b05e59c7696e85309674698eedffdd","isMergeCommit":true,"messageTitle":"Merge pull request #2 from Dioclei/branch-A-CodeQuality","messageBody":"Improve code quality by refactoring some code and making it more readable","fileTypesAndContributionMap":{}},{"hash":"e5b74687733c086474fc93892813c56180f9c647","isMergeCommit":true,"messageTitle":"Merge branch \u0027master\u0027 of https://github.com/Dioclei/ip","messageBody":"* \u0027master\u0027 of https://github.com/Dioclei/ip:\n  Revert \"Revert \"Refactor code to make it more readable\"\"\n  Revert \"Refactor code to make it more readable\"\n  Refactor code to make it more readable\n","fileTypesAndContributionMap":{}}]}]},"authorFileTypeContributionMap":{"Dioclei":{"java":1378,"md":0,"fxml":35,"sh":0,"bat":0,"gradle":22,"txt":4}},"authorContributionVariance":{"Dioclei":114103.51},"authorDisplayNameMap":{"Dioclei":"CS2103T-W17-4 JASO..XUAN"}}
