{"authorDailyContributionsMap":{"butteredyakiimo":[{"date":"2023-08-22","commitResults":[{"hash":"3455fd8e1eb028451856bf1cd9035f5c9b2d3a9e","isMergeCommit":false,"messageTitle":"Change name of chatbot and add greetings","messageBody":"","tags":["Level-0"],"fileTypesAndContributionMap":{"java":{"insertions":6,"deletions":6}}}]},{"date":"2023-08-23","commitResults":[{"hash":"9400b64b4b63a7dd332b2b299e34302b4d558ac1","isMergeCommit":false,"messageTitle":"Add user input, chatbot echos command, exits with bye","messageBody":"","tags":["Level-1"],"fileTypesAndContributionMap":{"java":{"insertions":18,"deletions":4}}},{"hash":"15a2322a8616a46e3fd602bc08561e434dfe2aab","isMergeCommit":false,"messageTitle":"Store user input, list out all tasks","messageBody":"","tags":["Level-2"],"fileTypesAndContributionMap":{"java":{"insertions":15,"deletions":4}}},{"hash":"439f39c64cc6dadabfbef52a9e3ecf885f5c8de0","isMergeCommit":false,"messageTitle":"Add a Task class, users can mark tasks as done","messageBody":"","tags":["Level-3"],"fileTypesAndContributionMap":{"java":{"insertions":60,"deletions":9}}},{"hash":"91ae7f757aa577d9755302d8f42028417cda648e","isMergeCommit":false,"messageTitle":"Add commands todo, deadline and event, created these classes too","messageBody":"","tags":["Level-4"],"fileTypesAndContributionMap":{"java":{"insertions":78,"deletions":15}}},{"hash":"06eec0531c99597c65a1426b06517cd0c88a672d","isMergeCommit":false,"messageTitle":"Add TextUiTesting, made some fields private","messageBody":"","tags":["A-TextUiTesting"],"fileTypesAndContributionMap":{"txt":{"insertions":39,"deletions":0},"java":{"insertions":78,"deletions":57}}},{"hash":"755476cc60daae07c7070fc55a6cc85fd05cdfa0","isMergeCommit":false,"messageTitle":"Handle errors, such as invalid and incomplete commands","messageBody":"","tags":["Level-5"],"fileTypesAndContributionMap":{"txt":{"insertions":38,"deletions":0},"java":{"insertions":76,"deletions":25}}}]},{"date":"2023-08-24","commitResults":[{"hash":"b57d752a3044553a1805b9fb7f5e1d958a78beae","isMergeCommit":false,"messageTitle":"Add delete function, fix invalid task id for mark, unmark and delete","messageBody":"","fileTypesAndContributionMap":{"txt":{"insertions":10,"deletions":0}}},{"hash":"6d75b93a51181ff96ec64f50f2239fb65e298b37","isMergeCommit":false,"messageTitle":"Update changes to Duke.java, include fixes mark, unmark and delete","messageBody":"","tags":["Level-6"],"fileTypesAndContributionMap":{"java":{"insertions":40,"deletions":7}}}]},{"date":"2023-08-26","commitResults":[{"hash":"7ea3176baf739a7b3026a65ce09c30a84ef0e0ef","isMergeCommit":false,"messageTitle":"Add exceptions","messageBody":"","fileTypesAndContributionMap":{"txt":{"insertions":2,"deletions":43},"java":{"insertions":245,"deletions":143}}}]},{"date":"2023-09-03","commitResults":[{"hash":"6ecc10f882dbc0f43a35bb25f8700a8bc121d5ed","isMergeCommit":false,"messageTitle":"Tasks are saved in another file, updates when list changes","messageBody":"","fileTypesAndContributionMap":{"txt":{"insertions":4,"deletions":0},"java":{"insertions":147,"deletions":24}}},{"hash":"9fbaf7a41c76ed270fbae6f3e1fce73a60e01271","isMergeCommit":true,"messageTitle":"Merge branch \u0027branch-Level-7\u0027","messageBody":"","tags":["Level-7"],"fileTypesAndContributionMap":{}},{"hash":"a73c97df6af2f4d3a76c27de69055df1311d56a8","isMergeCommit":false,"messageTitle":"Change date to LocalDateTime for deadline","messageBody":"","fileTypesAndContributionMap":{"txt":{"insertions":5,"deletions":4},"java":{"insertions":53,"deletions":27}}},{"hash":"95ffd61d87dfb62d6ec25e35dba4f1af0fe0da39","isMergeCommit":false,"messageTitle":"Dates in Events are now LocalDateTime","messageBody":"","fileTypesAndContributionMap":{"txt":{"insertions":37,"deletions":43},"java":{"insertions":31,"deletions":16}}},{"hash":"e0cdfbf04c92d2285d2365709960b6bb98ad624f","isMergeCommit":true,"messageTitle":"Merge branch \u0027branch-Level-8\u0027","messageBody":"","tags":["Level-8"],"fileTypesAndContributionMap":{}}]},{"date":"2023-09-04","commitResults":[{"hash":"062d9fece9ea0f75032697a4924824cdedf9d5a3","isMergeCommit":false,"messageTitle":"Extract out Ui, Storage, Parser and TaskList classes","messageBody":"","fileTypesAndContributionMap":{"java":{"insertions":829,"deletions":365}}},{"hash":"3039976b54c1f174582658e17a74faf153a283af","isMergeCommit":false,"messageTitle":"Add new exceptions, improve abtraction of ui class","messageBody":"","fileTypesAndContributionMap":{"java":{"insertions":102,"deletions":448}}},{"hash":"f0ecace0c42e8f2a7f673c87708ac2168ac65c58","isMergeCommit":true,"messageTitle":"Merge branch \u0027branch-A-MoreOOP\u0027","messageBody":"","tags":["A-MoreOOP"],"fileTypesAndContributionMap":{}},{"hash":"1a5f2bad4081fd9401ca26cff40f6c2962081bc7","isMergeCommit":false,"messageTitle":"Create packages: duke, exceptions and tasks","messageBody":"","fileTypesAndContributionMap":{"java":{"insertions":60,"deletions":12},"bat":{"insertions":1,"deletions":1},"sh":{"insertions":2,"deletions":2},"md":{"insertions":2,"deletions":2}}},{"hash":"a7139c2e6eab17243c5385169bcf5458eb73dc66","isMergeCommit":true,"messageTitle":"Merge branch \u0027branch-A-Packages\u0027","messageBody":"","tags":["A-Packages"],"fileTypesAndContributionMap":{}},{"hash":"d6b8bb9e7f759a0a56399a4f83288eb18f454a71","isMergeCommit":true,"messageTitle":"Merge commit \u0027ed6d4d25bd4e34461919ffe785a6f10f4c087552\u0027 into A-Gradle","messageBody":"","fileTypesAndContributionMap":{}},{"hash":"c1a458f2377985cf58244865078149695f92e051","isMergeCommit":false,"messageTitle":"Set up gradle to build and run Duke","messageBody":"","fileTypesAndContributionMap":{"gradle":{"insertions":2,"deletions":1}}},{"hash":"28a429086c804c105366f1ae050461a35a1d0ffb","isMergeCommit":true,"messageTitle":"Merge branch \u0027A-Gradle\u0027","messageBody":"","tags":["A-Gradle"],"fileTypesAndContributionMap":{}},{"hash":"208fb22a949fcbefaeec04c6c4442bff13684ed5","isMergeCommit":false,"messageTitle":"Add tests for all classes under tasks package","messageBody":"","fileTypesAndContributionMap":{"java":{"insertions":298,"deletions":12}}},{"hash":"746e4284520f5dc5bad6c27457ef31de9b6eacd6","isMergeCommit":false,"messageTitle":"Add tests for all classes under tasks package","messageBody":"","fileTypesAndContributionMap":{"java":{"insertions":0,"deletions":2}}},{"hash":"94edef4f57a7f016528a4008ee5ae8deaea55a1c","isMergeCommit":true,"messageTitle":"Merge branch \u0027branch-A-JUnit\u0027","messageBody":"","tags":["A-JUnit"],"fileTypesAndContributionMap":{}}]},{"date":"2023-09-05","commitResults":[{"hash":"071cd0e598f6e81cbf5e74552e278f98282a6470","isMergeCommit":false,"messageTitle":"No exceptions are caught in Duke class, handled instead by parser","messageBody":"","fileTypesAndContributionMap":{"java":{"insertions":117,"deletions":106}}},{"hash":"3980ff37535851aa973eeaa4f07a4d65d615bc67","isMergeCommit":true,"messageTitle":"Merge branch \u0027branch-Fix-Exceptions\u0027","messageBody":"","fileTypesAndContributionMap":{}},{"hash":"feb7a331c9c678fb6f2297647df7c3eb08837979","isMergeCommit":false,"messageTitle":"Add Java docs for all classes, except exceptions","messageBody":"","fileTypesAndContributionMap":{"txt":{"insertions":3,"deletions":0},"java":{"insertions":423,"deletions":142}}},{"hash":"f495558eeec3b42a0b40b39a74d708dcfd8f809c","isMergeCommit":false,"messageTitle":"Edit code to adhere to coding standards","messageBody":"","fileTypesAndContributionMap":{"java":{"insertions":270,"deletions":242}}},{"hash":"12be5fe5e71e0d37913757b15940e41cc7fd386c","isMergeCommit":false,"messageTitle":"Add find feature","messageBody":"","fileTypesAndContributionMap":{"txt":{"insertions":6,"deletions":0},"java":{"insertions":152,"deletions":132}}},{"hash":"08fa791b2b3965d938f0c382d547e2542f9aa508","isMergeCommit":true,"messageTitle":"Merge branch \u0027branch-A-JavaDoc\u0027","messageBody":"","tags":["A-JavaDoc"],"fileTypesAndContributionMap":{}},{"hash":"64a4897a141a13a0e1446c7bd38796ccbdeb00d8","isMergeCommit":true,"messageTitle":"Merge branch \u0027branch-A-CodingStandard\u0027","messageBody":"# Conflicts:\n#\tsrc/main/java/duke/Duke.java\n#\tsrc/main/java/duke/Parser.java\n#\tsrc/main/java/duke/Storage.java\n#\tsrc/main/java/duke/TaskList.java\n#\tsrc/main/java/duke/Ui.java\n#\tsrc/main/java/duke/tasks/Task.java\n#\tsrc/test/java/duke/tasks/TaskTest.java\n","tags":["A-CodingStandard"],"fileTypesAndContributionMap":{}},{"hash":"196720d93309e2b475498cc874b4ca4d60b0ca8f","isMergeCommit":true,"messageTitle":"Merge branch \u0027branch-Level-9\u0027","messageBody":"# Conflicts:\n#\tdata/duke.txt\n#\tsrc/main/java/duke/Duke.java\n#\tsrc/main/java/duke/Parser.java\n#\tsrc/main/java/duke/TaskList.java\n#\tsrc/main/java/duke/Ui.java\n#\tsrc/main/java/duke/tasks/Task.java\n#\tsrc/test/java/duke/tasks/TaskTest.java\n","tags":["Level-9"],"fileTypesAndContributionMap":{}},{"hash":"28b6492e49544f0ff717da5e4bc3006adc98dbba","isMergeCommit":false,"messageTitle":"Fix renaming of ID to id in exceptions and methods","messageBody":"","fileTypesAndContributionMap":{"txt":{"insertions":2,"deletions":3},"java":{"insertions":48,"deletions":55}}},{"hash":"fc3d1f6244d9f93a6ba96923dc64aedd89ceb250","isMergeCommit":false,"messageTitle":"Add more JavaDocs","messageBody":"","fileTypesAndContributionMap":{"java":{"insertions":133,"deletions":110}}},{"hash":"a076c3539c3753fb019c48028e0bf053eb5848bf","isMergeCommit":true,"messageTitle":"Merge branch \u0027branch-Fix-Merge-Bugs\u0027","messageBody":"","fileTypesAndContributionMap":{}}]},{"date":"2023-09-06","commitResults":[{"hash":"0bc4f5ea5ecfbdf86220e2c08d1efd99ea0e5537","isMergeCommit":false,"messageTitle":"Fix cosmetic issues for javadocs","messageBody":"","fileTypesAndContributionMap":{"java":{"insertions":45,"deletions":29}}}]},{"date":"2023-09-08","commitResults":[{"hash":"63bca76f1654755615640731efbf100322de866d","isMergeCommit":false,"messageTitle":"Fix nested code","messageBody":"","fileTypesAndContributionMap":{"txt":{"insertions":1,"deletions":1},"java":{"insertions":75,"deletions":78}}}]}]},"authorFileTypeContributionMap":{"butteredyakiimo":{"java":1394,"md":2,"fxml":0,"sh":1,"bat":1,"gradle":2,"txt":50}},"authorContributionVariance":{"butteredyakiimo":341535.28},"authorDisplayNameMap":{"butteredyakiimo":"CS2103T-T13-4 NICO..N YI"}}
