[{"path":"README.md","fileType":"md","lines":[{"lineNumber":1,"author":{"gitId":"SinhaVedant"},"content":"# duke.Duke project template","lastModifiedDate":"2023-09-07"},{"lineNumber":2,"author":{"gitId":"-"},"content":"","lastModifiedDate":"2020-05-25"},{"lineNumber":3,"author":{"gitId":"-"},"content":"This is a project template for a greenfield Java project. It\u0027s named after the Java mascot _Duke_. Given below are instructions on how to use it.","lastModifiedDate":"2020-05-25"},{"lineNumber":4,"author":{"gitId":"-"},"content":"","lastModifiedDate":"2020-05-25"},{"lineNumber":5,"author":{"gitId":"-"},"content":"## Setting up in Intellij","lastModifiedDate":"2020-05-25"},{"lineNumber":6,"author":{"gitId":"-"},"content":"","lastModifiedDate":"2020-05-25"},{"lineNumber":7,"author":{"gitId":"-"},"content":"Prerequisites: JDK 11, update Intellij to the most recent version.","lastModifiedDate":"2020-05-25"},{"lineNumber":8,"author":{"gitId":"-"},"content":"","lastModifiedDate":"2020-05-25"},{"lineNumber":9,"author":{"gitId":"-"},"content":"1. Open Intellij (if you are not in the welcome screen, click `File` \u003e `Close Project` to close the existing project first)","lastModifiedDate":"2021-01-17"},{"lineNumber":10,"author":{"gitId":"-"},"content":"1. Open the project into Intellij as follows:","lastModifiedDate":"2021-01-17"},{"lineNumber":11,"author":{"gitId":"-"},"content":"   1. Click `Open`.","lastModifiedDate":"2021-01-17"},{"lineNumber":12,"author":{"gitId":"-"},"content":"   1. Select the project directory, and click `OK`.","lastModifiedDate":"2021-01-17"},{"lineNumber":13,"author":{"gitId":"-"},"content":"   1. If there are any further prompts, accept the defaults.","lastModifiedDate":"2020-05-25"},{"lineNumber":14,"author":{"gitId":"-"},"content":"1. Configure the project to use **JDK 11** (not other versions) as explained in [here](https://www.jetbrains.com/help/idea/sdk.html#set-up-jdk).\u003cbr\u003e","lastModifiedDate":"2021-07-29"},{"lineNumber":15,"author":{"gitId":"-"},"content":"   In the same dialog, set the **Project language level** field to the `SDK default` option.","lastModifiedDate":"2021-07-29"},{"lineNumber":16,"author":{"gitId":"SinhaVedant"},"content":"3. After that, locate the `src/main/java/duke.Duke.java` file, right-click it, and choose `Run duke.Duke.main()` (if the code editor is showing compile errors, try restarting the IDE). If the setup is correct, you should see something like the below as the output:","lastModifiedDate":"2023-09-07"},{"lineNumber":17,"author":{"gitId":"-"},"content":"   ```","lastModifiedDate":"2020-05-25"},{"lineNumber":18,"author":{"gitId":"-"},"content":"   Hello from","lastModifiedDate":"2020-05-25"},{"lineNumber":19,"author":{"gitId":"-"},"content":"    ____        _        ","lastModifiedDate":"2020-05-25"},{"lineNumber":20,"author":{"gitId":"-"},"content":"   |  _ \\ _   _| | _____ ","lastModifiedDate":"2020-05-25"},{"lineNumber":21,"author":{"gitId":"-"},"content":"   | | | | | | | |/ / _ \\","lastModifiedDate":"2020-05-25"},{"lineNumber":22,"author":{"gitId":"-"},"content":"   | |_| | |_| |   \u003c  __/","lastModifiedDate":"2020-05-25"},{"lineNumber":23,"author":{"gitId":"-"},"content":"   |____/ \\__,_|_|\\_\\___|","lastModifiedDate":"2020-05-25"},{"lineNumber":24,"author":{"gitId":"-"},"content":"   ```","lastModifiedDate":"2020-05-25"}],"authorContributionMap":{"SinhaVedant":2,"-":22}},{"path":"data/duke.txt","fileType":"txt","lines":[{"lineNumber":1,"author":{"gitId":"SinhaVedant"},"content":"D | 1 | return book | 2019-10-15","lastModifiedDate":"2023-09-24"},{"lineNumber":2,"author":{"gitId":"SinhaVedant"},"content":"T | 1 | hello","lastModifiedDate":"2023-09-24"},{"lineNumber":3,"author":{"gitId":"SinhaVedant"},"content":"T | 0 | hello","lastModifiedDate":"2023-09-24"},{"lineNumber":4,"author":{"gitId":"SinhaVedant"},"content":"D | 0 | walk | 2017-09-12","lastModifiedDate":"2023-09-24"},{"lineNumber":5,"author":{"gitId":"SinhaVedant"},"content":"D | 0 | walkwalk | 2020-09-08","lastModifiedDate":"2023-09-24"},{"lineNumber":6,"author":{"gitId":"SinhaVedant"},"content":"T | 0 | nothing","lastModifiedDate":"2023-09-24"}],"authorContributionMap":{"SinhaVedant":6}},{"path":"src/main/java/duke/Deadline.java","fileType":"java","lines":[{"lineNumber":1,"author":{"gitId":"SinhaVedant"},"content":"package duke;","lastModifiedDate":"2023-09-07"},{"lineNumber":2,"author":{"gitId":"SinhaVedant"},"content":"import java.time.LocalDate;","lastModifiedDate":"2023-09-24"},{"lineNumber":3,"author":{"gitId":"SinhaVedant"},"content":"import java.time.format.DateTimeFormatter;","lastModifiedDate":"2023-09-24"},{"lineNumber":4,"author":{"gitId":"SinhaVedant"},"content":"","lastModifiedDate":"2023-09-24"},{"lineNumber":5,"author":{"gitId":"SinhaVedant"},"content":"","lastModifiedDate":"2023-09-07"},{"lineNumber":6,"author":{"gitId":"SinhaVedant"},"content":"public class Deadline extends Task {","lastModifiedDate":"2023-08-24"},{"lineNumber":7,"author":{"gitId":"SinhaVedant"},"content":"    protected LocalDate byDate;","lastModifiedDate":"2023-09-24"},{"lineNumber":8,"author":{"gitId":"SinhaVedant"},"content":"","lastModifiedDate":"2023-08-24"},{"lineNumber":9,"author":{"gitId":"SinhaVedant"},"content":"    public Deadline(String description, String by, char taskType) {","lastModifiedDate":"2023-08-24"},{"lineNumber":10,"author":{"gitId":"SinhaVedant"},"content":"        super(description, taskType);","lastModifiedDate":"2023-08-24"},{"lineNumber":11,"author":{"gitId":"SinhaVedant"},"content":"        this.byDate \u003d LocalDate.parse(by, DateTimeFormatter.ofPattern(\"yyyy-MM-dd\"));","lastModifiedDate":"2023-09-24"},{"lineNumber":12,"author":{"gitId":"SinhaVedant"},"content":"    }","lastModifiedDate":"2023-08-24"},{"lineNumber":13,"author":{"gitId":"SinhaVedant"},"content":"","lastModifiedDate":"2023-08-24"},{"lineNumber":14,"author":{"gitId":"SinhaVedant"},"content":"    @Override","lastModifiedDate":"2023-09-07"},{"lineNumber":15,"author":{"gitId":"SinhaVedant"},"content":"    public String toFileString() {","lastModifiedDate":"2023-09-07"},{"lineNumber":16,"author":{"gitId":"SinhaVedant"},"content":"        return super.toFileString() + \" | \" +","lastModifiedDate":"2023-09-24"},{"lineNumber":17,"author":{"gitId":"SinhaVedant"},"content":"                byDate.format(DateTimeFormatter.ofPattern(\"yyyy-MM-dd\"));","lastModifiedDate":"2023-09-24"},{"lineNumber":18,"author":{"gitId":"SinhaVedant"},"content":"    }","lastModifiedDate":"2023-09-07"},{"lineNumber":19,"author":{"gitId":"SinhaVedant"},"content":"","lastModifiedDate":"2023-09-07"},{"lineNumber":20,"author":{"gitId":"SinhaVedant"},"content":"    @Override","lastModifiedDate":"2023-08-24"},{"lineNumber":21,"author":{"gitId":"SinhaVedant"},"content":"    public String toString() {","lastModifiedDate":"2023-08-24"},{"lineNumber":22,"author":{"gitId":"SinhaVedant"},"content":"        return super.toString() + \" (by: \" +","lastModifiedDate":"2023-09-24"},{"lineNumber":23,"author":{"gitId":"SinhaVedant"},"content":"                byDate.format(DateTimeFormatter.ofPattern(\"MMM dd yyyy\")) + \")\";","lastModifiedDate":"2023-09-24"},{"lineNumber":24,"author":{"gitId":"SinhaVedant"},"content":"    }","lastModifiedDate":"2023-08-24"},{"lineNumber":25,"author":{"gitId":"SinhaVedant"},"content":"}","lastModifiedDate":"2023-08-24"}],"authorContributionMap":{"SinhaVedant":25}},{"path":"src/main/java/duke/Duke.java","fileType":"java","lines":[{"lineNumber":1,"author":{"gitId":"SinhaVedant"},"content":"package duke;","lastModifiedDate":"2023-09-07"},{"lineNumber":2,"author":{"gitId":"SinhaVedant"},"content":"","lastModifiedDate":"2023-09-07"},{"lineNumber":3,"author":{"gitId":"SinhaVedant"},"content":"import java.io.FileNotFoundException;","lastModifiedDate":"2023-09-07"},{"lineNumber":4,"author":{"gitId":"SinhaVedant"},"content":"","lastModifiedDate":"2023-09-07"},{"lineNumber":5,"author":{"gitId":"SinhaVedant"},"content":"","lastModifiedDate":"2023-09-07"},{"lineNumber":6,"author":{"gitId":"-"},"content":"public class Duke {","lastModifiedDate":"2019-07-29"},{"lineNumber":7,"author":{"gitId":"SinhaVedant"},"content":"    private Storage storage;","lastModifiedDate":"2023-09-24"},{"lineNumber":8,"author":{"gitId":"SinhaVedant"},"content":"    private TaskList taskList;","lastModifiedDate":"2023-09-24"},{"lineNumber":9,"author":{"gitId":"SinhaVedant"},"content":"    private Ui ui;","lastModifiedDate":"2023-09-24"},{"lineNumber":10,"author":{"gitId":"SinhaVedant"},"content":"    private static final String FILE_PATH \u003d \"./data/duke.txt\";","lastModifiedDate":"2023-09-07"},{"lineNumber":11,"author":{"gitId":"SinhaVedant"},"content":"","lastModifiedDate":"2023-08-24"},{"lineNumber":12,"author":{"gitId":"SinhaVedant"},"content":"    public Duke(String filePath) {","lastModifiedDate":"2023-09-24"},{"lineNumber":13,"author":{"gitId":"SinhaVedant"},"content":"        ui \u003d new Ui();","lastModifiedDate":"2023-09-24"},{"lineNumber":14,"author":{"gitId":"SinhaVedant"},"content":"        storage \u003d new Storage(filePath);","lastModifiedDate":"2023-09-24"},{"lineNumber":15,"author":{"gitId":"SinhaVedant"},"content":"        try {","lastModifiedDate":"2023-09-07"},{"lineNumber":16,"author":{"gitId":"SinhaVedant"},"content":"            taskList \u003d new TaskList(storage.loadPreviousTasks());","lastModifiedDate":"2023-09-24"},{"lineNumber":17,"author":{"gitId":"SinhaVedant"},"content":"        } catch (FileNotFoundException e) {","lastModifiedDate":"2023-09-07"},{"lineNumber":18,"author":{"gitId":"SinhaVedant"},"content":"            ui.displayLoadErrorMessage(e.getMessage());","lastModifiedDate":"2023-09-24"},{"lineNumber":19,"author":{"gitId":"SinhaVedant"},"content":"            taskList \u003d new TaskList();","lastModifiedDate":"2023-09-24"},{"lineNumber":20,"author":{"gitId":"SinhaVedant"},"content":"        }","lastModifiedDate":"2023-09-24"},{"lineNumber":21,"author":{"gitId":"SinhaVedant"},"content":"    }","lastModifiedDate":"2023-09-07"},{"lineNumber":22,"author":{"gitId":"SinhaVedant"},"content":"","lastModifiedDate":"2023-08-25"},{"lineNumber":23,"author":{"gitId":"SinhaVedant"},"content":"    public void run() {","lastModifiedDate":"2023-09-24"},{"lineNumber":24,"author":{"gitId":"SinhaVedant"},"content":"        ui.displayWelcomeMessage();","lastModifiedDate":"2023-09-24"},{"lineNumber":25,"author":{"gitId":"SinhaVedant"},"content":"        boolean isExit \u003d false;","lastModifiedDate":"2023-09-24"},{"lineNumber":26,"author":{"gitId":"SinhaVedant"},"content":"        while (!isExit) {","lastModifiedDate":"2023-09-24"},{"lineNumber":27,"author":{"gitId":"SinhaVedant"},"content":"            String userInput \u003d ui.getUserInput();","lastModifiedDate":"2023-09-24"},{"lineNumber":28,"author":{"gitId":"SinhaVedant"},"content":"            try {","lastModifiedDate":"2023-08-24"},{"lineNumber":29,"author":{"gitId":"SinhaVedant"},"content":"                isExit \u003d Parser.userCommand(userInput, taskList, ui, storage);","lastModifiedDate":"2023-09-24"},{"lineNumber":30,"author":{"gitId":"SinhaVedant"},"content":"            } catch (DukeException e) {","lastModifiedDate":"2023-09-24"},{"lineNumber":31,"author":{"gitId":"SinhaVedant"},"content":"                ui.displayErrorMessage(e.getMessage());","lastModifiedDate":"2023-09-24"},{"lineNumber":32,"author":{"gitId":"SinhaVedant"},"content":"            }","lastModifiedDate":"2023-08-24"},{"lineNumber":33,"author":{"gitId":"SinhaVedant"},"content":"        }","lastModifiedDate":"2023-08-24"},{"lineNumber":34,"author":{"gitId":"SinhaVedant"},"content":"        ui.stopUserInput();","lastModifiedDate":"2023-09-24"},{"lineNumber":35,"author":{"gitId":"SinhaVedant"},"content":"    }","lastModifiedDate":"2023-08-24"},{"lineNumber":36,"author":{"gitId":"SinhaVedant"},"content":"","lastModifiedDate":"2023-09-24"},{"lineNumber":37,"author":{"gitId":"SinhaVedant"},"content":"    public static void main(String[] args) {","lastModifiedDate":"2023-09-24"},{"lineNumber":38,"author":{"gitId":"SinhaVedant"},"content":"        new Duke(FILE_PATH).run();","lastModifiedDate":"2023-09-24"},{"lineNumber":39,"author":{"gitId":"SinhaVedant"},"content":"    }","lastModifiedDate":"2023-08-24"},{"lineNumber":40,"author":{"gitId":"SinhaVedant"},"content":"","lastModifiedDate":"2023-08-24"},{"lineNumber":41,"author":{"gitId":"SinhaVedant"},"content":"","lastModifiedDate":"2023-08-24"},{"lineNumber":42,"author":{"gitId":"-"},"content":"}","lastModifiedDate":"2019-07-29"},{"lineNumber":43,"author":{"gitId":"SinhaVedant"},"content":"// A-Gradle","lastModifiedDate":"2023-09-07"},{"lineNumber":44,"author":{"gitId":"SinhaVedant"},"content":"// A-JUnit","lastModifiedDate":"2023-09-07"},{"lineNumber":45,"author":{"gitId":"SinhaVedant"},"content":"// A-Jar","lastModifiedDate":"2023-09-07"},{"lineNumber":46,"author":{"gitId":"SinhaVedant"},"content":"// A-JavaDoc","lastModifiedDate":"2023-09-07"},{"lineNumber":47,"author":{"gitId":"SinhaVedant"},"content":"// A-CodingStandard","lastModifiedDate":"2023-09-07"},{"lineNumber":48,"author":{"gitId":"SinhaVedant"},"content":"// Level-9","lastModifiedDate":"2023-09-07"},{"lineNumber":49,"author":{"gitId":"SinhaVedant"},"content":"// Level-10","lastModifiedDate":"2023-09-08"},{"lineNumber":50,"author":{"gitId":"SinhaVedant"},"content":"// A-FullCommitMessage","lastModifiedDate":"2023-09-15"},{"lineNumber":51,"author":{"gitId":"SinhaVedant"},"content":"// A-Assertions","lastModifiedDate":"2023-09-15"},{"lineNumber":52,"author":{"gitId":"SinhaVedant"},"content":"// A-CodeQuality","lastModifiedDate":"2023-09-15"},{"lineNumber":53,"author":{"gitId":"SinhaVedant"},"content":"// A-UserGuide","lastModifiedDate":"2023-09-22"},{"lineNumber":54,"author":{"gitId":"SinhaVedant"},"content":"","lastModifiedDate":"2023-09-15"},{"lineNumber":55,"author":{"gitId":"SinhaVedant"},"content":"","lastModifiedDate":"2023-09-15"},{"lineNumber":56,"author":{"gitId":"SinhaVedant"},"content":"","lastModifiedDate":"2023-09-15"}],"authorContributionMap":{"SinhaVedant":54,"-":2}},{"path":"src/main/java/duke/DukeException.java","fileType":"java","lines":[{"lineNumber":1,"author":{"gitId":"SinhaVedant"},"content":"package duke;","lastModifiedDate":"2023-09-07"},{"lineNumber":2,"author":{"gitId":"SinhaVedant"},"content":"","lastModifiedDate":"2023-09-07"},{"lineNumber":3,"author":{"gitId":"SinhaVedant"},"content":"public class DukeException extends Exception {","lastModifiedDate":"2023-08-24"},{"lineNumber":4,"author":{"gitId":"SinhaVedant"},"content":"    public DukeException(String message) {","lastModifiedDate":"2023-08-24"},{"lineNumber":5,"author":{"gitId":"SinhaVedant"},"content":"        super(message);","lastModifiedDate":"2023-08-24"},{"lineNumber":6,"author":{"gitId":"SinhaVedant"},"content":"    }","lastModifiedDate":"2023-08-24"},{"lineNumber":7,"author":{"gitId":"SinhaVedant"},"content":"}","lastModifiedDate":"2023-08-24"}],"authorContributionMap":{"SinhaVedant":7}},{"path":"src/main/java/duke/Event.java","fileType":"java","lines":[{"lineNumber":1,"author":{"gitId":"SinhaVedant"},"content":"package duke;","lastModifiedDate":"2023-09-07"},{"lineNumber":2,"author":{"gitId":"SinhaVedant"},"content":"","lastModifiedDate":"2023-09-07"},{"lineNumber":3,"author":{"gitId":"SinhaVedant"},"content":"public class Event extends Task {","lastModifiedDate":"2023-08-24"},{"lineNumber":4,"author":{"gitId":"SinhaVedant"},"content":"    protected String from;","lastModifiedDate":"2023-08-24"},{"lineNumber":5,"author":{"gitId":"SinhaVedant"},"content":"    protected String to;","lastModifiedDate":"2023-08-24"},{"lineNumber":6,"author":{"gitId":"SinhaVedant"},"content":"","lastModifiedDate":"2023-08-24"},{"lineNumber":7,"author":{"gitId":"SinhaVedant"},"content":"    public Event(String description, String from, String to, char taskType) {","lastModifiedDate":"2023-08-24"},{"lineNumber":8,"author":{"gitId":"SinhaVedant"},"content":"        super(description, taskType);","lastModifiedDate":"2023-08-24"},{"lineNumber":9,"author":{"gitId":"SinhaVedant"},"content":"        this.from \u003d from;","lastModifiedDate":"2023-08-24"},{"lineNumber":10,"author":{"gitId":"SinhaVedant"},"content":"        this.to \u003d to;","lastModifiedDate":"2023-08-24"},{"lineNumber":11,"author":{"gitId":"SinhaVedant"},"content":"    }","lastModifiedDate":"2023-08-24"},{"lineNumber":12,"author":{"gitId":"SinhaVedant"},"content":"","lastModifiedDate":"2023-08-24"},{"lineNumber":13,"author":{"gitId":"SinhaVedant"},"content":"    @Override","lastModifiedDate":"2023-09-07"},{"lineNumber":14,"author":{"gitId":"SinhaVedant"},"content":"    public String toFileString() {","lastModifiedDate":"2023-09-07"},{"lineNumber":15,"author":{"gitId":"SinhaVedant"},"content":"        return super.toFileString() + \" | \" + from + \"-\" + to;","lastModifiedDate":"2023-09-07"},{"lineNumber":16,"author":{"gitId":"SinhaVedant"},"content":"    }","lastModifiedDate":"2023-09-07"},{"lineNumber":17,"author":{"gitId":"SinhaVedant"},"content":"","lastModifiedDate":"2023-09-07"},{"lineNumber":18,"author":{"gitId":"SinhaVedant"},"content":"    @Override","lastModifiedDate":"2023-08-24"},{"lineNumber":19,"author":{"gitId":"SinhaVedant"},"content":"    public String toString() {","lastModifiedDate":"2023-08-24"},{"lineNumber":20,"author":{"gitId":"SinhaVedant"},"content":"        return super.toString() + \" (from: \" + from + \" to: \" + to + \")\";","lastModifiedDate":"2023-08-24"},{"lineNumber":21,"author":{"gitId":"SinhaVedant"},"content":"    }","lastModifiedDate":"2023-08-24"},{"lineNumber":22,"author":{"gitId":"SinhaVedant"},"content":"}","lastModifiedDate":"2023-08-24"}],"authorContributionMap":{"SinhaVedant":22}},{"path":"src/main/java/duke/Parser.java","fileType":"java","lines":[{"lineNumber":1,"author":{"gitId":"SinhaVedant"},"content":"package duke;","lastModifiedDate":"2023-09-07"},{"lineNumber":2,"author":{"gitId":"SinhaVedant"},"content":"","lastModifiedDate":"2023-09-07"},{"lineNumber":3,"author":{"gitId":"SinhaVedant"},"content":"import java.io.IOException;","lastModifiedDate":"2023-09-24"},{"lineNumber":4,"author":{"gitId":"SinhaVedant"},"content":"","lastModifiedDate":"2023-09-24"},{"lineNumber":5,"author":{"gitId":"SinhaVedant"},"content":"public class Parser {","lastModifiedDate":"2023-09-07"},{"lineNumber":6,"author":{"gitId":"SinhaVedant"},"content":"","lastModifiedDate":"2023-09-24"},{"lineNumber":7,"author":{"gitId":"SinhaVedant"},"content":"    public static boolean userCommand(String input, TaskList taskList,","lastModifiedDate":"2023-09-24"},{"lineNumber":8,"author":{"gitId":"SinhaVedant"},"content":"                                      Ui ui, Storage storage) throws DukeException {","lastModifiedDate":"2023-09-24"},{"lineNumber":9,"author":{"gitId":"SinhaVedant"},"content":"        if (input.equals(\"bye\")) {","lastModifiedDate":"2023-09-24"},{"lineNumber":10,"author":{"gitId":"SinhaVedant"},"content":"            parseByeCommand(taskList, ui, storage);","lastModifiedDate":"2023-09-24"},{"lineNumber":11,"author":{"gitId":"SinhaVedant"},"content":"            return true;","lastModifiedDate":"2023-09-24"},{"lineNumber":12,"author":{"gitId":"SinhaVedant"},"content":"        } else if (input.equals(\"list\")) {","lastModifiedDate":"2023-09-24"},{"lineNumber":13,"author":{"gitId":"SinhaVedant"},"content":"            parseListCommand(taskList, ui);","lastModifiedDate":"2023-09-24"},{"lineNumber":14,"author":{"gitId":"SinhaVedant"},"content":"        } else if (input.startsWith(\"todo\")) {","lastModifiedDate":"2023-09-24"},{"lineNumber":15,"author":{"gitId":"SinhaVedant"},"content":"            parseToDoCommand(input, taskList, ui);","lastModifiedDate":"2023-09-24"},{"lineNumber":16,"author":{"gitId":"SinhaVedant"},"content":"        } else if (input.startsWith(\"deadline\")) {","lastModifiedDate":"2023-09-24"},{"lineNumber":17,"author":{"gitId":"SinhaVedant"},"content":"            parseDeadlineCommand(input, taskList, ui);","lastModifiedDate":"2023-09-24"},{"lineNumber":18,"author":{"gitId":"SinhaVedant"},"content":"        } else if (input.startsWith(\"event\")) {","lastModifiedDate":"2023-09-24"},{"lineNumber":19,"author":{"gitId":"SinhaVedant"},"content":"            parseEventCommand(input, taskList, ui);","lastModifiedDate":"2023-09-24"},{"lineNumber":20,"author":{"gitId":"SinhaVedant"},"content":"        } else if (input.startsWith(\"mark\")) {","lastModifiedDate":"2023-09-24"},{"lineNumber":21,"author":{"gitId":"SinhaVedant"},"content":"            parseMarkCommand(input, taskList, ui);","lastModifiedDate":"2023-09-24"},{"lineNumber":22,"author":{"gitId":"SinhaVedant"},"content":"        } else if (input.startsWith(\"unmark\")) {","lastModifiedDate":"2023-09-24"},{"lineNumber":23,"author":{"gitId":"SinhaVedant"},"content":"            parseUnmarkCommand(input, taskList, ui);","lastModifiedDate":"2023-09-24"},{"lineNumber":24,"author":{"gitId":"SinhaVedant"},"content":"        } else if (input.startsWith(\"delete\")) {","lastModifiedDate":"2023-09-24"},{"lineNumber":25,"author":{"gitId":"SinhaVedant"},"content":"            parseDeleteCommand(input, taskList, ui);","lastModifiedDate":"2023-09-24"},{"lineNumber":26,"author":{"gitId":"SinhaVedant"},"content":"        } else {","lastModifiedDate":"2023-09-24"},{"lineNumber":27,"author":{"gitId":"SinhaVedant"},"content":"            throw new DukeException(\"I\u0027m sorry, but I don\u0027t know what that means :-(\");","lastModifiedDate":"2023-09-24"},{"lineNumber":28,"author":{"gitId":"SinhaVedant"},"content":"        }","lastModifiedDate":"2023-09-24"},{"lineNumber":29,"author":{"gitId":"SinhaVedant"},"content":"        return false;","lastModifiedDate":"2023-09-24"},{"lineNumber":30,"author":{"gitId":"SinhaVedant"},"content":"    }","lastModifiedDate":"2023-09-24"},{"lineNumber":31,"author":{"gitId":"SinhaVedant"},"content":"","lastModifiedDate":"2023-09-24"},{"lineNumber":32,"author":{"gitId":"SinhaVedant"},"content":"    public static void parseByeCommand(TaskList taskList, Ui ui, Storage storage) {","lastModifiedDate":"2023-09-24"},{"lineNumber":33,"author":{"gitId":"SinhaVedant"},"content":"        ui.displayByeMessage();","lastModifiedDate":"2023-09-24"},{"lineNumber":34,"author":{"gitId":"SinhaVedant"},"content":"        try {","lastModifiedDate":"2023-09-24"},{"lineNumber":35,"author":{"gitId":"SinhaVedant"},"content":"            storage.appendTasksToFile(taskList);","lastModifiedDate":"2023-09-24"},{"lineNumber":36,"author":{"gitId":"SinhaVedant"},"content":"        } catch (IOException e) {","lastModifiedDate":"2023-09-24"},{"lineNumber":37,"author":{"gitId":"SinhaVedant"},"content":"            System.out.println(\"Something went wrong: \" + e.getMessage());","lastModifiedDate":"2023-09-24"},{"lineNumber":38,"author":{"gitId":"SinhaVedant"},"content":"        }","lastModifiedDate":"2023-09-24"},{"lineNumber":39,"author":{"gitId":"SinhaVedant"},"content":"    }","lastModifiedDate":"2023-09-24"},{"lineNumber":40,"author":{"gitId":"SinhaVedant"},"content":"","lastModifiedDate":"2023-09-24"},{"lineNumber":41,"author":{"gitId":"SinhaVedant"},"content":"    public static void parseListCommand(TaskList taskList, Ui ui) {","lastModifiedDate":"2023-09-24"},{"lineNumber":42,"author":{"gitId":"SinhaVedant"},"content":"        ui.displayListMessage(taskList);","lastModifiedDate":"2023-09-24"},{"lineNumber":43,"author":{"gitId":"SinhaVedant"},"content":"    }","lastModifiedDate":"2023-09-24"},{"lineNumber":44,"author":{"gitId":"SinhaVedant"},"content":"","lastModifiedDate":"2023-09-24"},{"lineNumber":45,"author":{"gitId":"SinhaVedant"},"content":"    public static void parseToDoCommand(String input, TaskList taskList,","lastModifiedDate":"2023-09-24"},{"lineNumber":46,"author":{"gitId":"SinhaVedant"},"content":"                                 Ui ui) throws DukeException {","lastModifiedDate":"2023-09-24"},{"lineNumber":47,"author":{"gitId":"SinhaVedant"},"content":"        if (input.length() \u003c\u003d 5) {","lastModifiedDate":"2023-09-24"},{"lineNumber":48,"author":{"gitId":"SinhaVedant"},"content":"            throw new DukeException(\"The description of a todo cannot be empty.\");","lastModifiedDate":"2023-09-24"},{"lineNumber":49,"author":{"gitId":"SinhaVedant"},"content":"        }","lastModifiedDate":"2023-09-24"},{"lineNumber":50,"author":{"gitId":"SinhaVedant"},"content":"        String description \u003d input.substring(5).trim();","lastModifiedDate":"2023-09-24"},{"lineNumber":51,"author":{"gitId":"SinhaVedant"},"content":"        taskList.addTask(new ToDo(description, \u0027T\u0027));","lastModifiedDate":"2023-09-24"},{"lineNumber":52,"author":{"gitId":"SinhaVedant"},"content":"","lastModifiedDate":"2023-09-24"},{"lineNumber":53,"author":{"gitId":"SinhaVedant"},"content":"        ui.displayToDoMessage(taskList);","lastModifiedDate":"2023-09-24"},{"lineNumber":54,"author":{"gitId":"SinhaVedant"},"content":"    }","lastModifiedDate":"2023-09-24"},{"lineNumber":55,"author":{"gitId":"SinhaVedant"},"content":"","lastModifiedDate":"2023-09-24"},{"lineNumber":56,"author":{"gitId":"SinhaVedant"},"content":"    public static void parseDeadlineCommand(String input, TaskList taskList, Ui ui) {","lastModifiedDate":"2023-09-24"},{"lineNumber":57,"author":{"gitId":"SinhaVedant"},"content":"        int byIndex \u003d input.indexOf(\"/by\");","lastModifiedDate":"2023-09-24"},{"lineNumber":58,"author":{"gitId":"SinhaVedant"},"content":"        String description \u003d input.substring(9, byIndex).trim();","lastModifiedDate":"2023-09-24"},{"lineNumber":59,"author":{"gitId":"SinhaVedant"},"content":"        String by \u003d input.substring(byIndex + 3).trim();","lastModifiedDate":"2023-09-24"},{"lineNumber":60,"author":{"gitId":"SinhaVedant"},"content":"        taskList.addTask(new Deadline(description, by, \u0027D\u0027));","lastModifiedDate":"2023-09-24"},{"lineNumber":61,"author":{"gitId":"SinhaVedant"},"content":"        ui.displayDeadlineMessage(taskList);","lastModifiedDate":"2023-09-24"},{"lineNumber":62,"author":{"gitId":"SinhaVedant"},"content":"    }","lastModifiedDate":"2023-09-24"},{"lineNumber":63,"author":{"gitId":"SinhaVedant"},"content":"","lastModifiedDate":"2023-09-24"},{"lineNumber":64,"author":{"gitId":"SinhaVedant"},"content":"    public static void parseEventCommand(String input, TaskList taskList, Ui ui) {","lastModifiedDate":"2023-09-24"},{"lineNumber":65,"author":{"gitId":"SinhaVedant"},"content":"        int fromIndex \u003d input.indexOf(\"/from\");","lastModifiedDate":"2023-09-24"},{"lineNumber":66,"author":{"gitId":"SinhaVedant"},"content":"        int toIndex \u003d input.indexOf(\"/to\");","lastModifiedDate":"2023-09-24"},{"lineNumber":67,"author":{"gitId":"SinhaVedant"},"content":"        String description \u003d input.substring(6, fromIndex).trim();","lastModifiedDate":"2023-09-24"},{"lineNumber":68,"author":{"gitId":"SinhaVedant"},"content":"        String from \u003d input.substring(fromIndex + 5, toIndex).trim();","lastModifiedDate":"2023-09-24"},{"lineNumber":69,"author":{"gitId":"SinhaVedant"},"content":"        String to \u003d input.substring(toIndex + 3).trim();","lastModifiedDate":"2023-09-24"},{"lineNumber":70,"author":{"gitId":"SinhaVedant"},"content":"        taskList.addTask(new Event(description, from, to, \u0027E\u0027));","lastModifiedDate":"2023-09-24"},{"lineNumber":71,"author":{"gitId":"SinhaVedant"},"content":"        ui.displayEventMessage(taskList);","lastModifiedDate":"2023-09-24"},{"lineNumber":72,"author":{"gitId":"SinhaVedant"},"content":"    }","lastModifiedDate":"2023-09-24"},{"lineNumber":73,"author":{"gitId":"SinhaVedant"},"content":"","lastModifiedDate":"2023-09-24"},{"lineNumber":74,"author":{"gitId":"SinhaVedant"},"content":"    public static void parseMarkCommand(String input, TaskList taskList, Ui ui) {","lastModifiedDate":"2023-09-24"},{"lineNumber":75,"author":{"gitId":"SinhaVedant"},"content":"        int taskIndex \u003d Integer.parseInt(input.substring(5).trim()) - 1;","lastModifiedDate":"2023-09-24"},{"lineNumber":76,"author":{"gitId":"SinhaVedant"},"content":"        if (taskIndex \u003e\u003d 0 \u0026\u0026 taskIndex \u003c taskList.listSize()) {","lastModifiedDate":"2023-09-24"},{"lineNumber":77,"author":{"gitId":"SinhaVedant"},"content":"            taskList.getTask(taskIndex).markAsDone();","lastModifiedDate":"2023-09-24"},{"lineNumber":78,"author":{"gitId":"SinhaVedant"},"content":"            ui.displayMarkMessage(taskList, taskIndex);","lastModifiedDate":"2023-09-24"},{"lineNumber":79,"author":{"gitId":"SinhaVedant"},"content":"        } else {","lastModifiedDate":"2023-09-24"},{"lineNumber":80,"author":{"gitId":"SinhaVedant"},"content":"            System.out.println(\"Invalid task index.\");","lastModifiedDate":"2023-09-24"},{"lineNumber":81,"author":{"gitId":"SinhaVedant"},"content":"        }","lastModifiedDate":"2023-09-24"},{"lineNumber":82,"author":{"gitId":"SinhaVedant"},"content":"    }","lastModifiedDate":"2023-09-24"},{"lineNumber":83,"author":{"gitId":"SinhaVedant"},"content":"","lastModifiedDate":"2023-09-24"},{"lineNumber":84,"author":{"gitId":"SinhaVedant"},"content":"    public static void parseUnmarkCommand(String input, TaskList taskList,","lastModifiedDate":"2023-09-24"},{"lineNumber":85,"author":{"gitId":"SinhaVedant"},"content":"                                   Ui ui) {","lastModifiedDate":"2023-09-24"},{"lineNumber":86,"author":{"gitId":"SinhaVedant"},"content":"        int taskIndex \u003d Integer.parseInt(input.substring(7).trim()) - 1;","lastModifiedDate":"2023-09-24"},{"lineNumber":87,"author":{"gitId":"SinhaVedant"},"content":"        if (taskIndex \u003e\u003d 0 \u0026\u0026 taskIndex \u003c taskList.listSize()) {","lastModifiedDate":"2023-09-24"},{"lineNumber":88,"author":{"gitId":"SinhaVedant"},"content":"            taskList.getTask(taskIndex).markAsNotDone();","lastModifiedDate":"2023-09-24"},{"lineNumber":89,"author":{"gitId":"SinhaVedant"},"content":"            ui.displayUnmarkMessage(taskList, taskIndex);","lastModifiedDate":"2023-09-24"},{"lineNumber":90,"author":{"gitId":"SinhaVedant"},"content":"        } else {","lastModifiedDate":"2023-09-24"},{"lineNumber":91,"author":{"gitId":"SinhaVedant"},"content":"            System.out.println(\"Invalid task index.\");","lastModifiedDate":"2023-09-24"},{"lineNumber":92,"author":{"gitId":"SinhaVedant"},"content":"        }","lastModifiedDate":"2023-09-24"},{"lineNumber":93,"author":{"gitId":"SinhaVedant"},"content":"    }","lastModifiedDate":"2023-09-24"},{"lineNumber":94,"author":{"gitId":"SinhaVedant"},"content":"","lastModifiedDate":"2023-09-24"},{"lineNumber":95,"author":{"gitId":"SinhaVedant"},"content":"    public static void parseDeleteCommand(String input, TaskList taskList,","lastModifiedDate":"2023-09-24"},{"lineNumber":96,"author":{"gitId":"SinhaVedant"},"content":"                                   Ui ui) {","lastModifiedDate":"2023-09-24"},{"lineNumber":97,"author":{"gitId":"SinhaVedant"},"content":"        int taskIndex \u003d Integer.parseInt(input.substring(7).trim()) - 1;","lastModifiedDate":"2023-09-24"},{"lineNumber":98,"author":{"gitId":"SinhaVedant"},"content":"        if (taskIndex \u003e\u003d 0 \u0026\u0026 taskIndex \u003c taskList.listSize()) {","lastModifiedDate":"2023-09-24"},{"lineNumber":99,"author":{"gitId":"SinhaVedant"},"content":"            Task removedTask \u003d taskList.deleteTask(taskIndex);","lastModifiedDate":"2023-09-24"},{"lineNumber":100,"author":{"gitId":"SinhaVedant"},"content":"            ui.displayDeleteMessage(taskList, removedTask);","lastModifiedDate":"2023-09-24"},{"lineNumber":101,"author":{"gitId":"SinhaVedant"},"content":"        } else {","lastModifiedDate":"2023-09-24"},{"lineNumber":102,"author":{"gitId":"SinhaVedant"},"content":"            System.out.println(\"Invalid task index.\");","lastModifiedDate":"2023-09-24"},{"lineNumber":103,"author":{"gitId":"SinhaVedant"},"content":"        }","lastModifiedDate":"2023-09-24"},{"lineNumber":104,"author":{"gitId":"SinhaVedant"},"content":"    }","lastModifiedDate":"2023-09-24"},{"lineNumber":105,"author":{"gitId":"SinhaVedant"},"content":"","lastModifiedDate":"2023-09-24"},{"lineNumber":106,"author":{"gitId":"SinhaVedant"},"content":"}","lastModifiedDate":"2023-09-24"},{"lineNumber":107,"author":{"gitId":"SinhaVedant"},"content":"","lastModifiedDate":"2023-09-07"}],"authorContributionMap":{"SinhaVedant":107}},{"path":"src/main/java/duke/Storage.java","fileType":"java","lines":[{"lineNumber":1,"author":{"gitId":"SinhaVedant"},"content":"package duke;","lastModifiedDate":"2023-09-07"},{"lineNumber":2,"author":{"gitId":"SinhaVedant"},"content":"","lastModifiedDate":"2023-09-07"},{"lineNumber":3,"author":{"gitId":"SinhaVedant"},"content":"import java.io.File;","lastModifiedDate":"2023-09-24"},{"lineNumber":4,"author":{"gitId":"SinhaVedant"},"content":"import java.io.FileNotFoundException;","lastModifiedDate":"2023-09-24"},{"lineNumber":5,"author":{"gitId":"SinhaVedant"},"content":"import java.io.FileWriter;","lastModifiedDate":"2023-09-24"},{"lineNumber":6,"author":{"gitId":"SinhaVedant"},"content":"import java.io.IOException;","lastModifiedDate":"2023-09-24"},{"lineNumber":7,"author":{"gitId":"SinhaVedant"},"content":"import java.util.ArrayList;","lastModifiedDate":"2023-09-24"},{"lineNumber":8,"author":{"gitId":"SinhaVedant"},"content":"import java.util.Scanner;","lastModifiedDate":"2023-09-24"},{"lineNumber":9,"author":{"gitId":"SinhaVedant"},"content":"","lastModifiedDate":"2023-09-24"},{"lineNumber":10,"author":{"gitId":"SinhaVedant"},"content":"public class Storage {","lastModifiedDate":"2023-09-07"},{"lineNumber":11,"author":{"gitId":"SinhaVedant"},"content":"    private String filePath;","lastModifiedDate":"2023-09-24"},{"lineNumber":12,"author":{"gitId":"SinhaVedant"},"content":"","lastModifiedDate":"2023-09-24"},{"lineNumber":13,"author":{"gitId":"SinhaVedant"},"content":"    public Storage(String filePath) {","lastModifiedDate":"2023-09-24"},{"lineNumber":14,"author":{"gitId":"SinhaVedant"},"content":"        this.filePath \u003d filePath;","lastModifiedDate":"2023-09-24"},{"lineNumber":15,"author":{"gitId":"SinhaVedant"},"content":"    }","lastModifiedDate":"2023-09-24"},{"lineNumber":16,"author":{"gitId":"SinhaVedant"},"content":"","lastModifiedDate":"2023-09-24"},{"lineNumber":17,"author":{"gitId":"SinhaVedant"},"content":"    public void appendTasksToFile(TaskList taskList)","lastModifiedDate":"2023-09-24"},{"lineNumber":18,"author":{"gitId":"SinhaVedant"},"content":"            throws IOException {","lastModifiedDate":"2023-09-24"},{"lineNumber":19,"author":{"gitId":"SinhaVedant"},"content":"        FileWriter fw \u003d new FileWriter(filePath);","lastModifiedDate":"2023-09-24"},{"lineNumber":20,"author":{"gitId":"SinhaVedant"},"content":"        for (int i \u003d 0; i \u003c taskList.listSize(); i++) {","lastModifiedDate":"2023-09-24"},{"lineNumber":21,"author":{"gitId":"SinhaVedant"},"content":"            Task task \u003d taskList.getTask(i);","lastModifiedDate":"2023-09-24"},{"lineNumber":22,"author":{"gitId":"SinhaVedant"},"content":"            fw.write(task.toFileString() + System.lineSeparator());","lastModifiedDate":"2023-09-24"},{"lineNumber":23,"author":{"gitId":"SinhaVedant"},"content":"        }","lastModifiedDate":"2023-09-24"},{"lineNumber":24,"author":{"gitId":"SinhaVedant"},"content":"        fw.close();","lastModifiedDate":"2023-09-24"},{"lineNumber":25,"author":{"gitId":"SinhaVedant"},"content":"    }","lastModifiedDate":"2023-09-24"},{"lineNumber":26,"author":{"gitId":"SinhaVedant"},"content":"","lastModifiedDate":"2023-09-24"},{"lineNumber":27,"author":{"gitId":"SinhaVedant"},"content":"    public ArrayList\u003cTask\u003e loadPreviousTasks()","lastModifiedDate":"2023-09-24"},{"lineNumber":28,"author":{"gitId":"SinhaVedant"},"content":"            throws FileNotFoundException {","lastModifiedDate":"2023-09-24"},{"lineNumber":29,"author":{"gitId":"SinhaVedant"},"content":"        File f \u003d new File(filePath);","lastModifiedDate":"2023-09-24"},{"lineNumber":30,"author":{"gitId":"SinhaVedant"},"content":"        Scanner s \u003d new Scanner(f);","lastModifiedDate":"2023-09-24"},{"lineNumber":31,"author":{"gitId":"SinhaVedant"},"content":"        ArrayList\u003cTask\u003e tasks \u003d new ArrayList\u003c\u003e();","lastModifiedDate":"2023-09-24"},{"lineNumber":32,"author":{"gitId":"SinhaVedant"},"content":"        while (s.hasNext()) {","lastModifiedDate":"2023-09-24"},{"lineNumber":33,"author":{"gitId":"SinhaVedant"},"content":"            String line \u003d s.nextLine();","lastModifiedDate":"2023-09-24"},{"lineNumber":34,"author":{"gitId":"SinhaVedant"},"content":"            try {","lastModifiedDate":"2023-09-24"},{"lineNumber":35,"author":{"gitId":"SinhaVedant"},"content":"                Task task \u003d parseTaskFromLine(line);","lastModifiedDate":"2023-09-24"},{"lineNumber":36,"author":{"gitId":"SinhaVedant"},"content":"                tasks.add(task);","lastModifiedDate":"2023-09-24"},{"lineNumber":37,"author":{"gitId":"SinhaVedant"},"content":"            } catch (DukeException e) {","lastModifiedDate":"2023-09-24"},{"lineNumber":38,"author":{"gitId":"SinhaVedant"},"content":"                System.err.println(\"Error parsing task from file: \" + e.getMessage());","lastModifiedDate":"2023-09-24"},{"lineNumber":39,"author":{"gitId":"SinhaVedant"},"content":"            }","lastModifiedDate":"2023-09-24"},{"lineNumber":40,"author":{"gitId":"SinhaVedant"},"content":"","lastModifiedDate":"2023-09-24"},{"lineNumber":41,"author":{"gitId":"SinhaVedant"},"content":"        }","lastModifiedDate":"2023-09-24"},{"lineNumber":42,"author":{"gitId":"SinhaVedant"},"content":"        s.close();","lastModifiedDate":"2023-09-24"},{"lineNumber":43,"author":{"gitId":"SinhaVedant"},"content":"        return tasks;","lastModifiedDate":"2023-09-24"},{"lineNumber":44,"author":{"gitId":"SinhaVedant"},"content":"    }","lastModifiedDate":"2023-09-24"},{"lineNumber":45,"author":{"gitId":"SinhaVedant"},"content":"","lastModifiedDate":"2023-09-24"},{"lineNumber":46,"author":{"gitId":"SinhaVedant"},"content":"    public Task parseTaskFromLine(String line) throws DukeException {","lastModifiedDate":"2023-09-24"},{"lineNumber":47,"author":{"gitId":"SinhaVedant"},"content":"        String[] parts \u003d line.split(\" \\\\| \");","lastModifiedDate":"2023-09-24"},{"lineNumber":48,"author":{"gitId":"SinhaVedant"},"content":"        if (parts.length \u003c 3) {","lastModifiedDate":"2023-09-24"},{"lineNumber":49,"author":{"gitId":"SinhaVedant"},"content":"            throw new DukeException(\"Invalid data format in the file.\");","lastModifiedDate":"2023-09-24"},{"lineNumber":50,"author":{"gitId":"SinhaVedant"},"content":"        }","lastModifiedDate":"2023-09-24"},{"lineNumber":51,"author":{"gitId":"SinhaVedant"},"content":"        char taskType \u003d parts[0].charAt(0);","lastModifiedDate":"2023-09-24"},{"lineNumber":52,"author":{"gitId":"SinhaVedant"},"content":"        boolean isDone \u003d parts[1].equals(\"1\");","lastModifiedDate":"2023-09-24"},{"lineNumber":53,"author":{"gitId":"SinhaVedant"},"content":"        String description \u003d parts[2];","lastModifiedDate":"2023-09-24"},{"lineNumber":54,"author":{"gitId":"SinhaVedant"},"content":"","lastModifiedDate":"2023-09-24"},{"lineNumber":55,"author":{"gitId":"SinhaVedant"},"content":"        switch (taskType) {","lastModifiedDate":"2023-09-24"},{"lineNumber":56,"author":{"gitId":"SinhaVedant"},"content":"            case \u0027T\u0027:","lastModifiedDate":"2023-09-24"},{"lineNumber":57,"author":{"gitId":"SinhaVedant"},"content":"                ToDo toDoTask \u003d new ToDo(description, taskType);","lastModifiedDate":"2023-09-24"},{"lineNumber":58,"author":{"gitId":"SinhaVedant"},"content":"                if (isDone) {","lastModifiedDate":"2023-09-24"},{"lineNumber":59,"author":{"gitId":"SinhaVedant"},"content":"                    toDoTask.markAsDone();","lastModifiedDate":"2023-09-24"},{"lineNumber":60,"author":{"gitId":"SinhaVedant"},"content":"                } else {","lastModifiedDate":"2023-09-24"},{"lineNumber":61,"author":{"gitId":"SinhaVedant"},"content":"                    toDoTask.markAsNotDone();","lastModifiedDate":"2023-09-24"},{"lineNumber":62,"author":{"gitId":"SinhaVedant"},"content":"                }","lastModifiedDate":"2023-09-24"},{"lineNumber":63,"author":{"gitId":"SinhaVedant"},"content":"                return toDoTask;","lastModifiedDate":"2023-09-24"},{"lineNumber":64,"author":{"gitId":"SinhaVedant"},"content":"","lastModifiedDate":"2023-09-24"},{"lineNumber":65,"author":{"gitId":"SinhaVedant"},"content":"            case \u0027D\u0027:","lastModifiedDate":"2023-09-24"},{"lineNumber":66,"author":{"gitId":"SinhaVedant"},"content":"                if (parts.length \u003c 4) {","lastModifiedDate":"2023-09-24"},{"lineNumber":67,"author":{"gitId":"SinhaVedant"},"content":"                    throw new DukeException(\"Invalid data format for a deadline task\");","lastModifiedDate":"2023-09-24"},{"lineNumber":68,"author":{"gitId":"SinhaVedant"},"content":"                }","lastModifiedDate":"2023-09-24"},{"lineNumber":69,"author":{"gitId":"SinhaVedant"},"content":"                String deadlineBy \u003d parts[3];","lastModifiedDate":"2023-09-24"},{"lineNumber":70,"author":{"gitId":"SinhaVedant"},"content":"                Deadline deadlineTask \u003d new Deadline(description, deadlineBy, taskType);","lastModifiedDate":"2023-09-24"},{"lineNumber":71,"author":{"gitId":"SinhaVedant"},"content":"                if (isDone) {","lastModifiedDate":"2023-09-24"},{"lineNumber":72,"author":{"gitId":"SinhaVedant"},"content":"                    deadlineTask.markAsDone();","lastModifiedDate":"2023-09-24"},{"lineNumber":73,"author":{"gitId":"SinhaVedant"},"content":"                } else {","lastModifiedDate":"2023-09-24"},{"lineNumber":74,"author":{"gitId":"SinhaVedant"},"content":"                    deadlineTask.markAsNotDone();","lastModifiedDate":"2023-09-24"},{"lineNumber":75,"author":{"gitId":"SinhaVedant"},"content":"                }","lastModifiedDate":"2023-09-24"},{"lineNumber":76,"author":{"gitId":"SinhaVedant"},"content":"                return deadlineTask;","lastModifiedDate":"2023-09-24"},{"lineNumber":77,"author":{"gitId":"SinhaVedant"},"content":"","lastModifiedDate":"2023-09-24"},{"lineNumber":78,"author":{"gitId":"SinhaVedant"},"content":"            case \u0027E\u0027:","lastModifiedDate":"2023-09-24"},{"lineNumber":79,"author":{"gitId":"SinhaVedant"},"content":"                if (parts.length \u003c 4) {","lastModifiedDate":"2023-09-24"},{"lineNumber":80,"author":{"gitId":"SinhaVedant"},"content":"                    throw new DukeException(\"Invalid data format for an event task.\");","lastModifiedDate":"2023-09-24"},{"lineNumber":81,"author":{"gitId":"SinhaVedant"},"content":"                }","lastModifiedDate":"2023-09-24"},{"lineNumber":82,"author":{"gitId":"SinhaVedant"},"content":"                String[] eventParts \u003d parts[3].split(\"-\");","lastModifiedDate":"2023-09-24"},{"lineNumber":83,"author":{"gitId":"SinhaVedant"},"content":"                String eventFrom \u003d eventParts[0];","lastModifiedDate":"2023-09-24"},{"lineNumber":84,"author":{"gitId":"SinhaVedant"},"content":"                String eventTo \u003d eventParts[1];","lastModifiedDate":"2023-09-24"},{"lineNumber":85,"author":{"gitId":"SinhaVedant"},"content":"                Event eventTask \u003d new Event(description, eventFrom, eventTo, taskType);","lastModifiedDate":"2023-09-24"},{"lineNumber":86,"author":{"gitId":"SinhaVedant"},"content":"                if (isDone) {","lastModifiedDate":"2023-09-24"},{"lineNumber":87,"author":{"gitId":"SinhaVedant"},"content":"                    eventTask.markAsDone();","lastModifiedDate":"2023-09-24"},{"lineNumber":88,"author":{"gitId":"SinhaVedant"},"content":"                } else {","lastModifiedDate":"2023-09-24"},{"lineNumber":89,"author":{"gitId":"SinhaVedant"},"content":"                    eventTask.markAsNotDone();","lastModifiedDate":"2023-09-24"},{"lineNumber":90,"author":{"gitId":"SinhaVedant"},"content":"                }","lastModifiedDate":"2023-09-24"},{"lineNumber":91,"author":{"gitId":"SinhaVedant"},"content":"                return eventTask;","lastModifiedDate":"2023-09-24"},{"lineNumber":92,"author":{"gitId":"SinhaVedant"},"content":"","lastModifiedDate":"2023-09-24"},{"lineNumber":93,"author":{"gitId":"SinhaVedant"},"content":"            default:","lastModifiedDate":"2023-09-24"},{"lineNumber":94,"author":{"gitId":"SinhaVedant"},"content":"                throw new DukeException(\"Invalid task type in data file.\");","lastModifiedDate":"2023-09-24"},{"lineNumber":95,"author":{"gitId":"SinhaVedant"},"content":"        }","lastModifiedDate":"2023-09-24"},{"lineNumber":96,"author":{"gitId":"SinhaVedant"},"content":"    }","lastModifiedDate":"2023-09-24"},{"lineNumber":97,"author":{"gitId":"SinhaVedant"},"content":"}","lastModifiedDate":"2023-09-07"},{"lineNumber":98,"author":{"gitId":"SinhaVedant"},"content":"","lastModifiedDate":"2023-09-07"}],"authorContributionMap":{"SinhaVedant":98}},{"path":"src/main/java/duke/Task.java","fileType":"java","lines":[{"lineNumber":1,"author":{"gitId":"SinhaVedant"},"content":"package duke;","lastModifiedDate":"2023-09-07"},{"lineNumber":2,"author":{"gitId":"SinhaVedant"},"content":"","lastModifiedDate":"2023-09-07"},{"lineNumber":3,"author":{"gitId":"SinhaVedant"},"content":"public class Task {","lastModifiedDate":"2023-08-24"},{"lineNumber":4,"author":{"gitId":"SinhaVedant"},"content":"    protected String description;","lastModifiedDate":"2023-08-24"},{"lineNumber":5,"author":{"gitId":"SinhaVedant"},"content":"    protected boolean isDone;","lastModifiedDate":"2023-08-24"},{"lineNumber":6,"author":{"gitId":"SinhaVedant"},"content":"    protected char taskType;","lastModifiedDate":"2023-08-24"},{"lineNumber":7,"author":{"gitId":"SinhaVedant"},"content":"","lastModifiedDate":"2023-08-24"},{"lineNumber":8,"author":{"gitId":"SinhaVedant"},"content":"    public Task(String description, char taskType) {","lastModifiedDate":"2023-08-24"},{"lineNumber":9,"author":{"gitId":"SinhaVedant"},"content":"        this.description \u003d description;","lastModifiedDate":"2023-08-24"},{"lineNumber":10,"author":{"gitId":"SinhaVedant"},"content":"        this.isDone \u003d false;","lastModifiedDate":"2023-08-24"},{"lineNumber":11,"author":{"gitId":"SinhaVedant"},"content":"        this.taskType \u003d taskType;","lastModifiedDate":"2023-08-24"},{"lineNumber":12,"author":{"gitId":"SinhaVedant"},"content":"    }","lastModifiedDate":"2023-08-24"},{"lineNumber":13,"author":{"gitId":"SinhaVedant"},"content":"","lastModifiedDate":"2023-08-24"},{"lineNumber":14,"author":{"gitId":"SinhaVedant"},"content":"    public void markAsDone() {","lastModifiedDate":"2023-08-24"},{"lineNumber":15,"author":{"gitId":"SinhaVedant"},"content":"        isDone \u003d true;","lastModifiedDate":"2023-08-24"},{"lineNumber":16,"author":{"gitId":"SinhaVedant"},"content":"    }","lastModifiedDate":"2023-08-24"},{"lineNumber":17,"author":{"gitId":"SinhaVedant"},"content":"","lastModifiedDate":"2023-08-24"},{"lineNumber":18,"author":{"gitId":"SinhaVedant"},"content":"    public void markAsNotDone() {","lastModifiedDate":"2023-08-24"},{"lineNumber":19,"author":{"gitId":"SinhaVedant"},"content":"        isDone \u003d false;","lastModifiedDate":"2023-08-24"},{"lineNumber":20,"author":{"gitId":"SinhaVedant"},"content":"    }","lastModifiedDate":"2023-08-24"},{"lineNumber":21,"author":{"gitId":"SinhaVedant"},"content":"","lastModifiedDate":"2023-08-24"},{"lineNumber":22,"author":{"gitId":"SinhaVedant"},"content":"    public String getStatusIcon() {","lastModifiedDate":"2023-08-24"},{"lineNumber":23,"author":{"gitId":"SinhaVedant"},"content":"        return (isDone ? \"[X]\" : \"[ ]\");","lastModifiedDate":"2023-08-24"},{"lineNumber":24,"author":{"gitId":"SinhaVedant"},"content":"    }","lastModifiedDate":"2023-08-24"},{"lineNumber":25,"author":{"gitId":"SinhaVedant"},"content":"","lastModifiedDate":"2023-08-24"},{"lineNumber":26,"author":{"gitId":"SinhaVedant"},"content":"    public String toFileString() {","lastModifiedDate":"2023-09-07"},{"lineNumber":27,"author":{"gitId":"SinhaVedant"},"content":"        return taskType + \" | \" + (isDone ? \"1\" : \"0\") + \" | \" + description;","lastModifiedDate":"2023-09-07"},{"lineNumber":28,"author":{"gitId":"SinhaVedant"},"content":"    }","lastModifiedDate":"2023-09-07"},{"lineNumber":29,"author":{"gitId":"SinhaVedant"},"content":"","lastModifiedDate":"2023-09-07"},{"lineNumber":30,"author":{"gitId":"SinhaVedant"},"content":"    @Override","lastModifiedDate":"2023-08-24"},{"lineNumber":31,"author":{"gitId":"SinhaVedant"},"content":"    public String toString() {","lastModifiedDate":"2023-08-24"},{"lineNumber":32,"author":{"gitId":"SinhaVedant"},"content":"        return \"[\" + taskType + \"]\" + getStatusIcon() + \" \" + description;","lastModifiedDate":"2023-08-24"},{"lineNumber":33,"author":{"gitId":"SinhaVedant"},"content":"    }","lastModifiedDate":"2023-08-24"},{"lineNumber":34,"author":{"gitId":"SinhaVedant"},"content":"}","lastModifiedDate":"2023-08-24"}],"authorContributionMap":{"SinhaVedant":34}},{"path":"src/main/java/duke/TaskList.java","fileType":"java","lines":[{"lineNumber":1,"author":{"gitId":"SinhaVedant"},"content":"package duke;","lastModifiedDate":"2023-09-07"},{"lineNumber":2,"author":{"gitId":"SinhaVedant"},"content":"","lastModifiedDate":"2023-09-07"},{"lineNumber":3,"author":{"gitId":"SinhaVedant"},"content":"import java.util.ArrayList;","lastModifiedDate":"2023-09-24"},{"lineNumber":4,"author":{"gitId":"SinhaVedant"},"content":"","lastModifiedDate":"2023-09-24"},{"lineNumber":5,"author":{"gitId":"SinhaVedant"},"content":"public class TaskList {","lastModifiedDate":"2023-09-07"},{"lineNumber":6,"author":{"gitId":"SinhaVedant"},"content":"    private ArrayList\u003cTask\u003e taskList;","lastModifiedDate":"2023-09-24"},{"lineNumber":7,"author":{"gitId":"SinhaVedant"},"content":"","lastModifiedDate":"2023-09-24"},{"lineNumber":8,"author":{"gitId":"SinhaVedant"},"content":"    public TaskList() {","lastModifiedDate":"2023-09-24"},{"lineNumber":9,"author":{"gitId":"SinhaVedant"},"content":"        this.taskList \u003d new ArrayList\u003c\u003e();","lastModifiedDate":"2023-09-24"},{"lineNumber":10,"author":{"gitId":"SinhaVedant"},"content":"    }","lastModifiedDate":"2023-09-24"},{"lineNumber":11,"author":{"gitId":"SinhaVedant"},"content":"","lastModifiedDate":"2023-09-24"},{"lineNumber":12,"author":{"gitId":"SinhaVedant"},"content":"    public TaskList(ArrayList\u003cTask\u003e tasks) {","lastModifiedDate":"2023-09-24"},{"lineNumber":13,"author":{"gitId":"SinhaVedant"},"content":"        this.taskList \u003d tasks;","lastModifiedDate":"2023-09-24"},{"lineNumber":14,"author":{"gitId":"SinhaVedant"},"content":"    }","lastModifiedDate":"2023-09-24"},{"lineNumber":15,"author":{"gitId":"SinhaVedant"},"content":"","lastModifiedDate":"2023-09-24"},{"lineNumber":16,"author":{"gitId":"SinhaVedant"},"content":"    public void addTask(Task task) {","lastModifiedDate":"2023-09-24"},{"lineNumber":17,"author":{"gitId":"SinhaVedant"},"content":"        taskList.add(task);","lastModifiedDate":"2023-09-24"},{"lineNumber":18,"author":{"gitId":"SinhaVedant"},"content":"    }","lastModifiedDate":"2023-09-24"},{"lineNumber":19,"author":{"gitId":"SinhaVedant"},"content":"","lastModifiedDate":"2023-09-24"},{"lineNumber":20,"author":{"gitId":"SinhaVedant"},"content":"    public Task deleteTask(int index) {","lastModifiedDate":"2023-09-24"},{"lineNumber":21,"author":{"gitId":"SinhaVedant"},"content":"        return taskList.remove(index);","lastModifiedDate":"2023-09-24"},{"lineNumber":22,"author":{"gitId":"SinhaVedant"},"content":"    }","lastModifiedDate":"2023-09-24"},{"lineNumber":23,"author":{"gitId":"SinhaVedant"},"content":"","lastModifiedDate":"2023-09-24"},{"lineNumber":24,"author":{"gitId":"SinhaVedant"},"content":"    public int listSize() {","lastModifiedDate":"2023-09-24"},{"lineNumber":25,"author":{"gitId":"SinhaVedant"},"content":"        return taskList.size();","lastModifiedDate":"2023-09-24"},{"lineNumber":26,"author":{"gitId":"SinhaVedant"},"content":"    }","lastModifiedDate":"2023-09-24"},{"lineNumber":27,"author":{"gitId":"SinhaVedant"},"content":"","lastModifiedDate":"2023-09-24"},{"lineNumber":28,"author":{"gitId":"SinhaVedant"},"content":"    public Task getTask(int taskIndex) {","lastModifiedDate":"2023-09-24"},{"lineNumber":29,"author":{"gitId":"SinhaVedant"},"content":"        return taskList.get(taskIndex);","lastModifiedDate":"2023-09-24"},{"lineNumber":30,"author":{"gitId":"SinhaVedant"},"content":"    }","lastModifiedDate":"2023-09-24"},{"lineNumber":31,"author":{"gitId":"SinhaVedant"},"content":"}","lastModifiedDate":"2023-09-07"},{"lineNumber":32,"author":{"gitId":"SinhaVedant"},"content":"","lastModifiedDate":"2023-09-07"}],"authorContributionMap":{"SinhaVedant":32}},{"path":"src/main/java/duke/ToDo.java","fileType":"java","lines":[{"lineNumber":1,"author":{"gitId":"SinhaVedant"},"content":"package duke;","lastModifiedDate":"2023-09-07"},{"lineNumber":2,"author":{"gitId":"SinhaVedant"},"content":"","lastModifiedDate":"2023-09-07"},{"lineNumber":3,"author":{"gitId":"SinhaVedant"},"content":"","lastModifiedDate":"2023-09-07"},{"lineNumber":4,"author":{"gitId":"SinhaVedant"},"content":"public class ToDo extends Task {","lastModifiedDate":"2023-08-24"},{"lineNumber":5,"author":{"gitId":"SinhaVedant"},"content":"    public ToDo(String description, char taskType) {","lastModifiedDate":"2023-08-24"},{"lineNumber":6,"author":{"gitId":"SinhaVedant"},"content":"        super(description, taskType);","lastModifiedDate":"2023-08-24"},{"lineNumber":7,"author":{"gitId":"SinhaVedant"},"content":"    }","lastModifiedDate":"2023-08-24"},{"lineNumber":8,"author":{"gitId":"SinhaVedant"},"content":"}","lastModifiedDate":"2023-08-24"}],"authorContributionMap":{"SinhaVedant":8}},{"path":"src/main/java/duke/Ui.java","fileType":"java","lines":[{"lineNumber":1,"author":{"gitId":"SinhaVedant"},"content":"package duke;","lastModifiedDate":"2023-09-07"},{"lineNumber":2,"author":{"gitId":"SinhaVedant"},"content":"","lastModifiedDate":"2023-09-07"},{"lineNumber":3,"author":{"gitId":"SinhaVedant"},"content":"import java.util.Scanner;","lastModifiedDate":"2023-09-24"},{"lineNumber":4,"author":{"gitId":"SinhaVedant"},"content":"","lastModifiedDate":"2023-09-24"},{"lineNumber":5,"author":{"gitId":"SinhaVedant"},"content":"public class Ui {","lastModifiedDate":"2023-09-07"},{"lineNumber":6,"author":{"gitId":"SinhaVedant"},"content":"    private Scanner scanner;","lastModifiedDate":"2023-09-24"},{"lineNumber":7,"author":{"gitId":"SinhaVedant"},"content":"","lastModifiedDate":"2023-09-24"},{"lineNumber":8,"author":{"gitId":"SinhaVedant"},"content":"    public Ui() {","lastModifiedDate":"2023-09-24"},{"lineNumber":9,"author":{"gitId":"SinhaVedant"},"content":"        scanner \u003d new Scanner(System.in);","lastModifiedDate":"2023-09-24"},{"lineNumber":10,"author":{"gitId":"SinhaVedant"},"content":"    }","lastModifiedDate":"2023-09-24"},{"lineNumber":11,"author":{"gitId":"SinhaVedant"},"content":"","lastModifiedDate":"2023-09-24"},{"lineNumber":12,"author":{"gitId":"SinhaVedant"},"content":"    public String getUserInput() {","lastModifiedDate":"2023-09-24"},{"lineNumber":13,"author":{"gitId":"SinhaVedant"},"content":"        return scanner.nextLine().trim();","lastModifiedDate":"2023-09-24"},{"lineNumber":14,"author":{"gitId":"SinhaVedant"},"content":"    }","lastModifiedDate":"2023-09-24"},{"lineNumber":15,"author":{"gitId":"SinhaVedant"},"content":"","lastModifiedDate":"2023-09-24"},{"lineNumber":16,"author":{"gitId":"SinhaVedant"},"content":"    public void stopUserInput() {","lastModifiedDate":"2023-09-24"},{"lineNumber":17,"author":{"gitId":"SinhaVedant"},"content":"        scanner.close();","lastModifiedDate":"2023-09-24"},{"lineNumber":18,"author":{"gitId":"SinhaVedant"},"content":"    }","lastModifiedDate":"2023-09-24"},{"lineNumber":19,"author":{"gitId":"SinhaVedant"},"content":"","lastModifiedDate":"2023-09-24"},{"lineNumber":20,"author":{"gitId":"SinhaVedant"},"content":"    public void displayWelcomeMessage() {","lastModifiedDate":"2023-09-24"},{"lineNumber":21,"author":{"gitId":"SinhaVedant"},"content":"        System.out.println(\"Hello! I\u0027m Sivraj\");","lastModifiedDate":"2023-09-24"},{"lineNumber":22,"author":{"gitId":"SinhaVedant"},"content":"        System.out.println(\"What can I do for you?\");","lastModifiedDate":"2023-09-24"},{"lineNumber":23,"author":{"gitId":"SinhaVedant"},"content":"    }","lastModifiedDate":"2023-09-24"},{"lineNumber":24,"author":{"gitId":"SinhaVedant"},"content":"    String dashLine \u003d \"----------------------------------------\";","lastModifiedDate":"2023-09-24"},{"lineNumber":25,"author":{"gitId":"SinhaVedant"},"content":"","lastModifiedDate":"2023-09-24"},{"lineNumber":26,"author":{"gitId":"SinhaVedant"},"content":"    public void displayToDoMessage(TaskList taskList) {","lastModifiedDate":"2023-09-24"},{"lineNumber":27,"author":{"gitId":"SinhaVedant"},"content":"        System.out.println(dashLine);","lastModifiedDate":"2023-09-24"},{"lineNumber":28,"author":{"gitId":"SinhaVedant"},"content":"        System.out.println(\"     Got it. I\u0027ve added this task:\");","lastModifiedDate":"2023-09-24"},{"lineNumber":29,"author":{"gitId":"SinhaVedant"},"content":"        System.out.println(\"         \" + taskList.getTask(taskList.listSize() - 1));","lastModifiedDate":"2023-09-24"},{"lineNumber":30,"author":{"gitId":"SinhaVedant"},"content":"        System.out.println(\"     Now you have \" + taskList.listSize() + \" tasks in the list.\");","lastModifiedDate":"2023-09-24"},{"lineNumber":31,"author":{"gitId":"SinhaVedant"},"content":"        System.out.println(dashLine);","lastModifiedDate":"2023-09-24"},{"lineNumber":32,"author":{"gitId":"SinhaVedant"},"content":"    }","lastModifiedDate":"2023-09-24"},{"lineNumber":33,"author":{"gitId":"SinhaVedant"},"content":"","lastModifiedDate":"2023-09-24"},{"lineNumber":34,"author":{"gitId":"SinhaVedant"},"content":"    public void displayDeadlineMessage(TaskList taskList) {","lastModifiedDate":"2023-09-24"},{"lineNumber":35,"author":{"gitId":"SinhaVedant"},"content":"        System.out.println(dashLine);","lastModifiedDate":"2023-09-24"},{"lineNumber":36,"author":{"gitId":"SinhaVedant"},"content":"        System.out.println(\"     Got it. I\u0027ve added this task:\");","lastModifiedDate":"2023-09-24"},{"lineNumber":37,"author":{"gitId":"SinhaVedant"},"content":"        System.out.println(\"       \" + taskList.getTask(taskList.listSize() - 1));","lastModifiedDate":"2023-09-24"},{"lineNumber":38,"author":{"gitId":"SinhaVedant"},"content":"        System.out.println(\"     Now you have \" + taskList.listSize() + \" tasks in the list.\");","lastModifiedDate":"2023-09-24"},{"lineNumber":39,"author":{"gitId":"SinhaVedant"},"content":"        System.out.println(dashLine);","lastModifiedDate":"2023-09-24"},{"lineNumber":40,"author":{"gitId":"SinhaVedant"},"content":"    }","lastModifiedDate":"2023-09-24"},{"lineNumber":41,"author":{"gitId":"SinhaVedant"},"content":"","lastModifiedDate":"2023-09-24"},{"lineNumber":42,"author":{"gitId":"SinhaVedant"},"content":"    public void displayEventMessage(TaskList taskList) {","lastModifiedDate":"2023-09-24"},{"lineNumber":43,"author":{"gitId":"SinhaVedant"},"content":"        System.out.println(dashLine);","lastModifiedDate":"2023-09-24"},{"lineNumber":44,"author":{"gitId":"SinhaVedant"},"content":"        System.out.println(\"     Got it. I\u0027ve added this task:\");","lastModifiedDate":"2023-09-24"},{"lineNumber":45,"author":{"gitId":"SinhaVedant"},"content":"        System.out.println(\"       \" + taskList.getTask(taskList.listSize() - 1));","lastModifiedDate":"2023-09-24"},{"lineNumber":46,"author":{"gitId":"SinhaVedant"},"content":"        System.out.println(\"     Now you have \" + taskList.listSize() + \" tasks in the list.\");","lastModifiedDate":"2023-09-24"},{"lineNumber":47,"author":{"gitId":"SinhaVedant"},"content":"        System.out.println(dashLine);","lastModifiedDate":"2023-09-24"},{"lineNumber":48,"author":{"gitId":"SinhaVedant"},"content":"    }","lastModifiedDate":"2023-09-24"},{"lineNumber":49,"author":{"gitId":"SinhaVedant"},"content":"","lastModifiedDate":"2023-09-24"},{"lineNumber":50,"author":{"gitId":"SinhaVedant"},"content":"    public void displayMarkMessage(TaskList taskList, int taskIndex) {","lastModifiedDate":"2023-09-24"},{"lineNumber":51,"author":{"gitId":"SinhaVedant"},"content":"        System.out.println(dashLine);","lastModifiedDate":"2023-09-24"},{"lineNumber":52,"author":{"gitId":"SinhaVedant"},"content":"        System.out.println(\"    Nice! I\u0027ve marked this task as done:\");","lastModifiedDate":"2023-09-24"},{"lineNumber":53,"author":{"gitId":"SinhaVedant"},"content":"        System.out.println(\"       \" + taskList.getTask(taskIndex));","lastModifiedDate":"2023-09-24"},{"lineNumber":54,"author":{"gitId":"SinhaVedant"},"content":"        System.out.println(dashLine);","lastModifiedDate":"2023-09-24"},{"lineNumber":55,"author":{"gitId":"SinhaVedant"},"content":"    }","lastModifiedDate":"2023-09-24"},{"lineNumber":56,"author":{"gitId":"SinhaVedant"},"content":"","lastModifiedDate":"2023-09-24"},{"lineNumber":57,"author":{"gitId":"SinhaVedant"},"content":"    public void displayUnmarkMessage(TaskList taskList, int taskIndex) {","lastModifiedDate":"2023-09-24"},{"lineNumber":58,"author":{"gitId":"SinhaVedant"},"content":"        System.out.println(dashLine);","lastModifiedDate":"2023-09-24"},{"lineNumber":59,"author":{"gitId":"SinhaVedant"},"content":"        System.out.println(\"     OK, I\u0027ve marked this task as not done yet:\");","lastModifiedDate":"2023-09-24"},{"lineNumber":60,"author":{"gitId":"SinhaVedant"},"content":"        System.out.println(\"       \" + taskList.getTask(taskIndex));","lastModifiedDate":"2023-09-24"},{"lineNumber":61,"author":{"gitId":"SinhaVedant"},"content":"        System.out.println(dashLine);","lastModifiedDate":"2023-09-24"},{"lineNumber":62,"author":{"gitId":"SinhaVedant"},"content":"    }","lastModifiedDate":"2023-09-24"},{"lineNumber":63,"author":{"gitId":"SinhaVedant"},"content":"","lastModifiedDate":"2023-09-24"},{"lineNumber":64,"author":{"gitId":"SinhaVedant"},"content":"    public void displayListMessage(TaskList taskList) {","lastModifiedDate":"2023-09-24"},{"lineNumber":65,"author":{"gitId":"SinhaVedant"},"content":"        System.out.println(dashLine);","lastModifiedDate":"2023-09-24"},{"lineNumber":66,"author":{"gitId":"SinhaVedant"},"content":"        System.out.println(\"    Here are the tasks in your list:\");","lastModifiedDate":"2023-09-24"},{"lineNumber":67,"author":{"gitId":"SinhaVedant"},"content":"        for (int i \u003d 0; i \u003c taskList.listSize(); i++) {","lastModifiedDate":"2023-09-24"},{"lineNumber":68,"author":{"gitId":"SinhaVedant"},"content":"            System.out.println(\"     \" + (i + 1) + \".\" + taskList.getTask(i));","lastModifiedDate":"2023-09-24"},{"lineNumber":69,"author":{"gitId":"SinhaVedant"},"content":"        }","lastModifiedDate":"2023-09-24"},{"lineNumber":70,"author":{"gitId":"SinhaVedant"},"content":"        System.out.println(dashLine);","lastModifiedDate":"2023-09-24"},{"lineNumber":71,"author":{"gitId":"SinhaVedant"},"content":"    }","lastModifiedDate":"2023-09-24"},{"lineNumber":72,"author":{"gitId":"SinhaVedant"},"content":"","lastModifiedDate":"2023-09-24"},{"lineNumber":73,"author":{"gitId":"SinhaVedant"},"content":"    public void displayDeleteMessage(TaskList taskList, Task removedTask) {","lastModifiedDate":"2023-09-24"},{"lineNumber":74,"author":{"gitId":"SinhaVedant"},"content":"        System.out.println(dashLine);","lastModifiedDate":"2023-09-24"},{"lineNumber":75,"author":{"gitId":"SinhaVedant"},"content":"        System.out.println(\"     Noted. I\u0027ve removed this task:\");","lastModifiedDate":"2023-09-24"},{"lineNumber":76,"author":{"gitId":"SinhaVedant"},"content":"        System.out.println(\"       \" + removedTask);","lastModifiedDate":"2023-09-24"},{"lineNumber":77,"author":{"gitId":"SinhaVedant"},"content":"        System.out.println(\"     Now you have \" + taskList.listSize() + \" tasks in the list.\");","lastModifiedDate":"2023-09-24"},{"lineNumber":78,"author":{"gitId":"SinhaVedant"},"content":"        System.out.println(dashLine);","lastModifiedDate":"2023-09-24"},{"lineNumber":79,"author":{"gitId":"SinhaVedant"},"content":"    }","lastModifiedDate":"2023-09-24"},{"lineNumber":80,"author":{"gitId":"SinhaVedant"},"content":"","lastModifiedDate":"2023-09-24"},{"lineNumber":81,"author":{"gitId":"SinhaVedant"},"content":"    public void displayErrorMessage(String message) {","lastModifiedDate":"2023-09-24"},{"lineNumber":82,"author":{"gitId":"SinhaVedant"},"content":"        System.out.println(dashLine);","lastModifiedDate":"2023-09-24"},{"lineNumber":83,"author":{"gitId":"SinhaVedant"},"content":"        System.out.println(\"    OOPS \" + message);","lastModifiedDate":"2023-09-24"},{"lineNumber":84,"author":{"gitId":"SinhaVedant"},"content":"        System.out.println(dashLine);","lastModifiedDate":"2023-09-24"},{"lineNumber":85,"author":{"gitId":"SinhaVedant"},"content":"    }","lastModifiedDate":"2023-09-24"},{"lineNumber":86,"author":{"gitId":"SinhaVedant"},"content":"","lastModifiedDate":"2023-09-24"},{"lineNumber":87,"author":{"gitId":"SinhaVedant"},"content":"    public void displayByeMessage() {","lastModifiedDate":"2023-09-24"},{"lineNumber":88,"author":{"gitId":"SinhaVedant"},"content":"        System.out.println(\"Bye. Hope to see you again soon!\");","lastModifiedDate":"2023-09-24"},{"lineNumber":89,"author":{"gitId":"SinhaVedant"},"content":"    }","lastModifiedDate":"2023-09-24"},{"lineNumber":90,"author":{"gitId":"SinhaVedant"},"content":"","lastModifiedDate":"2023-09-24"},{"lineNumber":91,"author":{"gitId":"SinhaVedant"},"content":"    public void displayLoadErrorMessage(String errorMessage) {","lastModifiedDate":"2023-09-24"},{"lineNumber":92,"author":{"gitId":"SinhaVedant"},"content":"        System.out.println(\"Error loading tasks: \" + errorMessage);","lastModifiedDate":"2023-09-24"},{"lineNumber":93,"author":{"gitId":"SinhaVedant"},"content":"    }","lastModifiedDate":"2023-09-24"},{"lineNumber":94,"author":{"gitId":"SinhaVedant"},"content":"}","lastModifiedDate":"2023-09-07"},{"lineNumber":95,"author":{"gitId":"SinhaVedant"},"content":"","lastModifiedDate":"2023-09-07"}],"authorContributionMap":{"SinhaVedant":95}},{"path":"src/test/java/duke/ParserTest.java","fileType":"java","lines":[{"lineNumber":1,"author":{"gitId":"SinhaVedant"},"content":"package duke;","lastModifiedDate":"2023-09-25"},{"lineNumber":2,"author":{"gitId":"SinhaVedant"},"content":"","lastModifiedDate":"2023-09-25"},{"lineNumber":3,"author":{"gitId":"SinhaVedant"},"content":"import org.junit.jupiter.api.BeforeEach;","lastModifiedDate":"2023-09-25"},{"lineNumber":4,"author":{"gitId":"SinhaVedant"},"content":"import org.junit.jupiter.api.Test;","lastModifiedDate":"2023-09-25"},{"lineNumber":5,"author":{"gitId":"SinhaVedant"},"content":"import static org.junit.jupiter.api.Assertions.fail;","lastModifiedDate":"2023-09-25"},{"lineNumber":6,"author":{"gitId":"SinhaVedant"},"content":"import static org.junit.jupiter.api.Assertions.assertEquals;","lastModifiedDate":"2023-09-25"},{"lineNumber":7,"author":{"gitId":"SinhaVedant"},"content":"","lastModifiedDate":"2023-09-25"},{"lineNumber":8,"author":{"gitId":"SinhaVedant"},"content":"public class ParserTest {","lastModifiedDate":"2023-09-25"},{"lineNumber":9,"author":{"gitId":"SinhaVedant"},"content":"    private TaskList taskList;","lastModifiedDate":"2023-09-25"},{"lineNumber":10,"author":{"gitId":"SinhaVedant"},"content":"    private Ui ui;","lastModifiedDate":"2023-09-25"},{"lineNumber":11,"author":{"gitId":"SinhaVedant"},"content":"","lastModifiedDate":"2023-09-25"},{"lineNumber":12,"author":{"gitId":"SinhaVedant"},"content":"    @BeforeEach","lastModifiedDate":"2023-09-25"},{"lineNumber":13,"author":{"gitId":"SinhaVedant"},"content":"    public void setUp() {","lastModifiedDate":"2023-09-25"},{"lineNumber":14,"author":{"gitId":"SinhaVedant"},"content":"        taskList \u003d new TaskList();","lastModifiedDate":"2023-09-25"},{"lineNumber":15,"author":{"gitId":"SinhaVedant"},"content":"        ui \u003d new Ui();","lastModifiedDate":"2023-09-25"},{"lineNumber":16,"author":{"gitId":"SinhaVedant"},"content":"    }","lastModifiedDate":"2023-09-25"},{"lineNumber":17,"author":{"gitId":"SinhaVedant"},"content":"","lastModifiedDate":"2023-09-25"},{"lineNumber":18,"author":{"gitId":"SinhaVedant"},"content":"    @Test","lastModifiedDate":"2023-09-25"},{"lineNumber":19,"author":{"gitId":"SinhaVedant"},"content":"    public void parseToDoCommand_validInput_addsToDoTask() throws DukeException {","lastModifiedDate":"2023-09-25"},{"lineNumber":20,"author":{"gitId":"SinhaVedant"},"content":"        String input \u003d \"todo Buy groceries\";","lastModifiedDate":"2023-09-25"},{"lineNumber":21,"author":{"gitId":"SinhaVedant"},"content":"        Parser.parseToDoCommand(input, taskList, ui);","lastModifiedDate":"2023-09-25"},{"lineNumber":22,"author":{"gitId":"SinhaVedant"},"content":"","lastModifiedDate":"2023-09-25"},{"lineNumber":23,"author":{"gitId":"SinhaVedant"},"content":"        assertEquals(\"[T][ ] Buy groceries\", taskList.getTask(0).toString());","lastModifiedDate":"2023-09-25"},{"lineNumber":24,"author":{"gitId":"SinhaVedant"},"content":"    }","lastModifiedDate":"2023-09-25"},{"lineNumber":25,"author":{"gitId":"SinhaVedant"},"content":"","lastModifiedDate":"2023-09-25"},{"lineNumber":26,"author":{"gitId":"SinhaVedant"},"content":"    @Test","lastModifiedDate":"2023-09-25"},{"lineNumber":27,"author":{"gitId":"SinhaVedant"},"content":"    public void parseToDoCommand_emptyDescription_throwsDukeException() {","lastModifiedDate":"2023-09-25"},{"lineNumber":28,"author":{"gitId":"SinhaVedant"},"content":"        String input \u003d \"todo \";","lastModifiedDate":"2023-09-25"},{"lineNumber":29,"author":{"gitId":"SinhaVedant"},"content":"        try {","lastModifiedDate":"2023-09-25"},{"lineNumber":30,"author":{"gitId":"SinhaVedant"},"content":"            Parser.parseToDoCommand(input, taskList, ui);","lastModifiedDate":"2023-09-25"},{"lineNumber":31,"author":{"gitId":"SinhaVedant"},"content":"            fail();","lastModifiedDate":"2023-09-25"},{"lineNumber":32,"author":{"gitId":"SinhaVedant"},"content":"        } catch (Exception e) {","lastModifiedDate":"2023-09-25"},{"lineNumber":33,"author":{"gitId":"SinhaVedant"},"content":"            assertEquals(\"The description of a todo cannot be empty.\", e.getMessage());","lastModifiedDate":"2023-09-25"},{"lineNumber":34,"author":{"gitId":"SinhaVedant"},"content":"        }","lastModifiedDate":"2023-09-25"},{"lineNumber":35,"author":{"gitId":"SinhaVedant"},"content":"    }","lastModifiedDate":"2023-09-25"},{"lineNumber":36,"author":{"gitId":"SinhaVedant"},"content":"","lastModifiedDate":"2023-09-25"},{"lineNumber":37,"author":{"gitId":"SinhaVedant"},"content":"    @Test","lastModifiedDate":"2023-09-25"},{"lineNumber":38,"author":{"gitId":"SinhaVedant"},"content":"    public void parseToDoCommand_descriptionWithLeadingSpaces_addsToDoTask() throws DukeException {","lastModifiedDate":"2023-09-25"},{"lineNumber":39,"author":{"gitId":"SinhaVedant"},"content":"        String input \u003d \"todo    Exercise\";","lastModifiedDate":"2023-09-25"},{"lineNumber":40,"author":{"gitId":"SinhaVedant"},"content":"        Parser.parseToDoCommand(input, taskList, ui);","lastModifiedDate":"2023-09-25"},{"lineNumber":41,"author":{"gitId":"SinhaVedant"},"content":"","lastModifiedDate":"2023-09-25"},{"lineNumber":42,"author":{"gitId":"SinhaVedant"},"content":"        assertEquals(\"[T][ ] Exercise\", taskList.getTask(0).toString());","lastModifiedDate":"2023-09-25"},{"lineNumber":43,"author":{"gitId":"SinhaVedant"},"content":"    }","lastModifiedDate":"2023-09-25"},{"lineNumber":44,"author":{"gitId":"SinhaVedant"},"content":"}","lastModifiedDate":"2023-09-25"}],"authorContributionMap":{"SinhaVedant":44}},{"path":"src/test/java/duke/StorageTest.java","fileType":"java","lines":[{"lineNumber":1,"author":{"gitId":"SinhaVedant"},"content":"package duke;","lastModifiedDate":"2023-09-25"},{"lineNumber":2,"author":{"gitId":"SinhaVedant"},"content":"","lastModifiedDate":"2023-09-25"},{"lineNumber":3,"author":{"gitId":"SinhaVedant"},"content":"import org.junit.jupiter.api.Test;","lastModifiedDate":"2023-09-25"},{"lineNumber":4,"author":{"gitId":"SinhaVedant"},"content":"import static org.junit.jupiter.api.Assertions.fail;","lastModifiedDate":"2023-09-25"},{"lineNumber":5,"author":{"gitId":"SinhaVedant"},"content":"import static org.junit.jupiter.api.Assertions.assertEquals;","lastModifiedDate":"2023-09-25"},{"lineNumber":6,"author":{"gitId":"SinhaVedant"},"content":"","lastModifiedDate":"2023-09-25"},{"lineNumber":7,"author":{"gitId":"SinhaVedant"},"content":"public class StorageTest {","lastModifiedDate":"2023-09-25"},{"lineNumber":8,"author":{"gitId":"SinhaVedant"},"content":"","lastModifiedDate":"2023-09-25"},{"lineNumber":9,"author":{"gitId":"SinhaVedant"},"content":"    private Storage storage \u003d new Storage(\"\");","lastModifiedDate":"2023-09-25"},{"lineNumber":10,"author":{"gitId":"SinhaVedant"},"content":"","lastModifiedDate":"2023-09-25"},{"lineNumber":11,"author":{"gitId":"SinhaVedant"},"content":"    @Test","lastModifiedDate":"2023-09-25"},{"lineNumber":12,"author":{"gitId":"SinhaVedant"},"content":"    public void parseTaskFromLine_validToDoData_returnsToDoTask() throws DukeException {","lastModifiedDate":"2023-09-25"},{"lineNumber":13,"author":{"gitId":"SinhaVedant"},"content":"        String line \u003d \"T | 0 | Task 1\";","lastModifiedDate":"2023-09-25"},{"lineNumber":14,"author":{"gitId":"SinhaVedant"},"content":"        Task task \u003d storage.parseTaskFromLine(line);","lastModifiedDate":"2023-09-25"},{"lineNumber":15,"author":{"gitId":"SinhaVedant"},"content":"","lastModifiedDate":"2023-09-25"},{"lineNumber":16,"author":{"gitId":"SinhaVedant"},"content":"        assertEquals(\"[T][ ] Task 1\", task.toString());","lastModifiedDate":"2023-09-25"},{"lineNumber":17,"author":{"gitId":"SinhaVedant"},"content":"    }","lastModifiedDate":"2023-09-25"},{"lineNumber":18,"author":{"gitId":"SinhaVedant"},"content":"","lastModifiedDate":"2023-09-25"},{"lineNumber":19,"author":{"gitId":"SinhaVedant"},"content":"    @Test","lastModifiedDate":"2023-09-25"},{"lineNumber":20,"author":{"gitId":"SinhaVedant"},"content":"    public void parseTaskFromLine_validDeadlineData_returnsDeadlineTask() throws DukeException {","lastModifiedDate":"2023-09-25"},{"lineNumber":21,"author":{"gitId":"SinhaVedant"},"content":"        String line \u003d \"D | 1 | Task 2 | 2019-10-15\";","lastModifiedDate":"2023-09-25"},{"lineNumber":22,"author":{"gitId":"SinhaVedant"},"content":"        Task task \u003d storage.parseTaskFromLine(line);","lastModifiedDate":"2023-09-25"},{"lineNumber":23,"author":{"gitId":"SinhaVedant"},"content":"","lastModifiedDate":"2023-09-25"},{"lineNumber":24,"author":{"gitId":"SinhaVedant"},"content":"        assertEquals(\"[D][X] Task 2 (by: Oct 15 2019)\", task.toString());","lastModifiedDate":"2023-09-25"},{"lineNumber":25,"author":{"gitId":"SinhaVedant"},"content":"    }","lastModifiedDate":"2023-09-25"},{"lineNumber":26,"author":{"gitId":"SinhaVedant"},"content":"","lastModifiedDate":"2023-09-25"},{"lineNumber":27,"author":{"gitId":"SinhaVedant"},"content":"    @Test","lastModifiedDate":"2023-09-25"},{"lineNumber":28,"author":{"gitId":"SinhaVedant"},"content":"    public void parseTaskFromLine_validEventData_returnsEventTask() throws DukeException {","lastModifiedDate":"2023-09-25"},{"lineNumber":29,"author":{"gitId":"SinhaVedant"},"content":"        String line \u003d \"E | 1 | Task 3 | Aug 6th 2pm-4pm\";","lastModifiedDate":"2023-09-25"},{"lineNumber":30,"author":{"gitId":"SinhaVedant"},"content":"        Task task \u003d storage.parseTaskFromLine(line);","lastModifiedDate":"2023-09-25"},{"lineNumber":31,"author":{"gitId":"SinhaVedant"},"content":"","lastModifiedDate":"2023-09-25"},{"lineNumber":32,"author":{"gitId":"SinhaVedant"},"content":"        assertEquals(\"[E][X] Task 3 (from: Aug 6th 2pm to: 4pm)\", task.toString());","lastModifiedDate":"2023-09-25"},{"lineNumber":33,"author":{"gitId":"SinhaVedant"},"content":"    }","lastModifiedDate":"2023-09-25"},{"lineNumber":34,"author":{"gitId":"SinhaVedant"},"content":"","lastModifiedDate":"2023-09-25"},{"lineNumber":35,"author":{"gitId":"SinhaVedant"},"content":"    @Test","lastModifiedDate":"2023-09-25"},{"lineNumber":36,"author":{"gitId":"SinhaVedant"},"content":"    public void parseTaskFromLine_invalidData_throwsDukeException() {","lastModifiedDate":"2023-09-25"},{"lineNumber":37,"author":{"gitId":"SinhaVedant"},"content":"        try {","lastModifiedDate":"2023-09-25"},{"lineNumber":38,"author":{"gitId":"SinhaVedant"},"content":"            String line \u003d \"Invalid Data\";","lastModifiedDate":"2023-09-25"},{"lineNumber":39,"author":{"gitId":"SinhaVedant"},"content":"            Task task \u003d storage.parseTaskFromLine(line);","lastModifiedDate":"2023-09-25"},{"lineNumber":40,"author":{"gitId":"SinhaVedant"},"content":"            fail();","lastModifiedDate":"2023-09-25"},{"lineNumber":41,"author":{"gitId":"SinhaVedant"},"content":"        } catch (Exception e) {","lastModifiedDate":"2023-09-25"},{"lineNumber":42,"author":{"gitId":"SinhaVedant"},"content":"            assertEquals(\"Invalid data format in the file.\", e.getMessage());","lastModifiedDate":"2023-09-25"},{"lineNumber":43,"author":{"gitId":"SinhaVedant"},"content":"        }","lastModifiedDate":"2023-09-25"},{"lineNumber":44,"author":{"gitId":"SinhaVedant"},"content":"    }","lastModifiedDate":"2023-09-25"},{"lineNumber":45,"author":{"gitId":"SinhaVedant"},"content":"}","lastModifiedDate":"2023-09-25"}],"authorContributionMap":{"SinhaVedant":45}},{"path":"text-ui-test/input.txt","fileType":"txt","lines":[{"lineNumber":1,"author":{"gitId":"SinhaVedant"},"content":"todo run","lastModifiedDate":"2023-09-07"},{"lineNumber":2,"author":{"gitId":"SinhaVedant"},"content":"todo walk","lastModifiedDate":"2023-09-07"},{"lineNumber":3,"author":{"gitId":"SinhaVedant"},"content":"deadline return book /by Sunday","lastModifiedDate":"2023-08-24"},{"lineNumber":4,"author":{"gitId":"SinhaVedant"},"content":"event project meeting /from Mon 2pm /to 4pm","lastModifiedDate":"2023-08-24"},{"lineNumber":5,"author":{"gitId":"SinhaVedant"},"content":"list","lastModifiedDate":"2023-08-24"},{"lineNumber":6,"author":{"gitId":"SinhaVedant"},"content":"mark 2","lastModifiedDate":"2023-08-24"},{"lineNumber":7,"author":{"gitId":"SinhaVedant"},"content":"unmark 2","lastModifiedDate":"2023-08-24"},{"lineNumber":8,"author":{"gitId":"SinhaVedant"},"content":"list","lastModifiedDate":"2023-08-24"},{"lineNumber":9,"author":{"gitId":"SinhaVedant"},"content":"bye","lastModifiedDate":"2023-08-24"}],"authorContributionMap":{"SinhaVedant":9}},{"path":"text-ui-test/runtest.bat","fileType":"bat","lines":[{"lineNumber":1,"author":{"gitId":"-"},"content":"@ECHO OFF","lastModifiedDate":"2020-05-25"},{"lineNumber":2,"author":{"gitId":"-"},"content":"","lastModifiedDate":"2020-05-25"},{"lineNumber":3,"author":{"gitId":"-"},"content":"REM create bin directory if it doesn\u0027t exist","lastModifiedDate":"2020-05-25"},{"lineNumber":4,"author":{"gitId":"-"},"content":"if not exist ..\\bin mkdir ..\\bin","lastModifiedDate":"2020-05-25"},{"lineNumber":5,"author":{"gitId":"-"},"content":"","lastModifiedDate":"2020-05-25"},{"lineNumber":6,"author":{"gitId":"-"},"content":"REM delete output from previous run","lastModifiedDate":"2020-05-25"},{"lineNumber":7,"author":{"gitId":"-"},"content":"if exist ACTUAL.TXT del ACTUAL.TXT","lastModifiedDate":"2020-08-25"},{"lineNumber":8,"author":{"gitId":"-"},"content":"","lastModifiedDate":"2020-05-25"},{"lineNumber":9,"author":{"gitId":"-"},"content":"REM compile the code into the bin folder","lastModifiedDate":"2020-05-25"},{"lineNumber":10,"author":{"gitId":"-"},"content":"javac  -cp ..\\src\\main\\java -Xlint:none -d ..\\bin ..\\src\\main\\java\\*.java","lastModifiedDate":"2020-08-25"},{"lineNumber":11,"author":{"gitId":"-"},"content":"IF ERRORLEVEL 1 (","lastModifiedDate":"2020-05-25"},{"lineNumber":12,"author":{"gitId":"-"},"content":"    echo ********** BUILD FAILURE **********","lastModifiedDate":"2020-05-25"},{"lineNumber":13,"author":{"gitId":"-"},"content":"    exit /b 1","lastModifiedDate":"2020-05-25"},{"lineNumber":14,"author":{"gitId":"-"},"content":")","lastModifiedDate":"2020-05-25"},{"lineNumber":15,"author":{"gitId":"-"},"content":"REM no error here, errorlevel \u003d\u003d 0","lastModifiedDate":"2020-05-25"},{"lineNumber":16,"author":{"gitId":"-"},"content":"","lastModifiedDate":"2020-05-25"},{"lineNumber":17,"author":{"gitId":"-"},"content":"REM run the program, feed commands from input.txt file and redirect the output to the ACTUAL.TXT","lastModifiedDate":"2020-05-25"},{"lineNumber":18,"author":{"gitId":"SinhaVedant"},"content":"java -classpath ..\\bin duke.Duke \u003c input.txt \u003e ACTUAL.TXT","lastModifiedDate":"2023-09-07"},{"lineNumber":19,"author":{"gitId":"-"},"content":"","lastModifiedDate":"2020-05-25"},{"lineNumber":20,"author":{"gitId":"-"},"content":"REM compare the output to the expected output","lastModifiedDate":"2020-05-25"},{"lineNumber":21,"author":{"gitId":"-"},"content":"FC ACTUAL.TXT EXPECTED.TXT","lastModifiedDate":"2020-05-25"}],"authorContributionMap":{"SinhaVedant":1,"-":20}}]
