[{"path":"src/main/java/Deadline.java","fileType":"java","lines":[{"lineNumber":1,"author":{"gitId":"SinhaVedant"},"content":"public class Deadline extends Task {","lastModifiedDate":"2023-08-24"},{"lineNumber":2,"author":{"gitId":"SinhaVedant"},"content":"    protected String by;","lastModifiedDate":"2023-08-24"},{"lineNumber":3,"author":{"gitId":"SinhaVedant"},"content":"","lastModifiedDate":"2023-08-24"},{"lineNumber":4,"author":{"gitId":"SinhaVedant"},"content":"    public Deadline(String description, String by, char taskType) {","lastModifiedDate":"2023-08-24"},{"lineNumber":5,"author":{"gitId":"SinhaVedant"},"content":"        super(description, taskType);","lastModifiedDate":"2023-08-24"},{"lineNumber":6,"author":{"gitId":"SinhaVedant"},"content":"        this.by \u003d by;","lastModifiedDate":"2023-08-24"},{"lineNumber":7,"author":{"gitId":"SinhaVedant"},"content":"    }","lastModifiedDate":"2023-08-24"},{"lineNumber":8,"author":{"gitId":"SinhaVedant"},"content":"","lastModifiedDate":"2023-08-24"},{"lineNumber":9,"author":{"gitId":"SinhaVedant"},"content":"    @Override","lastModifiedDate":"2023-08-24"},{"lineNumber":10,"author":{"gitId":"SinhaVedant"},"content":"    public String toString() {","lastModifiedDate":"2023-08-24"},{"lineNumber":11,"author":{"gitId":"SinhaVedant"},"content":"        return super.toString() + \" (by: \" + by + \")\";","lastModifiedDate":"2023-08-24"},{"lineNumber":12,"author":{"gitId":"SinhaVedant"},"content":"    }","lastModifiedDate":"2023-08-24"},{"lineNumber":13,"author":{"gitId":"SinhaVedant"},"content":"}","lastModifiedDate":"2023-08-24"}],"authorContributionMap":{"SinhaVedant":13}},{"path":"src/main/java/Duke.java","fileType":"java","lines":[{"lineNumber":1,"author":{"gitId":"SinhaVedant"},"content":"import java.util.Scanner;","lastModifiedDate":"2023-08-24"},{"lineNumber":2,"author":{"gitId":"SinhaVedant"},"content":"import java.util.ArrayList;","lastModifiedDate":"2023-08-25"},{"lineNumber":3,"author":{"gitId":"-"},"content":"public class Duke {","lastModifiedDate":"2019-07-29"},{"lineNumber":4,"author":{"gitId":"-"},"content":"    public static void main(String[] args) {","lastModifiedDate":"2019-07-29"},{"lineNumber":5,"author":{"gitId":"SinhaVedant"},"content":"        Scanner scanner \u003d new Scanner(System.in);","lastModifiedDate":"2023-08-24"},{"lineNumber":6,"author":{"gitId":"SinhaVedant"},"content":"","lastModifiedDate":"2023-08-24"},{"lineNumber":7,"author":{"gitId":"SinhaVedant"},"content":"        ArrayList\u003cTask\u003e taskList \u003d new ArrayList\u003c\u003e();","lastModifiedDate":"2023-08-25"},{"lineNumber":8,"author":{"gitId":"SinhaVedant"},"content":"","lastModifiedDate":"2023-08-25"},{"lineNumber":9,"author":{"gitId":"SinhaVedant"},"content":"","lastModifiedDate":"2023-08-24"},{"lineNumber":10,"author":{"gitId":"SinhaVedant"},"content":"        // Greeting message","lastModifiedDate":"2023-08-24"},{"lineNumber":11,"author":{"gitId":"SinhaVedant"},"content":"        System.out.println(\"Hello! I\u0027m Sivraj\");","lastModifiedDate":"2023-08-24"},{"lineNumber":12,"author":{"gitId":"SinhaVedant"},"content":"        System.out.println(\"What can I do for you?\");","lastModifiedDate":"2023-08-24"},{"lineNumber":13,"author":{"gitId":"SinhaVedant"},"content":"","lastModifiedDate":"2023-08-24"},{"lineNumber":14,"author":{"gitId":"SinhaVedant"},"content":"        while (true) {","lastModifiedDate":"2023-08-24"},{"lineNumber":15,"author":{"gitId":"SinhaVedant"},"content":"            String echo \u003d scanner.nextLine();","lastModifiedDate":"2023-08-24"},{"lineNumber":16,"author":{"gitId":"SinhaVedant"},"content":"","lastModifiedDate":"2023-08-24"},{"lineNumber":17,"author":{"gitId":"SinhaVedant"},"content":"            try {","lastModifiedDate":"2023-08-24"},{"lineNumber":18,"author":{"gitId":"SinhaVedant"},"content":"","lastModifiedDate":"2023-08-24"},{"lineNumber":19,"author":{"gitId":"SinhaVedant"},"content":"                if (echo.equals(\"bye\")) {","lastModifiedDate":"2023-08-24"},{"lineNumber":20,"author":{"gitId":"SinhaVedant"},"content":"                    // Farewell message","lastModifiedDate":"2023-08-24"},{"lineNumber":21,"author":{"gitId":"SinhaVedant"},"content":"                    System.out.println(\"Bye. Hope to see you again soon!\");","lastModifiedDate":"2023-08-24"},{"lineNumber":22,"author":{"gitId":"SinhaVedant"},"content":"                    break;","lastModifiedDate":"2023-08-24"},{"lineNumber":23,"author":{"gitId":"SinhaVedant"},"content":"                } else if (echo.equals(\"list\")) {","lastModifiedDate":"2023-08-24"},{"lineNumber":24,"author":{"gitId":"SinhaVedant"},"content":"                    System.out.println(\" ----------------------------------------\");","lastModifiedDate":"2023-08-24"},{"lineNumber":25,"author":{"gitId":"SinhaVedant"},"content":"                    System.out.println(\"    Here are the tasks in your list:\");","lastModifiedDate":"2023-08-24"},{"lineNumber":26,"author":{"gitId":"SinhaVedant"},"content":"                    for (int i \u003d 0; i \u003c taskList.size(); i++) {","lastModifiedDate":"2023-08-25"},{"lineNumber":27,"author":{"gitId":"SinhaVedant"},"content":"                        System.out.println(\"     \" + (i + 1) + \".\" + taskList.get(i));","lastModifiedDate":"2023-08-25"},{"lineNumber":28,"author":{"gitId":"SinhaVedant"},"content":"                    }","lastModifiedDate":"2023-08-24"},{"lineNumber":29,"author":{"gitId":"SinhaVedant"},"content":"                    System.out.println(\" -----------------------------------------\");","lastModifiedDate":"2023-08-24"},{"lineNumber":30,"author":{"gitId":"SinhaVedant"},"content":"                } else if (echo.startsWith(\"todo\")) {","lastModifiedDate":"2023-08-24"},{"lineNumber":31,"author":{"gitId":"SinhaVedant"},"content":"                    if (echo.length() \u003c\u003d 5) {","lastModifiedDate":"2023-08-24"},{"lineNumber":32,"author":{"gitId":"SinhaVedant"},"content":"                        throw new DukeException(\"The description of a todo cannot be empty.\");","lastModifiedDate":"2023-08-24"},{"lineNumber":33,"author":{"gitId":"SinhaVedant"},"content":"                    }","lastModifiedDate":"2023-08-24"},{"lineNumber":34,"author":{"gitId":"SinhaVedant"},"content":"                    String description \u003d echo.substring(5).trim();","lastModifiedDate":"2023-08-24"},{"lineNumber":35,"author":{"gitId":"SinhaVedant"},"content":"                    taskList.add(new ToDo(description, \u0027T\u0027));","lastModifiedDate":"2023-08-25"},{"lineNumber":36,"author":{"gitId":"SinhaVedant"},"content":"","lastModifiedDate":"2023-08-24"},{"lineNumber":37,"author":{"gitId":"SinhaVedant"},"content":"                        System.out.println(\" -----------------------------------------\");","lastModifiedDate":"2023-08-24"},{"lineNumber":38,"author":{"gitId":"SinhaVedant"},"content":"                        System.out.println(\"     Got it. I\u0027ve added this task:\");","lastModifiedDate":"2023-08-24"},{"lineNumber":39,"author":{"gitId":"SinhaVedant"},"content":"                        System.out.println(\"    \" + taskList.get(taskList.size() - 1));","lastModifiedDate":"2023-08-25"},{"lineNumber":40,"author":{"gitId":"SinhaVedant"},"content":"                        System.out.println(\"     Now you have \" + taskList.size() + \" tasks in the list.\");","lastModifiedDate":"2023-08-25"},{"lineNumber":41,"author":{"gitId":"SinhaVedant"},"content":"                        System.out.println(\" -----------------------------------------\");","lastModifiedDate":"2023-08-24"},{"lineNumber":42,"author":{"gitId":"SinhaVedant"},"content":"","lastModifiedDate":"2023-08-24"},{"lineNumber":43,"author":{"gitId":"SinhaVedant"},"content":"                } else if (echo.startsWith(\"deadline\")) {","lastModifiedDate":"2023-08-24"},{"lineNumber":44,"author":{"gitId":"SinhaVedant"},"content":"                    int byIndex \u003d echo.indexOf(\"/by\");","lastModifiedDate":"2023-08-24"},{"lineNumber":45,"author":{"gitId":"SinhaVedant"},"content":"                    String description \u003d echo.substring(9, byIndex).trim();","lastModifiedDate":"2023-08-24"},{"lineNumber":46,"author":{"gitId":"SinhaVedant"},"content":"                    String by \u003d echo.substring(byIndex + 3).trim();","lastModifiedDate":"2023-08-24"},{"lineNumber":47,"author":{"gitId":"SinhaVedant"},"content":"                    taskList.add(new Deadline(description, by, \u0027D\u0027));","lastModifiedDate":"2023-08-25"},{"lineNumber":48,"author":{"gitId":"SinhaVedant"},"content":"                    System.out.println(\" -----------------------------------------\");","lastModifiedDate":"2023-08-24"},{"lineNumber":49,"author":{"gitId":"SinhaVedant"},"content":"                    System.out.println(\"     Got it. I\u0027ve added this task:\");","lastModifiedDate":"2023-08-24"},{"lineNumber":50,"author":{"gitId":"SinhaVedant"},"content":"                    System.out.println(\"       \" + taskList.get(taskList.size() - 1));","lastModifiedDate":"2023-08-25"},{"lineNumber":51,"author":{"gitId":"SinhaVedant"},"content":"                    System.out.println(\"     Now you have \" + taskList.size() + \" tasks in the list.\");","lastModifiedDate":"2023-08-25"},{"lineNumber":52,"author":{"gitId":"SinhaVedant"},"content":"                    System.out.println(\" -----------------------------------------\");","lastModifiedDate":"2023-08-24"},{"lineNumber":53,"author":{"gitId":"SinhaVedant"},"content":"                } else if (echo.startsWith(\"event\")) {","lastModifiedDate":"2023-08-24"},{"lineNumber":54,"author":{"gitId":"SinhaVedant"},"content":"                    int fromIndex \u003d echo.indexOf(\"/from\");","lastModifiedDate":"2023-08-24"},{"lineNumber":55,"author":{"gitId":"SinhaVedant"},"content":"                    int toIndex \u003d echo.indexOf(\"/to\");","lastModifiedDate":"2023-08-24"},{"lineNumber":56,"author":{"gitId":"SinhaVedant"},"content":"                    String description \u003d echo.substring(6, fromIndex).trim();","lastModifiedDate":"2023-08-24"},{"lineNumber":57,"author":{"gitId":"SinhaVedant"},"content":"                    String from \u003d echo.substring(fromIndex + 5, toIndex).trim();","lastModifiedDate":"2023-08-24"},{"lineNumber":58,"author":{"gitId":"SinhaVedant"},"content":"                    String to \u003d echo.substring(toIndex + 3).trim();","lastModifiedDate":"2023-08-24"},{"lineNumber":59,"author":{"gitId":"SinhaVedant"},"content":"                    taskList.add(new Event(description, from, to, \u0027E\u0027));","lastModifiedDate":"2023-08-25"},{"lineNumber":60,"author":{"gitId":"SinhaVedant"},"content":"                    System.out.println(\" -----------------------------------------\");","lastModifiedDate":"2023-08-24"},{"lineNumber":61,"author":{"gitId":"SinhaVedant"},"content":"                    System.out.println(\"     Got it. I\u0027ve added this task:\");","lastModifiedDate":"2023-08-24"},{"lineNumber":62,"author":{"gitId":"SinhaVedant"},"content":"                    System.out.println(\"       \" + taskList.get(taskList.size() - 1));","lastModifiedDate":"2023-08-25"},{"lineNumber":63,"author":{"gitId":"SinhaVedant"},"content":"                    System.out.println(\"     Now you have \" + taskList.size() + \" tasks in the list.\");","lastModifiedDate":"2023-08-25"},{"lineNumber":64,"author":{"gitId":"SinhaVedant"},"content":"                    System.out.println(\" -----------------------------------------\");","lastModifiedDate":"2023-08-24"},{"lineNumber":65,"author":{"gitId":"SinhaVedant"},"content":"                } else if (echo.startsWith(\"mark\")) {","lastModifiedDate":"2023-08-24"},{"lineNumber":66,"author":{"gitId":"SinhaVedant"},"content":"                    int taskIndex \u003d Integer.parseInt(echo.substring(5).trim()) - 1;","lastModifiedDate":"2023-08-24"},{"lineNumber":67,"author":{"gitId":"SinhaVedant"},"content":"                    if (taskIndex \u003e\u003d 0 \u0026\u0026 taskIndex \u003c taskList.size()) {","lastModifiedDate":"2023-08-25"},{"lineNumber":68,"author":{"gitId":"SinhaVedant"},"content":"                        taskList.get(taskIndex).markAsDone();","lastModifiedDate":"2023-08-25"},{"lineNumber":69,"author":{"gitId":"SinhaVedant"},"content":"                        System.out.println(\" ------------------------------------------\");","lastModifiedDate":"2023-08-24"},{"lineNumber":70,"author":{"gitId":"SinhaVedant"},"content":"                        System.out.println(\"    Nice! I\u0027ve marked this task as done:\");","lastModifiedDate":"2023-08-24"},{"lineNumber":71,"author":{"gitId":"SinhaVedant"},"content":"                        System.out.println(\"       \" + taskList.get(taskIndex));","lastModifiedDate":"2023-08-25"},{"lineNumber":72,"author":{"gitId":"SinhaVedant"},"content":"                        System.out.println(\" ------------------------------------------\");","lastModifiedDate":"2023-08-24"},{"lineNumber":73,"author":{"gitId":"SinhaVedant"},"content":"                    } else {","lastModifiedDate":"2023-08-24"},{"lineNumber":74,"author":{"gitId":"SinhaVedant"},"content":"                        System.out.println(\"Invalid task index.\");","lastModifiedDate":"2023-08-24"},{"lineNumber":75,"author":{"gitId":"SinhaVedant"},"content":"                    }","lastModifiedDate":"2023-08-24"},{"lineNumber":76,"author":{"gitId":"SinhaVedant"},"content":"                } else if (echo.startsWith(\"unmark\")) {","lastModifiedDate":"2023-08-24"},{"lineNumber":77,"author":{"gitId":"SinhaVedant"},"content":"                    int taskIndex \u003d Integer.parseInt(echo.substring(7).trim()) - 1;","lastModifiedDate":"2023-08-24"},{"lineNumber":78,"author":{"gitId":"SinhaVedant"},"content":"                    if (taskIndex \u003e\u003d 0 \u0026\u0026 taskIndex \u003c taskList.size()) {","lastModifiedDate":"2023-08-25"},{"lineNumber":79,"author":{"gitId":"SinhaVedant"},"content":"                        taskList.get(taskIndex).markAsNotDone();","lastModifiedDate":"2023-08-25"},{"lineNumber":80,"author":{"gitId":"SinhaVedant"},"content":"                        System.out.println(\" -------------------------------------------\");","lastModifiedDate":"2023-08-24"},{"lineNumber":81,"author":{"gitId":"SinhaVedant"},"content":"                        System.out.println(\"     OK, I\u0027ve marked this task as not done yet:\");","lastModifiedDate":"2023-08-24"},{"lineNumber":82,"author":{"gitId":"SinhaVedant"},"content":"                        System.out.println(\"       \" + taskList.get(taskIndex));","lastModifiedDate":"2023-08-25"},{"lineNumber":83,"author":{"gitId":"SinhaVedant"},"content":"                        System.out.println(\" -------------------------------------------\");","lastModifiedDate":"2023-08-25"},{"lineNumber":84,"author":{"gitId":"SinhaVedant"},"content":"                    } else {","lastModifiedDate":"2023-08-25"},{"lineNumber":85,"author":{"gitId":"SinhaVedant"},"content":"                        System.out.println(\"Invalid task index.\");","lastModifiedDate":"2023-08-25"},{"lineNumber":86,"author":{"gitId":"SinhaVedant"},"content":"                    }","lastModifiedDate":"2023-08-25"},{"lineNumber":87,"author":{"gitId":"SinhaVedant"},"content":"                } else if (echo.startsWith(\"delete\")) {","lastModifiedDate":"2023-08-25"},{"lineNumber":88,"author":{"gitId":"SinhaVedant"},"content":"                    int taskIndex \u003d Integer.parseInt(echo.substring(7).trim()) - 1;","lastModifiedDate":"2023-08-25"},{"lineNumber":89,"author":{"gitId":"SinhaVedant"},"content":"                    if (taskIndex \u003e\u003d 0 \u0026\u0026 taskIndex \u003c taskList.size()) {","lastModifiedDate":"2023-08-25"},{"lineNumber":90,"author":{"gitId":"SinhaVedant"},"content":"                        Task removedTask \u003d taskList.remove(taskIndex);","lastModifiedDate":"2023-08-25"},{"lineNumber":91,"author":{"gitId":"SinhaVedant"},"content":"                        System.out.println(\" -------------------------------------------\");","lastModifiedDate":"2023-08-25"},{"lineNumber":92,"author":{"gitId":"SinhaVedant"},"content":"                        System.out.println(\"     Noted. I\u0027ve removed this task:\");","lastModifiedDate":"2023-08-25"},{"lineNumber":93,"author":{"gitId":"SinhaVedant"},"content":"                        System.out.println(\"       \" + removedTask);","lastModifiedDate":"2023-08-25"},{"lineNumber":94,"author":{"gitId":"SinhaVedant"},"content":"                        System.out.println(\"     Now you have \" + taskList.size() + \" tasks in the list.\");","lastModifiedDate":"2023-08-25"},{"lineNumber":95,"author":{"gitId":"SinhaVedant"},"content":"                        System.out.println(\" -------------------------------------------\");","lastModifiedDate":"2023-08-24"},{"lineNumber":96,"author":{"gitId":"SinhaVedant"},"content":"                    } else {","lastModifiedDate":"2023-08-24"},{"lineNumber":97,"author":{"gitId":"SinhaVedant"},"content":"                        System.out.println(\"Invalid task index.\");","lastModifiedDate":"2023-08-24"},{"lineNumber":98,"author":{"gitId":"SinhaVedant"},"content":"                    }","lastModifiedDate":"2023-08-24"},{"lineNumber":99,"author":{"gitId":"SinhaVedant"},"content":"                } else {","lastModifiedDate":"2023-08-24"},{"lineNumber":100,"author":{"gitId":"SinhaVedant"},"content":"                    throw new DukeException(\"I\u0027m sorry, but I don\u0027t know what that means :-(\");","lastModifiedDate":"2023-08-24"},{"lineNumber":101,"author":{"gitId":"SinhaVedant"},"content":"                }","lastModifiedDate":"2023-08-24"},{"lineNumber":102,"author":{"gitId":"SinhaVedant"},"content":"            } catch (DukeException e) {","lastModifiedDate":"2023-08-24"},{"lineNumber":103,"author":{"gitId":"SinhaVedant"},"content":"                System.out.println(\" -------------------------------------------\");","lastModifiedDate":"2023-08-24"},{"lineNumber":104,"author":{"gitId":"SinhaVedant"},"content":"                System.out.println(\"    OOPS \" + e.getMessage());","lastModifiedDate":"2023-08-24"},{"lineNumber":105,"author":{"gitId":"SinhaVedant"},"content":"                System.out.println(\" -------------------------------------------\");","lastModifiedDate":"2023-08-24"},{"lineNumber":106,"author":{"gitId":"SinhaVedant"},"content":"            }","lastModifiedDate":"2023-08-24"},{"lineNumber":107,"author":{"gitId":"SinhaVedant"},"content":"        }","lastModifiedDate":"2023-08-24"},{"lineNumber":108,"author":{"gitId":"SinhaVedant"},"content":"","lastModifiedDate":"2023-08-24"},{"lineNumber":109,"author":{"gitId":"SinhaVedant"},"content":"        scanner.close();","lastModifiedDate":"2023-08-24"},{"lineNumber":110,"author":{"gitId":"SinhaVedant"},"content":"","lastModifiedDate":"2023-08-24"},{"lineNumber":111,"author":{"gitId":"-"},"content":"    }","lastModifiedDate":"2019-07-29"},{"lineNumber":112,"author":{"gitId":"-"},"content":"}","lastModifiedDate":"2019-07-29"}],"authorContributionMap":{"SinhaVedant":108,"-":4}},{"path":"src/main/java/DukeException.java","fileType":"java","lines":[{"lineNumber":1,"author":{"gitId":"SinhaVedant"},"content":"public class DukeException extends Exception {","lastModifiedDate":"2023-08-24"},{"lineNumber":2,"author":{"gitId":"SinhaVedant"},"content":"    public DukeException(String message) {","lastModifiedDate":"2023-08-24"},{"lineNumber":3,"author":{"gitId":"SinhaVedant"},"content":"        super(message);","lastModifiedDate":"2023-08-24"},{"lineNumber":4,"author":{"gitId":"SinhaVedant"},"content":"    }","lastModifiedDate":"2023-08-24"},{"lineNumber":5,"author":{"gitId":"SinhaVedant"},"content":"}","lastModifiedDate":"2023-08-24"}],"authorContributionMap":{"SinhaVedant":5}},{"path":"src/main/java/Event.java","fileType":"java","lines":[{"lineNumber":1,"author":{"gitId":"SinhaVedant"},"content":"public class Event extends Task {","lastModifiedDate":"2023-08-24"},{"lineNumber":2,"author":{"gitId":"SinhaVedant"},"content":"    protected String from;","lastModifiedDate":"2023-08-24"},{"lineNumber":3,"author":{"gitId":"SinhaVedant"},"content":"    protected String to;","lastModifiedDate":"2023-08-24"},{"lineNumber":4,"author":{"gitId":"SinhaVedant"},"content":"","lastModifiedDate":"2023-08-24"},{"lineNumber":5,"author":{"gitId":"SinhaVedant"},"content":"    public Event(String description, String from, String to, char taskType) {","lastModifiedDate":"2023-08-24"},{"lineNumber":6,"author":{"gitId":"SinhaVedant"},"content":"        super(description, taskType);","lastModifiedDate":"2023-08-24"},{"lineNumber":7,"author":{"gitId":"SinhaVedant"},"content":"        this.from \u003d from;","lastModifiedDate":"2023-08-24"},{"lineNumber":8,"author":{"gitId":"SinhaVedant"},"content":"        this.to \u003d to;","lastModifiedDate":"2023-08-24"},{"lineNumber":9,"author":{"gitId":"SinhaVedant"},"content":"    }","lastModifiedDate":"2023-08-24"},{"lineNumber":10,"author":{"gitId":"SinhaVedant"},"content":"","lastModifiedDate":"2023-08-24"},{"lineNumber":11,"author":{"gitId":"SinhaVedant"},"content":"    @Override","lastModifiedDate":"2023-08-24"},{"lineNumber":12,"author":{"gitId":"SinhaVedant"},"content":"    public String toString() {","lastModifiedDate":"2023-08-24"},{"lineNumber":13,"author":{"gitId":"SinhaVedant"},"content":"        return super.toString() + \" (from: \" + from + \" to: \" + to + \")\";","lastModifiedDate":"2023-08-24"},{"lineNumber":14,"author":{"gitId":"SinhaVedant"},"content":"    }","lastModifiedDate":"2023-08-24"},{"lineNumber":15,"author":{"gitId":"SinhaVedant"},"content":"}","lastModifiedDate":"2023-08-24"}],"authorContributionMap":{"SinhaVedant":15}},{"path":"src/main/java/Task.java","fileType":"java","lines":[{"lineNumber":1,"author":{"gitId":"SinhaVedant"},"content":"public class Task {","lastModifiedDate":"2023-08-24"},{"lineNumber":2,"author":{"gitId":"SinhaVedant"},"content":"    protected String description;","lastModifiedDate":"2023-08-24"},{"lineNumber":3,"author":{"gitId":"SinhaVedant"},"content":"    protected boolean isDone;","lastModifiedDate":"2023-08-24"},{"lineNumber":4,"author":{"gitId":"SinhaVedant"},"content":"    protected char taskType;","lastModifiedDate":"2023-08-24"},{"lineNumber":5,"author":{"gitId":"SinhaVedant"},"content":"","lastModifiedDate":"2023-08-24"},{"lineNumber":6,"author":{"gitId":"SinhaVedant"},"content":"    public Task(String description, char taskType) {","lastModifiedDate":"2023-08-24"},{"lineNumber":7,"author":{"gitId":"SinhaVedant"},"content":"        this.description \u003d description;","lastModifiedDate":"2023-08-24"},{"lineNumber":8,"author":{"gitId":"SinhaVedant"},"content":"        this.isDone \u003d false;","lastModifiedDate":"2023-08-24"},{"lineNumber":9,"author":{"gitId":"SinhaVedant"},"content":"        this.taskType \u003d taskType;","lastModifiedDate":"2023-08-24"},{"lineNumber":10,"author":{"gitId":"SinhaVedant"},"content":"    }","lastModifiedDate":"2023-08-24"},{"lineNumber":11,"author":{"gitId":"SinhaVedant"},"content":"","lastModifiedDate":"2023-08-24"},{"lineNumber":12,"author":{"gitId":"SinhaVedant"},"content":"    public void markAsDone() {","lastModifiedDate":"2023-08-24"},{"lineNumber":13,"author":{"gitId":"SinhaVedant"},"content":"        isDone \u003d true;","lastModifiedDate":"2023-08-24"},{"lineNumber":14,"author":{"gitId":"SinhaVedant"},"content":"    }","lastModifiedDate":"2023-08-24"},{"lineNumber":15,"author":{"gitId":"SinhaVedant"},"content":"","lastModifiedDate":"2023-08-24"},{"lineNumber":16,"author":{"gitId":"SinhaVedant"},"content":"    public void markAsNotDone() {","lastModifiedDate":"2023-08-24"},{"lineNumber":17,"author":{"gitId":"SinhaVedant"},"content":"        isDone \u003d false;","lastModifiedDate":"2023-08-24"},{"lineNumber":18,"author":{"gitId":"SinhaVedant"},"content":"    }","lastModifiedDate":"2023-08-24"},{"lineNumber":19,"author":{"gitId":"SinhaVedant"},"content":"","lastModifiedDate":"2023-08-24"},{"lineNumber":20,"author":{"gitId":"SinhaVedant"},"content":"    public String getStatusIcon() {","lastModifiedDate":"2023-08-24"},{"lineNumber":21,"author":{"gitId":"SinhaVedant"},"content":"        return (isDone ? \"[X]\" : \"[ ]\");","lastModifiedDate":"2023-08-24"},{"lineNumber":22,"author":{"gitId":"SinhaVedant"},"content":"    }","lastModifiedDate":"2023-08-24"},{"lineNumber":23,"author":{"gitId":"SinhaVedant"},"content":"","lastModifiedDate":"2023-08-24"},{"lineNumber":24,"author":{"gitId":"SinhaVedant"},"content":"    @Override","lastModifiedDate":"2023-08-24"},{"lineNumber":25,"author":{"gitId":"SinhaVedant"},"content":"    public String toString() {","lastModifiedDate":"2023-08-24"},{"lineNumber":26,"author":{"gitId":"SinhaVedant"},"content":"        return \"[\" + taskType + \"]\" + getStatusIcon() + \" \" + description;","lastModifiedDate":"2023-08-24"},{"lineNumber":27,"author":{"gitId":"SinhaVedant"},"content":"    }","lastModifiedDate":"2023-08-24"},{"lineNumber":28,"author":{"gitId":"SinhaVedant"},"content":"}","lastModifiedDate":"2023-08-24"}],"authorContributionMap":{"SinhaVedant":28}},{"path":"src/main/java/ToDo.java","fileType":"java","lines":[{"lineNumber":1,"author":{"gitId":"SinhaVedant"},"content":"public class ToDo extends Task {","lastModifiedDate":"2023-08-24"},{"lineNumber":2,"author":{"gitId":"SinhaVedant"},"content":"    public ToDo(String description, char taskType) {","lastModifiedDate":"2023-08-24"},{"lineNumber":3,"author":{"gitId":"SinhaVedant"},"content":"        super(description, taskType);","lastModifiedDate":"2023-08-24"},{"lineNumber":4,"author":{"gitId":"SinhaVedant"},"content":"    }","lastModifiedDate":"2023-08-24"},{"lineNumber":5,"author":{"gitId":"SinhaVedant"},"content":"}","lastModifiedDate":"2023-08-24"}],"authorContributionMap":{"SinhaVedant":5}},{"path":"text-ui-test/input.txt","fileType":"txt","lines":[{"lineNumber":1,"author":{"gitId":"SinhaVedant"},"content":"todo borrow book","lastModifiedDate":"2023-08-24"},{"lineNumber":2,"author":{"gitId":"SinhaVedant"},"content":"list","lastModifiedDate":"2023-08-24"},{"lineNumber":3,"author":{"gitId":"SinhaVedant"},"content":"deadline return book /by Sunday","lastModifiedDate":"2023-08-24"},{"lineNumber":4,"author":{"gitId":"SinhaVedant"},"content":"event project meeting /from Mon 2pm /to 4pm","lastModifiedDate":"2023-08-24"},{"lineNumber":5,"author":{"gitId":"SinhaVedant"},"content":"list","lastModifiedDate":"2023-08-24"},{"lineNumber":6,"author":{"gitId":"SinhaVedant"},"content":"mark 2","lastModifiedDate":"2023-08-24"},{"lineNumber":7,"author":{"gitId":"SinhaVedant"},"content":"unmark 2","lastModifiedDate":"2023-08-24"},{"lineNumber":8,"author":{"gitId":"SinhaVedant"},"content":"list","lastModifiedDate":"2023-08-24"},{"lineNumber":9,"author":{"gitId":"SinhaVedant"},"content":"bye","lastModifiedDate":"2023-08-24"}],"authorContributionMap":{"SinhaVedant":9}}]
