{"authorDailyContributionsMap":{"SinhaVedant":[{"date":"2023-08-24","commitResults":[{"hash":"376c1cee805073afb5ec76ef709a915791a7e05a","isMergeCommit":false,"messageTitle":"Level-0","messageBody":"","tags":["Level-0"],"fileTypesAndContributionMap":{"java":{"insertions":6,"deletions":6}}},{"hash":"0732b2b1445dc9a43cbb2edf9e5ebedcddf8589a","isMergeCommit":false,"messageTitle":"Level-1","messageBody":"","tags":["Level-1"],"fileTypesAndContributionMap":{"java":{"insertions":18,"deletions":2}}},{"hash":"f68b34308ad929deb71948eb250ab95bb180f564","isMergeCommit":false,"messageTitle":"Level-2","messageBody":"","tags":["Level-2"],"fileTypesAndContributionMap":{"java":{"insertions":14,"deletions":1}}},{"hash":"27b6769c951900e010e91ec27239c0600b045ad5","isMergeCommit":false,"messageTitle":"Level-3","messageBody":"","tags":["Level-3"],"fileTypesAndContributionMap":{"java":{"insertions":51,"deletions":2}}},{"hash":"5893c7587688ea1e00a9d2cae66190ea95ea3050","isMergeCommit":false,"messageTitle":"Level-4","messageBody":"","tags":["Level-4"],"fileTypesAndContributionMap":{"java":{"insertions":73,"deletions":8}}},{"hash":"c36b93a7ad6d878df4ab4b8ab358b52b3162c00b","isMergeCommit":false,"messageTitle":"A-TextUiTesting","messageBody":"","tags":["A-TextUiTesting"],"fileTypesAndContributionMap":{"txt":{"insertions":9,"deletions":0}}},{"hash":"a5b63ad46bce8c85a98b6d34c03c6dd1dc8792ec","isMergeCommit":false,"messageTitle":"Level-5","messageBody":"","tags":["Level-5"],"fileTypesAndContributionMap":{"java":{"insertions":81,"deletions":66}}}]},{"date":"2023-08-25","commitResults":[{"hash":"7574be3081e314d8020570376e05e365b728c851","isMergeCommit":false,"messageTitle":"Level-6","messageBody":"","tags":["Level-6"],"fileTypesAndContributionMap":{"java":{"insertions":32,"deletions":22}}}]},{"date":"2023-09-07","commitResults":[{"hash":"a6c3d8e2cef5f2ad65a7f530626e01cf5cb5b693","isMergeCommit":false,"messageTitle":"Improve text UI","messageBody":"","fileTypesAndContributionMap":{"txt":{"insertions":2,"deletions":2},"java":{"insertions":18,"deletions":17}}},{"hash":"fc4e13773cd16d74a53eca7ff5baaab2b36daa5f","isMergeCommit":false,"messageTitle":"Level-7","messageBody":"","fileTypesAndContributionMap":{"txt":{"insertions":5,"deletions":0},"java":{"insertions":110,"deletions":2}}},{"hash":"6277d7a7c16bc08557b7c964b87741e727fed449","isMergeCommit":true,"messageTitle":"Merge branch \u0027branch-Level-7\u0027","messageBody":"","tags":["Level-7"],"fileTypesAndContributionMap":{}},{"hash":"a9427950818e88af4ed43a811e55531cf1a10f0b","isMergeCommit":false,"messageTitle":"Level-8","messageBody":"","fileTypesAndContributionMap":{"java":{"insertions":3,"deletions":0}}},{"hash":"d9b68b9db8390e55ac69aa5f054f77dc8e1e2369","isMergeCommit":true,"messageTitle":"Merge branch \u0027branch-Level-8\u0027","messageBody":"","tags":["Level-8"],"fileTypesAndContributionMap":{}},{"hash":"d4fd725be8f3896439d206db11368e8823b24690","isMergeCommit":false,"messageTitle":"A-MoreOOP","messageBody":"","tags":["A-MoreOOP"],"fileTypesAndContributionMap":{"java":{"insertions":12,"deletions":0}}},{"hash":"2c112817f063b95153a48f9e2b6a60202c0472f3","isMergeCommit":false,"messageTitle":"A-Packages","messageBody":"","tags":["A-Packages"],"fileTypesAndContributionMap":{"txt":{"insertions":1,"deletions":0},"java":{"insertions":22,"deletions":3},"bat":{"insertions":1,"deletions":1},"md":{"insertions":2,"deletions":2}}},{"hash":"3ef321f4e953297ad2158e60363f395d483677cf","isMergeCommit":false,"messageTitle":"A-Gradle","messageBody":"","tags":["A-Gradle"],"fileTypesAndContributionMap":{"java":{"insertions":2,"deletions":0}}},{"hash":"2570bf9979a63b52cc48ec1d0ade5960f779232a","isMergeCommit":false,"messageTitle":"A-JUnit","messageBody":"","tags":["A-JUnit"],"fileTypesAndContributionMap":{"java":{"insertions":1,"deletions":0}}},{"hash":"5794d9104d54dc6278c6b790244d706cae61eda6","isMergeCommit":false,"messageTitle":"A-Jar","messageBody":"","tags":["A-Jar"],"fileTypesAndContributionMap":{"java":{"insertions":2,"deletions":1}}},{"hash":"1cc9b66495c834ffefeaaadfd6d14174573d12b0","isMergeCommit":false,"messageTitle":"A-JavaDoc","messageBody":"","fileTypesAndContributionMap":{"java":{"insertions":2,"deletions":1}}},{"hash":"296495b2815dbefb153f5d90c687cf7d3ec5f764","isMergeCommit":false,"messageTitle":"A-CodingStandard","messageBody":"","fileTypesAndContributionMap":{"java":{"insertions":3,"deletions":1}}},{"hash":"d673212d8754fb70fbc166c2914a222821c78ae1","isMergeCommit":false,"messageTitle":"Level-9","messageBody":"","fileTypesAndContributionMap":{"java":{"insertions":4,"deletions":1}}},{"hash":"cdb5f1a8448e5a8ac8f78eb2dccad154b703705f","isMergeCommit":true,"messageTitle":"Merge branch \u0027branch-A-JavaDoc\u0027","messageBody":"","tags":["A-JavaDoc"],"fileTypesAndContributionMap":{}},{"hash":"7d946a4272fc9279f1fdb0523f5f69ba9e44fb14","isMergeCommit":true,"messageTitle":"Resolve A-CodingStandard Conflict","messageBody":"","tags":["A-CodingStandard"],"fileTypesAndContributionMap":{}},{"hash":"9d019e50fdefa3d1177511a2afc20dc3cba42581","isMergeCommit":true,"messageTitle":"Resolve Level-9 Conflict","messageBody":"","tags":["Level-9"],"fileTypesAndContributionMap":{}}]},{"date":"2023-09-08","commitResults":[{"hash":"ceecb312229e07f887d89621c59d6f15cc4e3dd1","isMergeCommit":false,"messageTitle":"Level-10","messageBody":"","fileTypesAndContributionMap":{"java":{"insertions":1,"deletions":1}}},{"hash":"ace54d8ea46cab6771fa1e541fb951bc3033b17c","isMergeCommit":true,"messageTitle":"Merge branch \u0027branch-Level-10\u0027","messageBody":"","tags":["Level-10"],"fileTypesAndContributionMap":{}}]},{"date":"2023-09-15","commitResults":[{"hash":"eb444583c69788d04974d5fcf1b5609744f9c838","isMergeCommit":false,"messageTitle":"Add full commit message","messageBody":"Our previous commits did not have a full commit message.\n\nA full commit message is required for this tag.\n\nLet\u0027s add a full commit message.\n","tags":["A-FullCommitMessage"],"fileTypesAndContributionMap":{"java":{"insertions":1,"deletions":0}}},{"hash":"e6cc044ec1e7b9cd071b26d4f98e041509e816c5","isMergeCommit":false,"messageTitle":"Use assert feature","messageBody":"Our previous code did not use assert feature.\n\nUsing assert feature can help us to document important assumptions that\nshould hold at various points in the code.\n\nLet\u0027s use the assert feature.\n","fileTypesAndContributionMap":{"java":{"insertions":1,"deletions":0}}},{"hash":"33deb12a370e56330df046581fa576ca28921ec8","isMergeCommit":false,"messageTitle":"Improve code quality","messageBody":"","fileTypesAndContributionMap":{"java":{"insertions":1,"deletions":0}}},{"hash":"095f5417f995afe36bd89f9e20f0508006c080bb","isMergeCommit":true,"messageTitle":"Merge pull request #1 from SinhaVedant/branch-A-Assertions","messageBody":"Use assert feature","tags":["A-Assertions"],"fileTypesAndContributionMap":{}},{"hash":"0bd78ca0ef678bc65ead1889fc402833d5bfdcd3","isMergeCommit":true,"messageTitle":"Resolve merge conflict","messageBody":"","fileTypesAndContributionMap":{}}]},{"date":"2023-09-22","commitResults":[{"hash":"7d9ea7a03a068ace2e4fb2aea24330b3ba9206d5","isMergeCommit":true,"messageTitle":"Merge pull request #2 from SinhaVedant/branch-A-CodeQuality","messageBody":"Improve code quality","tags":["A-CodeQuality"],"fileTypesAndContributionMap":{}},{"hash":"32e34a654d4ef311c209540a1f007aee627f9ac1","isMergeCommit":false,"messageTitle":"Add a brief User Guide (UG)","messageBody":"","tags":["A-UserGuide"],"fileTypesAndContributionMap":{"java":{"insertions":1,"deletions":0}}}]},{"date":"2023-09-24","commitResults":[{"hash":"086548778c376caec6ea509c499f2a335f835d7f","isMergeCommit":true,"messageTitle":"Merge branch \u0027master\u0027 into branch-Level-8","messageBody":"","fileTypesAndContributionMap":{}},{"hash":"99395601f3d7c974d5f8c09543b22ad8725b9f6d","isMergeCommit":false,"messageTitle":"Update deadline date format","messageBody":"","fileTypesAndContributionMap":{"txt":{"insertions":1,"deletions":6},"java":{"insertions":9,"deletions":4}}},{"hash":"a8d5455dddc1e9f5e838a8b4e830deb7df67b660","isMergeCommit":true,"messageTitle":"Merge branch \u0027branch-Level-8\u0027","messageBody":"","fileTypesAndContributionMap":{}},{"hash":"756f992e6d3d73973b507013559809c975803b1c","isMergeCommit":false,"messageTitle":"Test the latest update in master branch","messageBody":"","fileTypesAndContributionMap":{"txt":{"insertions":1,"deletions":0}}},{"hash":"e887e87654b99be58867931ca2aead0c392ddcb8","isMergeCommit":false,"messageTitle":"Update Ui.java file","messageBody":"","fileTypesAndContributionMap":{"txt":{"insertions":1,"deletions":1},"java":{"insertions":85,"deletions":41}}},{"hash":"2776539333854783025ce6441fdb2ef810937b82","isMergeCommit":false,"messageTitle":"Update Storage.java file","messageBody":"","fileTypesAndContributionMap":{"txt":{"insertions":3,"deletions":1},"java":{"insertions":93,"deletions":79}}},{"hash":"9f744208b9828355d2ac65a7b333f973ff4a41c2","isMergeCommit":false,"messageTitle":"Update parser class","messageBody":"","fileTypesAndContributionMap":{"java":{"insertions":70,"deletions":2}}},{"hash":"ef7f6fb3f93ef4e4d9534842eab9fb9ee891f6bd","isMergeCommit":false,"messageTitle":"Implement better OOP","messageBody":"","fileTypesAndContributionMap":{"txt":{"insertions":2,"deletions":0},"java":{"insertions":177,"deletions":160}}},{"hash":"e1a8c5dfafeb404dd45d9008c99dc31afbf893e0","isMergeCommit":true,"messageTitle":"Merge branch \u0027branch-A-MoreOOP\u0027","messageBody":"","fileTypesAndContributionMap":{}}]},{"date":"2023-09-25","commitResults":[{"hash":"3045fb4d7f0784c72b39a08deb9ef19716ad8ae2","isMergeCommit":true,"messageTitle":"Merge branch \u0027add-gradle-support\u0027","messageBody":"","fileTypesAndContributionMap":{}},{"hash":"dac21a2309ebe6c669613b54a460088109630385","isMergeCommit":false,"messageTitle":"Add test-cases for Storage and Parser classes","messageBody":"","fileTypesAndContributionMap":{"java":{"insertions":89,"deletions":0}}},{"hash":"b3a92468ccc73dc24a6ea7fe41c54682213ac64e","isMergeCommit":false,"messageTitle":"Create a jar file","messageBody":"","tags":["v0.1"],"fileTypesAndContributionMap":{"gradle":{"insertions":2,"deletions":1}}}]}]},"authorFileTypeContributionMap":{"SinhaVedant":{"java":571,"md":2,"fxml":0,"sh":0,"bat":1,"gradle":2,"txt":15}},"authorContributionVariance":{"SinhaVedant":16971.457},"authorDisplayNameMap":{"SinhaVedant":"CS2103T-W08-2 SINH..DANT"}}
