{"authorDailyContributionsMap":{"quzhetao01":[{"date":"2023-08-22","commitResults":[{"hash":"bf5bfb53fc96a42298b76c6bac8a3d7cd6636398","isMergeCommit":false,"messageTitle":"Added printLine function","messageBody":"","fileTypesAndContributionMap":{"java":{"insertions":9,"deletions":6}}},{"hash":"7da6369378af7a096ef1e1521bca3039e583b90a","isMergeCommit":false,"messageTitle":"Completed skeletal version Level-0","messageBody":"","tags":["Level-0"],"fileTypesAndContributionMap":{"java":{"insertions":4,"deletions":1}}},{"hash":"583656cb5f0a3e33abfd86cd35accdd252bc97d4","isMergeCommit":false,"messageTitle":"Added bye control flow logic","messageBody":"","tags":["Level-1"],"fileTypesAndContributionMap":{"java":{"insertions":17,"deletions":4}}},{"hash":"8baa21c7d803e693104f1d2e8445cae17809ccb8","isMergeCommit":false,"messageTitle":"Added list feature","messageBody":"","tags":["Level-2"],"fileTypesAndContributionMap":{"java":{"insertions":15,"deletions":3}}},{"hash":"c98a81e8e7243beba403b9532e03478518c3be26","isMergeCommit":false,"messageTitle":"Finish completeTask functionality","messageBody":"","tags":["Level-3"],"fileTypesAndContributionMap":{"java":{"insertions":43,"deletions":4}}}]},{"date":"2023-08-23","commitResults":[{"hash":"56eaf8be521d44791dc3090211bdf25639ec4ecb","isMergeCommit":false,"messageTitle":"Added ToDos class","messageBody":"","fileTypesAndContributionMap":{"java":{"insertions":14,"deletions":3}}},{"hash":"bea1467e751046db5011edbc6b440dbcfdc122bc","isMergeCommit":false,"messageTitle":"Added Deadline class","messageBody":"","fileTypesAndContributionMap":{"java":{"insertions":14,"deletions":0}}},{"hash":"c623a4815e53db241d2c0d16bc10e2c2b7b65234","isMergeCommit":false,"messageTitle":"Add Event class","messageBody":"","fileTypesAndContributionMap":{"java":{"insertions":17,"deletions":0}}},{"hash":"5c13aa9e478f09d5919434bb1ea29d13ce9c7276","isMergeCommit":false,"messageTitle":"Finish integrating different tasks tracking","messageBody":"","tags":["Level-4"],"fileTypesAndContributionMap":{"java":{"insertions":63,"deletions":23}}},{"hash":"b300a468ae0ce58e387b0f07bfca99a1595b87ed","isMergeCommit":false,"messageTitle":"Added TextUiTesting","messageBody":"","tags":["A-TextUiTesting"],"fileTypesAndContributionMap":{"txt":{"insertions":9,"deletions":0},"java":{"insertions":2,"deletions":6}}},{"hash":"4a8fb7b86e06d2f7d318fa451d5e0167da6f81bb","isMergeCommit":false,"messageTitle":"Add error handling","messageBody":"","fileTypesAndContributionMap":{"java":{"insertions":82,"deletions":23}}},{"hash":"53a0a208c06cdbfe0d67165d33eb7f70d41774d0","isMergeCommit":false,"messageTitle":"Added error handling for mark and unmark","messageBody":"","tags":["Level-5"],"fileTypesAndContributionMap":{"java":{"insertions":6,"deletions":6}}},{"hash":"450a6f3a551031763757cbfe5ac739caf08ab4bc","isMergeCommit":false,"messageTitle":"Remove unused code","messageBody":"","fileTypesAndContributionMap":{"java":{"insertions":1,"deletions":2}}},{"hash":"7089aa378adb6c02fff20b3f97e2b07ed832f898","isMergeCommit":false,"messageTitle":"Added delete functionality","messageBody":"","tags":["Level-6"],"fileTypesAndContributionMap":{"java":{"insertions":30,"deletions":7}}}]},{"date":"2023-08-29","commitResults":[{"hash":"f18404a6c64899a4a70c9a6280b1cfbf763125b2","isMergeCommit":false,"messageTitle":"Add writing functionality","messageBody":"","fileTypesAndContributionMap":{"txt":{"insertions":2,"deletions":0},"java":{"insertions":53,"deletions":1}}},{"hash":"afc71ed767fe32fe0f1b7c6777006a14a87d9677","isMergeCommit":false,"messageTitle":"Add file reading functionality","messageBody":"","fileTypesAndContributionMap":{"txt":{"insertions":0,"deletions":2},"java":{"insertions":44,"deletions":2}}},{"hash":"ae46290049961a16b6fd2962d6821878d55ab7db","isMergeCommit":true,"messageTitle":"Merge branch \u0027branch-Level-7\u0027","messageBody":"","tags":["Level-7"],"fileTypesAndContributionMap":{}},{"hash":"7616be02bdb46b0ca05b1b34ec532f72feba1fed","isMergeCommit":false,"messageTitle":"Add LocalDate functionality","messageBody":"","fileTypesAndContributionMap":{"txt":{"insertions":2,"deletions":2},"java":{"insertions":20,"deletions":8}}},{"hash":"ced9f4a8dcf8ff19ab6029609e0f9c34d1e02824","isMergeCommit":true,"messageTitle":"Merge branch \u0027branch-Level-8\u0027","messageBody":"","tags":["Level-8"],"fileTypesAndContributionMap":{}}]},{"date":"2023-08-30","commitResults":[{"hash":"14d4cfb5d16cce643f4aec55dbff2b870c75fd97","isMergeCommit":false,"messageTitle":"Add more OOP","messageBody":"","tags":["A-Packages","A-MoreOOP"],"fileTypesAndContributionMap":{"java":{"insertions":653,"deletions":204},"md":{"insertions":1,"deletions":1}}},{"hash":"65df86c594c4d5e92737acaf19c502f795f6b94e","isMergeCommit":true,"messageTitle":"Merge branch \u0027master\u0027 into add-gradle-support","messageBody":"","fileTypesAndContributionMap":{}},{"hash":"bbf8d8d996c10b3c913fd24a3fe1cdbb56a0ff5b","isMergeCommit":false,"messageTitle":"Add gradle build","messageBody":"","fileTypesAndContributionMap":{"gradle":{"insertions":2,"deletions":1}}},{"hash":"d029c67ff62b966b29650de726c3012490800c7b","isMergeCommit":false,"messageTitle":"Fix gradle config","messageBody":"","fileTypesAndContributionMap":{"gradle":{"insertions":1,"deletions":1},"java":{"insertions":2,"deletions":0},"bat":{"insertions":2,"deletions":2},"md":{"insertions":2,"deletions":2}}},{"hash":"9468241b2d4abe5a5d2bb24cb8ccc190485bb8bd","isMergeCommit":true,"messageTitle":"Merge branch \u0027add-gradle-support\u0027","messageBody":"","tags":["A-Gradle"],"fileTypesAndContributionMap":{}}]},{"date":"2023-08-31","commitResults":[{"hash":"28b0c2ede5dc59349f363a0bc04a0a31f722afc0","isMergeCommit":false,"messageTitle":"Add Test Cases for Storage and Parser","messageBody":"","tags":["A-JUnit"],"fileTypesAndContributionMap":{"txt":{"insertions":3,"deletions":0},"java":{"insertions":310,"deletions":4}}},{"hash":"69255af32ef481d3759ef3385c51ec6116e3d0e2","isMergeCommit":false,"messageTitle":"Add javadocs for Ui class","messageBody":"","fileTypesAndContributionMap":{"java":{"insertions":73,"deletions":95}}},{"hash":"128d90b745873198c9eb568c4cc9a088d65af3f9","isMergeCommit":false,"messageTitle":"Add javadoc for all classes","messageBody":"","fileTypesAndContributionMap":{"java":{"insertions":301,"deletions":5}}},{"hash":"ac9ed55699987ea0e114807e1dac9a872f5a9de3","isMergeCommit":false,"messageTitle":"Add Find Task functionality","messageBody":"","fileTypesAndContributionMap":{"java":{"insertions":62,"deletions":0}}}]},{"date":"2023-09-02","commitResults":[{"hash":"869b41bd6411ff7593edb520156083d62afdf224","isMergeCommit":false,"messageTitle":"Fix code style","messageBody":"","fileTypesAndContributionMap":{"java":{"insertions":85,"deletions":91}}},{"hash":"6cce8fe076b90550c5c95d67a0bd9a76575cfa11","isMergeCommit":true,"messageTitle":"Merge branch \u0027branch-A-CodingStandard\u0027","messageBody":"","tags":["A-Jar","A-CodingStandard"],"fileTypesAndContributionMap":{}},{"hash":"e181b6d2ef2a20db806cb17331afa8b51966f074","isMergeCommit":true,"messageTitle":"Merge branch \u0027branch-A-JavaDoc\u0027","messageBody":"","tags":["A-JavaDoc"],"fileTypesAndContributionMap":{}},{"hash":"585552222457f2e5b4c33e316b18735a7a534fec","isMergeCommit":true,"messageTitle":"Merge branch \u0027branch-Level-9\u0027","messageBody":"","tags":["Level-9"],"fileTypesAndContributionMap":{}}]}]},"authorFileTypeContributionMap":{"quzhetao01":{"java":1427,"md":3,"fxml":0,"sh":0,"bat":2,"gradle":2,"txt":12}},"authorContributionVariance":{"quzhetao01":79436.34},"authorDisplayNameMap":{"quzhetao01":"CS2103T-W13-4 QU Z..ETAO"}}
