[{"path":"src/main/java/Duke.java","fileType":"java","lines":[{"lineNumber":1,"author":{"gitId":"juzzztinsoong"},"content":"import java.util.Scanner;","lastModifiedDate":"2023-08-22"},{"lineNumber":2,"author":{"gitId":"juzzztinsoong"},"content":"","lastModifiedDate":"2023-08-22"},{"lineNumber":3,"author":{"gitId":"juzzztinsoong"},"content":"import TaskPackages.TaskList;","lastModifiedDate":"2023-08-22"},{"lineNumber":4,"author":{"gitId":"juzzztinsoong"},"content":"","lastModifiedDate":"2023-08-22"},{"lineNumber":5,"author":{"gitId":"-"},"content":"public class Duke {","lastModifiedDate":"2019-07-29"},{"lineNumber":6,"author":{"gitId":"juzzztinsoong"},"content":"","lastModifiedDate":"2023-08-22"},{"lineNumber":7,"author":{"gitId":"juzzztinsoong"},"content":"    /*","lastModifiedDate":"2023-08-22"},{"lineNumber":8,"author":{"gitId":"juzzztinsoong"},"content":"    public enum Commands {","lastModifiedDate":"2023-08-22"},{"lineNumber":9,"author":{"gitId":"juzzztinsoong"},"content":"        BYE(\"bye\"),","lastModifiedDate":"2023-08-22"},{"lineNumber":10,"author":{"gitId":"juzzztinsoong"},"content":"        LIST(\"list\");","lastModifiedDate":"2023-08-22"},{"lineNumber":11,"author":{"gitId":"juzzztinsoong"},"content":"","lastModifiedDate":"2023-08-22"},{"lineNumber":12,"author":{"gitId":"juzzztinsoong"},"content":"        private String code;","lastModifiedDate":"2023-08-22"},{"lineNumber":13,"author":{"gitId":"juzzztinsoong"},"content":"","lastModifiedDate":"2023-08-22"},{"lineNumber":14,"author":{"gitId":"juzzztinsoong"},"content":"        Commands(String code) {","lastModifiedDate":"2023-08-22"},{"lineNumber":15,"author":{"gitId":"juzzztinsoong"},"content":"            this.code \u003d code;","lastModifiedDate":"2023-08-22"},{"lineNumber":16,"author":{"gitId":"juzzztinsoong"},"content":"        }","lastModifiedDate":"2023-08-22"},{"lineNumber":17,"author":{"gitId":"juzzztinsoong"},"content":"","lastModifiedDate":"2023-08-22"},{"lineNumber":18,"author":{"gitId":"juzzztinsoong"},"content":"        public String getCode() {","lastModifiedDate":"2023-08-22"},{"lineNumber":19,"author":{"gitId":"juzzztinsoong"},"content":"            return this.code;","lastModifiedDate":"2023-08-22"},{"lineNumber":20,"author":{"gitId":"juzzztinsoong"},"content":"        }","lastModifiedDate":"2023-08-22"},{"lineNumber":21,"author":{"gitId":"juzzztinsoong"},"content":"    };*/","lastModifiedDate":"2023-08-22"},{"lineNumber":22,"author":{"gitId":"juzzztinsoong"},"content":"","lastModifiedDate":"2023-08-22"},{"lineNumber":23,"author":{"gitId":"juzzztinsoong"},"content":"    public static String line \u003d ","lastModifiedDate":"2023-08-22"},{"lineNumber":24,"author":{"gitId":"juzzztinsoong"},"content":"    \"―――――――――――――――――――――――――――――――――――――――――――――――――――――――――――――――――――――――――――――――――――\\n\";","lastModifiedDate":"2023-08-22"},{"lineNumber":25,"author":{"gitId":"juzzztinsoong"},"content":"","lastModifiedDate":"2023-08-22"},{"lineNumber":26,"author":{"gitId":"juzzztinsoong"},"content":"    public static String logo \u003d ","lastModifiedDate":"2023-08-22"},{"lineNumber":27,"author":{"gitId":"juzzztinsoong"},"content":"    \"     ______     _                     ______          __     ____        __ \\n\"+","lastModifiedDate":"2023-08-22"},{"lineNumber":28,"author":{"gitId":"juzzztinsoong"},"content":"    \"    / ____/____(_)___  ____ ____     /_  __/__  _  __/ /_   / __ )____  / /_\\n\"+","lastModifiedDate":"2023-08-22"},{"lineNumber":29,"author":{"gitId":"juzzztinsoong"},"content":"    \"   / /   / ___/ / __ \\\\/ __ `/ _ \\\\     / / / _ \\\\| |/_/ __/  / __  / __ \\\\/ __/\\n\"+","lastModifiedDate":"2023-08-22"},{"lineNumber":30,"author":{"gitId":"juzzztinsoong"},"content":"    \"  / /___/ /  / / / / / /_/ /  __/    / / /  __/\u003e  \u003c/ /_   / /_/ / /_/ / /_  \\n\"+","lastModifiedDate":"2023-08-22"},{"lineNumber":31,"author":{"gitId":"juzzztinsoong"},"content":"    \"  \\\\____/_/  /_/_/ /_/\\\\__, /\\\\___/    /_/  \\\\___/_/|_|\\\\__/  /_____/\\\\____/\\\\__/  \\n\"+","lastModifiedDate":"2023-08-22"},{"lineNumber":32,"author":{"gitId":"juzzztinsoong"},"content":"    \"                    /____/                                                  \\n\";","lastModifiedDate":"2023-08-22"},{"lineNumber":33,"author":{"gitId":"juzzztinsoong"},"content":"   ","lastModifiedDate":"2023-08-22"},{"lineNumber":34,"author":{"gitId":"juzzztinsoong"},"content":"    private static String getFirstWord(String tempString) {","lastModifiedDate":"2023-08-22"},{"lineNumber":35,"author":{"gitId":"juzzztinsoong"},"content":"        int index \u003d tempString.indexOf(\u0027 \u0027);","lastModifiedDate":"2023-08-22"},{"lineNumber":36,"author":{"gitId":"juzzztinsoong"},"content":"        if (index \u003e -1) {","lastModifiedDate":"2023-08-22"},{"lineNumber":37,"author":{"gitId":"juzzztinsoong"},"content":"            return tempString.substring(0, index).trim();","lastModifiedDate":"2023-08-22"},{"lineNumber":38,"author":{"gitId":"juzzztinsoong"},"content":"        } else {","lastModifiedDate":"2023-08-22"},{"lineNumber":39,"author":{"gitId":"juzzztinsoong"},"content":"            return tempString;","lastModifiedDate":"2023-08-22"},{"lineNumber":40,"author":{"gitId":"juzzztinsoong"},"content":"        }","lastModifiedDate":"2023-08-22"},{"lineNumber":41,"author":{"gitId":"juzzztinsoong"},"content":"    }","lastModifiedDate":"2023-08-22"},{"lineNumber":42,"author":{"gitId":"juzzztinsoong"},"content":"","lastModifiedDate":"2023-08-22"},{"lineNumber":43,"author":{"gitId":"-"},"content":"    public static void main(String[] args) {","lastModifiedDate":"2023-08-22"},{"lineNumber":44,"author":{"gitId":"juzzztinsoong"},"content":"","lastModifiedDate":"2023-08-22"},{"lineNumber":45,"author":{"gitId":"juzzztinsoong"},"content":"        TaskList tasklist \u003d new TaskList();","lastModifiedDate":"2023-08-22"},{"lineNumber":46,"author":{"gitId":"juzzztinsoong"},"content":"        Scanner scanner \u003d new Scanner(System.in);","lastModifiedDate":"2023-08-22"},{"lineNumber":47,"author":{"gitId":"juzzztinsoong"},"content":"","lastModifiedDate":"2023-08-22"},{"lineNumber":48,"author":{"gitId":"juzzztinsoong"},"content":"        System.out.println(line + \"Hi, I am a\\n\" + logo + \"\\nHow can I help you hehe.. (° ͜ʖ °)\\n\" + line);","lastModifiedDate":"2023-08-22"},{"lineNumber":49,"author":{"gitId":"juzzztinsoong"},"content":"","lastModifiedDate":"2023-08-22"},{"lineNumber":50,"author":{"gitId":"juzzztinsoong"},"content":"        while(true) {","lastModifiedDate":"2023-08-22"},{"lineNumber":51,"author":{"gitId":"juzzztinsoong"},"content":"            String command \u003d scanner.nextLine();","lastModifiedDate":"2023-08-22"},{"lineNumber":52,"author":{"gitId":"juzzztinsoong"},"content":"            System.out.println(\"You said: \" + command + \"\\n\" + line);","lastModifiedDate":"2023-08-22"},{"lineNumber":53,"author":{"gitId":"juzzztinsoong"},"content":"            ","lastModifiedDate":"2023-08-22"},{"lineNumber":54,"author":{"gitId":"juzzztinsoong"},"content":"            if (command.equals(\"bye\")) {","lastModifiedDate":"2023-08-22"},{"lineNumber":55,"author":{"gitId":"juzzztinsoong"},"content":"                System.out.println(\"Aw goodbye.. ಠ_ಠ\\n\" + line);","lastModifiedDate":"2023-08-22"},{"lineNumber":56,"author":{"gitId":"juzzztinsoong"},"content":"                scanner.close();","lastModifiedDate":"2023-08-22"},{"lineNumber":57,"author":{"gitId":"juzzztinsoong"},"content":"                break;","lastModifiedDate":"2023-08-22"},{"lineNumber":58,"author":{"gitId":"juzzztinsoong"},"content":"            } else if (command.equals(\"list\")) {","lastModifiedDate":"2023-08-22"},{"lineNumber":59,"author":{"gitId":"juzzztinsoong"},"content":"                System.out.println(tasklist.toString() + line);","lastModifiedDate":"2023-08-22"},{"lineNumber":60,"author":{"gitId":"juzzztinsoong"},"content":"            } else if (getFirstWord(command).equals(\"mark\")) {","lastModifiedDate":"2023-08-22"},{"lineNumber":61,"author":{"gitId":"juzzztinsoong"},"content":"                System.out.println(tasklist.markAsDone(command) + line);","lastModifiedDate":"2023-08-22"},{"lineNumber":62,"author":{"gitId":"juzzztinsoong"},"content":"            } else if (getFirstWord(command).equals(\"unmark\")) {","lastModifiedDate":"2023-08-22"},{"lineNumber":63,"author":{"gitId":"juzzztinsoong"},"content":"                System.out.println(tasklist.unmarkAsDone(command) + line);","lastModifiedDate":"2023-08-22"},{"lineNumber":64,"author":{"gitId":"juzzztinsoong"},"content":"            } else if (getFirstWord(command).equals(\"todo\")) {","lastModifiedDate":"2023-08-23"},{"lineNumber":65,"author":{"gitId":"juzzztinsoong"},"content":"                tasklist.addTodo(command);","lastModifiedDate":"2023-08-23"},{"lineNumber":66,"author":{"gitId":"juzzztinsoong"},"content":"                System.out.println(\"added: \" + command + \"\\n\" + line);","lastModifiedDate":"2023-08-23"},{"lineNumber":67,"author":{"gitId":"juzzztinsoong"},"content":"            } else if (getFirstWord(command).equals(\"deadline\")) {","lastModifiedDate":"2023-08-23"},{"lineNumber":68,"author":{"gitId":"juzzztinsoong"},"content":"                tasklist.addDeadline(command);","lastModifiedDate":"2023-08-23"},{"lineNumber":69,"author":{"gitId":"juzzztinsoong"},"content":"                System.out.println(\"added: \" + command + \"\\n\" + line);","lastModifiedDate":"2023-08-23"},{"lineNumber":70,"author":{"gitId":"juzzztinsoong"},"content":"            } else if (getFirstWord(command).equals(\"event\")) {","lastModifiedDate":"2023-08-23"},{"lineNumber":71,"author":{"gitId":"juzzztinsoong"},"content":"                tasklist.addEvent(command);","lastModifiedDate":"2023-08-23"},{"lineNumber":72,"author":{"gitId":"juzzztinsoong"},"content":"                System.out.println(\"added: \" + command + \"\\n\" + line);","lastModifiedDate":"2023-08-23"},{"lineNumber":73,"author":{"gitId":"juzzztinsoong"},"content":"            } ","lastModifiedDate":"2023-08-22"},{"lineNumber":74,"author":{"gitId":"juzzztinsoong"},"content":"            ","lastModifiedDate":"2023-08-22"},{"lineNumber":75,"author":{"gitId":"juzzztinsoong"},"content":"            else {","lastModifiedDate":"2023-08-22"},{"lineNumber":76,"author":{"gitId":"juzzztinsoong"},"content":"                tasklist.addList(command);","lastModifiedDate":"2023-08-22"},{"lineNumber":77,"author":{"gitId":"juzzztinsoong"},"content":"                System.out.println(\"added: \"+ command + \"\\n\" + line);","lastModifiedDate":"2023-08-22"},{"lineNumber":78,"author":{"gitId":"juzzztinsoong"},"content":"            }","lastModifiedDate":"2023-08-22"},{"lineNumber":79,"author":{"gitId":"juzzztinsoong"},"content":"        }","lastModifiedDate":"2023-08-22"},{"lineNumber":80,"author":{"gitId":"-"},"content":"    }","lastModifiedDate":"2019-07-29"},{"lineNumber":81,"author":{"gitId":"-"},"content":"}","lastModifiedDate":"2019-07-29"}],"authorContributionMap":{"juzzztinsoong":77,"-":4}},{"path":"src/main/java/TaskPackages/Deadline.java","fileType":"java","lines":[{"lineNumber":1,"author":{"gitId":"juzzztinsoong"},"content":"package TaskPackages;","lastModifiedDate":"2023-08-23"},{"lineNumber":2,"author":{"gitId":"juzzztinsoong"},"content":"","lastModifiedDate":"2023-08-23"},{"lineNumber":3,"author":{"gitId":"juzzztinsoong"},"content":"public class Deadline extends Task{","lastModifiedDate":"2023-08-23"},{"lineNumber":4,"author":{"gitId":"juzzztinsoong"},"content":"","lastModifiedDate":"2023-08-23"},{"lineNumber":5,"author":{"gitId":"juzzztinsoong"},"content":"  protected String by;","lastModifiedDate":"2023-08-23"},{"lineNumber":6,"author":{"gitId":"juzzztinsoong"},"content":"","lastModifiedDate":"2023-08-23"},{"lineNumber":7,"author":{"gitId":"juzzztinsoong"},"content":"  protected Deadline(String description, String by) {","lastModifiedDate":"2023-08-23"},{"lineNumber":8,"author":{"gitId":"juzzztinsoong"},"content":"    super(description);","lastModifiedDate":"2023-08-23"},{"lineNumber":9,"author":{"gitId":"juzzztinsoong"},"content":"    this.by \u003d by;","lastModifiedDate":"2023-08-23"},{"lineNumber":10,"author":{"gitId":"juzzztinsoong"},"content":"  }","lastModifiedDate":"2023-08-23"},{"lineNumber":11,"author":{"gitId":"juzzztinsoong"},"content":"  ","lastModifiedDate":"2023-08-23"},{"lineNumber":12,"author":{"gitId":"juzzztinsoong"},"content":"  @Override","lastModifiedDate":"2023-08-23"},{"lineNumber":13,"author":{"gitId":"juzzztinsoong"},"content":"  public String toString() {","lastModifiedDate":"2023-08-23"},{"lineNumber":14,"author":{"gitId":"juzzztinsoong"},"content":"    return \"[D][\" + this.getStatusIcon() + \"] \" + this.description;","lastModifiedDate":"2023-08-23"},{"lineNumber":15,"author":{"gitId":"juzzztinsoong"},"content":"  }","lastModifiedDate":"2023-08-23"},{"lineNumber":16,"author":{"gitId":"juzzztinsoong"},"content":"}","lastModifiedDate":"2023-08-23"}],"authorContributionMap":{"juzzztinsoong":16}},{"path":"src/main/java/TaskPackages/Event.java","fileType":"java","lines":[{"lineNumber":1,"author":{"gitId":"juzzztinsoong"},"content":"package TaskPackages;","lastModifiedDate":"2023-08-23"},{"lineNumber":2,"author":{"gitId":"juzzztinsoong"},"content":"","lastModifiedDate":"2023-08-23"},{"lineNumber":3,"author":{"gitId":"juzzztinsoong"},"content":"public class Event extends Task{","lastModifiedDate":"2023-08-23"},{"lineNumber":4,"author":{"gitId":"juzzztinsoong"},"content":"","lastModifiedDate":"2023-08-23"},{"lineNumber":5,"author":{"gitId":"juzzztinsoong"},"content":"  protected String from;","lastModifiedDate":"2023-08-23"},{"lineNumber":6,"author":{"gitId":"juzzztinsoong"},"content":"  protected String to;","lastModifiedDate":"2023-08-23"},{"lineNumber":7,"author":{"gitId":"juzzztinsoong"},"content":"","lastModifiedDate":"2023-08-23"},{"lineNumber":8,"author":{"gitId":"juzzztinsoong"},"content":"  protected Event(String description, String from, String to) {","lastModifiedDate":"2023-08-23"},{"lineNumber":9,"author":{"gitId":"juzzztinsoong"},"content":"    super(description);","lastModifiedDate":"2023-08-23"},{"lineNumber":10,"author":{"gitId":"juzzztinsoong"},"content":"    this.from \u003d from;","lastModifiedDate":"2023-08-23"},{"lineNumber":11,"author":{"gitId":"juzzztinsoong"},"content":"    this.to \u003d to;","lastModifiedDate":"2023-08-23"},{"lineNumber":12,"author":{"gitId":"juzzztinsoong"},"content":"  }","lastModifiedDate":"2023-08-23"},{"lineNumber":13,"author":{"gitId":"juzzztinsoong"},"content":"  ","lastModifiedDate":"2023-08-23"},{"lineNumber":14,"author":{"gitId":"juzzztinsoong"},"content":"  @Override","lastModifiedDate":"2023-08-23"},{"lineNumber":15,"author":{"gitId":"juzzztinsoong"},"content":"  public String toString() {","lastModifiedDate":"2023-08-23"},{"lineNumber":16,"author":{"gitId":"juzzztinsoong"},"content":"    return \"[E][\" + this.getStatusIcon() + \"] \" + this.description;","lastModifiedDate":"2023-08-23"},{"lineNumber":17,"author":{"gitId":"juzzztinsoong"},"content":"  }","lastModifiedDate":"2023-08-23"},{"lineNumber":18,"author":{"gitId":"juzzztinsoong"},"content":"}","lastModifiedDate":"2023-08-23"}],"authorContributionMap":{"juzzztinsoong":18}},{"path":"src/main/java/TaskPackages/Task.java","fileType":"java","lines":[{"lineNumber":1,"author":{"gitId":"juzzztinsoong"},"content":"package TaskPackages;","lastModifiedDate":"2023-08-22"},{"lineNumber":2,"author":{"gitId":"juzzztinsoong"},"content":"","lastModifiedDate":"2023-08-22"},{"lineNumber":3,"author":{"gitId":"juzzztinsoong"},"content":"public class Task {","lastModifiedDate":"2023-08-22"},{"lineNumber":4,"author":{"gitId":"juzzztinsoong"},"content":"  protected String description;","lastModifiedDate":"2023-08-22"},{"lineNumber":5,"author":{"gitId":"juzzztinsoong"},"content":"  protected boolean isDone;","lastModifiedDate":"2023-08-22"},{"lineNumber":6,"author":{"gitId":"juzzztinsoong"},"content":"","lastModifiedDate":"2023-08-22"},{"lineNumber":7,"author":{"gitId":"juzzztinsoong"},"content":"  public Task(String description) {","lastModifiedDate":"2023-08-22"},{"lineNumber":8,"author":{"gitId":"juzzztinsoong"},"content":"    this.description \u003d description;","lastModifiedDate":"2023-08-22"},{"lineNumber":9,"author":{"gitId":"juzzztinsoong"},"content":"    this.isDone \u003d false;","lastModifiedDate":"2023-08-22"},{"lineNumber":10,"author":{"gitId":"juzzztinsoong"},"content":"  }","lastModifiedDate":"2023-08-22"},{"lineNumber":11,"author":{"gitId":"juzzztinsoong"},"content":"","lastModifiedDate":"2023-08-22"},{"lineNumber":12,"author":{"gitId":"juzzztinsoong"},"content":"  protected String getStatusIcon() {","lastModifiedDate":"2023-08-22"},{"lineNumber":13,"author":{"gitId":"juzzztinsoong"},"content":"    return (isDone ? \"X\" : \" \");","lastModifiedDate":"2023-08-22"},{"lineNumber":14,"author":{"gitId":"juzzztinsoong"},"content":"  }","lastModifiedDate":"2023-08-22"},{"lineNumber":15,"author":{"gitId":"juzzztinsoong"},"content":"","lastModifiedDate":"2023-08-22"},{"lineNumber":16,"author":{"gitId":"juzzztinsoong"},"content":"  protected boolean getIsDone() {","lastModifiedDate":"2023-08-22"},{"lineNumber":17,"author":{"gitId":"juzzztinsoong"},"content":"    return this.isDone;","lastModifiedDate":"2023-08-22"},{"lineNumber":18,"author":{"gitId":"juzzztinsoong"},"content":"  }","lastModifiedDate":"2023-08-22"},{"lineNumber":19,"author":{"gitId":"juzzztinsoong"},"content":"","lastModifiedDate":"2023-08-22"},{"lineNumber":20,"author":{"gitId":"juzzztinsoong"},"content":"  protected void setDoneness(boolean isDone) {","lastModifiedDate":"2023-08-22"},{"lineNumber":21,"author":{"gitId":"juzzztinsoong"},"content":"    this.isDone \u003d isDone;","lastModifiedDate":"2023-08-22"},{"lineNumber":22,"author":{"gitId":"juzzztinsoong"},"content":"  }","lastModifiedDate":"2023-08-22"},{"lineNumber":23,"author":{"gitId":"juzzztinsoong"},"content":"","lastModifiedDate":"2023-08-22"},{"lineNumber":24,"author":{"gitId":"juzzztinsoong"},"content":"  public String toString() {","lastModifiedDate":"2023-08-22"},{"lineNumber":25,"author":{"gitId":"juzzztinsoong"},"content":"    return \"[ ][\" + this.getStatusIcon() + \"] \" + this.description;","lastModifiedDate":"2023-08-23"},{"lineNumber":26,"author":{"gitId":"juzzztinsoong"},"content":"  }","lastModifiedDate":"2023-08-22"},{"lineNumber":27,"author":{"gitId":"juzzztinsoong"},"content":"}","lastModifiedDate":"2023-08-22"}],"authorContributionMap":{"juzzztinsoong":27}},{"path":"src/main/java/TaskPackages/TaskList.java","fileType":"java","lines":[{"lineNumber":1,"author":{"gitId":"juzzztinsoong"},"content":"package TaskPackages;","lastModifiedDate":"2023-08-22"},{"lineNumber":2,"author":{"gitId":"juzzztinsoong"},"content":"import java.util.ArrayList;","lastModifiedDate":"2023-08-22"},{"lineNumber":3,"author":{"gitId":"juzzztinsoong"},"content":"","lastModifiedDate":"2023-08-22"},{"lineNumber":4,"author":{"gitId":"juzzztinsoong"},"content":"public class TaskList {","lastModifiedDate":"2023-08-22"},{"lineNumber":5,"author":{"gitId":"juzzztinsoong"},"content":"  protected ArrayList\u003cTask\u003e list;","lastModifiedDate":"2023-08-22"},{"lineNumber":6,"author":{"gitId":"juzzztinsoong"},"content":"","lastModifiedDate":"2023-08-22"},{"lineNumber":7,"author":{"gitId":"juzzztinsoong"},"content":"  public TaskList() {","lastModifiedDate":"2023-08-22"},{"lineNumber":8,"author":{"gitId":"juzzztinsoong"},"content":"    this.list \u003d new ArrayList\u003cTask\u003e();","lastModifiedDate":"2023-08-22"},{"lineNumber":9,"author":{"gitId":"juzzztinsoong"},"content":"  }","lastModifiedDate":"2023-08-22"},{"lineNumber":10,"author":{"gitId":"juzzztinsoong"},"content":"","lastModifiedDate":"2023-08-22"},{"lineNumber":11,"author":{"gitId":"juzzztinsoong"},"content":"  public void addList(String entry) {","lastModifiedDate":"2023-08-22"},{"lineNumber":12,"author":{"gitId":"juzzztinsoong"},"content":"      list.add(new Task(entry));","lastModifiedDate":"2023-08-22"},{"lineNumber":13,"author":{"gitId":"juzzztinsoong"},"content":"  }","lastModifiedDate":"2023-08-22"},{"lineNumber":14,"author":{"gitId":"juzzztinsoong"},"content":"","lastModifiedDate":"2023-08-22"},{"lineNumber":15,"author":{"gitId":"juzzztinsoong"},"content":"  public String markAsDone(String command) {","lastModifiedDate":"2023-08-22"},{"lineNumber":16,"author":{"gitId":"juzzztinsoong"},"content":"    String[] splitComment \u003d command.split(\" \", 2);","lastModifiedDate":"2023-08-22"},{"lineNumber":17,"author":{"gitId":"juzzztinsoong"},"content":"    try {int index \u003d Integer.parseInt(splitComment[1]) - 1;","lastModifiedDate":"2023-08-22"},{"lineNumber":18,"author":{"gitId":"juzzztinsoong"},"content":"      if (index \u003c 0 || index + 1 \u003e list.size()) {","lastModifiedDate":"2023-08-22"},{"lineNumber":19,"author":{"gitId":"juzzztinsoong"},"content":"          return \"This task does not exist!\\n\";","lastModifiedDate":"2023-08-22"},{"lineNumber":20,"author":{"gitId":"juzzztinsoong"},"content":"      } else {","lastModifiedDate":"2023-08-22"},{"lineNumber":21,"author":{"gitId":"juzzztinsoong"},"content":"        if (list.get(index).isDone) {","lastModifiedDate":"2023-08-22"},{"lineNumber":22,"author":{"gitId":"juzzztinsoong"},"content":"          return \"This task is already marked as done!\\n\" + list.get(index).toString() + \"\\n\";","lastModifiedDate":"2023-08-22"},{"lineNumber":23,"author":{"gitId":"juzzztinsoong"},"content":"        } else {","lastModifiedDate":"2023-08-22"},{"lineNumber":24,"author":{"gitId":"juzzztinsoong"},"content":"          list.get(index).setDoneness(true);","lastModifiedDate":"2023-08-22"},{"lineNumber":25,"author":{"gitId":"juzzztinsoong"},"content":"          return \"This task is now marked as done!\\n\" + list.get(index).toString() + \"\\n\";","lastModifiedDate":"2023-08-22"},{"lineNumber":26,"author":{"gitId":"juzzztinsoong"},"content":"        }","lastModifiedDate":"2023-08-22"},{"lineNumber":27,"author":{"gitId":"juzzztinsoong"},"content":"      }","lastModifiedDate":"2023-08-22"},{"lineNumber":28,"author":{"gitId":"juzzztinsoong"},"content":"    } catch (NumberFormatException e) {","lastModifiedDate":"2023-08-22"},{"lineNumber":29,"author":{"gitId":"juzzztinsoong"},"content":"      return \"You didn\u0027t specify the task number!\\n\";","lastModifiedDate":"2023-08-22"},{"lineNumber":30,"author":{"gitId":"juzzztinsoong"},"content":"    } ","lastModifiedDate":"2023-08-22"},{"lineNumber":31,"author":{"gitId":"juzzztinsoong"},"content":"  }","lastModifiedDate":"2023-08-22"},{"lineNumber":32,"author":{"gitId":"juzzztinsoong"},"content":"","lastModifiedDate":"2023-08-22"},{"lineNumber":33,"author":{"gitId":"juzzztinsoong"},"content":"  public String unmarkAsDone(String command) {","lastModifiedDate":"2023-08-22"},{"lineNumber":34,"author":{"gitId":"juzzztinsoong"},"content":"    String[] splitComment \u003d command.split(\" \", 2);","lastModifiedDate":"2023-08-22"},{"lineNumber":35,"author":{"gitId":"juzzztinsoong"},"content":"    try {int index \u003d Integer.parseInt(splitComment[1]) - 1;","lastModifiedDate":"2023-08-22"},{"lineNumber":36,"author":{"gitId":"juzzztinsoong"},"content":"      if (index \u003c 0 || index + 1 \u003e list.size()) {","lastModifiedDate":"2023-08-22"},{"lineNumber":37,"author":{"gitId":"juzzztinsoong"},"content":"          return \"This task does not exist!\\n\";","lastModifiedDate":"2023-08-22"},{"lineNumber":38,"author":{"gitId":"juzzztinsoong"},"content":"      } else {","lastModifiedDate":"2023-08-22"},{"lineNumber":39,"author":{"gitId":"juzzztinsoong"},"content":"        if (!list.get(index).isDone) {","lastModifiedDate":"2023-08-22"},{"lineNumber":40,"author":{"gitId":"juzzztinsoong"},"content":"          return \"This task is already marked as not done!\\n\" + list.get(index).toString() + \"\\n\";","lastModifiedDate":"2023-08-22"},{"lineNumber":41,"author":{"gitId":"juzzztinsoong"},"content":"        } else {","lastModifiedDate":"2023-08-22"},{"lineNumber":42,"author":{"gitId":"juzzztinsoong"},"content":"          list.get(index).setDoneness(false);","lastModifiedDate":"2023-08-22"},{"lineNumber":43,"author":{"gitId":"juzzztinsoong"},"content":"          return \"This task is now marked as not done!\\n\" + list.get(index).toString() + \"\\n\";","lastModifiedDate":"2023-08-22"},{"lineNumber":44,"author":{"gitId":"juzzztinsoong"},"content":"        }","lastModifiedDate":"2023-08-22"},{"lineNumber":45,"author":{"gitId":"juzzztinsoong"},"content":"      } ","lastModifiedDate":"2023-08-22"},{"lineNumber":46,"author":{"gitId":"juzzztinsoong"},"content":"    } catch (NumberFormatException e) {","lastModifiedDate":"2023-08-22"},{"lineNumber":47,"author":{"gitId":"juzzztinsoong"},"content":"      return \"You didn\u0027t specify the task number!\\n\";","lastModifiedDate":"2023-08-22"},{"lineNumber":48,"author":{"gitId":"juzzztinsoong"},"content":"    } ","lastModifiedDate":"2023-08-22"},{"lineNumber":49,"author":{"gitId":"juzzztinsoong"},"content":"  }","lastModifiedDate":"2023-08-22"},{"lineNumber":50,"author":{"gitId":"juzzztinsoong"},"content":"","lastModifiedDate":"2023-08-22"},{"lineNumber":51,"author":{"gitId":"juzzztinsoong"},"content":"  public String toString() {","lastModifiedDate":"2023-08-22"},{"lineNumber":52,"author":{"gitId":"juzzztinsoong"},"content":"    String returnString \u003d new String(\"\");","lastModifiedDate":"2023-08-22"},{"lineNumber":53,"author":{"gitId":"juzzztinsoong"},"content":"    int i \u003d 1;","lastModifiedDate":"2023-08-22"},{"lineNumber":54,"author":{"gitId":"juzzztinsoong"},"content":"    for(Task entry : list) {","lastModifiedDate":"2023-08-22"},{"lineNumber":55,"author":{"gitId":"juzzztinsoong"},"content":"      returnString +\u003d (i + \".\" + entry.toString() + \"\\n\");","lastModifiedDate":"2023-08-22"},{"lineNumber":56,"author":{"gitId":"juzzztinsoong"},"content":"      i++;","lastModifiedDate":"2023-08-22"},{"lineNumber":57,"author":{"gitId":"juzzztinsoong"},"content":"    }","lastModifiedDate":"2023-08-22"},{"lineNumber":58,"author":{"gitId":"juzzztinsoong"},"content":"    returnString +\u003d \"Now you have \" + (i-1) + \" tasks in the list.\\n\";","lastModifiedDate":"2023-08-23"},{"lineNumber":59,"author":{"gitId":"juzzztinsoong"},"content":"    return returnString;","lastModifiedDate":"2023-08-22"},{"lineNumber":60,"author":{"gitId":"juzzztinsoong"},"content":"  }","lastModifiedDate":"2023-08-22"},{"lineNumber":61,"author":{"gitId":"juzzztinsoong"},"content":"}","lastModifiedDate":"2023-08-22"}],"authorContributionMap":{"juzzztinsoong":61}},{"path":"src/main/java/TaskPackages/Todo.java","fileType":"java","lines":[{"lineNumber":1,"author":{"gitId":"juzzztinsoong"},"content":"package TaskPackages;","lastModifiedDate":"2023-08-23"},{"lineNumber":2,"author":{"gitId":"juzzztinsoong"},"content":"","lastModifiedDate":"2023-08-23"},{"lineNumber":3,"author":{"gitId":"juzzztinsoong"},"content":"public class Todo extends Task{","lastModifiedDate":"2023-08-23"},{"lineNumber":4,"author":{"gitId":"juzzztinsoong"},"content":"","lastModifiedDate":"2023-08-23"},{"lineNumber":5,"author":{"gitId":"juzzztinsoong"},"content":"  protected Todo(String description) {","lastModifiedDate":"2023-08-23"},{"lineNumber":6,"author":{"gitId":"juzzztinsoong"},"content":"    super(description);","lastModifiedDate":"2023-08-23"},{"lineNumber":7,"author":{"gitId":"juzzztinsoong"},"content":"  }","lastModifiedDate":"2023-08-23"},{"lineNumber":8,"author":{"gitId":"juzzztinsoong"},"content":"  ","lastModifiedDate":"2023-08-23"},{"lineNumber":9,"author":{"gitId":"juzzztinsoong"},"content":"  @Override","lastModifiedDate":"2023-08-23"},{"lineNumber":10,"author":{"gitId":"juzzztinsoong"},"content":"  public String toString() {","lastModifiedDate":"2023-08-23"},{"lineNumber":11,"author":{"gitId":"juzzztinsoong"},"content":"    return \"[T][\" + this.getStatusIcon() + \"] \" + this.description;","lastModifiedDate":"2023-08-23"},{"lineNumber":12,"author":{"gitId":"juzzztinsoong"},"content":"  }","lastModifiedDate":"2023-08-23"},{"lineNumber":13,"author":{"gitId":"juzzztinsoong"},"content":"}","lastModifiedDate":"2023-08-23"}],"authorContributionMap":{"juzzztinsoong":13}}]
