{"authorDailyContributionsMap":{"juzzztinsoong":[{"date":"2023-08-22","commitResults":[{"hash":"ded50efe5b4f0c166f6fc5c1a241a3f4bcfdc81a","isMergeCommit":false,"messageTitle":"renamed","messageBody":"","tags":["Level-0"],"fileTypesAndContributionMap":{"java":{"insertions":24,"deletions":6}}},{"hash":"f397555b7f2a711a99d47555dd52cbb34cee04ac","isMergeCommit":false,"messageTitle":"echo","messageBody":"","tags":["Level-1"],"fileTypesAndContributionMap":{"java":{"insertions":19,"deletions":9}}},{"hash":"151803b0053fe8e096754579eed67fa85eae5ff1","isMergeCommit":false,"messageTitle":"add, list","messageBody":"","tags":["Level-2"],"fileTypesAndContributionMap":{"java":{"insertions":77,"deletions":6}}},{"hash":"00747441f0d29b7aa76cc30a053add403ef367b0","isMergeCommit":false,"messageTitle":"mark as done","messageBody":"","tags":["Level-3"],"fileTypesAndContributionMap":{"java":{"insertions":99,"deletions":49}}}]},{"date":"2023-08-23","commitResults":[{"hash":"ac3b0623ce878d1ffe6017684b9df7f84bc78f66","isMergeCommit":false,"messageTitle":"partially implemented task subclasses","messageBody":"","fileTypesAndContributionMap":{"java":{"insertions":59,"deletions":2}}},{"hash":"fd6bb81e468cc7ecfcb1b4bcd0e2737c062a5621","isMergeCommit":false,"messageTitle":"refactored task subclasses","messageBody":"","tags":["Level-4"],"fileTypesAndContributionMap":{"java":{"insertions":78,"deletions":39}}},{"hash":"8c6141b7a52bf0fa49c080b3b8a7fc0746e8ed42","isMergeCommit":false,"messageTitle":"refactored, added duke exceptions","messageBody":"","tags":["Level-5"],"fileTypesAndContributionMap":{"java":{"insertions":164,"deletions":64}}},{"hash":"a7a86d08ceb5f88ad612e3fe335b728414f37700","isMergeCommit":false,"messageTitle":"added ability to delete tasks","messageBody":"","tags":["Level-6"],"fileTypesAndContributionMap":{"java":{"insertions":18,"deletions":2}}},{"hash":"731c8ed9a77b2d53b015ad23a54658da17f7d9a4","isMergeCommit":false,"messageTitle":"implemented enum","messageBody":"","tags":["A-Enums","A-ENUM"],"fileTypesAndContributionMap":{"java":{"insertions":52,"deletions":19}}}]},{"date":"2023-08-27","commitResults":[{"hash":"cd967d2d9de7fd1d988c15ee5bee4836f6900d36","isMergeCommit":false,"messageTitle":"testing","messageBody":"","tags":["A-TextUiTesting"],"fileTypesAndContributionMap":{"txt":{"insertions":15,"deletions":0}}}]},{"date":"2023-08-28","commitResults":[{"hash":"26fd1faef0c90dc9985c8caea31df4282d17cca7","isMergeCommit":false,"messageTitle":"implemented file reader","messageBody":"","tags":["Level-7"],"fileTypesAndContributionMap":{"txt":{"insertions":3,"deletions":13},"java":{"insertions":50,"deletions":1},"bat":{"insertions":1,"deletions":1}}}]},{"date":"2023-08-29","commitResults":[{"hash":"e90bf745d788a8fd204469c9d7b7fdbeb0c8c690","isMergeCommit":false,"messageTitle":"added datetime info for tasks, partial implementation of datetimeparser","messageBody":"","fileTypesAndContributionMap":{"java":{"insertions":92,"deletions":17}}},{"hash":"1b9b7853fa9ecb7c1e34c0f309abdd6ad1644176","isMergeCommit":false,"messageTitle":"implemented file writer","messageBody":"","fileTypesAndContributionMap":{"java":{"insertions":50,"deletions":0}}},{"hash":"b1a4733e4b0ce30c28259a5ff484d7eb8ac4113d","isMergeCommit":false,"messageTitle":"implemented marking as done","messageBody":"","fileTypesAndContributionMap":{"java":{"insertions":9,"deletions":1}}}]},{"date":"2023-08-30","commitResults":[{"hash":"96cd3f0068ddb3f54ff8fe77e7406870eb60dcb3","isMergeCommit":false,"messageTitle":"saving implementation completed","messageBody":"","fileTypesAndContributionMap":{"txt":{"insertions":12,"deletions":3},"java":{"insertions":10,"deletions":6}}},{"hash":"1a0ca19e568b3c52f542216b1bd6b3efe11fb4f6","isMergeCommit":true,"messageTitle":"Merge pull request #1 from juzzztinsoong/branch-Level-7","messageBody":"Branch level 7","fileTypesAndContributionMap":{}}]},{"date":"2023-08-31","commitResults":[{"hash":"0e40d7badcf568daa3bf89897de694c02f8a1a06","isMergeCommit":true,"messageTitle":"Merge branch \u0027master\u0027 into branch-Level-8","messageBody":"","fileTypesAndContributionMap":{}},{"hash":"1957ac6b93f075dd2f84abd2c9b545cbf08679fd","isMergeCommit":false,"messageTitle":"merge + some time/date utility rewrites","messageBody":"","fileTypesAndContributionMap":{"txt":{"insertions":7,"deletions":3},"java":{"insertions":182,"deletions":56}}},{"hash":"c2ced9b4ff08d10a32c7711d84781fd896e0296f","isMergeCommit":false,"messageTitle":"implemented date time formatting","messageBody":"","fileTypesAndContributionMap":{"txt":{"insertions":8,"deletions":14},"java":{"insertions":620,"deletions":447}}},{"hash":"03170111d76a3e5aaa564bc3603fd4afcd4d47da","isMergeCommit":true,"messageTitle":"Merge pull request #2 from juzzztinsoong/branch-Level-8","messageBody":"Branch level 8","tags":["Level-8"],"fileTypesAndContributionMap":{}},{"hash":"8095bc8eacaafef4eedfe56c2959d3d174257375","isMergeCommit":false,"messageTitle":"added OOP, packages already implemented","messageBody":"","tags":["A-MoreOOP"],"fileTypesAndContributionMap":{"java":{"insertions":0,"deletions":1}}},{"hash":"e1aefab779b5ad70db413edf2ab9398971d9d235","isMergeCommit":false,"messageTitle":"renamed packages","messageBody":"had to do something for this task\n","tags":["A-Packages"],"fileTypesAndContributionMap":{"txt":{"insertions":0,"deletions":1},"java":{"insertions":39,"deletions":39}}},{"hash":"5bb5c18434319b76a893a56704201de992c94029","isMergeCommit":false,"messageTitle":"removed unnecessary code","messageBody":"","fileTypesAndContributionMap":{"txt":{"insertions":2,"deletions":7},"java":{"insertions":33,"deletions":19}}},{"hash":"11a3d63b294adfde01332f8ca0ef964d33b6d973","isMergeCommit":true,"messageTitle":"Merge remote-tracking branch \u0027origin/add-gradle-support\u0027 into gradle-branch","messageBody":"","fileTypesAndContributionMap":{}},{"hash":"6fa8b048ac5e0662f5f26c0c211d62cf60a07327","isMergeCommit":false,"messageTitle":"got gradle working","messageBody":"","fileTypesAndContributionMap":{"gradle":{"insertions":1,"deletions":0}}},{"hash":"d5d0758d983453c33396ae17a2a771bac58edad8","isMergeCommit":true,"messageTitle":"Merge pull request #3 from juzzztinsoong/gradle-branch","messageBody":"Gradle branch","tags":["A-Gradle"],"fileTypesAndContributionMap":{}},{"hash":"8c75ae02d54af0b308c535f471ba4fed125b214e","isMergeCommit":false,"messageTitle":"create test for tasklist and parser","messageBody":"","tags":["A-JUnit"],"fileTypesAndContributionMap":{"gradle":{"insertions":1,"deletions":0},"java":{"insertions":66,"deletions":0}}},{"hash":"534b9a91fd03f63721b79069946a02d70f96307c","isMergeCommit":false,"messageTitle":"rename files according to checkstyle, create jar file","messageBody":"","tags":["A-Jar"],"fileTypesAndContributionMap":{"java":{"insertions":77,"deletions":75}}}]},{"date":"2023-09-01","commitResults":[{"hash":"6ebd38d4ae0d46d989f91efa291f6aada36858bf","isMergeCommit":false,"messageTitle":"reconfigure gradle build for jar","messageBody":"","fileTypesAndContributionMap":{"gradle":{"insertions":1,"deletions":1},"txt":{"insertions":4,"deletions":0}}},{"hash":"88ad0391a93a58e9d7e6bbe3806603cad7462116","isMergeCommit":false,"messageTitle":"format based on coding standard","messageBody":"","tags":["A-CodingStandard"],"fileTypesAndContributionMap":{"txt":{"insertions":1,"deletions":0},"java":{"insertions":619,"deletions":626}}},{"hash":"0b035c2e91e6658f832fec385e53f8c04f0bc74d","isMergeCommit":false,"messageTitle":"add javadocs to all required classes","messageBody":"","tags":["A-JavaDocs"],"fileTypesAndContributionMap":{"java":{"insertions":341,"deletions":59}}},{"hash":"0c0dd56c339ac5abbfb44e077a68fe41a7069946","isMergeCommit":false,"messageTitle":"implement find command","messageBody":"","tags":["Level-9"],"fileTypesAndContributionMap":{"txt":{"insertions":2,"deletions":1},"java":{"insertions":43,"deletions":2}}},{"hash":"d28ae07be876946443ca32ab20a8115a6cd6e2e6","isMergeCommit":true,"messageTitle":"Merge pull request #4 from juzzztinsoong/branch-A-CodingStandard","messageBody":"format based on coding standard","fileTypesAndContributionMap":{}},{"hash":"b2cbf5d136485f48349b14388da6ae51071a3927","isMergeCommit":true,"messageTitle":"Merge branch \u0027master\u0027 into branch-A-JavaDoc","messageBody":"","fileTypesAndContributionMap":{}},{"hash":"d2f626d61842ff41c5a87ea55c024e61b1df5598","isMergeCommit":true,"messageTitle":"Merge pull request #5 from juzzztinsoong/branch-A-JavaDoc","messageBody":"add javadocs to all required classes","fileTypesAndContributionMap":{}},{"hash":"cc040a6e46667134cbcc551d7c2b03b088dd14db","isMergeCommit":false,"messageTitle":"remove todocommand","messageBody":"","fileTypesAndContributionMap":{"txt":{"insertions":6,"deletions":1},"java":{"insertions":4,"deletions":29}}},{"hash":"d95d3ea3a93eaabdf4a97fe0749551675258e365","isMergeCommit":false,"messageTitle":"readd todocommand","messageBody":"file caps error\n","fileTypesAndContributionMap":{"java":{"insertions":24,"deletions":0}}},{"hash":"a7fe1e1aa9c588eb7d98dda19b3cdc04eb00f791","isMergeCommit":true,"messageTitle":"Merge branch \u0027master\u0027 into branch-Level-9","messageBody":"","fileTypesAndContributionMap":{}},{"hash":"f3f4ca7dea60a8063c7bcf78b01fd27c7fe31ade","isMergeCommit":true,"messageTitle":"Merge pull request #6 from juzzztinsoong/branch-Level-9","messageBody":"implement find command","fileTypesAndContributionMap":{}}]},{"date":"2023-09-05","commitResults":[{"hash":"a53ca38c9212cab9cb312b175b43572832594e27","isMergeCommit":false,"messageTitle":"fix checkstyle violations","messageBody":"","tags":["A-CheckStyle"],"fileTypesAndContributionMap":{"gradle":{"insertions":4,"deletions":0},"txt":{"insertions":10,"deletions":9},"java":{"insertions":171,"deletions":87}}}]},{"date":"2023-09-06","commitResults":[{"hash":"100fda76082f1ce7acd962c3f643d789a08c073e","isMergeCommit":false,"messageTitle":"implement gui","messageBody":"","fileTypesAndContributionMap":{"gradle":{"insertions":16,"deletions":2},"txt":{"insertions":4,"deletions":3},"fxml":{"insertions":35,"deletions":0},"java":{"insertions":496,"deletions":385}}},{"hash":"f949651b713b40940f6c9daf0eb991b6c97f3fcf","isMergeCommit":true,"messageTitle":"Merge pull request #7 from juzzztinsoong/branch-Level-10","messageBody":"implement gui","tags":["Level-10"],"fileTypesAndContributionMap":{}}]},{"date":"2023-09-13","commitResults":[{"hash":"76d582d67b95534267f6cf772dded844194bf184","isMergeCommit":false,"messageTitle":"fix jar compilation","messageBody":"Modify build.gradle and resource getter methods\n\nThis fixes jar compilation bugs.\n\nSubsequently, can refactor resource getter methods to improve code\nquality and streamline exception throwing process.\n","tags":["A-FullCommitMessage"],"fileTypesAndContributionMap":{"gradle":{"insertions":1,"deletions":1},"txt":{"insertions":0,"deletions":3},"fxml":{"insertions":0,"deletions":0},"java":{"insertions":10,"deletions":6}}},{"hash":"76ffc69e3bb46f914b2d55d3a1a109d0e05164eb","isMergeCommit":false,"messageTitle":"add assertions","messageBody":"Add a few assertions to launcher and parser.\n\nCombine Launcher and Main class to streamline application flow.\n","tags":["A-Assertions"],"fileTypesAndContributionMap":{"java":{"insertions":36,"deletions":37}}},{"hash":"c5efb9dc653b2dffcfa91c5b34677f9d0f5142da","isMergeCommit":false,"messageTitle":"Update Parser.java","messageBody":"","fileTypesAndContributionMap":{"java":{"insertions":1,"deletions":1}}},{"hash":"608d8155ed9f750912f82af6a937a9c75f419b3c","isMergeCommit":true,"messageTitle":"Merge pull request #8 from juzzztinsoong/branch-A-Assertions","messageBody":"Branch a assertions","fileTypesAndContributionMap":{}},{"hash":"d0b35895015798abcb5a77e089acf164ca372ea8","isMergeCommit":false,"messageTitle":"improve code quality","messageBody":"Refactor parser and tasklist to make happy path clearer and reduce code duplication.\n\nRefactor tasks to reduce code complexity and increase readability.\n\nAdd javadoc description for every class.\n\nTo do:\nStreamline GUI and application interaction.\n","tags":["A-CodeQuality"],"fileTypesAndContributionMap":{"txt":{"insertions":2,"deletions":0},"java":{"insertions":185,"deletions":147}}},{"hash":"ef92d28a8da47e4f7016929eee453a6d435ad94d","isMergeCommit":true,"messageTitle":"Merge pull request #9 from juzzztinsoong/branch-A-CodeQuality","messageBody":"improve code quality","fileTypesAndContributionMap":{}},{"hash":"9f5fbdef47ec484d408992a4300399c7397cf3de","isMergeCommit":false,"messageTitle":"add sorting of tasks","messageBody":"Add ability to sort tasks by name, date and type.\n\nCan look for more ways to sort tasks in future, but will require more parameters.\n","tags":["C-Sort"],"fileTypesAndContributionMap":{"txt":{"insertions":2,"deletions":2},"java":{"insertions":142,"deletions":1}}},{"hash":"d8c9cce748f9ee844ac9a03806c43834c77cc26e","isMergeCommit":true,"messageTitle":"Merge pull request #10 from juzzztinsoong/branch-C-Sort","messageBody":"add sorting of tasks","tags":["BCD-Extension"],"fileTypesAndContributionMap":{}}]}]},"authorFileTypeContributionMap":{"juzzztinsoong":{"java":1697,"md":0,"fxml":35,"sh":0,"bat":1,"gradle":22,"txt":12}},"authorContributionVariance":{"juzzztinsoong":228622.47},"authorDisplayNameMap":{"juzzztinsoong":"CS2103T-F12-4 JUST.. KAI"}}
