{"authorDailyContributionsMap":{"WinSheng1":[{"date":"2023-08-23","commitResults":[{"hash":"fc84eaaa609f3ecdceb2f3eca7ab923506788849","isMergeCommit":false,"messageTitle":"Level 0. Rename, Greet, Exit","messageBody":"","tags":["Level-0"],"fileTypesAndContributionMap":{"java":{"insertions":7,"deletions":6}}}]}]},"authorFileTypeContributionMap":{"WinSheng1":{"java":7,"md":0,"fxml":0,"sh":0,"bat":0,"gradle":0,"txt":0}},"authorContributionVariance":{"WinSheng1":23.472221},"authorDisplayNameMap":{"WinSheng1":"LIM ..HENG"}}
