{"authorDailyContributionsMap":{"xCOLOURx":[{"date":"2023-08-24","commitResults":[{"hash":"ee580b78146058780b3919e86620fac9f6b81788","isMergeCommit":false,"messageTitle":"Initial commit for lvl 0","messageBody":"","tags":["Level-0"],"fileTypesAndContributionMap":{"java":{"insertions":16,"deletions":5}}},{"hash":"a5825fece20e7101d16560e74856365a565151c6","isMergeCommit":false,"messageTitle":"Initial commit for lvl 1","messageBody":"","tags":["Level-1"],"fileTypesAndContributionMap":{"java":{"insertions":42,"deletions":21}}},{"hash":"311264ff062a223ca3343ef4524dc14ad99a4867","isMergeCommit":false,"messageTitle":"Inital commit for lvl 2","messageBody":"","tags":["Level-2"],"fileTypesAndContributionMap":{"java":{"insertions":20,"deletions":6}}},{"hash":"6615a61dc5941e55e68ce4de1957ea62da9144b7","isMergeCommit":false,"messageTitle":"Inital commit for lvl 3","messageBody":"","tags":["Level-3"],"fileTypesAndContributionMap":{"java":{"insertions":91,"deletions":5}}},{"hash":"4bfedb49a2ac1db00ae245ee47f0c78c6bfd42f8","isMergeCommit":false,"messageTitle":"Initial commit for lvl 4","messageBody":"","tags":["Level-4"],"fileTypesAndContributionMap":{"java":{"insertions":227,"deletions":25}}},{"hash":"f12c1c3b26d93ad23c1b53eebe170fc95a72372f","isMergeCommit":false,"messageTitle":"Initial commit for Automated Text UI Testing","messageBody":"","tags":["A-TextUiTesting"],"fileTypesAndContributionMap":{"txt":{"insertions":5,"deletions":0},"bat":{"insertions":1,"deletions":1}}},{"hash":"15297316477e6a7cb51ffa486c34f94be7adba59","isMergeCommit":false,"messageTitle":"Initial commit for lvl 5","messageBody":"","tags":["Level-5"],"fileTypesAndContributionMap":{"java":{"insertions":139,"deletions":143}}},{"hash":"6eebcc102c4621299a2472d2aa6326b9b079c42b","isMergeCommit":false,"messageTitle":"Initial commit for lvl 6","messageBody":"","tags":["Level-6"],"fileTypesAndContributionMap":{"java":{"insertions":39,"deletions":4}}}]},{"date":"2023-08-31","commitResults":[{"hash":"539b6d178b90ed5746c1dfef1cde70aefa49d45b","isMergeCommit":false,"messageTitle":"Add Save functionality","messageBody":"","tags":["Level-7"],"fileTypesAndContributionMap":{"java":{"insertions":176,"deletions":20}}},{"hash":"a15503108270d15e8436f6bb1e092ff99c636bb5","isMergeCommit":false,"messageTitle":"Add Date and Time functionality","messageBody":"","fileTypesAndContributionMap":{"java":{"insertions":222,"deletions":139}}},{"hash":"fc9de874b21bdeb89ebde16457b2e0b7ea9a3138","isMergeCommit":true,"messageTitle":"Merge branch \u0027branch-level-8\u0027","messageBody":"","tags":["Level-8"],"fileTypesAndContributionMap":{}}]},{"date":"2023-09-01","commitResults":[{"hash":"34c0681906e73032e0b6e6e03ecb8e95f8ae219d","isMergeCommit":false,"messageTitle":"Add more OOP","messageBody":"","tags":["A-MoreOOP"],"fileTypesAndContributionMap":{"java":{"insertions":692,"deletions":476}}},{"hash":"b511bf1293213437cf37809c7fd2431b0b0f5a9c","isMergeCommit":false,"messageTitle":"Add Packages","messageBody":"","tags":["A-Packages"],"fileTypesAndContributionMap":{"java":{"insertions":118,"deletions":21},"bat":{"insertions":1,"deletions":1}}},{"hash":"51eef1f6a6ce238c997bfb83be2bae026e2a9997","isMergeCommit":true,"messageTitle":"Merge branch \u0027add-gradle-support\u0027","messageBody":"","fileTypesAndContributionMap":{}},{"hash":"f8be0daab4904bb19717b239713f63ad5a9350b0","isMergeCommit":false,"messageTitle":"Add Gradle Support","messageBody":"","tags":["A-Gradle"],"fileTypesAndContributionMap":{"gradle":{"insertions":2,"deletions":2}}},{"hash":"1df7c11e36c8838e831136dfa55a47cd954d5959","isMergeCommit":false,"messageTitle":"Add JUnit Test","messageBody":"","tags":["A-Jar","A-JUnit"],"fileTypesAndContributionMap":{"java":{"insertions":73,"deletions":0}}}]}]},"authorFileTypeContributionMap":{"xCOLOURx":{"java":1000,"md":0,"fxml":0,"sh":0,"bat":1,"gradle":2,"txt":5}},"authorContributionVariance":{"xCOLOURx":157159.48},"authorDisplayNameMap":{"xCOLOURx":"CS2103T-T13-1 KYLE..CHAN"}}
