{"authorDailyContributionsMap":{"emzm2023":[{"date":"2023-08-22","commitResults":[{"hash":"bfc4994f0b7d26b98f3ce6922fcb9d777c4cb803","isMergeCommit":false,"messageTitle":"renamed chatbot, implemented greet and exit","messageBody":"","tags":["Level-0"],"fileTypesAndContributionMap":{"java":{"insertions":16,"deletions":6}}},{"hash":"c3477fe85481913482de66b49cca8dbf54bada82","isMergeCommit":false,"messageTitle":"implemented echo and readInput methods.","messageBody":"","tags":["Level-1"],"fileTypesAndContributionMap":{"java":{"insertions":32,"deletions":2}}}]},{"date":"2023-08-23","commitResults":[{"hash":"3c0d92d285e426c3427eca3c8061c0c188a44587","isMergeCommit":false,"messageTitle":"implemented add and listTasks functionality.","messageBody":"","tags":["Level-2"],"fileTypesAndContributionMap":{"java":{"insertions":39,"deletions":6}}},{"hash":"4aa321ecebd2f175bd18b83bfe631ae824a35302","isMergeCommit":false,"messageTitle":"renamed Duke class to Chatbot, improved functionality for adding tasks, implemented Task class and ability to mark tasks as done/undone.","messageBody":"","tags":["Level-3"],"fileTypesAndContributionMap":{"java":{"insertions":158,"deletions":83}}},{"hash":"092eb23f38c3e088177121a4a6948de57fa02055","isMergeCommit":false,"messageTitle":"added tracking for Event, Deadline, and Todo Tasks.","messageBody":"","tags":["Level-4"],"fileTypesAndContributionMap":{"java":{"insertions":109,"deletions":19}}},{"hash":"9202336c69ac0b832451398417d8c1341ee3e01a","isMergeCommit":false,"messageTitle":"edited code in Chatbot.java and implemented semi-automated testing.","messageBody":"","tags":["A-TextUiTesting"],"fileTypesAndContributionMap":{"txt":{"insertions":8,"deletions":0},"sh":{"insertions":4,"deletions":3}}}]},{"date":"2023-08-24","commitResults":[{"hash":"fe8a11b46a87aae18d98d2bf32b55480b8ce2577","isMergeCommit":false,"messageTitle":"updated functionality of Chatbot and implemented error handling with exceptions.","messageBody":"","tags":["Level-5"],"fileTypesAndContributionMap":{"txt":{"insertions":15,"deletions":4},"java":{"insertions":26,"deletions":138}}},{"hash":"3d0a8c51b2dc53af91ad6c15a5609ce45ad538c9","isMergeCommit":false,"messageTitle":"implemented delete task feature, updated error handling to check for blank inputs.","messageBody":"","tags":["Level-6"],"fileTypesAndContributionMap":{"txt":{"insertions":6,"deletions":0},"java":{"insertions":6,"deletions":6}}}]},{"date":"2023-08-30","commitResults":[{"hash":"438cce65a6a015b73a0e74e82f3c1026f9da02d1","isMergeCommit":false,"messageTitle":"Edit comments according to coding standard","messageBody":"","fileTypesAndContributionMap":{"java":{"insertions":1,"deletions":1}}}]},{"date":"2023-08-31","commitResults":[{"hash":"12814b9e1d14f49d86e4cd687edc0fe3481bd3b7","isMergeCommit":false,"messageTitle":"Fixed bugs and implemented save function for tasks","messageBody":"","fileTypesAndContributionMap":{"java":{"insertions":7,"deletions":2}}},{"hash":"4a29cb829c924744c4d905bda856c43ed280cb06","isMergeCommit":true,"messageTitle":"Merge branch \u0027branch-Level-7\u0027","messageBody":"","tags":["Level-7"],"fileTypesAndContributionMap":{}},{"hash":"44090b4052c58c2b9da74e482a13626687b96969","isMergeCommit":false,"messageTitle":"Implemented deadline and event dates feature, fixed bugs","messageBody":"","fileTypesAndContributionMap":{"txt":{"insertions":7,"deletions":4},"java":{"insertions":16,"deletions":9}}},{"hash":"252be4e9b03726da6a92881358b6b1bb7000ba92","isMergeCommit":true,"messageTitle":"Merge branch \u0027branch-Level-8\u0027","messageBody":"","tags":["Level-8"],"fileTypesAndContributionMap":{}}]},{"date":"2023-09-01","commitResults":[{"hash":"ba7b3e20c2791cf369882f52763eacde7da8b3e2","isMergeCommit":false,"messageTitle":"Restructured code to implement OOP principles","messageBody":"","tags":["A-MoreOOP"],"fileTypesAndContributionMap":{"java":{"insertions":449,"deletions":7}}}]}]},"authorFileTypeContributionMap":{"emzm2023":{"java":590,"md":0,"fxml":0,"sh":4,"bat":0,"gradle":0,"txt":28}},"authorContributionVariance":{"emzm2023":22886.33},"authorDisplayNameMap":{"emzm2023":"CS2103T-T09-2 ELIZ.. MIN"}}
