[{"path":"src/main/java/Deadline.java","fileType":"java","lines":[{"lineNumber":1,"author":{"gitId":"dom-buri"},"content":"public class Deadline extends Task {","lastModifiedDate":"2023-08-24"},{"lineNumber":2,"author":{"gitId":"dom-buri"},"content":"","lastModifiedDate":"2023-08-24"},{"lineNumber":3,"author":{"gitId":"dom-buri"},"content":"    protected String by;","lastModifiedDate":"2023-08-24"},{"lineNumber":4,"author":{"gitId":"dom-buri"},"content":"","lastModifiedDate":"2023-08-24"},{"lineNumber":5,"author":{"gitId":"dom-buri"},"content":"    public Deadline(String description, String by) throws DukeException {","lastModifiedDate":"2023-08-24"},{"lineNumber":6,"author":{"gitId":"dom-buri"},"content":"        super(description);","lastModifiedDate":"2023-08-24"},{"lineNumber":7,"author":{"gitId":"dom-buri"},"content":"        if (description.isEmpty() || by.isEmpty()) {","lastModifiedDate":"2023-08-24"},{"lineNumber":8,"author":{"gitId":"dom-buri"},"content":"            throw new DukeException(\"☹ OOPS!!! The description / by of a deadline cannot be empty.\");","lastModifiedDate":"2023-08-24"},{"lineNumber":9,"author":{"gitId":"dom-buri"},"content":"        }","lastModifiedDate":"2023-08-24"},{"lineNumber":10,"author":{"gitId":"dom-buri"},"content":"        this.by \u003d by;","lastModifiedDate":"2023-08-24"},{"lineNumber":11,"author":{"gitId":"dom-buri"},"content":"    }","lastModifiedDate":"2023-08-24"},{"lineNumber":12,"author":{"gitId":"dom-buri"},"content":"","lastModifiedDate":"2023-08-24"},{"lineNumber":13,"author":{"gitId":"dom-buri"},"content":"    @Override","lastModifiedDate":"2023-08-24"},{"lineNumber":14,"author":{"gitId":"dom-buri"},"content":"    public String toString() {","lastModifiedDate":"2023-08-24"},{"lineNumber":15,"author":{"gitId":"dom-buri"},"content":"        return \"[D]\" + super.toString() + \" (by: \" + by + \")\";","lastModifiedDate":"2023-08-24"},{"lineNumber":16,"author":{"gitId":"dom-buri"},"content":"    }","lastModifiedDate":"2023-08-24"},{"lineNumber":17,"author":{"gitId":"dom-buri"},"content":"}","lastModifiedDate":"2023-08-24"}],"authorContributionMap":{"dom-buri":17}},{"path":"src/main/java/Duke.java","fileType":"java","lines":[{"lineNumber":1,"author":{"gitId":"dom-buri"},"content":"import java.util.ArrayList;","lastModifiedDate":"2023-08-24"},{"lineNumber":2,"author":{"gitId":"dom-buri"},"content":"import java.util.Scanner;","lastModifiedDate":"2023-08-23"},{"lineNumber":3,"author":{"gitId":"-"},"content":"public class Duke {","lastModifiedDate":"2019-07-29"},{"lineNumber":4,"author":{"gitId":"dom-buri"},"content":"    private static final String LINE \u003d \"_\".repeat(60);","lastModifiedDate":"2023-08-24"},{"lineNumber":5,"author":{"gitId":"dom-buri"},"content":"    private static ArrayList\u003cTask\u003e tasks;","lastModifiedDate":"2023-08-24"},{"lineNumber":6,"author":{"gitId":"dom-buri"},"content":"","lastModifiedDate":"2023-08-24"},{"lineNumber":7,"author":{"gitId":"dom-buri"},"content":"    enum Instruction {","lastModifiedDate":"2023-08-24"},{"lineNumber":8,"author":{"gitId":"dom-buri"},"content":"        bye,","lastModifiedDate":"2023-08-24"},{"lineNumber":9,"author":{"gitId":"dom-buri"},"content":"        list,","lastModifiedDate":"2023-08-24"},{"lineNumber":10,"author":{"gitId":"dom-buri"},"content":"        mark,","lastModifiedDate":"2023-08-24"},{"lineNumber":11,"author":{"gitId":"dom-buri"},"content":"        unmark,","lastModifiedDate":"2023-08-24"},{"lineNumber":12,"author":{"gitId":"dom-buri"},"content":"        todo,","lastModifiedDate":"2023-08-24"},{"lineNumber":13,"author":{"gitId":"dom-buri"},"content":"        deadline,","lastModifiedDate":"2023-08-24"},{"lineNumber":14,"author":{"gitId":"dom-buri"},"content":"        event,","lastModifiedDate":"2023-08-24"},{"lineNumber":15,"author":{"gitId":"dom-buri"},"content":"        delete","lastModifiedDate":"2023-08-24"},{"lineNumber":16,"author":{"gitId":"dom-buri"},"content":"    }","lastModifiedDate":"2023-08-24"},{"lineNumber":17,"author":{"gitId":"dom-buri"},"content":"","lastModifiedDate":"2023-08-24"},{"lineNumber":18,"author":{"gitId":"-"},"content":"    public static void main(String[] args) {","lastModifiedDate":"2019-07-29"},{"lineNumber":19,"author":{"gitId":"dom-buri"},"content":"        tasks \u003d new ArrayList\u003c\u003e();","lastModifiedDate":"2023-08-24"},{"lineNumber":20,"author":{"gitId":"dom-buri"},"content":"        Scanner scanner \u003d new Scanner(System.in);","lastModifiedDate":"2023-08-23"},{"lineNumber":21,"author":{"gitId":"dom-buri"},"content":"        String userInput;","lastModifiedDate":"2023-08-24"},{"lineNumber":22,"author":{"gitId":"dom-buri"},"content":"        boolean loop \u003d true;","lastModifiedDate":"2023-08-24"},{"lineNumber":23,"author":{"gitId":"dom-buri"},"content":"","lastModifiedDate":"2023-08-23"},{"lineNumber":24,"author":{"gitId":"dom-buri"},"content":"        System.out.println(LINE + \"\\nHello! I\u0027m Dommi\\nWhat can I do for you?\\n\" + LINE);","lastModifiedDate":"2023-08-24"},{"lineNumber":25,"author":{"gitId":"dom-buri"},"content":"","lastModifiedDate":"2023-08-24"},{"lineNumber":26,"author":{"gitId":"dom-buri"},"content":"        while (loop) {","lastModifiedDate":"2023-08-24"},{"lineNumber":27,"author":{"gitId":"dom-buri"},"content":"            String task \u003d \"\";","lastModifiedDate":"2023-08-24"},{"lineNumber":28,"author":{"gitId":"dom-buri"},"content":"            String deadlineTask \u003d \"\";","lastModifiedDate":"2023-08-24"},{"lineNumber":29,"author":{"gitId":"dom-buri"},"content":"            String deadline \u003d \"\";","lastModifiedDate":"2023-08-24"},{"lineNumber":30,"author":{"gitId":"dom-buri"},"content":"            String eventTask \u003d \"\";","lastModifiedDate":"2023-08-24"},{"lineNumber":31,"author":{"gitId":"dom-buri"},"content":"            String from \u003d \"\";","lastModifiedDate":"2023-08-24"},{"lineNumber":32,"author":{"gitId":"dom-buri"},"content":"            String to \u003d \"\";","lastModifiedDate":"2023-08-24"},{"lineNumber":33,"author":{"gitId":"dom-buri"},"content":"","lastModifiedDate":"2023-08-24"},{"lineNumber":34,"author":{"gitId":"dom-buri"},"content":"            if (!scanner.hasNextLine()) {","lastModifiedDate":"2023-08-24"},{"lineNumber":35,"author":{"gitId":"dom-buri"},"content":"                break;","lastModifiedDate":"2023-08-24"},{"lineNumber":36,"author":{"gitId":"dom-buri"},"content":"            }","lastModifiedDate":"2023-08-24"},{"lineNumber":37,"author":{"gitId":"dom-buri"},"content":"            userInput \u003d scanner.nextLine();  // Read user input","lastModifiedDate":"2023-08-24"},{"lineNumber":38,"author":{"gitId":"dom-buri"},"content":"            String userInstruction \u003d userInput.split(\" \", 2)[0];","lastModifiedDate":"2023-08-24"},{"lineNumber":39,"author":{"gitId":"dom-buri"},"content":"","lastModifiedDate":"2023-08-24"},{"lineNumber":40,"author":{"gitId":"dom-buri"},"content":"            if (userInput.contains(\" \")) {","lastModifiedDate":"2023-08-24"},{"lineNumber":41,"author":{"gitId":"dom-buri"},"content":"                task \u003d userInput.split(\" \", 2)[1];","lastModifiedDate":"2023-08-24"},{"lineNumber":42,"author":{"gitId":"dom-buri"},"content":"            }","lastModifiedDate":"2023-08-24"},{"lineNumber":43,"author":{"gitId":"dom-buri"},"content":"","lastModifiedDate":"2023-08-24"},{"lineNumber":44,"author":{"gitId":"dom-buri"},"content":"            System.out.println(LINE);","lastModifiedDate":"2023-08-24"},{"lineNumber":45,"author":{"gitId":"dom-buri"},"content":"","lastModifiedDate":"2023-08-24"},{"lineNumber":46,"author":{"gitId":"dom-buri"},"content":"            try {","lastModifiedDate":"2023-08-24"},{"lineNumber":47,"author":{"gitId":"dom-buri"},"content":"                Instruction instruction \u003d Instruction.valueOf(userInstruction);","lastModifiedDate":"2023-08-24"},{"lineNumber":48,"author":{"gitId":"dom-buri"},"content":"                switch (instruction) {","lastModifiedDate":"2023-08-24"},{"lineNumber":49,"author":{"gitId":"dom-buri"},"content":"                    case bye:","lastModifiedDate":"2023-08-24"},{"lineNumber":50,"author":{"gitId":"dom-buri"},"content":"                        exit();","lastModifiedDate":"2023-08-24"},{"lineNumber":51,"author":{"gitId":"dom-buri"},"content":"                        loop \u003d false;","lastModifiedDate":"2023-08-24"},{"lineNumber":52,"author":{"gitId":"dom-buri"},"content":"                        break;","lastModifiedDate":"2023-08-23"},{"lineNumber":53,"author":{"gitId":"dom-buri"},"content":"                    case list:","lastModifiedDate":"2023-08-24"},{"lineNumber":54,"author":{"gitId":"dom-buri"},"content":"                        displayList();","lastModifiedDate":"2023-08-24"},{"lineNumber":55,"author":{"gitId":"dom-buri"},"content":"                        break;","lastModifiedDate":"2023-08-24"},{"lineNumber":56,"author":{"gitId":"dom-buri"},"content":"                    case mark:","lastModifiedDate":"2023-08-24"},{"lineNumber":57,"author":{"gitId":"dom-buri"},"content":"                        int markIndex \u003d Integer.parseInt(task);","lastModifiedDate":"2023-08-24"},{"lineNumber":58,"author":{"gitId":"dom-buri"},"content":"                        markTaskDone(markIndex, true);","lastModifiedDate":"2023-08-24"},{"lineNumber":59,"author":{"gitId":"dom-buri"},"content":"                        break;","lastModifiedDate":"2023-08-24"},{"lineNumber":60,"author":{"gitId":"dom-buri"},"content":"                    case unmark:","lastModifiedDate":"2023-08-24"},{"lineNumber":61,"author":{"gitId":"dom-buri"},"content":"                        int unmarkIndex \u003d Integer.parseInt(task);","lastModifiedDate":"2023-08-24"},{"lineNumber":62,"author":{"gitId":"dom-buri"},"content":"                        markTaskDone(unmarkIndex, false);","lastModifiedDate":"2023-08-24"},{"lineNumber":63,"author":{"gitId":"dom-buri"},"content":"                        break;","lastModifiedDate":"2023-08-24"},{"lineNumber":64,"author":{"gitId":"dom-buri"},"content":"                    case todo:","lastModifiedDate":"2023-08-24"},{"lineNumber":65,"author":{"gitId":"dom-buri"},"content":"                        Todo newTodo \u003d new Todo(task);","lastModifiedDate":"2023-08-24"},{"lineNumber":66,"author":{"gitId":"dom-buri"},"content":"                        createNewTask(newTodo);","lastModifiedDate":"2023-08-24"},{"lineNumber":67,"author":{"gitId":"dom-buri"},"content":"                        break;","lastModifiedDate":"2023-08-24"},{"lineNumber":68,"author":{"gitId":"dom-buri"},"content":"                    case deadline:","lastModifiedDate":"2023-08-24"},{"lineNumber":69,"author":{"gitId":"dom-buri"},"content":"                        if (task.contains(\" /by \")) {","lastModifiedDate":"2023-08-24"},{"lineNumber":70,"author":{"gitId":"dom-buri"},"content":"                            deadlineTask \u003d task.split(\" /by \")[0];","lastModifiedDate":"2023-08-24"},{"lineNumber":71,"author":{"gitId":"dom-buri"},"content":"                            deadline \u003d task.split(\" /by \")[1];","lastModifiedDate":"2023-08-24"},{"lineNumber":72,"author":{"gitId":"dom-buri"},"content":"                        }","lastModifiedDate":"2023-08-24"},{"lineNumber":73,"author":{"gitId":"dom-buri"},"content":"                        Deadline newDeadline \u003d new Deadline(deadlineTask, deadline);","lastModifiedDate":"2023-08-24"},{"lineNumber":74,"author":{"gitId":"dom-buri"},"content":"                        createNewTask(newDeadline);","lastModifiedDate":"2023-08-24"},{"lineNumber":75,"author":{"gitId":"dom-buri"},"content":"                        break;","lastModifiedDate":"2023-08-24"},{"lineNumber":76,"author":{"gitId":"dom-buri"},"content":"                    case event:","lastModifiedDate":"2023-08-24"},{"lineNumber":77,"author":{"gitId":"dom-buri"},"content":"                        if (task.contains(\" /from \") \u0026\u0026 task.contains(\" /to \")) {","lastModifiedDate":"2023-08-24"},{"lineNumber":78,"author":{"gitId":"dom-buri"},"content":"                            eventTask \u003d task.split(\" /from \")[0];","lastModifiedDate":"2023-08-24"},{"lineNumber":79,"author":{"gitId":"dom-buri"},"content":"                            from \u003d task.split(\" /from \")[1].split(\" /to \")[0];","lastModifiedDate":"2023-08-24"},{"lineNumber":80,"author":{"gitId":"dom-buri"},"content":"                            to \u003d task.split(\" /from \")[1].split(\" /to \")[1];","lastModifiedDate":"2023-08-24"},{"lineNumber":81,"author":{"gitId":"dom-buri"},"content":"                        }","lastModifiedDate":"2023-08-24"},{"lineNumber":82,"author":{"gitId":"dom-buri"},"content":"                        Event newEvent \u003d new Event(eventTask, from, to);","lastModifiedDate":"2023-08-24"},{"lineNumber":83,"author":{"gitId":"dom-buri"},"content":"                        createNewTask(newEvent);","lastModifiedDate":"2023-08-24"},{"lineNumber":84,"author":{"gitId":"dom-buri"},"content":"                        break;","lastModifiedDate":"2023-08-24"},{"lineNumber":85,"author":{"gitId":"dom-buri"},"content":"                    case delete:","lastModifiedDate":"2023-08-24"},{"lineNumber":86,"author":{"gitId":"dom-buri"},"content":"                        int deleteIndex \u003d Integer.parseInt(task);","lastModifiedDate":"2023-08-24"},{"lineNumber":87,"author":{"gitId":"dom-buri"},"content":"                        deleteTask(deleteIndex);","lastModifiedDate":"2023-08-24"},{"lineNumber":88,"author":{"gitId":"dom-buri"},"content":"                        break;","lastModifiedDate":"2023-08-24"},{"lineNumber":89,"author":{"gitId":"dom-buri"},"content":"                }","lastModifiedDate":"2023-08-24"},{"lineNumber":90,"author":{"gitId":"dom-buri"},"content":"            } catch (NumberFormatException exception) {","lastModifiedDate":"2023-08-24"},{"lineNumber":91,"author":{"gitId":"dom-buri"},"content":"                System.out.println(\"☹ OOPS!!! I\u0027m sorry, but Task ID is invalid!\");","lastModifiedDate":"2023-08-24"},{"lineNumber":92,"author":{"gitId":"dom-buri"},"content":"                System.out.println(LINE);","lastModifiedDate":"2023-08-24"},{"lineNumber":93,"author":{"gitId":"dom-buri"},"content":"            } catch (IllegalArgumentException exception) {","lastModifiedDate":"2023-08-24"},{"lineNumber":94,"author":{"gitId":"dom-buri"},"content":"                System.out.println(\"☹ OOPS!!! I\u0027m sorry, but I don\u0027t know what that means :-(\");","lastModifiedDate":"2023-08-24"},{"lineNumber":95,"author":{"gitId":"dom-buri"},"content":"                System.out.println(LINE);","lastModifiedDate":"2023-08-24"},{"lineNumber":96,"author":{"gitId":"dom-buri"},"content":"            } catch (DukeException exception) {","lastModifiedDate":"2023-08-24"},{"lineNumber":97,"author":{"gitId":"dom-buri"},"content":"                System.out.println(exception.getMessage());","lastModifiedDate":"2023-08-24"},{"lineNumber":98,"author":{"gitId":"dom-buri"},"content":"                System.out.println(LINE);","lastModifiedDate":"2023-08-24"},{"lineNumber":99,"author":{"gitId":"dom-buri"},"content":"            }","lastModifiedDate":"2023-08-24"},{"lineNumber":100,"author":{"gitId":"dom-buri"},"content":"        }","lastModifiedDate":"2023-08-24"},{"lineNumber":101,"author":{"gitId":"dom-buri"},"content":"    }","lastModifiedDate":"2023-08-24"},{"lineNumber":102,"author":{"gitId":"dom-buri"},"content":"","lastModifiedDate":"2023-08-24"},{"lineNumber":103,"author":{"gitId":"dom-buri"},"content":"    private static void createNewTask(Task task) {","lastModifiedDate":"2023-08-24"},{"lineNumber":104,"author":{"gitId":"dom-buri"},"content":"        tasks.add(task);","lastModifiedDate":"2023-08-24"},{"lineNumber":105,"author":{"gitId":"dom-buri"},"content":"        System.out.println(\"Got it. I\u0027ve added this task:\");","lastModifiedDate":"2023-08-24"},{"lineNumber":106,"author":{"gitId":"dom-buri"},"content":"        System.out.println(task);","lastModifiedDate":"2023-08-24"},{"lineNumber":107,"author":{"gitId":"dom-buri"},"content":"        System.out.println(\"Now you have \" + tasks.size() + \" tasks in the list.\");","lastModifiedDate":"2023-08-24"},{"lineNumber":108,"author":{"gitId":"dom-buri"},"content":"    }","lastModifiedDate":"2023-08-24"},{"lineNumber":109,"author":{"gitId":"dom-buri"},"content":"","lastModifiedDate":"2023-08-24"},{"lineNumber":110,"author":{"gitId":"dom-buri"},"content":"    private static void displayList() {","lastModifiedDate":"2023-08-24"},{"lineNumber":111,"author":{"gitId":"dom-buri"},"content":"        if (tasks.isEmpty()) {","lastModifiedDate":"2023-08-24"},{"lineNumber":112,"author":{"gitId":"dom-buri"},"content":"            System.out.println(\"No tasks have been created.\");","lastModifiedDate":"2023-08-24"},{"lineNumber":113,"author":{"gitId":"dom-buri"},"content":"        } else {","lastModifiedDate":"2023-08-24"},{"lineNumber":114,"author":{"gitId":"dom-buri"},"content":"            for (int i \u003d 0; i \u003c tasks.size(); i++)","lastModifiedDate":"2023-08-24"},{"lineNumber":115,"author":{"gitId":"dom-buri"},"content":"                System.out.println((i + 1) + \".\" + tasks.get(i));","lastModifiedDate":"2023-08-24"},{"lineNumber":116,"author":{"gitId":"dom-buri"},"content":"        }","lastModifiedDate":"2023-08-24"},{"lineNumber":117,"author":{"gitId":"dom-buri"},"content":"        System.out.println(LINE);","lastModifiedDate":"2023-08-24"},{"lineNumber":118,"author":{"gitId":"dom-buri"},"content":"    }","lastModifiedDate":"2023-08-24"},{"lineNumber":119,"author":{"gitId":"dom-buri"},"content":"","lastModifiedDate":"2023-08-24"},{"lineNumber":120,"author":{"gitId":"dom-buri"},"content":"    private static void markTaskDone(int taskID, boolean done) throws DukeException {","lastModifiedDate":"2023-08-24"},{"lineNumber":121,"author":{"gitId":"dom-buri"},"content":"        if (taskID \u003c\u003d 0 || taskID \u003e tasks.size()) {","lastModifiedDate":"2023-08-24"},{"lineNumber":122,"author":{"gitId":"dom-buri"},"content":"            throw new DukeException(\"☹ OOPS!!! I\u0027m sorry, but task not found.\");","lastModifiedDate":"2023-08-24"},{"lineNumber":123,"author":{"gitId":"dom-buri"},"content":"        }","lastModifiedDate":"2023-08-24"},{"lineNumber":124,"author":{"gitId":"dom-buri"},"content":"        Task task \u003d tasks.get(taskID - 1);","lastModifiedDate":"2023-08-24"},{"lineNumber":125,"author":{"gitId":"dom-buri"},"content":"        if (task.isDone \u003d\u003d done) {","lastModifiedDate":"2023-08-24"},{"lineNumber":126,"author":{"gitId":"dom-buri"},"content":"            throw new DukeException(\"☹ OOPS!!! I\u0027m sorry, but task is already marked / unmarked\");","lastModifiedDate":"2023-08-24"},{"lineNumber":127,"author":{"gitId":"dom-buri"},"content":"        }","lastModifiedDate":"2023-08-24"},{"lineNumber":128,"author":{"gitId":"dom-buri"},"content":"        if (done) {","lastModifiedDate":"2023-08-24"},{"lineNumber":129,"author":{"gitId":"dom-buri"},"content":"            task.markAsDone();","lastModifiedDate":"2023-08-24"},{"lineNumber":130,"author":{"gitId":"dom-buri"},"content":"            System.out.println(\"Nice! I\u0027ve marked this task as done:\");","lastModifiedDate":"2023-08-24"},{"lineNumber":131,"author":{"gitId":"dom-buri"},"content":"        } else {","lastModifiedDate":"2023-08-24"},{"lineNumber":132,"author":{"gitId":"dom-buri"},"content":"            task.markAsNotDone();","lastModifiedDate":"2023-08-24"},{"lineNumber":133,"author":{"gitId":"dom-buri"},"content":"            System.out.println(\"OK, I\u0027ve marked this task as not done yet:\");","lastModifiedDate":"2023-08-24"},{"lineNumber":134,"author":{"gitId":"dom-buri"},"content":"        }","lastModifiedDate":"2023-08-23"},{"lineNumber":135,"author":{"gitId":"dom-buri"},"content":"        System.out.println(task);","lastModifiedDate":"2023-08-24"},{"lineNumber":136,"author":{"gitId":"dom-buri"},"content":"        System.out.println(LINE);","lastModifiedDate":"2023-08-24"},{"lineNumber":137,"author":{"gitId":"dom-buri"},"content":"    }","lastModifiedDate":"2023-08-23"},{"lineNumber":138,"author":{"gitId":"dom-buri"},"content":"","lastModifiedDate":"2023-08-24"},{"lineNumber":139,"author":{"gitId":"dom-buri"},"content":"    private static void deleteTask(int taskID) throws DukeException {","lastModifiedDate":"2023-08-24"},{"lineNumber":140,"author":{"gitId":"dom-buri"},"content":"        if (taskID \u003c\u003d 0 || taskID \u003e tasks.size()) {","lastModifiedDate":"2023-08-24"},{"lineNumber":141,"author":{"gitId":"dom-buri"},"content":"            throw new DukeException(\"☹ OOPS!!! I\u0027m sorry, but task not found.\");","lastModifiedDate":"2023-08-24"},{"lineNumber":142,"author":{"gitId":"dom-buri"},"content":"        }","lastModifiedDate":"2023-08-24"},{"lineNumber":143,"author":{"gitId":"dom-buri"},"content":"        System.out.println(\"Noted. I\u0027ve removed this task:\");","lastModifiedDate":"2023-08-24"},{"lineNumber":144,"author":{"gitId":"dom-buri"},"content":"        System.out.println(tasks.get(taskID - 1));","lastModifiedDate":"2023-08-24"},{"lineNumber":145,"author":{"gitId":"dom-buri"},"content":"        tasks.remove(taskID - 1);","lastModifiedDate":"2023-08-24"},{"lineNumber":146,"author":{"gitId":"dom-buri"},"content":"        System.out.println(\"Now you have \" + tasks.size() + \" tasks in the list.\");","lastModifiedDate":"2023-08-24"},{"lineNumber":147,"author":{"gitId":"dom-buri"},"content":"        System.out.println(LINE);","lastModifiedDate":"2023-08-24"},{"lineNumber":148,"author":{"gitId":"dom-buri"},"content":"    }","lastModifiedDate":"2023-08-24"},{"lineNumber":149,"author":{"gitId":"dom-buri"},"content":"","lastModifiedDate":"2023-08-24"},{"lineNumber":150,"author":{"gitId":"dom-buri"},"content":"    private static void exit() {","lastModifiedDate":"2023-08-24"},{"lineNumber":151,"author":{"gitId":"dom-buri"},"content":"        System.out.println(\"Bye. Hope to see you again soon!\");","lastModifiedDate":"2023-08-24"},{"lineNumber":152,"author":{"gitId":"dom-buri"},"content":"        System.out.println(LINE);","lastModifiedDate":"2023-08-24"},{"lineNumber":153,"author":{"gitId":"-"},"content":"    }","lastModifiedDate":"2019-07-29"},{"lineNumber":154,"author":{"gitId":"-"},"content":"}","lastModifiedDate":"2019-07-29"}],"authorContributionMap":{"dom-buri":150,"-":4}},{"path":"src/main/java/DukeException.java","fileType":"java","lines":[{"lineNumber":1,"author":{"gitId":"dom-buri"},"content":"public class DukeException extends Exception {","lastModifiedDate":"2023-08-24"},{"lineNumber":2,"author":{"gitId":"dom-buri"},"content":"    public DukeException(String msg) {","lastModifiedDate":"2023-08-24"},{"lineNumber":3,"author":{"gitId":"dom-buri"},"content":"        super(msg);","lastModifiedDate":"2023-08-24"},{"lineNumber":4,"author":{"gitId":"dom-buri"},"content":"    }","lastModifiedDate":"2023-08-24"},{"lineNumber":5,"author":{"gitId":"dom-buri"},"content":"}","lastModifiedDate":"2023-08-24"}],"authorContributionMap":{"dom-buri":5}},{"path":"src/main/java/Event.java","fileType":"java","lines":[{"lineNumber":1,"author":{"gitId":"dom-buri"},"content":"public class Event extends Task {","lastModifiedDate":"2023-08-24"},{"lineNumber":2,"author":{"gitId":"dom-buri"},"content":"    protected String from;","lastModifiedDate":"2023-08-24"},{"lineNumber":3,"author":{"gitId":"dom-buri"},"content":"    protected String to;","lastModifiedDate":"2023-08-24"},{"lineNumber":4,"author":{"gitId":"dom-buri"},"content":"","lastModifiedDate":"2023-08-24"},{"lineNumber":5,"author":{"gitId":"dom-buri"},"content":"    public Event(String description, String from, String to) throws DukeException {","lastModifiedDate":"2023-08-24"},{"lineNumber":6,"author":{"gitId":"dom-buri"},"content":"        super(description);","lastModifiedDate":"2023-08-24"},{"lineNumber":7,"author":{"gitId":"dom-buri"},"content":"        if (description.isEmpty() || from.isEmpty() || to.isEmpty()) {","lastModifiedDate":"2023-08-24"},{"lineNumber":8,"author":{"gitId":"dom-buri"},"content":"            throw new DukeException(\"☹ OOPS!!! The description / from / to of a event cannot be empty.\");","lastModifiedDate":"2023-08-24"},{"lineNumber":9,"author":{"gitId":"dom-buri"},"content":"        }","lastModifiedDate":"2023-08-24"},{"lineNumber":10,"author":{"gitId":"dom-buri"},"content":"        this.from \u003d from;","lastModifiedDate":"2023-08-24"},{"lineNumber":11,"author":{"gitId":"dom-buri"},"content":"        this.to \u003d to;","lastModifiedDate":"2023-08-24"},{"lineNumber":12,"author":{"gitId":"dom-buri"},"content":"    }","lastModifiedDate":"2023-08-24"},{"lineNumber":13,"author":{"gitId":"dom-buri"},"content":"","lastModifiedDate":"2023-08-24"},{"lineNumber":14,"author":{"gitId":"dom-buri"},"content":"    @Override","lastModifiedDate":"2023-08-24"},{"lineNumber":15,"author":{"gitId":"dom-buri"},"content":"    public String toString() {","lastModifiedDate":"2023-08-24"},{"lineNumber":16,"author":{"gitId":"dom-buri"},"content":"        return \"[E]\" + super.toString() + \" (from: \" + from + \" to: \" + to + \")\";","lastModifiedDate":"2023-08-24"},{"lineNumber":17,"author":{"gitId":"dom-buri"},"content":"    }","lastModifiedDate":"2023-08-24"},{"lineNumber":18,"author":{"gitId":"dom-buri"},"content":"}","lastModifiedDate":"2023-08-24"}],"authorContributionMap":{"dom-buri":18}},{"path":"src/main/java/Task.java","fileType":"java","lines":[{"lineNumber":1,"author":{"gitId":"dom-buri"},"content":"public class Task {","lastModifiedDate":"2023-08-24"},{"lineNumber":2,"author":{"gitId":"dom-buri"},"content":"    protected String description;","lastModifiedDate":"2023-08-24"},{"lineNumber":3,"author":{"gitId":"dom-buri"},"content":"    protected boolean isDone;","lastModifiedDate":"2023-08-24"},{"lineNumber":4,"author":{"gitId":"dom-buri"},"content":"","lastModifiedDate":"2023-08-24"},{"lineNumber":5,"author":{"gitId":"dom-buri"},"content":"    public Task(String description) {","lastModifiedDate":"2023-08-24"},{"lineNumber":6,"author":{"gitId":"dom-buri"},"content":"        this.description \u003d description;","lastModifiedDate":"2023-08-24"},{"lineNumber":7,"author":{"gitId":"dom-buri"},"content":"        this.isDone \u003d false;","lastModifiedDate":"2023-08-24"},{"lineNumber":8,"author":{"gitId":"dom-buri"},"content":"    }","lastModifiedDate":"2023-08-24"},{"lineNumber":9,"author":{"gitId":"dom-buri"},"content":"","lastModifiedDate":"2023-08-24"},{"lineNumber":10,"author":{"gitId":"dom-buri"},"content":"    public void markAsDone() {","lastModifiedDate":"2023-08-24"},{"lineNumber":11,"author":{"gitId":"dom-buri"},"content":"        isDone \u003d true;","lastModifiedDate":"2023-08-24"},{"lineNumber":12,"author":{"gitId":"dom-buri"},"content":"    }","lastModifiedDate":"2023-08-24"},{"lineNumber":13,"author":{"gitId":"dom-buri"},"content":"","lastModifiedDate":"2023-08-24"},{"lineNumber":14,"author":{"gitId":"dom-buri"},"content":"    public void markAsNotDone() {","lastModifiedDate":"2023-08-24"},{"lineNumber":15,"author":{"gitId":"dom-buri"},"content":"        isDone \u003d false;","lastModifiedDate":"2023-08-24"},{"lineNumber":16,"author":{"gitId":"dom-buri"},"content":"    }","lastModifiedDate":"2023-08-24"},{"lineNumber":17,"author":{"gitId":"dom-buri"},"content":"","lastModifiedDate":"2023-08-24"},{"lineNumber":18,"author":{"gitId":"dom-buri"},"content":"    public String getStatusIcon() {","lastModifiedDate":"2023-08-24"},{"lineNumber":19,"author":{"gitId":"dom-buri"},"content":"        return (isDone ? \"X\" : \" \"); // mark done task with X","lastModifiedDate":"2023-08-24"},{"lineNumber":20,"author":{"gitId":"dom-buri"},"content":"    }","lastModifiedDate":"2023-08-24"},{"lineNumber":21,"author":{"gitId":"dom-buri"},"content":"","lastModifiedDate":"2023-08-24"},{"lineNumber":22,"author":{"gitId":"dom-buri"},"content":"    public String getDescription() {","lastModifiedDate":"2023-08-24"},{"lineNumber":23,"author":{"gitId":"dom-buri"},"content":"        return description;","lastModifiedDate":"2023-08-24"},{"lineNumber":24,"author":{"gitId":"dom-buri"},"content":"    }","lastModifiedDate":"2023-08-24"},{"lineNumber":25,"author":{"gitId":"dom-buri"},"content":"","lastModifiedDate":"2023-08-24"},{"lineNumber":26,"author":{"gitId":"dom-buri"},"content":"    @Override","lastModifiedDate":"2023-08-24"},{"lineNumber":27,"author":{"gitId":"dom-buri"},"content":"    public String toString() {","lastModifiedDate":"2023-08-24"},{"lineNumber":28,"author":{"gitId":"dom-buri"},"content":"        return \"[\" + getStatusIcon() + \"] \" + description;","lastModifiedDate":"2023-08-24"},{"lineNumber":29,"author":{"gitId":"dom-buri"},"content":"    }","lastModifiedDate":"2023-08-24"},{"lineNumber":30,"author":{"gitId":"dom-buri"},"content":"}","lastModifiedDate":"2023-08-24"}],"authorContributionMap":{"dom-buri":30}},{"path":"src/main/java/Todo.java","fileType":"java","lines":[{"lineNumber":1,"author":{"gitId":"dom-buri"},"content":"public class Todo  extends Task {","lastModifiedDate":"2023-08-24"},{"lineNumber":2,"author":{"gitId":"dom-buri"},"content":"    public Todo (String description) throws DukeException {","lastModifiedDate":"2023-08-24"},{"lineNumber":3,"author":{"gitId":"dom-buri"},"content":"        super(description);","lastModifiedDate":"2023-08-24"},{"lineNumber":4,"author":{"gitId":"dom-buri"},"content":"        if (description.isEmpty()) {","lastModifiedDate":"2023-08-24"},{"lineNumber":5,"author":{"gitId":"dom-buri"},"content":"            throw new DukeException(\"☹ OOPS!!! The description of a todo cannot be empty.\");","lastModifiedDate":"2023-08-24"},{"lineNumber":6,"author":{"gitId":"dom-buri"},"content":"        }","lastModifiedDate":"2023-08-24"},{"lineNumber":7,"author":{"gitId":"dom-buri"},"content":"    }","lastModifiedDate":"2023-08-24"},{"lineNumber":8,"author":{"gitId":"dom-buri"},"content":"","lastModifiedDate":"2023-08-24"},{"lineNumber":9,"author":{"gitId":"dom-buri"},"content":"    @Override","lastModifiedDate":"2023-08-24"},{"lineNumber":10,"author":{"gitId":"dom-buri"},"content":"    public String toString() {","lastModifiedDate":"2023-08-24"},{"lineNumber":11,"author":{"gitId":"dom-buri"},"content":"        return \"[T]\" + super.toString();","lastModifiedDate":"2023-08-24"},{"lineNumber":12,"author":{"gitId":"dom-buri"},"content":"    }","lastModifiedDate":"2023-08-24"},{"lineNumber":13,"author":{"gitId":"dom-buri"},"content":"}","lastModifiedDate":"2023-08-24"}],"authorContributionMap":{"dom-buri":13}},{"path":"text-ui-test/input.txt","fileType":"txt","lines":[{"lineNumber":1,"author":{"gitId":"dom-buri"},"content":"blah","lastModifiedDate":"2023-08-24"},{"lineNumber":2,"author":{"gitId":"dom-buri"},"content":"todo","lastModifiedDate":"2023-08-24"},{"lineNumber":3,"author":{"gitId":"dom-buri"},"content":"deadline invalid","lastModifiedDate":"2023-08-24"},{"lineNumber":4,"author":{"gitId":"dom-buri"},"content":"event invalid","lastModifiedDate":"2023-08-24"},{"lineNumber":5,"author":{"gitId":"dom-buri"},"content":"todo borrow book","lastModifiedDate":"2023-08-24"},{"lineNumber":6,"author":{"gitId":"dom-buri"},"content":"deadline return book by Tuesday","lastModifiedDate":"2023-08-24"},{"lineNumber":7,"author":{"gitId":"dom-buri"},"content":"event library event from Monday to Friday","lastModifiedDate":"2023-08-24"},{"lineNumber":8,"author":{"gitId":"dom-buri"},"content":"list","lastModifiedDate":"2023-08-24"},{"lineNumber":9,"author":{"gitId":"dom-buri"},"content":"event NUS event from Tuesday to Thursday","lastModifiedDate":"2023-08-24"},{"lineNumber":10,"author":{"gitId":"dom-buri"},"content":"deadline CS2103 Assignment by Friday","lastModifiedDate":"2023-08-24"},{"lineNumber":11,"author":{"gitId":"dom-buri"},"content":"todo go for a run","lastModifiedDate":"2023-08-24"},{"lineNumber":12,"author":{"gitId":"dom-buri"},"content":"list","lastModifiedDate":"2023-08-24"},{"lineNumber":13,"author":{"gitId":"dom-buri"},"content":"mark","lastModifiedDate":"2023-08-24"},{"lineNumber":14,"author":{"gitId":"dom-buri"},"content":"mark 0","lastModifiedDate":"2023-08-24"},{"lineNumber":15,"author":{"gitId":"dom-buri"},"content":"mark 1","lastModifiedDate":"2023-08-24"},{"lineNumber":16,"author":{"gitId":"dom-buri"},"content":"mark 3","lastModifiedDate":"2023-08-24"},{"lineNumber":17,"author":{"gitId":"dom-buri"},"content":"mark 4","lastModifiedDate":"2023-08-24"},{"lineNumber":18,"author":{"gitId":"dom-buri"},"content":"list","lastModifiedDate":"2023-08-24"},{"lineNumber":19,"author":{"gitId":"dom-buri"},"content":"unmark 0","lastModifiedDate":"2023-08-24"},{"lineNumber":20,"author":{"gitId":"dom-buri"},"content":"unmark 3","lastModifiedDate":"2023-08-24"},{"lineNumber":21,"author":{"gitId":"dom-buri"},"content":"unmark 1","lastModifiedDate":"2023-08-24"},{"lineNumber":22,"author":{"gitId":"dom-buri"},"content":"list","lastModifiedDate":"2023-08-24"},{"lineNumber":23,"author":{"gitId":"dom-buri"},"content":"delete 1","lastModifiedDate":"2023-08-24"},{"lineNumber":24,"author":{"gitId":"dom-buri"},"content":"delete 2","lastModifiedDate":"2023-08-24"},{"lineNumber":25,"author":{"gitId":"dom-buri"},"content":"list","lastModifiedDate":"2023-08-24"},{"lineNumber":26,"author":{"gitId":"dom-buri"},"content":"bye","lastModifiedDate":"2023-08-24"}],"authorContributionMap":{"dom-buri":26}}]
