{"authorDailyContributionsMap":{"dom-buri":[{"date":"2023-08-23","commitResults":[{"hash":"5f905ede70ae95410b18123fcf6a04b44cbf2cb1","isMergeCommit":false,"messageTitle":"Implement initial skeletal version of chatbot","messageBody":"","tags":["Level-0"],"fileTypesAndContributionMap":{"java":{"insertions":3,"deletions":6}}},{"hash":"9773c0b12a384ad6dc1dafa1dcdfe558e08dc542","isMergeCommit":false,"messageTitle":"Add echo command and exit command for chatbot","messageBody":"","tags":["Level-1"],"fileTypesAndContributionMap":{"java":{"insertions":11,"deletions":1}}}]},{"date":"2023-08-24","commitResults":[{"hash":"422af47e2bb190699a84b05f8f48728612ff0d1d","isMergeCommit":false,"messageTitle":"Allow chatbot to store user input and display them","messageBody":"","tags":["Level-2"],"fileTypesAndContributionMap":{"java":{"insertions":12,"deletions":2}}},{"hash":"fb04ccc6615e4891e26ad0df6d867770721bd409","isMergeCommit":false,"messageTitle":"Create task class to represent a task list","messageBody":"","tags":["A-Classes"],"fileTypesAndContributionMap":{"java":{"insertions":30,"deletions":0}}},{"hash":"8c69042bfb9387a67accb0d1996a82a2d32a3f7d","isMergeCommit":false,"messageTitle":"Allow marking tasks as done and not done","messageBody":"","tags":["Level-3"],"fileTypesAndContributionMap":{"java":{"insertions":52,"deletions":14}}},{"hash":"5cb500b3035d5de10df7fd6a17c3102976ffc594","isMergeCommit":false,"messageTitle":"Create Todo Deadline and Event class to support multiple task types","messageBody":"","tags":["A-Inheritance"],"fileTypesAndContributionMap":{"java":{"insertions":39,"deletions":0}}},{"hash":"a8f0328d0b364cc07f5c30d74cb7872e3c03b8c8","isMergeCommit":false,"messageTitle":"Allow tracking of tasks into different types","messageBody":"","tags":["Level-4"],"fileTypesAndContributionMap":{"java":{"insertions":46,"deletions":17}}},{"hash":"50eb0079806277e311f4cce2adee4c14b217cfdc","isMergeCommit":false,"messageTitle":"Automate test of text UIs using I/O redirection technique","messageBody":"","tags":["A-TextUiTesting"],"fileTypesAndContributionMap":{"txt":{"insertions":10,"deletions":0},"java":{"insertions":5,"deletions":1}}},{"hash":"a3c98336a98e9def26a1ebc5fe4a9059d2c9995a","isMergeCommit":false,"messageTitle":"Implement DukeException to handle chatbot errors","messageBody":"","tags":["A-Exceptions"],"fileTypesAndContributionMap":{"java":{"insertions":5,"deletions":0}}},{"hash":"eaa2237a35fd5ffdb39f2a4d3d780adc322abfc6","isMergeCommit":false,"messageTitle":"Handle input errors entered by the user","messageBody":"","tags":["Level-5"],"fileTypesAndContributionMap":{"java":{"insertions":80,"deletions":43}}},{"hash":"ad07f2b093008e9448ca509eff2d29c425a4bb2c","isMergeCommit":false,"messageTitle":"Change data structure for tasks list from array to arraylist for easier deletion of tasks","messageBody":"","tags":["A-Collections"],"fileTypesAndContributionMap":{"java":{"insertions":15,"deletions":15}}},{"hash":"be29ff3a3f1ca618738c00d75dd476301cfbe161","isMergeCommit":false,"messageTitle":"Allow deletion of tasks from the list","messageBody":"","tags":["Level-6"],"fileTypesAndContributionMap":{"java":{"insertions":15,"deletions":0}}},{"hash":"1adbd5f7ee0e4478cf2018fda6688f9cca197b41","isMergeCommit":false,"messageTitle":"Use enums instead of string for user instructions","messageBody":"","tags":["A-Enums"],"fileTypesAndContributionMap":{"java":{"insertions":25,"deletions":12}}},{"hash":"87a08a1852d4f2b46e7b33214dddfe4c0eab3c0d","isMergeCommit":false,"messageTitle":"Update test cases for new features","messageBody":"","fileTypesAndContributionMap":{"txt":{"insertions":20,"deletions":4}}}]},{"date":"2023-08-30","commitResults":[{"hash":"0ab74600a9cc9f0c17d1557bf4a79e20f508c8d4","isMergeCommit":false,"messageTitle":"Update .txt file when tasks are created or updated","messageBody":"","fileTypesAndContributionMap":{"txt":{"insertions":0,"deletions":0},"java":{"insertions":43,"deletions":5}}},{"hash":"a8c581fcbd1a5da8707c67612531c85b7eb8fa89","isMergeCommit":false,"messageTitle":"Update .txt file when tasks are deleted","messageBody":"","fileTypesAndContributionMap":{"java":{"insertions":2,"deletions":1}}},{"hash":"73b2c8209eb6a6d3bad8376fe1ba493e1babb4d1","isMergeCommit":false,"messageTitle":"Read .txt file when chatbot starts up","messageBody":"","fileTypesAndContributionMap":{"txt":{"insertions":1,"deletions":0},"java":{"insertions":67,"deletions":8}}},{"hash":"2ce2732752cd7e40df7f14d047017ddacfd43c45","isMergeCommit":true,"messageTitle":"Merge branch \u0027branch-Level-7\u0027","messageBody":"","tags":["Level-7"],"fileTypesAndContributionMap":{}}]},{"date":"2023-08-31","commitResults":[{"hash":"8f8408f03268c8603a0c19e30f42b0c0a4223512","isMergeCommit":false,"messageTitle":"Use Date class for storing of dates","messageBody":"","fileTypesAndContributionMap":{"txt":{"insertions":0,"deletions":1},"java":{"insertions":41,"deletions":26}}},{"hash":"eadea780aed66036903711a89c6f263f8247de7e","isMergeCommit":true,"messageTitle":"Merge branch \u0027branch-Level-8\u0027","messageBody":"","tags":["Level-8"],"fileTypesAndContributionMap":{}},{"hash":"6f851c83bf5920ca3cb4e25f7d5ed071cdddb8b2","isMergeCommit":false,"messageTitle":"Refactor using Ui, Parser and Storage classes","messageBody":"","fileTypesAndContributionMap":{"txt":{"insertions":7,"deletions":0},"java":{"insertions":445,"deletions":234}}},{"hash":"37426a269e7aa75279a760ffc8cd933e2cf5a7f9","isMergeCommit":true,"messageTitle":"Merge branch \u0027branch-MoreOOP\u0027","messageBody":"","tags":["A-MoreOOP"],"fileTypesAndContributionMap":{}},{"hash":"98f71dc4b0f8f562374b3cdd157c3f39c7097a41","isMergeCommit":false,"messageTitle":"Organize classes into packages","messageBody":"","tags":["A-Packages"],"fileTypesAndContributionMap":{"txt":{"insertions":2,"deletions":1},"java":{"insertions":97,"deletions":7}}},{"hash":"4fd8d55c12db2ced53fe3048a9408028e35fe7ce","isMergeCommit":true,"messageTitle":"Merge branch \u0027add-gradle-support\u0027","messageBody":"","fileTypesAndContributionMap":{}},{"hash":"a30cbe158a5006eaf811f8ed04b93e40ecf5e7ef","isMergeCommit":false,"messageTitle":"Update main class name in Gradle","messageBody":"","tags":["A-Gradle"],"fileTypesAndContributionMap":{"gradle":{"insertions":1,"deletions":1}}},{"hash":"acf71c37d4ac661ce93765c2a5027193c5fcd0d2","isMergeCommit":false,"messageTitle":"Add JUnit tests for Parser and TaskList","messageBody":"","tags":["A-JUnit"],"fileTypesAndContributionMap":{"java":{"insertions":129,"deletions":0}}},{"hash":"2d4a5004a59c060c4191c40ae56fe3ee9aa4c8f0","isMergeCommit":false,"messageTitle":"Implement searching of tasks","messageBody":"","fileTypesAndContributionMap":{"txt":{"insertions":0,"deletions":1},"java":{"insertions":51,"deletions":2}}},{"hash":"e5e811b4a5c70b5251c60e464bb639839647c0e4","isMergeCommit":false,"messageTitle":"Standardized code to given coding standard","messageBody":"","fileTypesAndContributionMap":{"java":{"insertions":96,"deletions":66}}},{"hash":"7149afafdb911693675f083441ec3a5159b3041d","isMergeCommit":false,"messageTitle":"Add documentation to Duke","messageBody":"","fileTypesAndContributionMap":{"txt":{"insertions":1,"deletions":1},"java":{"insertions":290,"deletions":9}}},{"hash":"bfcbc2b0d90200c92bc8e51a4ae9cae2c1205352","isMergeCommit":true,"messageTitle":"Merge branch \u0027branch-A-JavaDoc\u0027","messageBody":"","tags":["A-JavaDoc"],"fileTypesAndContributionMap":{}},{"hash":"9822bb7bdbd7bca9c961b799b62d28dcaf2baf48","isMergeCommit":true,"messageTitle":"Merge branch \u0027branch-A-CodingStandard\u0027","messageBody":"# Conflicts:\n#\tsrc/main/java/duke/data/task/Task.java\n","tags":["A-CodingStandard"],"fileTypesAndContributionMap":{}},{"hash":"6318037b03b4d5239d5b0f11848661d664e81502","isMergeCommit":true,"messageTitle":"Merge branch \u0027branch-Level-9\u0027","messageBody":"# Conflicts:\n#\tsrc/main/java/duke/data/task/Task.java\n#\tsrc/main/java/duke/parser/Parser.java\n#\tsrc/main/java/duke/ui/Ui.java\n","tags":["Level-9"],"fileTypesAndContributionMap":{}}]},{"date":"2023-09-07","commitResults":[{"hash":"7a29d1aa2343d6fb2bc588ea0101e6675d5d7abd","isMergeCommit":false,"messageTitle":"Add checkStyle to detect coding style violations","messageBody":"","fileTypesAndContributionMap":{"gradle":{"insertions":5,"deletions":0}}},{"hash":"1cab2d89be217758c9ff08033e1304cfabbf6433","isMergeCommit":false,"messageTitle":"Fix coding style violations","messageBody":"","fileTypesAndContributionMap":{"java":{"insertions":172,"deletions":72}}},{"hash":"eb8fda04858fce4ebf01535794b043ef74b5ab85","isMergeCommit":true,"messageTitle":"Merge branch \u0027branch-A-CheckStyle\u0027","messageBody":"","tags":["A-CheckStyle"],"fileTypesAndContributionMap":{}},{"hash":"96eca4bf9d6c0de5337a84ae1e5c2fc5c3f4dd8c","isMergeCommit":false,"messageTitle":"Create GUI for chat bot","messageBody":"","fileTypesAndContributionMap":{"gradle":{"insertions":6,"deletions":0},"txt":{"insertions":3,"deletions":5},"fxml":{"insertions":35,"deletions":0},"java":{"insertions":349,"deletions":204}}}]},{"date":"2023-09-08","commitResults":[{"hash":"5c11b097faf3d264bf9b0644ddd4b4c4f3d1a07f","isMergeCommit":true,"messageTitle":"Merge branch \u0027branch-Level-10\u0027","messageBody":"","tags":["Level-10"],"fileTypesAndContributionMap":{}}]},{"date":"2023-09-14","commitResults":[{"hash":"d45cf3ca64cad52ff6acd83146e5732fc681ca90","isMergeCommit":false,"messageTitle":"Generate new JAR file using Gradle","messageBody":"","fileTypesAndContributionMap":{"gradle":{"insertions":2,"deletions":1},"txt":{"insertions":0,"deletions":2}}}]}]},"authorFileTypeContributionMap":{"dom-buri":{"java":1379,"md":0,"fxml":35,"sh":0,"bat":0,"gradle":13,"txt":30}},"authorContributionVariance":{"dom-buri":104115.234},"authorDisplayNameMap":{"dom-buri":"CS2103-F13-3 DOMI.. YAO"}}
