{"authorDailyContributionsMap":{"lyuanww":[{"date":"2023-08-22","commitResults":[{"hash":"c6e97e870b538a70e19a2b0fc52153d641c64e3a","isMergeCommit":false,"messageTitle":"Level-0","messageBody":"","tags":["Level-0"],"fileTypesAndContributionMap":{"java":{"insertions":29,"deletions":6}}},{"hash":"0ccc33a6f9b70d7d6ef38c7cd429f46325838a16","isMergeCommit":false,"messageTitle":"Implement Level-1. Echo","messageBody":"","tags":["Level-1"],"fileTypesAndContributionMap":{"java":{"insertions":13,"deletions":3}}},{"hash":"967afecd7fbedc17554a0cba5e4a8a8bffa630b9","isMergeCommit":false,"messageTitle":"Implement Level-2. Add, List","messageBody":"","tags":["Level-2"],"fileTypesAndContributionMap":{"java":{"insertions":55,"deletions":3}}}]},{"date":"2023-08-23","commitResults":[{"hash":"fb8e5c805cd2016f09ee94f39285bdd8d986a05d","isMergeCommit":false,"messageTitle":"Implement Level-3. Mark as Done","messageBody":"","tags":["Level-3"],"fileTypesAndContributionMap":{"java":{"insertions":64,"deletions":4}}},{"hash":"9dbce38982529d32d2691b6e9ac65819bcf124b8","isMergeCommit":false,"messageTitle":"Implement Level-4. ToDos, Events, Deadlines","messageBody":"","tags":["Level-4"],"fileTypesAndContributionMap":{"java":{"insertions":68,"deletions":4}}},{"hash":"deaa6778e74a25e9b2a4e4bbbeb42bb4000eadf6","isMergeCommit":false,"messageTitle":"Implement A-TextUiTesting: Automated Text UI Testing","messageBody":"","tags":["A-TextUiTesting"],"fileTypesAndContributionMap":{"txt":{"insertions":9,"deletions":0},"java":{"insertions":4,"deletions":3}}},{"hash":"c3f82d433065944648d3f66103db25bab3264b33","isMergeCommit":false,"messageTitle":"Implement Level-5: Handle Errors","messageBody":"","tags":["Level-5"],"fileTypesAndContributionMap":{"java":{"insertions":96,"deletions":33}}},{"hash":"2bccea029cd9c8a08fdf30622ee9bb8ad3c87c76","isMergeCommit":false,"messageTitle":"Implement Level-6: Delete","messageBody":"","tags":["Level-6"],"fileTypesAndContributionMap":{"java":{"insertions":15,"deletions":0}}}]},{"date":"2023-08-29","commitResults":[{"hash":"b12162b9744032d51a415cd4bfc33f4a82f09bd3","isMergeCommit":false,"messageTitle":"Rename storage to tasklist","messageBody":"","fileTypesAndContributionMap":{"java":{"insertions":11,"deletions":11}}},{"hash":"06c1fba4667299563816b1ca1d2db5deacb0545e","isMergeCommit":false,"messageTitle":"Implement Level7.Save","messageBody":"","fileTypesAndContributionMap":{"txt":{"insertions":5,"deletions":0},"java":{"insertions":238,"deletions":46}}},{"hash":"be67a7db839501d32cf9abe87e8cea02b27b10cc","isMergeCommit":true,"messageTitle":"Merge branch \u0027branch-Level-7\u0027","messageBody":"","tags":["Level-7"],"fileTypesAndContributionMap":{}}]},{"date":"2023-08-30","commitResults":[{"hash":"73b24673b73db15466a14611654b7f263d14cf17","isMergeCommit":false,"messageTitle":"Implement Level8.Dates and Times","messageBody":"","fileTypesAndContributionMap":{"txt":{"insertions":3,"deletions":2},"java":{"insertions":39,"deletions":10}}},{"hash":"e600e9eedb4175a1ed6ae124518c8675c9dd28f4","isMergeCommit":true,"messageTitle":"Merge branch \u0027branch-Level-8\u0027","messageBody":"","tags":["Level-8"],"fileTypesAndContributionMap":{}},{"hash":"02d371e8eb1f959fda26241c403d9c9f55b7e5d6","isMergeCommit":false,"messageTitle":"Implement A-MoreOOP","messageBody":"","fileTypesAndContributionMap":{"java":{"insertions":164,"deletions":140}}},{"hash":"471c2a43aad01d3062e0f610ae2c360f863bd36b","isMergeCommit":true,"messageTitle":"Merge branch \u0027add-more-oop\u0027","messageBody":"","tags":["A-MoreOOP"],"fileTypesAndContributionMap":{}},{"hash":"8e13c21430432a522d027fcebe2f43c551d3be17","isMergeCommit":false,"messageTitle":"Implement A-Packages","messageBody":"","tags":["A-Packages"],"fileTypesAndContributionMap":{"txt":{"insertions":0,"deletions":1},"java":{"insertions":17,"deletions":0}}},{"hash":"e7ebe5c3a235a3d584fa5a015eace2608a93a062","isMergeCommit":true,"messageTitle":"Merge branch \u0027add-gradle-support\u0027","messageBody":"","fileTypesAndContributionMap":{}},{"hash":"f248bcda1c04a5a95ecb1692a4202faa92361ee5","isMergeCommit":false,"messageTitle":"Implement A-Gradle: Use Gradle","messageBody":"","fileTypesAndContributionMap":{"gradle":{"insertions":6,"deletions":0},"java":{"insertions":41,"deletions":39}}},{"hash":"da8ecb0d3f25656b5165decfbfdac4abe7e73d2e","isMergeCommit":false,"messageTitle":"Implement A-JUnit","messageBody":"","tags":["A-JUnit"],"fileTypesAndContributionMap":{"gradle":{"insertions":1,"deletions":1},"txt":{"insertions":1,"deletions":5},"java":{"insertions":182,"deletions":16}}},{"hash":"3ae338292cb812336dd39d01b4e6a4ba0c3a10db","isMergeCommit":false,"messageTitle":"Change file not found message","messageBody":"","tags":["A-Jar"],"fileTypesAndContributionMap":{"java":{"insertions":1,"deletions":1}}},{"hash":"de149f3c4ca2507e3b852ca6529cc6900789946c","isMergeCommit":false,"messageTitle":"Implement JavaDoc","messageBody":"","fileTypesAndContributionMap":{"java":{"insertions":236,"deletions":23}}},{"hash":"4e3d25e3968531f28986a08102256f6664e770aa","isMergeCommit":false,"messageTitle":"Implement Follow the Coding Standard","messageBody":"","fileTypesAndContributionMap":{"java":{"insertions":19,"deletions":10}}},{"hash":"4a01845e1034326925a46d959fe9a24aa0a50214","isMergeCommit":false,"messageTitle":"Implement Level-9: Find","messageBody":"","fileTypesAndContributionMap":{"java":{"insertions":24,"deletions":0}}},{"hash":"70591a5dcce109ff9a73ffcda372489c3d950fcc","isMergeCommit":true,"messageTitle":"Merge branch \u0027branch-A-CodingStandard\u0027","messageBody":"","tags":["A-CodingStandard"],"fileTypesAndContributionMap":{}},{"hash":"26dcd4ccb89f7bc19cc70f6330fb4b2e4829de85","isMergeCommit":true,"messageTitle":"Merge branch \u0027branch-Level-9\u0027","messageBody":"","tags":["Level-9"],"fileTypesAndContributionMap":{}},{"hash":"c914a1f25cc5e345032dd2ec14949cd23bf71f95","isMergeCommit":true,"messageTitle":"Resolve merge conflicts","messageBody":"","tags":["A-JavaDoc"],"fileTypesAndContributionMap":{}}]},{"date":"2023-09-05","commitResults":[{"hash":"01204e4a0e0b5e025bfc9c0fc3a8cbc85bd7ea91","isMergeCommit":false,"messageTitle":"Restructure files","messageBody":"","fileTypesAndContributionMap":{"txt":{"insertions":1,"deletions":0},"java":{"insertions":37,"deletions":10}}},{"hash":"26595cef351f427be58f0503efd5f14346eae907","isMergeCommit":false,"messageTitle":"Refactor: add command classes","messageBody":"","fileTypesAndContributionMap":{"txt":{"insertions":1,"deletions":1},"java":{"insertions":173,"deletions":54}}},{"hash":"3eae081ab49761ab47117d3e065a12702462a717","isMergeCommit":false,"messageTitle":"Add comments to Command classes","messageBody":"","fileTypesAndContributionMap":{"java":{"insertions":61,"deletions":8}}},{"hash":"de82176a275c8c8918bf01f515b6b802f61f41d6","isMergeCommit":false,"messageTitle":"Modify comment for processInputIntoCommand","messageBody":"","fileTypesAndContributionMap":{"java":{"insertions":7,"deletions":4}}}]},{"date":"2023-09-06","commitResults":[{"hash":"1099a4432c70270be230a09d0f2c0fc4f5cf7b77","isMergeCommit":false,"messageTitle":"Resolve PR comments","messageBody":"","fileTypesAndContributionMap":{"java":{"insertions":36,"deletions":44}}},{"hash":"7a2fb65897e59505edec26fb14840b8aedca9663","isMergeCommit":false,"messageTitle":"Resolve PR comments - part 2","messageBody":"","fileTypesAndContributionMap":{"java":{"insertions":27,"deletions":8}}},{"hash":"03002ed0b317897bb2043c339e76924670ec7893","isMergeCommit":false,"messageTitle":"Fix checkstyle","messageBody":"","fileTypesAndContributionMap":{"txt":{"insertions":0,"deletions":1},"java":{"insertions":60,"deletions":41}}}]}]},"authorFileTypeContributionMap":{"lyuanww":{"java":1223,"md":0,"fxml":0,"sh":0,"bat":0,"gradle":6,"txt":10}},"authorContributionVariance":{"lyuanww":53922.76},"authorDisplayNameMap":{"lyuanww":"CS2103T-F08-1 WONG..YUAN"}}
