[{"path":"src/main/java/CommandType.java","fileType":"java","lines":[{"lineNumber":1,"author":{"gitId":"trgao"},"content":"public enum CommandType {","lastModifiedDate":"2023-08-22"},{"lineNumber":2,"author":{"gitId":"trgao"},"content":"    LIST, MARK, UNMARK, BYE, TODO, DEADLINE, EVENT, DELETE;","lastModifiedDate":"2023-08-22"},{"lineNumber":3,"author":{"gitId":"trgao"},"content":"}","lastModifiedDate":"2023-08-22"}],"authorContributionMap":{"trgao":3}},{"path":"src/main/java/Deadline.java","fileType":"java","lines":[{"lineNumber":1,"author":{"gitId":"trgao"},"content":"public class Deadline extends Task {","lastModifiedDate":"2023-08-22"},{"lineNumber":2,"author":{"gitId":"trgao"},"content":"    protected String dueDate;","lastModifiedDate":"2023-08-22"},{"lineNumber":3,"author":{"gitId":"trgao"},"content":"    public Deadline(String description, String dueDate) {","lastModifiedDate":"2023-08-22"},{"lineNumber":4,"author":{"gitId":"trgao"},"content":"        super(description);","lastModifiedDate":"2023-08-22"},{"lineNumber":5,"author":{"gitId":"trgao"},"content":"        this.dueDate \u003d dueDate;","lastModifiedDate":"2023-08-22"},{"lineNumber":6,"author":{"gitId":"trgao"},"content":"    }","lastModifiedDate":"2023-08-22"},{"lineNumber":7,"author":{"gitId":"trgao"},"content":"","lastModifiedDate":"2023-08-22"},{"lineNumber":8,"author":{"gitId":"trgao"},"content":"    @Override","lastModifiedDate":"2023-08-22"},{"lineNumber":9,"author":{"gitId":"trgao"},"content":"    public String toString() {","lastModifiedDate":"2023-08-22"},{"lineNumber":10,"author":{"gitId":"trgao"},"content":"        return \"[D]\" + super.toString() + String.format(\" (by: %s)\", dueDate);","lastModifiedDate":"2023-08-22"},{"lineNumber":11,"author":{"gitId":"trgao"},"content":"    }","lastModifiedDate":"2023-08-22"},{"lineNumber":12,"author":{"gitId":"trgao"},"content":"}","lastModifiedDate":"2023-08-22"},{"lineNumber":13,"author":{"gitId":"trgao"},"content":"","lastModifiedDate":"2023-08-22"}],"authorContributionMap":{"trgao":13}},{"path":"src/main/java/Duke.java","fileType":"java","lines":[{"lineNumber":1,"author":{"gitId":"trgao"},"content":"import java.util.ArrayList;","lastModifiedDate":"2023-08-22"},{"lineNumber":2,"author":{"gitId":"trgao"},"content":"import java.util.Objects;","lastModifiedDate":"2023-08-22"},{"lineNumber":3,"author":{"gitId":"trgao"},"content":"import java.util.Scanner;","lastModifiedDate":"2023-08-22"},{"lineNumber":4,"author":{"gitId":"trgao"},"content":"","lastModifiedDate":"2023-08-22"},{"lineNumber":5,"author":{"gitId":"-"},"content":"public class Duke {","lastModifiedDate":"2019-07-29"},{"lineNumber":6,"author":{"gitId":"trgao"},"content":"    private ArrayList\u003cTask\u003e list;","lastModifiedDate":"2023-08-22"},{"lineNumber":7,"author":{"gitId":"trgao"},"content":"    private int size \u003d 0;","lastModifiedDate":"2023-08-22"},{"lineNumber":8,"author":{"gitId":"trgao"},"content":"","lastModifiedDate":"2023-08-22"},{"lineNumber":9,"author":{"gitId":"trgao"},"content":"    public Duke() {","lastModifiedDate":"2023-08-22"},{"lineNumber":10,"author":{"gitId":"trgao"},"content":"        this.list \u003d new ArrayList\u003c\u003e();","lastModifiedDate":"2023-08-22"},{"lineNumber":11,"author":{"gitId":"trgao"},"content":"    }","lastModifiedDate":"2023-08-22"},{"lineNumber":12,"author":{"gitId":"trgao"},"content":"","lastModifiedDate":"2023-08-22"},{"lineNumber":13,"author":{"gitId":"trgao"},"content":"    private void start() {","lastModifiedDate":"2023-08-22"},{"lineNumber":14,"author":{"gitId":"trgao"},"content":"        System.out.println(\"____________________________________________________________\");","lastModifiedDate":"2023-08-22"},{"lineNumber":15,"author":{"gitId":"trgao"},"content":"        String logo \u003d \"  __ _  ___ ___  _   _  _   _  \\n\" +","lastModifiedDate":"2023-08-22"},{"lineNumber":16,"author":{"gitId":"trgao"},"content":"                \" / _/ \\\\| o \\\\_ _|/ \\\\ | \\\\| | / \\\\ \\n\" +","lastModifiedDate":"2023-08-22"},{"lineNumber":17,"author":{"gitId":"trgao"},"content":"                \"( (( o )   /| || o || \\\\\\\\ || o |\\n\" +","lastModifiedDate":"2023-08-22"},{"lineNumber":18,"author":{"gitId":"trgao"},"content":"                \" \\\\__\\\\_/|_|\\\\\\\\|_||_n_||_|\\\\_||_n_|\";","lastModifiedDate":"2023-08-22"},{"lineNumber":19,"author":{"gitId":"trgao"},"content":"        System.out.println(\"Hello I\u0027m Cortana, Microsoft killed me so now I\u0027m here\\n\" + logo);","lastModifiedDate":"2023-08-22"},{"lineNumber":20,"author":{"gitId":"trgao"},"content":"        System.out.println(\"____________________________________________________________\");","lastModifiedDate":"2023-08-22"},{"lineNumber":21,"author":{"gitId":"trgao"},"content":"    }","lastModifiedDate":"2023-08-22"},{"lineNumber":22,"author":{"gitId":"trgao"},"content":"","lastModifiedDate":"2023-08-22"},{"lineNumber":23,"author":{"gitId":"trgao"},"content":"    private void exit() {","lastModifiedDate":"2023-08-22"},{"lineNumber":24,"author":{"gitId":"trgao"},"content":"        System.out.println(\"Bye\");","lastModifiedDate":"2023-08-22"},{"lineNumber":25,"author":{"gitId":"trgao"},"content":"        System.out.println(\"____________________________________________________________\");","lastModifiedDate":"2023-08-22"},{"lineNumber":26,"author":{"gitId":"-"},"content":"    }","lastModifiedDate":"2019-07-29"},{"lineNumber":27,"author":{"gitId":"trgao"},"content":"","lastModifiedDate":"2023-08-22"},{"lineNumber":28,"author":{"gitId":"trgao"},"content":"    private CommandType parseText(String line) throws DukeException {","lastModifiedDate":"2023-08-22"},{"lineNumber":29,"author":{"gitId":"trgao"},"content":"        String command \u003d line.split(\" \")[0];","lastModifiedDate":"2023-08-22"},{"lineNumber":30,"author":{"gitId":"trgao"},"content":"        switch(command) {","lastModifiedDate":"2023-08-22"},{"lineNumber":31,"author":{"gitId":"trgao"},"content":"            case \"list\":","lastModifiedDate":"2023-08-22"},{"lineNumber":32,"author":{"gitId":"trgao"},"content":"                return CommandType.LIST;","lastModifiedDate":"2023-08-22"},{"lineNumber":33,"author":{"gitId":"trgao"},"content":"            case \"mark\":","lastModifiedDate":"2023-08-22"},{"lineNumber":34,"author":{"gitId":"trgao"},"content":"                return CommandType.MARK;","lastModifiedDate":"2023-08-22"},{"lineNumber":35,"author":{"gitId":"trgao"},"content":"            case \"unmark\":","lastModifiedDate":"2023-08-22"},{"lineNumber":36,"author":{"gitId":"trgao"},"content":"                return CommandType.UNMARK;","lastModifiedDate":"2023-08-22"},{"lineNumber":37,"author":{"gitId":"trgao"},"content":"            case \"todo\":","lastModifiedDate":"2023-08-22"},{"lineNumber":38,"author":{"gitId":"trgao"},"content":"                return CommandType.TODO;","lastModifiedDate":"2023-08-22"},{"lineNumber":39,"author":{"gitId":"trgao"},"content":"            case \"deadline\":","lastModifiedDate":"2023-08-22"},{"lineNumber":40,"author":{"gitId":"trgao"},"content":"                return CommandType.DEADLINE;","lastModifiedDate":"2023-08-22"},{"lineNumber":41,"author":{"gitId":"trgao"},"content":"            case \"event\":","lastModifiedDate":"2023-08-22"},{"lineNumber":42,"author":{"gitId":"trgao"},"content":"                return CommandType.EVENT;","lastModifiedDate":"2023-08-22"},{"lineNumber":43,"author":{"gitId":"trgao"},"content":"            case \"delete\":","lastModifiedDate":"2023-08-22"},{"lineNumber":44,"author":{"gitId":"trgao"},"content":"                return CommandType.DELETE;","lastModifiedDate":"2023-08-22"},{"lineNumber":45,"author":{"gitId":"trgao"},"content":"            case \"bye\":","lastModifiedDate":"2023-08-22"},{"lineNumber":46,"author":{"gitId":"trgao"},"content":"                return CommandType.BYE;","lastModifiedDate":"2023-08-22"},{"lineNumber":47,"author":{"gitId":"trgao"},"content":"            default:","lastModifiedDate":"2023-08-22"},{"lineNumber":48,"author":{"gitId":"trgao"},"content":"                throw new DukeException(\"!!!: Sorry I do not understand what you mean\");","lastModifiedDate":"2023-08-22"},{"lineNumber":49,"author":{"gitId":"trgao"},"content":"        }","lastModifiedDate":"2023-08-22"},{"lineNumber":50,"author":{"gitId":"trgao"},"content":"    }","lastModifiedDate":"2023-08-22"},{"lineNumber":51,"author":{"gitId":"trgao"},"content":"","lastModifiedDate":"2023-08-22"},{"lineNumber":52,"author":{"gitId":"trgao"},"content":"    private void run() {","lastModifiedDate":"2023-08-22"},{"lineNumber":53,"author":{"gitId":"trgao"},"content":"        start();","lastModifiedDate":"2023-08-22"},{"lineNumber":54,"author":{"gitId":"trgao"},"content":"        performCommands();","lastModifiedDate":"2023-08-22"},{"lineNumber":55,"author":{"gitId":"trgao"},"content":"    }","lastModifiedDate":"2023-08-22"},{"lineNumber":56,"author":{"gitId":"trgao"},"content":"","lastModifiedDate":"2023-08-22"},{"lineNumber":57,"author":{"gitId":"trgao"},"content":"    private void echo() {","lastModifiedDate":"2023-08-22"},{"lineNumber":58,"author":{"gitId":"trgao"},"content":"        Scanner scanner \u003d new Scanner(System.in);","lastModifiedDate":"2023-08-22"},{"lineNumber":59,"author":{"gitId":"trgao"},"content":"        while (scanner.hasNextLine()) {","lastModifiedDate":"2023-08-22"},{"lineNumber":60,"author":{"gitId":"trgao"},"content":"            String line \u003d scanner.nextLine();","lastModifiedDate":"2023-08-22"},{"lineNumber":61,"author":{"gitId":"trgao"},"content":"            if (Objects.equals(line, \"bye\")) break;","lastModifiedDate":"2023-08-22"},{"lineNumber":62,"author":{"gitId":"trgao"},"content":"            System.out.println(line);","lastModifiedDate":"2023-08-22"},{"lineNumber":63,"author":{"gitId":"trgao"},"content":"            System.out.println(\"____________________________________________________________\");","lastModifiedDate":"2023-08-22"},{"lineNumber":64,"author":{"gitId":"trgao"},"content":"        }","lastModifiedDate":"2023-08-22"},{"lineNumber":65,"author":{"gitId":"trgao"},"content":"    }","lastModifiedDate":"2023-08-22"},{"lineNumber":66,"author":{"gitId":"trgao"},"content":"","lastModifiedDate":"2023-08-22"},{"lineNumber":67,"author":{"gitId":"trgao"},"content":"    private void list() {","lastModifiedDate":"2023-08-22"},{"lineNumber":68,"author":{"gitId":"trgao"},"content":"        if (size \u003d\u003d 0) System.out.println(\"No items are in the list\");","lastModifiedDate":"2023-08-22"},{"lineNumber":69,"author":{"gitId":"trgao"},"content":"        for (int i \u003d 0; i \u003c size; i++) {","lastModifiedDate":"2023-08-22"},{"lineNumber":70,"author":{"gitId":"trgao"},"content":"            String item \u003d String.format(\"%d. %s\", i + 1, list.get(i));","lastModifiedDate":"2023-08-22"},{"lineNumber":71,"author":{"gitId":"trgao"},"content":"            System.out.println(item);","lastModifiedDate":"2023-08-22"},{"lineNumber":72,"author":{"gitId":"trgao"},"content":"        }","lastModifiedDate":"2023-08-22"},{"lineNumber":73,"author":{"gitId":"trgao"},"content":"    }","lastModifiedDate":"2023-08-22"},{"lineNumber":74,"author":{"gitId":"trgao"},"content":"","lastModifiedDate":"2023-08-22"},{"lineNumber":75,"author":{"gitId":"trgao"},"content":"    private void markDone(String options) throws DukeException {","lastModifiedDate":"2023-08-22"},{"lineNumber":76,"author":{"gitId":"trgao"},"content":"        try {","lastModifiedDate":"2023-08-22"},{"lineNumber":77,"author":{"gitId":"trgao"},"content":"            Integer.parseInt(options);","lastModifiedDate":"2023-08-22"},{"lineNumber":78,"author":{"gitId":"trgao"},"content":"        } catch(NumberFormatException e) {","lastModifiedDate":"2023-08-22"},{"lineNumber":79,"author":{"gitId":"trgao"},"content":"            throw new DukeException(\"!!!: Please provide a number for the task to be marked done\");","lastModifiedDate":"2023-08-22"},{"lineNumber":80,"author":{"gitId":"trgao"},"content":"        }","lastModifiedDate":"2023-08-22"},{"lineNumber":81,"author":{"gitId":"trgao"},"content":"        int index \u003d Integer.parseInt(options) - 1;","lastModifiedDate":"2023-08-22"},{"lineNumber":82,"author":{"gitId":"trgao"},"content":"        if (index \u003c 0 || index \u003e\u003d size) {","lastModifiedDate":"2023-08-22"},{"lineNumber":83,"author":{"gitId":"trgao"},"content":"            throw new DukeException(String.format(\"!!!: Please provide a valid number, \" +","lastModifiedDate":"2023-08-22"},{"lineNumber":84,"author":{"gitId":"trgao"},"content":"                    \"there are currently %d items in the list\", size));","lastModifiedDate":"2023-08-22"},{"lineNumber":85,"author":{"gitId":"trgao"},"content":"        }","lastModifiedDate":"2023-08-22"},{"lineNumber":86,"author":{"gitId":"trgao"},"content":"        list.get(index).markDone();","lastModifiedDate":"2023-08-22"},{"lineNumber":87,"author":{"gitId":"trgao"},"content":"        System.out.println(\"This task is marked as done\");","lastModifiedDate":"2023-08-22"},{"lineNumber":88,"author":{"gitId":"trgao"},"content":"        System.out.println(list.get(index));","lastModifiedDate":"2023-08-22"},{"lineNumber":89,"author":{"gitId":"trgao"},"content":"    }","lastModifiedDate":"2023-08-22"},{"lineNumber":90,"author":{"gitId":"trgao"},"content":"","lastModifiedDate":"2023-08-22"},{"lineNumber":91,"author":{"gitId":"trgao"},"content":"    private void unmarkDone(String options) throws DukeException {","lastModifiedDate":"2023-08-22"},{"lineNumber":92,"author":{"gitId":"trgao"},"content":"        try {","lastModifiedDate":"2023-08-22"},{"lineNumber":93,"author":{"gitId":"trgao"},"content":"            Integer.parseInt(options);","lastModifiedDate":"2023-08-22"},{"lineNumber":94,"author":{"gitId":"trgao"},"content":"        } catch(NumberFormatException e) {","lastModifiedDate":"2023-08-22"},{"lineNumber":95,"author":{"gitId":"trgao"},"content":"            throw new DukeException(\"!!!: Please provide a number for the task to be marked not done\");","lastModifiedDate":"2023-08-22"},{"lineNumber":96,"author":{"gitId":"trgao"},"content":"        }","lastModifiedDate":"2023-08-22"},{"lineNumber":97,"author":{"gitId":"trgao"},"content":"        int index \u003d Integer.parseInt(options) - 1;","lastModifiedDate":"2023-08-22"},{"lineNumber":98,"author":{"gitId":"trgao"},"content":"        if (index \u003c 0 || index \u003e\u003d size) {","lastModifiedDate":"2023-08-22"},{"lineNumber":99,"author":{"gitId":"trgao"},"content":"            throw new DukeException(String.format(\"!!!: Please provide a valid number, \" +","lastModifiedDate":"2023-08-22"},{"lineNumber":100,"author":{"gitId":"trgao"},"content":"                    \"there are currently %d items in the list\", size));","lastModifiedDate":"2023-08-22"},{"lineNumber":101,"author":{"gitId":"trgao"},"content":"        }","lastModifiedDate":"2023-08-22"},{"lineNumber":102,"author":{"gitId":"trgao"},"content":"        list.get(index).unmarkDone();","lastModifiedDate":"2023-08-22"},{"lineNumber":103,"author":{"gitId":"trgao"},"content":"        System.out.println(\"This task is marked as not done\");","lastModifiedDate":"2023-08-22"},{"lineNumber":104,"author":{"gitId":"trgao"},"content":"        System.out.println(list.get(index));","lastModifiedDate":"2023-08-22"},{"lineNumber":105,"author":{"gitId":"trgao"},"content":"    }","lastModifiedDate":"2023-08-22"},{"lineNumber":106,"author":{"gitId":"trgao"},"content":"","lastModifiedDate":"2023-08-22"},{"lineNumber":107,"author":{"gitId":"trgao"},"content":"    private void addTodoToList(String task) throws DukeException {","lastModifiedDate":"2023-08-22"},{"lineNumber":108,"author":{"gitId":"trgao"},"content":"        if (task.isBlank()) throw new DukeException(\"!!!: Please provide a task name\");","lastModifiedDate":"2023-08-22"},{"lineNumber":109,"author":{"gitId":"trgao"},"content":"        list.add(new Todo(task));","lastModifiedDate":"2023-08-22"},{"lineNumber":110,"author":{"gitId":"trgao"},"content":"        size++;","lastModifiedDate":"2023-08-22"},{"lineNumber":111,"author":{"gitId":"trgao"},"content":"        System.out.println(\"This task is added to the list\");","lastModifiedDate":"2023-08-22"},{"lineNumber":112,"author":{"gitId":"trgao"},"content":"        System.out.println(list.get(size - 1));","lastModifiedDate":"2023-08-22"},{"lineNumber":113,"author":{"gitId":"trgao"},"content":"        System.out.printf(\"You now have %d tasks in your list%n\", size);","lastModifiedDate":"2023-08-22"},{"lineNumber":114,"author":{"gitId":"trgao"},"content":"    }","lastModifiedDate":"2023-08-22"},{"lineNumber":115,"author":{"gitId":"trgao"},"content":"","lastModifiedDate":"2023-08-22"},{"lineNumber":116,"author":{"gitId":"trgao"},"content":"    private void addDeadlineToList(String line) throws DukeException {","lastModifiedDate":"2023-08-22"},{"lineNumber":117,"author":{"gitId":"trgao"},"content":"        if (!line.contains(\" /by \")) throw new DukeException(\"!!!: Please provide a by date using \\\"/by by_date\\\"\");","lastModifiedDate":"2023-08-22"},{"lineNumber":118,"author":{"gitId":"trgao"},"content":"        String task \u003d line.substring(0, line.indexOf(\"/by\") - 1);","lastModifiedDate":"2023-08-22"},{"lineNumber":119,"author":{"gitId":"trgao"},"content":"        if (task.isBlank()) throw new DukeException(\"!!!: Please provide a task name\");","lastModifiedDate":"2023-08-22"},{"lineNumber":120,"author":{"gitId":"trgao"},"content":"        String dueDate \u003d line.substring(line.indexOf(\"/by\") + 4);","lastModifiedDate":"2023-08-22"},{"lineNumber":121,"author":{"gitId":"trgao"},"content":"        if (dueDate.isBlank()) throw new DukeException(\"!!!: Please provide a due date\");","lastModifiedDate":"2023-08-22"},{"lineNumber":122,"author":{"gitId":"trgao"},"content":"        list.add(new Deadline(task, dueDate));","lastModifiedDate":"2023-08-22"},{"lineNumber":123,"author":{"gitId":"trgao"},"content":"        size++;","lastModifiedDate":"2023-08-22"},{"lineNumber":124,"author":{"gitId":"trgao"},"content":"        System.out.println(\"This task is added to the list\");","lastModifiedDate":"2023-08-22"},{"lineNumber":125,"author":{"gitId":"trgao"},"content":"        System.out.println(list.get(size - 1));","lastModifiedDate":"2023-08-22"},{"lineNumber":126,"author":{"gitId":"trgao"},"content":"        System.out.printf(\"You now have %d tasks in your list%n\", size);","lastModifiedDate":"2023-08-22"},{"lineNumber":127,"author":{"gitId":"trgao"},"content":"    }","lastModifiedDate":"2023-08-22"},{"lineNumber":128,"author":{"gitId":"trgao"},"content":"","lastModifiedDate":"2023-08-22"},{"lineNumber":129,"author":{"gitId":"trgao"},"content":"    private void addEventToList(String line) throws DukeException {","lastModifiedDate":"2023-08-22"},{"lineNumber":130,"author":{"gitId":"trgao"},"content":"        if (!line.contains(\" /from \")) throw new DukeException(\"!!!: Please provide a from date using \\\"/from from_date\\\"\");","lastModifiedDate":"2023-08-22"},{"lineNumber":131,"author":{"gitId":"trgao"},"content":"        if (!line.contains(\" /to \")) throw new DukeException(\"!!!: Please provide a to date using \\\"/to to_date\\\"\");","lastModifiedDate":"2023-08-22"},{"lineNumber":132,"author":{"gitId":"trgao"},"content":"        String task \u003d line.substring(0, line.indexOf(\"/from\") - 1);","lastModifiedDate":"2023-08-22"},{"lineNumber":133,"author":{"gitId":"trgao"},"content":"        if (task.isBlank()) throw new DukeException(\"!!!: Please provide a task name\");","lastModifiedDate":"2023-08-22"},{"lineNumber":134,"author":{"gitId":"trgao"},"content":"        String dateFrom \u003d line.substring(line.indexOf(\"/from\") + 6, line.indexOf(\"/to\") - 1);","lastModifiedDate":"2023-08-22"},{"lineNumber":135,"author":{"gitId":"trgao"},"content":"        if (dateFrom.isBlank()) throw new DukeException(\"!!!: Please provide a from date\");","lastModifiedDate":"2023-08-22"},{"lineNumber":136,"author":{"gitId":"trgao"},"content":"        String dateTo \u003d line.substring(line.indexOf(\"/to\") + 4);","lastModifiedDate":"2023-08-22"},{"lineNumber":137,"author":{"gitId":"trgao"},"content":"        if (dateTo.isBlank()) throw new DukeException(\"!!!: Please provide a to date\");","lastModifiedDate":"2023-08-22"},{"lineNumber":138,"author":{"gitId":"trgao"},"content":"        list.add(new Event(task, dateFrom, dateTo));","lastModifiedDate":"2023-08-22"},{"lineNumber":139,"author":{"gitId":"trgao"},"content":"        size++;","lastModifiedDate":"2023-08-22"},{"lineNumber":140,"author":{"gitId":"trgao"},"content":"        System.out.println(\"This task is added to the list\");","lastModifiedDate":"2023-08-22"},{"lineNumber":141,"author":{"gitId":"trgao"},"content":"        System.out.println(list.get(size - 1));","lastModifiedDate":"2023-08-22"},{"lineNumber":142,"author":{"gitId":"trgao"},"content":"        System.out.printf(\"You now have %d tasks in your list%n\", size);","lastModifiedDate":"2023-08-22"},{"lineNumber":143,"author":{"gitId":"trgao"},"content":"    }","lastModifiedDate":"2023-08-22"},{"lineNumber":144,"author":{"gitId":"trgao"},"content":"","lastModifiedDate":"2023-08-22"},{"lineNumber":145,"author":{"gitId":"trgao"},"content":"    private void deleteFromList(String options) throws DukeException {","lastModifiedDate":"2023-08-22"},{"lineNumber":146,"author":{"gitId":"trgao"},"content":"        try {","lastModifiedDate":"2023-08-22"},{"lineNumber":147,"author":{"gitId":"trgao"},"content":"            Integer.parseInt(options);","lastModifiedDate":"2023-08-22"},{"lineNumber":148,"author":{"gitId":"trgao"},"content":"        } catch(NumberFormatException e) {","lastModifiedDate":"2023-08-22"},{"lineNumber":149,"author":{"gitId":"trgao"},"content":"            throw new DukeException(\"!!!: Please provide a number for the task to be deleted\");","lastModifiedDate":"2023-08-22"},{"lineNumber":150,"author":{"gitId":"trgao"},"content":"        }","lastModifiedDate":"2023-08-22"},{"lineNumber":151,"author":{"gitId":"trgao"},"content":"        int index \u003d Integer.parseInt(options) - 1;","lastModifiedDate":"2023-08-22"},{"lineNumber":152,"author":{"gitId":"trgao"},"content":"        if (index \u003c 0 || index \u003e\u003d size) {","lastModifiedDate":"2023-08-22"},{"lineNumber":153,"author":{"gitId":"trgao"},"content":"            throw new DukeException(String.format(\"!!!: Please provide a valid number, \" +","lastModifiedDate":"2023-08-22"},{"lineNumber":154,"author":{"gitId":"trgao"},"content":"                    \"there are currently %d items in the list\", size));","lastModifiedDate":"2023-08-22"},{"lineNumber":155,"author":{"gitId":"trgao"},"content":"        }","lastModifiedDate":"2023-08-22"},{"lineNumber":156,"author":{"gitId":"trgao"},"content":"        Task removedTask \u003d list.get(index);","lastModifiedDate":"2023-08-22"},{"lineNumber":157,"author":{"gitId":"trgao"},"content":"        list.remove(index);","lastModifiedDate":"2023-08-22"},{"lineNumber":158,"author":{"gitId":"trgao"},"content":"        size--;","lastModifiedDate":"2023-08-22"},{"lineNumber":159,"author":{"gitId":"trgao"},"content":"        System.out.println(\"This task is deleted\");","lastModifiedDate":"2023-08-22"},{"lineNumber":160,"author":{"gitId":"trgao"},"content":"        System.out.println(removedTask);","lastModifiedDate":"2023-08-22"},{"lineNumber":161,"author":{"gitId":"trgao"},"content":"        System.out.printf(\"You now have %d tasks in your list%n\", size);","lastModifiedDate":"2023-08-22"},{"lineNumber":162,"author":{"gitId":"trgao"},"content":"    }","lastModifiedDate":"2023-08-22"},{"lineNumber":163,"author":{"gitId":"trgao"},"content":"","lastModifiedDate":"2023-08-22"},{"lineNumber":164,"author":{"gitId":"trgao"},"content":"    private void performCommands() {","lastModifiedDate":"2023-08-22"},{"lineNumber":165,"author":{"gitId":"trgao"},"content":"        Scanner scanner \u003d new Scanner(System.in);","lastModifiedDate":"2023-08-22"},{"lineNumber":166,"author":{"gitId":"trgao"},"content":"        while (scanner.hasNextLine()) {","lastModifiedDate":"2023-08-22"},{"lineNumber":167,"author":{"gitId":"trgao"},"content":"            String line \u003d scanner.nextLine();","lastModifiedDate":"2023-08-22"},{"lineNumber":168,"author":{"gitId":"trgao"},"content":"            try {","lastModifiedDate":"2023-08-22"},{"lineNumber":169,"author":{"gitId":"trgao"},"content":"                CommandType command \u003d parseText(line);","lastModifiedDate":"2023-08-22"},{"lineNumber":170,"author":{"gitId":"trgao"},"content":"                String options \u003d !line.contains(\" \") ? \"\" : line.substring(line.indexOf(\u0027 \u0027) + 1);","lastModifiedDate":"2023-08-22"},{"lineNumber":171,"author":{"gitId":"trgao"},"content":"                switch (command) {","lastModifiedDate":"2023-08-22"},{"lineNumber":172,"author":{"gitId":"trgao"},"content":"                    case LIST:","lastModifiedDate":"2023-08-22"},{"lineNumber":173,"author":{"gitId":"trgao"},"content":"                        list();","lastModifiedDate":"2023-08-22"},{"lineNumber":174,"author":{"gitId":"trgao"},"content":"                        break;","lastModifiedDate":"2023-08-22"},{"lineNumber":175,"author":{"gitId":"trgao"},"content":"                    case MARK:","lastModifiedDate":"2023-08-22"},{"lineNumber":176,"author":{"gitId":"trgao"},"content":"                        markDone(options);","lastModifiedDate":"2023-08-22"},{"lineNumber":177,"author":{"gitId":"trgao"},"content":"                        break;","lastModifiedDate":"2023-08-22"},{"lineNumber":178,"author":{"gitId":"trgao"},"content":"                    case UNMARK:","lastModifiedDate":"2023-08-22"},{"lineNumber":179,"author":{"gitId":"trgao"},"content":"                        unmarkDone(options);","lastModifiedDate":"2023-08-22"},{"lineNumber":180,"author":{"gitId":"trgao"},"content":"                        break;","lastModifiedDate":"2023-08-22"},{"lineNumber":181,"author":{"gitId":"trgao"},"content":"                    case TODO:","lastModifiedDate":"2023-08-22"},{"lineNumber":182,"author":{"gitId":"trgao"},"content":"                        addTodoToList(options);","lastModifiedDate":"2023-08-22"},{"lineNumber":183,"author":{"gitId":"trgao"},"content":"                        break;","lastModifiedDate":"2023-08-22"},{"lineNumber":184,"author":{"gitId":"trgao"},"content":"                    case DEADLINE:","lastModifiedDate":"2023-08-22"},{"lineNumber":185,"author":{"gitId":"trgao"},"content":"                        addDeadlineToList(options);","lastModifiedDate":"2023-08-22"},{"lineNumber":186,"author":{"gitId":"trgao"},"content":"                        break;","lastModifiedDate":"2023-08-22"},{"lineNumber":187,"author":{"gitId":"trgao"},"content":"                    case EVENT:","lastModifiedDate":"2023-08-22"},{"lineNumber":188,"author":{"gitId":"trgao"},"content":"                        addEventToList(options);","lastModifiedDate":"2023-08-22"},{"lineNumber":189,"author":{"gitId":"trgao"},"content":"                        break;","lastModifiedDate":"2023-08-22"},{"lineNumber":190,"author":{"gitId":"trgao"},"content":"                    case DELETE:","lastModifiedDate":"2023-08-22"},{"lineNumber":191,"author":{"gitId":"trgao"},"content":"                        deleteFromList(options);","lastModifiedDate":"2023-08-22"},{"lineNumber":192,"author":{"gitId":"trgao"},"content":"                        break;","lastModifiedDate":"2023-08-22"},{"lineNumber":193,"author":{"gitId":"trgao"},"content":"                    case BYE:","lastModifiedDate":"2023-08-22"},{"lineNumber":194,"author":{"gitId":"trgao"},"content":"                        exit();","lastModifiedDate":"2023-08-22"},{"lineNumber":195,"author":{"gitId":"trgao"},"content":"                        return;","lastModifiedDate":"2023-08-22"},{"lineNumber":196,"author":{"gitId":"trgao"},"content":"                }","lastModifiedDate":"2023-08-22"},{"lineNumber":197,"author":{"gitId":"trgao"},"content":"            } catch (DukeException e) {","lastModifiedDate":"2023-08-22"},{"lineNumber":198,"author":{"gitId":"trgao"},"content":"                System.out.println(e.getMessage());","lastModifiedDate":"2023-08-22"},{"lineNumber":199,"author":{"gitId":"trgao"},"content":"            }","lastModifiedDate":"2023-08-22"},{"lineNumber":200,"author":{"gitId":"trgao"},"content":"            System.out.println(\"____________________________________________________________\");","lastModifiedDate":"2023-08-22"},{"lineNumber":201,"author":{"gitId":"trgao"},"content":"        }","lastModifiedDate":"2023-08-22"},{"lineNumber":202,"author":{"gitId":"trgao"},"content":"    }","lastModifiedDate":"2023-08-22"},{"lineNumber":203,"author":{"gitId":"trgao"},"content":"","lastModifiedDate":"2023-08-22"},{"lineNumber":204,"author":{"gitId":"-"},"content":"    public static void main(String[] args) {","lastModifiedDate":"2023-08-22"},{"lineNumber":205,"author":{"gitId":"trgao"},"content":"        Duke duke \u003d new Duke();","lastModifiedDate":"2023-08-22"},{"lineNumber":206,"author":{"gitId":"trgao"},"content":"        duke.run();","lastModifiedDate":"2023-08-22"},{"lineNumber":207,"author":{"gitId":"-"},"content":"    }","lastModifiedDate":"2023-08-22"},{"lineNumber":208,"author":{"gitId":"-"},"content":"}","lastModifiedDate":"2019-07-29"}],"authorContributionMap":{"-":5,"trgao":203}},{"path":"src/main/java/DukeException.java","fileType":"java","lines":[{"lineNumber":1,"author":{"gitId":"trgao"},"content":"public class DukeException extends Exception {","lastModifiedDate":"2023-08-22"},{"lineNumber":2,"author":{"gitId":"trgao"},"content":"    public DukeException(String message) {","lastModifiedDate":"2023-08-22"},{"lineNumber":3,"author":{"gitId":"trgao"},"content":"        super(message);","lastModifiedDate":"2023-08-22"},{"lineNumber":4,"author":{"gitId":"trgao"},"content":"    }","lastModifiedDate":"2023-08-22"},{"lineNumber":5,"author":{"gitId":"trgao"},"content":"}","lastModifiedDate":"2023-08-22"}],"authorContributionMap":{"trgao":5}},{"path":"src/main/java/Event.java","fileType":"java","lines":[{"lineNumber":1,"author":{"gitId":"trgao"},"content":"public class Event extends Task {","lastModifiedDate":"2023-08-22"},{"lineNumber":2,"author":{"gitId":"trgao"},"content":"    protected String dateFrom;","lastModifiedDate":"2023-08-22"},{"lineNumber":3,"author":{"gitId":"trgao"},"content":"    protected String dateTo;","lastModifiedDate":"2023-08-22"},{"lineNumber":4,"author":{"gitId":"trgao"},"content":"    public Event(String description, String dateFrom, String dateTo) {","lastModifiedDate":"2023-08-22"},{"lineNumber":5,"author":{"gitId":"trgao"},"content":"        super(description);","lastModifiedDate":"2023-08-22"},{"lineNumber":6,"author":{"gitId":"trgao"},"content":"        this.dateFrom \u003d dateFrom;","lastModifiedDate":"2023-08-22"},{"lineNumber":7,"author":{"gitId":"trgao"},"content":"        this.dateTo \u003d dateTo;","lastModifiedDate":"2023-08-22"},{"lineNumber":8,"author":{"gitId":"trgao"},"content":"    }","lastModifiedDate":"2023-08-22"},{"lineNumber":9,"author":{"gitId":"trgao"},"content":"","lastModifiedDate":"2023-08-22"},{"lineNumber":10,"author":{"gitId":"trgao"},"content":"    @Override","lastModifiedDate":"2023-08-22"},{"lineNumber":11,"author":{"gitId":"trgao"},"content":"    public String toString() {","lastModifiedDate":"2023-08-22"},{"lineNumber":12,"author":{"gitId":"trgao"},"content":"        return \"[E]\" + super.toString() + String.format(\" (from: %s to: %s)\", dateFrom, dateTo);","lastModifiedDate":"2023-08-22"},{"lineNumber":13,"author":{"gitId":"trgao"},"content":"    }","lastModifiedDate":"2023-08-22"},{"lineNumber":14,"author":{"gitId":"trgao"},"content":"}","lastModifiedDate":"2023-08-22"}],"authorContributionMap":{"trgao":14}},{"path":"src/main/java/Task.java","fileType":"java","lines":[{"lineNumber":1,"author":{"gitId":"trgao"},"content":"public class Task {","lastModifiedDate":"2023-08-22"},{"lineNumber":2,"author":{"gitId":"trgao"},"content":"    protected String description;","lastModifiedDate":"2023-08-22"},{"lineNumber":3,"author":{"gitId":"trgao"},"content":"    protected boolean isDone;","lastModifiedDate":"2023-08-22"},{"lineNumber":4,"author":{"gitId":"trgao"},"content":"","lastModifiedDate":"2023-08-22"},{"lineNumber":5,"author":{"gitId":"trgao"},"content":"    public Task(String description) {","lastModifiedDate":"2023-08-22"},{"lineNumber":6,"author":{"gitId":"trgao"},"content":"        this.description \u003d description;","lastModifiedDate":"2023-08-22"},{"lineNumber":7,"author":{"gitId":"trgao"},"content":"        this.isDone \u003d false;","lastModifiedDate":"2023-08-22"},{"lineNumber":8,"author":{"gitId":"trgao"},"content":"    }","lastModifiedDate":"2023-08-22"},{"lineNumber":9,"author":{"gitId":"trgao"},"content":"","lastModifiedDate":"2023-08-22"},{"lineNumber":10,"author":{"gitId":"trgao"},"content":"    protected void markDone() {","lastModifiedDate":"2023-08-22"},{"lineNumber":11,"author":{"gitId":"trgao"},"content":"        this.isDone \u003d true;","lastModifiedDate":"2023-08-22"},{"lineNumber":12,"author":{"gitId":"trgao"},"content":"    }","lastModifiedDate":"2023-08-22"},{"lineNumber":13,"author":{"gitId":"trgao"},"content":"","lastModifiedDate":"2023-08-22"},{"lineNumber":14,"author":{"gitId":"trgao"},"content":"    protected void unmarkDone() {","lastModifiedDate":"2023-08-22"},{"lineNumber":15,"author":{"gitId":"trgao"},"content":"        this.isDone \u003d false;","lastModifiedDate":"2023-08-22"},{"lineNumber":16,"author":{"gitId":"trgao"},"content":"    }","lastModifiedDate":"2023-08-22"},{"lineNumber":17,"author":{"gitId":"trgao"},"content":"","lastModifiedDate":"2023-08-22"},{"lineNumber":18,"author":{"gitId":"trgao"},"content":"    @Override","lastModifiedDate":"2023-08-22"},{"lineNumber":19,"author":{"gitId":"trgao"},"content":"    public String toString() {","lastModifiedDate":"2023-08-22"},{"lineNumber":20,"author":{"gitId":"trgao"},"content":"        String statusIcon \u003d isDone ? \"[X]\" : \"[ ]\";","lastModifiedDate":"2023-08-22"},{"lineNumber":21,"author":{"gitId":"trgao"},"content":"        return String.format(\"%s %s\", statusIcon, description);","lastModifiedDate":"2023-08-22"},{"lineNumber":22,"author":{"gitId":"trgao"},"content":"    }","lastModifiedDate":"2023-08-22"},{"lineNumber":23,"author":{"gitId":"trgao"},"content":"}","lastModifiedDate":"2023-08-22"}],"authorContributionMap":{"trgao":23}},{"path":"src/main/java/Todo.java","fileType":"java","lines":[{"lineNumber":1,"author":{"gitId":"trgao"},"content":"public class Todo extends Task {","lastModifiedDate":"2023-08-22"},{"lineNumber":2,"author":{"gitId":"trgao"},"content":"    public Todo(String description) {","lastModifiedDate":"2023-08-22"},{"lineNumber":3,"author":{"gitId":"trgao"},"content":"        super(description);","lastModifiedDate":"2023-08-22"},{"lineNumber":4,"author":{"gitId":"trgao"},"content":"    }","lastModifiedDate":"2023-08-22"},{"lineNumber":5,"author":{"gitId":"trgao"},"content":"","lastModifiedDate":"2023-08-22"},{"lineNumber":6,"author":{"gitId":"trgao"},"content":"    @Override","lastModifiedDate":"2023-08-22"},{"lineNumber":7,"author":{"gitId":"trgao"},"content":"    public String toString() {","lastModifiedDate":"2023-08-22"},{"lineNumber":8,"author":{"gitId":"trgao"},"content":"        return \"[T]\" + super.toString();","lastModifiedDate":"2023-08-22"},{"lineNumber":9,"author":{"gitId":"trgao"},"content":"    }","lastModifiedDate":"2023-08-22"},{"lineNumber":10,"author":{"gitId":"trgao"},"content":"}","lastModifiedDate":"2023-08-22"}],"authorContributionMap":{"trgao":10}}]
