[{"path":"README.md","fileType":"md","lines":[{"lineNumber":1,"author":{"gitId":"glenngnng"},"content":"# duke project template","lastModifiedDate":"2023-09-01"},{"lineNumber":2,"author":{"gitId":"-"},"content":"","lastModifiedDate":"2020-05-25"},{"lineNumber":3,"author":{"gitId":"-"},"content":"This is a project template for a greenfield Java project. It\u0027s named after the Java mascot _Duke_. Given below are instructions on how to use it.","lastModifiedDate":"2020-05-25"},{"lineNumber":4,"author":{"gitId":"-"},"content":"","lastModifiedDate":"2020-05-25"},{"lineNumber":5,"author":{"gitId":"-"},"content":"## Setting up in Intellij","lastModifiedDate":"2020-05-25"},{"lineNumber":6,"author":{"gitId":"-"},"content":"","lastModifiedDate":"2020-05-25"},{"lineNumber":7,"author":{"gitId":"-"},"content":"Prerequisites: JDK 11, update Intellij to the most recent version.","lastModifiedDate":"2020-05-25"},{"lineNumber":8,"author":{"gitId":"-"},"content":"","lastModifiedDate":"2020-05-25"},{"lineNumber":9,"author":{"gitId":"-"},"content":"1. Open Intellij (if you are not in the welcome screen, click `File` \u003e `Close Project` to close the existing project first)","lastModifiedDate":"2021-01-17"},{"lineNumber":10,"author":{"gitId":"-"},"content":"1. Open the project into Intellij as follows:","lastModifiedDate":"2021-01-17"},{"lineNumber":11,"author":{"gitId":"-"},"content":"   1. Click `Open`.","lastModifiedDate":"2021-01-17"},{"lineNumber":12,"author":{"gitId":"-"},"content":"   1. Select the project directory, and click `OK`.","lastModifiedDate":"2021-01-17"},{"lineNumber":13,"author":{"gitId":"-"},"content":"   1. If there are any further prompts, accept the defaults.","lastModifiedDate":"2020-05-25"},{"lineNumber":14,"author":{"gitId":"-"},"content":"1. Configure the project to use **JDK 11** (not other versions) as explained in [here](https://www.jetbrains.com/help/idea/sdk.html#set-up-jdk).\u003cbr\u003e","lastModifiedDate":"2021-07-29"},{"lineNumber":15,"author":{"gitId":"-"},"content":"   In the same dialog, set the **Project language level** field to the `SDK default` option.","lastModifiedDate":"2021-07-29"},{"lineNumber":16,"author":{"gitId":"glenngnng"},"content":"3. After that, locate the `src/main/java/duke.java` file, right-click it, and choose `Run duke.main()` (if the code editor is showing compile errors, try restarting the IDE). If the setup is correct, you should see something like the below as the output:","lastModifiedDate":"2023-09-01"},{"lineNumber":17,"author":{"gitId":"-"},"content":"   ```","lastModifiedDate":"2020-05-25"},{"lineNumber":18,"author":{"gitId":"-"},"content":"   Hello from","lastModifiedDate":"2020-05-25"},{"lineNumber":19,"author":{"gitId":"-"},"content":"    ____        _        ","lastModifiedDate":"2020-05-25"},{"lineNumber":20,"author":{"gitId":"-"},"content":"   |  _ \\ _   _| | _____ ","lastModifiedDate":"2020-05-25"},{"lineNumber":21,"author":{"gitId":"-"},"content":"   | | | | | | | |/ / _ \\","lastModifiedDate":"2020-05-25"},{"lineNumber":22,"author":{"gitId":"-"},"content":"   | |_| | |_| |   \u003c  __/","lastModifiedDate":"2020-05-25"},{"lineNumber":23,"author":{"gitId":"-"},"content":"   |____/ \\__,_|_|\\_\\___|","lastModifiedDate":"2020-05-25"},{"lineNumber":24,"author":{"gitId":"-"},"content":"   ```","lastModifiedDate":"2020-05-25"}],"authorContributionMap":{"glenngnng":2,"-":22}},{"path":"data/gman.txt","fileType":"txt","lines":[{"lineNumber":1,"author":{"gitId":"glenngnng"},"content":"D | X |  this  | 2019-10-15 1800","lastModifiedDate":"2023-09-01"},{"lineNumber":2,"author":{"gitId":"glenngnng"},"content":"T | X |  this","lastModifiedDate":"2023-09-01"},{"lineNumber":3,"author":{"gitId":"glenngnng"},"content":"E | O |  have fun  | now  | then","lastModifiedDate":"2023-09-01"},{"lineNumber":4,"author":{"gitId":"glenngnng"},"content":"E | O |  this  | now  | later","lastModifiedDate":"2023-09-01"},{"lineNumber":5,"author":{"gitId":"glenngnng"},"content":"T | O |  have alot of fun","lastModifiedDate":"2023-09-01"},{"lineNumber":6,"author":{"gitId":"glenngnng"},"content":"D | O |  nice  | 2019-10-15 1800","lastModifiedDate":"2023-09-01"},{"lineNumber":7,"author":{"gitId":"glenngnng"},"content":"T | O |  have fun","lastModifiedDate":"2023-09-01"},{"lineNumber":8,"author":{"gitId":"glenngnng"},"content":"D | O |  have fun  | 2019-10-19 1800","lastModifiedDate":"2023-09-01"}],"authorContributionMap":{"glenngnng":8}},{"path":"src/main/java/Duke/Deadline.java","fileType":"java","lines":[{"lineNumber":1,"author":{"gitId":"glenngnng"},"content":"package duke;","lastModifiedDate":"2023-09-01"},{"lineNumber":2,"author":{"gitId":"glenngnng"},"content":"","lastModifiedDate":"2023-09-01"},{"lineNumber":3,"author":{"gitId":"glenngnng"},"content":"import java.time.LocalDateTime;","lastModifiedDate":"2023-09-01"},{"lineNumber":4,"author":{"gitId":"glenngnng"},"content":"import java.time.format.DateTimeFormatter;","lastModifiedDate":"2023-09-01"},{"lineNumber":5,"author":{"gitId":"glenngnng"},"content":"","lastModifiedDate":"2023-09-01"},{"lineNumber":6,"author":{"gitId":"glenngnng"},"content":"/**","lastModifiedDate":"2023-09-01"},{"lineNumber":7,"author":{"gitId":"glenngnng"},"content":" * A Deadline Task that contains a description and a deadline.","lastModifiedDate":"2023-09-01"},{"lineNumber":8,"author":{"gitId":"glenngnng"},"content":" */","lastModifiedDate":"2023-09-01"},{"lineNumber":9,"author":{"gitId":"glenngnng"},"content":"public class Deadline extends Task{","lastModifiedDate":"2023-08-24"},{"lineNumber":10,"author":{"gitId":"glenngnng"},"content":"","lastModifiedDate":"2023-08-24"},{"lineNumber":11,"author":{"gitId":"glenngnng"},"content":"    protected String by;","lastModifiedDate":"2023-08-24"},{"lineNumber":12,"author":{"gitId":"glenngnng"},"content":"    protected DateTimeFormatter outputFormat \u003d DateTimeFormatter.ofPattern(\"MMM d yyyy HHmm\");","lastModifiedDate":"2023-09-01"},{"lineNumber":13,"author":{"gitId":"glenngnng"},"content":"    protected DateTimeFormatter inputFormat \u003d DateTimeFormatter.ofPattern(\"yyyy-MM-dd HHmm\");","lastModifiedDate":"2023-09-01"},{"lineNumber":14,"author":{"gitId":"glenngnng"},"content":"","lastModifiedDate":"2023-09-01"},{"lineNumber":15,"author":{"gitId":"glenngnng"},"content":"","lastModifiedDate":"2023-08-24"},{"lineNumber":16,"author":{"gitId":"glenngnng"},"content":"    /**","lastModifiedDate":"2023-09-01"},{"lineNumber":17,"author":{"gitId":"glenngnng"},"content":"     * Returns a String that is formatted accordingly to the outputFormat, represents a date and time.","lastModifiedDate":"2023-09-01"},{"lineNumber":18,"author":{"gitId":"glenngnng"},"content":"     * @param s String that is in the specified inputFormat, represents a date and time.","lastModifiedDate":"2023-09-01"},{"lineNumber":19,"author":{"gitId":"glenngnng"},"content":"     * @return the string of date and time to be printed to the user.","lastModifiedDate":"2023-09-01"},{"lineNumber":20,"author":{"gitId":"glenngnng"},"content":"     */","lastModifiedDate":"2023-09-01"},{"lineNumber":21,"author":{"gitId":"glenngnng"},"content":"    public String getDateTime(String s) {","lastModifiedDate":"2023-09-01"},{"lineNumber":22,"author":{"gitId":"glenngnng"},"content":"        LocalDateTime localDateTime \u003d LocalDateTime.parse(s, inputFormat);","lastModifiedDate":"2023-09-01"},{"lineNumber":23,"author":{"gitId":"glenngnng"},"content":"        String dateTime \u003d localDateTime.format(outputFormat);","lastModifiedDate":"2023-09-01"},{"lineNumber":24,"author":{"gitId":"glenngnng"},"content":"        return dateTime;","lastModifiedDate":"2023-09-01"},{"lineNumber":25,"author":{"gitId":"glenngnng"},"content":"    }","lastModifiedDate":"2023-09-01"},{"lineNumber":26,"author":{"gitId":"glenngnng"},"content":"","lastModifiedDate":"2023-09-01"},{"lineNumber":27,"author":{"gitId":"glenngnng"},"content":"    /**","lastModifiedDate":"2023-09-01"},{"lineNumber":28,"author":{"gitId":"glenngnng"},"content":"     * A Deadline task constructor.","lastModifiedDate":"2023-09-01"},{"lineNumber":29,"author":{"gitId":"glenngnng"},"content":"     * @param description The description of the Deadline task.","lastModifiedDate":"2023-09-01"},{"lineNumber":30,"author":{"gitId":"glenngnng"},"content":"     * @param by The deadline.","lastModifiedDate":"2023-09-01"},{"lineNumber":31,"author":{"gitId":"glenngnng"},"content":"     */","lastModifiedDate":"2023-09-01"},{"lineNumber":32,"author":{"gitId":"glenngnng"},"content":"    public Deadline(String description, String by) {","lastModifiedDate":"2023-08-24"},{"lineNumber":33,"author":{"gitId":"glenngnng"},"content":"        super(description);","lastModifiedDate":"2023-08-24"},{"lineNumber":34,"author":{"gitId":"glenngnng"},"content":"        this.by \u003d by;","lastModifiedDate":"2023-08-24"},{"lineNumber":35,"author":{"gitId":"glenngnng"},"content":"    }","lastModifiedDate":"2023-08-24"},{"lineNumber":36,"author":{"gitId":"glenngnng"},"content":"","lastModifiedDate":"2023-08-24"},{"lineNumber":37,"author":{"gitId":"glenngnng"},"content":"    /**","lastModifiedDate":"2023-09-01"},{"lineNumber":38,"author":{"gitId":"glenngnng"},"content":"     * Returns A string representation of the Deadline Task, including the symbol, status icon,","lastModifiedDate":"2023-09-01"},{"lineNumber":39,"author":{"gitId":"glenngnng"},"content":"     * description and deadline.","lastModifiedDate":"2023-09-01"},{"lineNumber":40,"author":{"gitId":"glenngnng"},"content":"     * @return a String to be printed to the user.","lastModifiedDate":"2023-09-01"},{"lineNumber":41,"author":{"gitId":"glenngnng"},"content":"     */","lastModifiedDate":"2023-09-01"},{"lineNumber":42,"author":{"gitId":"glenngnng"},"content":"    @Override","lastModifiedDate":"2023-08-24"},{"lineNumber":43,"author":{"gitId":"glenngnng"},"content":"    public String toString() {","lastModifiedDate":"2023-09-01"},{"lineNumber":44,"author":{"gitId":"glenngnng"},"content":"        return \"[D]\" + super.getStatusIcon() + description + \" (by: \" + getDateTime(by) + \")\";","lastModifiedDate":"2023-09-01"},{"lineNumber":45,"author":{"gitId":"glenngnng"},"content":"    }","lastModifiedDate":"2023-08-24"},{"lineNumber":46,"author":{"gitId":"glenngnng"},"content":"","lastModifiedDate":"2023-08-24"},{"lineNumber":47,"author":{"gitId":"glenngnng"},"content":"    /**","lastModifiedDate":"2023-09-01"},{"lineNumber":48,"author":{"gitId":"glenngnng"},"content":"     * Reads a line in a .txt file that represents a Deadline task and converts it to a Deadline Task.","lastModifiedDate":"2023-09-01"},{"lineNumber":49,"author":{"gitId":"glenngnng"},"content":"     * @param segments A string array that is split by \" | \", separating the line into useful chunks.","lastModifiedDate":"2023-09-01"},{"lineNumber":50,"author":{"gitId":"glenngnng"},"content":"     * @return A deadline task.","lastModifiedDate":"2023-09-01"},{"lineNumber":51,"author":{"gitId":"glenngnng"},"content":"     */","lastModifiedDate":"2023-09-01"},{"lineNumber":52,"author":{"gitId":"glenngnng"},"content":"    public static Deadline readFromFile(String[] segments){","lastModifiedDate":"2023-09-01"},{"lineNumber":53,"author":{"gitId":"glenngnng"},"content":"        String symbol \u003d segments[1];","lastModifiedDate":"2023-08-31"},{"lineNumber":54,"author":{"gitId":"glenngnng"},"content":"        String description \u003d segments[2];","lastModifiedDate":"2023-08-31"},{"lineNumber":55,"author":{"gitId":"glenngnng"},"content":"        String by \u003d segments[3];","lastModifiedDate":"2023-08-31"},{"lineNumber":56,"author":{"gitId":"glenngnng"},"content":"        Deadline toReturn \u003d  new Deadline(description, by);","lastModifiedDate":"2023-08-31"},{"lineNumber":57,"author":{"gitId":"glenngnng"},"content":"        if (symbol.equals(\"X\")) {","lastModifiedDate":"2023-08-31"},{"lineNumber":58,"author":{"gitId":"glenngnng"},"content":"            toReturn.mark();","lastModifiedDate":"2023-08-31"},{"lineNumber":59,"author":{"gitId":"glenngnng"},"content":"        }","lastModifiedDate":"2023-08-31"},{"lineNumber":60,"author":{"gitId":"glenngnng"},"content":"        return toReturn;","lastModifiedDate":"2023-08-31"},{"lineNumber":61,"author":{"gitId":"glenngnng"},"content":"    }","lastModifiedDate":"2023-08-31"},{"lineNumber":62,"author":{"gitId":"glenngnng"},"content":"","lastModifiedDate":"2023-08-31"},{"lineNumber":63,"author":{"gitId":"glenngnng"},"content":"    /**","lastModifiedDate":"2023-09-01"},{"lineNumber":64,"author":{"gitId":"glenngnng"},"content":"     * returns A String to be written into the .txt file.","lastModifiedDate":"2023-09-01"},{"lineNumber":65,"author":{"gitId":"glenngnng"},"content":"     * @return A formatted String for the Deadline task with \" | \" separators.","lastModifiedDate":"2023-09-01"},{"lineNumber":66,"author":{"gitId":"glenngnng"},"content":"     */","lastModifiedDate":"2023-09-01"},{"lineNumber":67,"author":{"gitId":"glenngnng"},"content":"    @Override","lastModifiedDate":"2023-08-31"},{"lineNumber":68,"author":{"gitId":"glenngnng"},"content":"    public String toWriteString() {","lastModifiedDate":"2023-08-31"},{"lineNumber":69,"author":{"gitId":"glenngnng"},"content":"        String toWrite \u003d \"D\" + \" | \" + super.toWriteString() + \" | \" + by;","lastModifiedDate":"2023-08-31"},{"lineNumber":70,"author":{"gitId":"glenngnng"},"content":"        return toWrite;","lastModifiedDate":"2023-08-31"},{"lineNumber":71,"author":{"gitId":"glenngnng"},"content":"    }","lastModifiedDate":"2023-08-31"},{"lineNumber":72,"author":{"gitId":"glenngnng"},"content":"","lastModifiedDate":"2023-09-01"},{"lineNumber":73,"author":{"gitId":"glenngnng"},"content":"","lastModifiedDate":"2023-09-01"},{"lineNumber":74,"author":{"gitId":"glenngnng"},"content":"}","lastModifiedDate":"2023-08-24"}],"authorContributionMap":{"glenngnng":74}},{"path":"src/main/java/Duke/Event.java","fileType":"java","lines":[{"lineNumber":1,"author":{"gitId":"glenngnng"},"content":"package duke;","lastModifiedDate":"2023-09-01"},{"lineNumber":2,"author":{"gitId":"glenngnng"},"content":"","lastModifiedDate":"2023-09-01"},{"lineNumber":3,"author":{"gitId":"glenngnng"},"content":"/**","lastModifiedDate":"2023-09-01"},{"lineNumber":4,"author":{"gitId":"glenngnng"},"content":" * An Event Task that contains a description, a from indicator and a to indicator.","lastModifiedDate":"2023-09-01"},{"lineNumber":5,"author":{"gitId":"glenngnng"},"content":" */","lastModifiedDate":"2023-09-01"},{"lineNumber":6,"author":{"gitId":"glenngnng"},"content":"public class Event extends Task {","lastModifiedDate":"2023-08-24"},{"lineNumber":7,"author":{"gitId":"glenngnng"},"content":"","lastModifiedDate":"2023-08-24"},{"lineNumber":8,"author":{"gitId":"glenngnng"},"content":"    protected String from;","lastModifiedDate":"2023-08-24"},{"lineNumber":9,"author":{"gitId":"glenngnng"},"content":"    protected String to;","lastModifiedDate":"2023-08-24"},{"lineNumber":10,"author":{"gitId":"glenngnng"},"content":"","lastModifiedDate":"2023-08-24"},{"lineNumber":11,"author":{"gitId":"glenngnng"},"content":"    /**","lastModifiedDate":"2023-09-01"},{"lineNumber":12,"author":{"gitId":"glenngnng"},"content":"     * An Event task constructor.","lastModifiedDate":"2023-09-01"},{"lineNumber":13,"author":{"gitId":"glenngnng"},"content":"     * @param description The description of the Event task.","lastModifiedDate":"2023-09-01"},{"lineNumber":14,"author":{"gitId":"glenngnng"},"content":"     * @param from the indicated starting time.","lastModifiedDate":"2023-09-01"},{"lineNumber":15,"author":{"gitId":"glenngnng"},"content":"     * @param to the indicated ending time.","lastModifiedDate":"2023-09-01"},{"lineNumber":16,"author":{"gitId":"glenngnng"},"content":"     */","lastModifiedDate":"2023-09-01"},{"lineNumber":17,"author":{"gitId":"glenngnng"},"content":"    public Event(String description, String from, String to) {","lastModifiedDate":"2023-08-24"},{"lineNumber":18,"author":{"gitId":"glenngnng"},"content":"        super(description);","lastModifiedDate":"2023-08-24"},{"lineNumber":19,"author":{"gitId":"glenngnng"},"content":"        this.from \u003d from;","lastModifiedDate":"2023-08-24"},{"lineNumber":20,"author":{"gitId":"glenngnng"},"content":"        this.to \u003d to;","lastModifiedDate":"2023-08-24"},{"lineNumber":21,"author":{"gitId":"glenngnng"},"content":"    }","lastModifiedDate":"2023-08-24"},{"lineNumber":22,"author":{"gitId":"glenngnng"},"content":"","lastModifiedDate":"2023-08-24"},{"lineNumber":23,"author":{"gitId":"glenngnng"},"content":"","lastModifiedDate":"2023-08-24"},{"lineNumber":24,"author":{"gitId":"glenngnng"},"content":"    /**","lastModifiedDate":"2023-09-01"},{"lineNumber":25,"author":{"gitId":"glenngnng"},"content":"     * Returns a String representation of the Event task, including the symbol, status icon, description,","lastModifiedDate":"2023-09-01"},{"lineNumber":26,"author":{"gitId":"glenngnng"},"content":"     * and from and to indicators.","lastModifiedDate":"2023-09-01"},{"lineNumber":27,"author":{"gitId":"glenngnng"},"content":"     * @return a String to be printed to the user.","lastModifiedDate":"2023-09-01"},{"lineNumber":28,"author":{"gitId":"glenngnng"},"content":"     */","lastModifiedDate":"2023-09-01"},{"lineNumber":29,"author":{"gitId":"glenngnng"},"content":"    @Override","lastModifiedDate":"2023-08-24"},{"lineNumber":30,"author":{"gitId":"glenngnng"},"content":"    public String toString() {","lastModifiedDate":"2023-09-01"},{"lineNumber":31,"author":{"gitId":"glenngnng"},"content":"        return (\"[E]\" + super.getStatusIcon() + description +","lastModifiedDate":"2023-09-01"},{"lineNumber":32,"author":{"gitId":"glenngnng"},"content":"                \" (from: \" + from + \"to: \" + to + \")\");","lastModifiedDate":"2023-08-24"},{"lineNumber":33,"author":{"gitId":"glenngnng"},"content":"    }","lastModifiedDate":"2023-08-24"},{"lineNumber":34,"author":{"gitId":"glenngnng"},"content":"","lastModifiedDate":"2023-08-31"},{"lineNumber":35,"author":{"gitId":"glenngnng"},"content":"    /**","lastModifiedDate":"2023-09-01"},{"lineNumber":36,"author":{"gitId":"glenngnng"},"content":"     * Reads a line in a .txt file that represents an Event task and converts it to an Event task.","lastModifiedDate":"2023-09-01"},{"lineNumber":37,"author":{"gitId":"glenngnng"},"content":"     * @param segments A string array that is split by \" | \", separating the line into useful chunks.","lastModifiedDate":"2023-09-01"},{"lineNumber":38,"author":{"gitId":"glenngnng"},"content":"     * @return An Event task.","lastModifiedDate":"2023-09-01"},{"lineNumber":39,"author":{"gitId":"glenngnng"},"content":"     */","lastModifiedDate":"2023-09-01"},{"lineNumber":40,"author":{"gitId":"glenngnng"},"content":"    public static Event readFromFile(String[] segments) {","lastModifiedDate":"2023-09-01"},{"lineNumber":41,"author":{"gitId":"glenngnng"},"content":"        String symbol \u003d segments[1];","lastModifiedDate":"2023-08-31"},{"lineNumber":42,"author":{"gitId":"glenngnng"},"content":"        String description \u003d segments[2];","lastModifiedDate":"2023-08-31"},{"lineNumber":43,"author":{"gitId":"glenngnng"},"content":"        String from \u003d segments[3];","lastModifiedDate":"2023-08-31"},{"lineNumber":44,"author":{"gitId":"glenngnng"},"content":"        String to \u003d segments[4];","lastModifiedDate":"2023-08-31"},{"lineNumber":45,"author":{"gitId":"glenngnng"},"content":"        Event toReturn \u003d  new Event(description, from, to);","lastModifiedDate":"2023-08-31"},{"lineNumber":46,"author":{"gitId":"glenngnng"},"content":"        if (symbol.equals(\"X\")) {","lastModifiedDate":"2023-08-31"},{"lineNumber":47,"author":{"gitId":"glenngnng"},"content":"            toReturn.mark();","lastModifiedDate":"2023-08-31"},{"lineNumber":48,"author":{"gitId":"glenngnng"},"content":"        }","lastModifiedDate":"2023-08-31"},{"lineNumber":49,"author":{"gitId":"glenngnng"},"content":"        return toReturn;","lastModifiedDate":"2023-08-31"},{"lineNumber":50,"author":{"gitId":"glenngnng"},"content":"    }","lastModifiedDate":"2023-08-31"},{"lineNumber":51,"author":{"gitId":"glenngnng"},"content":"","lastModifiedDate":"2023-08-31"},{"lineNumber":52,"author":{"gitId":"glenngnng"},"content":"    /**","lastModifiedDate":"2023-09-01"},{"lineNumber":53,"author":{"gitId":"glenngnng"},"content":"     * returns A String to be written into the .txt file.","lastModifiedDate":"2023-09-01"},{"lineNumber":54,"author":{"gitId":"glenngnng"},"content":"     * @return A formatted String for the Deadline task with \" | \" separators.","lastModifiedDate":"2023-09-01"},{"lineNumber":55,"author":{"gitId":"glenngnng"},"content":"     */","lastModifiedDate":"2023-09-01"},{"lineNumber":56,"author":{"gitId":"glenngnng"},"content":"    @Override","lastModifiedDate":"2023-08-31"},{"lineNumber":57,"author":{"gitId":"glenngnng"},"content":"    public String toWriteString() {","lastModifiedDate":"2023-08-31"},{"lineNumber":58,"author":{"gitId":"glenngnng"},"content":"        String toWrite \u003d \"E\" + \" | \" + super.toWriteString() + \" | \" + from + \" | \" + to;","lastModifiedDate":"2023-08-31"},{"lineNumber":59,"author":{"gitId":"glenngnng"},"content":"        return toWrite;","lastModifiedDate":"2023-08-31"},{"lineNumber":60,"author":{"gitId":"glenngnng"},"content":"    }","lastModifiedDate":"2023-08-31"},{"lineNumber":61,"author":{"gitId":"glenngnng"},"content":"}","lastModifiedDate":"2023-08-24"}],"authorContributionMap":{"glenngnng":61}},{"path":"src/main/java/Duke/Gman.java","fileType":"java","lines":[{"lineNumber":1,"author":{"gitId":"glenngnng"},"content":"package duke;","lastModifiedDate":"2023-09-01"},{"lineNumber":2,"author":{"gitId":"glenngnng"},"content":"","lastModifiedDate":"2023-09-01"},{"lineNumber":3,"author":{"gitId":"glenngnng"},"content":"import java.util.Scanner;","lastModifiedDate":"2023-08-23"},{"lineNumber":4,"author":{"gitId":"glenngnng"},"content":"","lastModifiedDate":"2023-08-31"},{"lineNumber":5,"author":{"gitId":"glenngnng"},"content":"public class Gman {","lastModifiedDate":"2023-08-23"},{"lineNumber":6,"author":{"gitId":"glenngnng"},"content":"","lastModifiedDate":"2023-08-31"},{"lineNumber":7,"author":{"gitId":"glenngnng"},"content":"    private static TaskList taskList \u003d new TaskList();","lastModifiedDate":"2023-09-01"},{"lineNumber":8,"author":{"gitId":"glenngnng"},"content":"    private static Scanner scanner \u003d new Scanner(System.in);","lastModifiedDate":"2023-09-01"},{"lineNumber":9,"author":{"gitId":"glenngnng"},"content":"    public static void main(String[] args) throws GmanException {","lastModifiedDate":"2023-09-01"},{"lineNumber":10,"author":{"gitId":"glenngnng"},"content":"        Ui.greet();","lastModifiedDate":"2023-09-01"},{"lineNumber":11,"author":{"gitId":"glenngnng"},"content":"        String userInput \u003d scanner.nextLine();","lastModifiedDate":"2023-09-01"},{"lineNumber":12,"author":{"gitId":"glenngnng"},"content":"        Parser.readInput(userInput, taskList);","lastModifiedDate":"2023-09-01"},{"lineNumber":13,"author":{"gitId":"glenngnng"},"content":"    }","lastModifiedDate":"2023-08-23"},{"lineNumber":14,"author":{"gitId":"glenngnng"},"content":"}","lastModifiedDate":"2023-08-23"}],"authorContributionMap":{"glenngnng":14}},{"path":"src/main/java/Duke/GmanException.java","fileType":"java","lines":[{"lineNumber":1,"author":{"gitId":"glenngnng"},"content":"package duke;","lastModifiedDate":"2023-09-01"},{"lineNumber":2,"author":{"gitId":"glenngnng"},"content":"","lastModifiedDate":"2023-09-01"},{"lineNumber":3,"author":{"gitId":"glenngnng"},"content":"public class GmanException extends Exception {","lastModifiedDate":"2023-09-01"},{"lineNumber":4,"author":{"gitId":"glenngnng"},"content":"    public GmanException(String message) {","lastModifiedDate":"2023-09-01"},{"lineNumber":5,"author":{"gitId":"glenngnng"},"content":"        super(message);","lastModifiedDate":"2023-09-01"},{"lineNumber":6,"author":{"gitId":"glenngnng"},"content":"    }","lastModifiedDate":"2023-09-01"},{"lineNumber":7,"author":{"gitId":"glenngnng"},"content":"","lastModifiedDate":"2023-09-01"},{"lineNumber":8,"author":{"gitId":"glenngnng"},"content":"    @Override","lastModifiedDate":"2023-09-01"},{"lineNumber":9,"author":{"gitId":"glenngnng"},"content":"    public String toString() {","lastModifiedDate":"2023-09-01"},{"lineNumber":10,"author":{"gitId":"glenngnng"},"content":"        return super.getMessage();","lastModifiedDate":"2023-09-01"},{"lineNumber":11,"author":{"gitId":"glenngnng"},"content":"    }","lastModifiedDate":"2023-09-01"},{"lineNumber":12,"author":{"gitId":"glenngnng"},"content":"}","lastModifiedDate":"2023-09-01"}],"authorContributionMap":{"glenngnng":12}},{"path":"src/main/java/Duke/Parser.java","fileType":"java","lines":[{"lineNumber":1,"author":{"gitId":"glenngnng"},"content":"package duke;","lastModifiedDate":"2023-09-01"},{"lineNumber":2,"author":{"gitId":"glenngnng"},"content":"","lastModifiedDate":"2023-09-01"},{"lineNumber":3,"author":{"gitId":"glenngnng"},"content":"import java.io.IOException;","lastModifiedDate":"2023-09-01"},{"lineNumber":4,"author":{"gitId":"glenngnng"},"content":"import java.util.Scanner;","lastModifiedDate":"2023-09-01"},{"lineNumber":5,"author":{"gitId":"glenngnng"},"content":"public class Parser {","lastModifiedDate":"2023-09-01"},{"lineNumber":6,"author":{"gitId":"glenngnng"},"content":"","lastModifiedDate":"2023-09-01"},{"lineNumber":7,"author":{"gitId":"glenngnng"},"content":"    private static final String exitWord \u003d \"bye\";","lastModifiedDate":"2023-09-01"},{"lineNumber":8,"author":{"gitId":"glenngnng"},"content":"    private static Scanner scanner \u003d new Scanner(System.in);","lastModifiedDate":"2023-09-01"},{"lineNumber":9,"author":{"gitId":"glenngnng"},"content":"    public static void readInput(String userInput, TaskList taskList) throws GmanException {","lastModifiedDate":"2023-09-01"},{"lineNumber":10,"author":{"gitId":"glenngnng"},"content":"        while(!userInput.equals(exitWord)) {","lastModifiedDate":"2023-09-01"},{"lineNumber":11,"author":{"gitId":"glenngnng"},"content":"            String[] words \u003d userInput.split(\" \");","lastModifiedDate":"2023-09-01"},{"lineNumber":12,"author":{"gitId":"glenngnng"},"content":"            if (userInput.equals(\"list\")) {","lastModifiedDate":"2023-09-01"},{"lineNumber":13,"author":{"gitId":"glenngnng"},"content":"                try {","lastModifiedDate":"2023-09-01"},{"lineNumber":14,"author":{"gitId":"glenngnng"},"content":"                    if (taskList.getSize() \u003d\u003d 0) {","lastModifiedDate":"2023-09-01"},{"lineNumber":15,"author":{"gitId":"glenngnng"},"content":"                        throw new GmanException(\"There\u0027s nothing to print in the list bozo...\");","lastModifiedDate":"2023-09-01"},{"lineNumber":16,"author":{"gitId":"glenngnng"},"content":"                    }","lastModifiedDate":"2023-09-01"},{"lineNumber":17,"author":{"gitId":"glenngnng"},"content":"                    Ui.listTasks(taskList); //attention","lastModifiedDate":"2023-09-01"},{"lineNumber":18,"author":{"gitId":"glenngnng"},"content":"                } catch (GmanException e) {","lastModifiedDate":"2023-09-01"},{"lineNumber":19,"author":{"gitId":"glenngnng"},"content":"                    System.out.println(e.getMessage());","lastModifiedDate":"2023-09-01"},{"lineNumber":20,"author":{"gitId":"glenngnng"},"content":"                }","lastModifiedDate":"2023-09-01"},{"lineNumber":21,"author":{"gitId":"glenngnng"},"content":"            } else if (words[0].equals(\"unmark\")) { //replace with case","lastModifiedDate":"2023-09-01"},{"lineNumber":22,"author":{"gitId":"glenngnng"},"content":"                int index \u003d Integer.valueOf(words[1]) - 1; //minus 1 here to get the index","lastModifiedDate":"2023-09-01"},{"lineNumber":23,"author":{"gitId":"glenngnng"},"content":"                taskList.unmark(index);","lastModifiedDate":"2023-09-01"},{"lineNumber":24,"author":{"gitId":"glenngnng"},"content":"            } else if (words[0].equals(\"mark\")) {","lastModifiedDate":"2023-09-01"},{"lineNumber":25,"author":{"gitId":"glenngnng"},"content":"                int index \u003d Integer.valueOf(words[1]) - 1; //minus 1 here to get the index","lastModifiedDate":"2023-09-01"},{"lineNumber":26,"author":{"gitId":"glenngnng"},"content":"                taskList.mark(index);","lastModifiedDate":"2023-09-01"},{"lineNumber":27,"author":{"gitId":"glenngnng"},"content":"            } else if (words[0].equals(\"todo\")) {","lastModifiedDate":"2023-09-01"},{"lineNumber":28,"author":{"gitId":"glenngnng"},"content":"                try {","lastModifiedDate":"2023-09-01"},{"lineNumber":29,"author":{"gitId":"glenngnng"},"content":"                    if (userInput.substring(4).isEmpty()) { //add if there is only space","lastModifiedDate":"2023-09-01"},{"lineNumber":30,"author":{"gitId":"glenngnng"},"content":"                        throw new GmanException(\"OOOOOPs! The description of a todo cannot be empty!\");","lastModifiedDate":"2023-09-01"},{"lineNumber":31,"author":{"gitId":"glenngnng"},"content":"                    }","lastModifiedDate":"2023-09-01"},{"lineNumber":32,"author":{"gitId":"glenngnng"},"content":"                    String description \u003d userInput.substring(4); //cut after the space","lastModifiedDate":"2023-09-01"},{"lineNumber":33,"author":{"gitId":"glenngnng"},"content":"                    taskList.addTask(new Todo(description));","lastModifiedDate":"2023-09-01"},{"lineNumber":34,"author":{"gitId":"glenngnng"},"content":"                    Ui.numberOfTasks(taskList);","lastModifiedDate":"2023-09-01"},{"lineNumber":35,"author":{"gitId":"glenngnng"},"content":"                } catch (GmanException e) {","lastModifiedDate":"2023-09-01"},{"lineNumber":36,"author":{"gitId":"glenngnng"},"content":"                    System.out.println(e.getMessage());","lastModifiedDate":"2023-09-01"},{"lineNumber":37,"author":{"gitId":"glenngnng"},"content":"                }","lastModifiedDate":"2023-09-01"},{"lineNumber":38,"author":{"gitId":"glenngnng"},"content":"            } else if (words[0].equals(\"deadline\")) {","lastModifiedDate":"2023-09-01"},{"lineNumber":39,"author":{"gitId":"glenngnng"},"content":"                try {","lastModifiedDate":"2023-09-01"},{"lineNumber":40,"author":{"gitId":"glenngnng"},"content":"                    if (userInput.substring(8).isEmpty()) { //add if there is only space","lastModifiedDate":"2023-09-01"},{"lineNumber":41,"author":{"gitId":"glenngnng"},"content":"                        throw new GmanException(\"OOOOOPs! The description of a deadline cannot be empty!\");","lastModifiedDate":"2023-09-01"},{"lineNumber":42,"author":{"gitId":"glenngnng"},"content":"                    }","lastModifiedDate":"2023-09-01"},{"lineNumber":43,"author":{"gitId":"glenngnng"},"content":"                    String segments[] \u003d userInput.substring(8).split(\"/by \");","lastModifiedDate":"2023-09-01"},{"lineNumber":44,"author":{"gitId":"glenngnng"},"content":"                    String description \u003d segments[0];","lastModifiedDate":"2023-09-01"},{"lineNumber":45,"author":{"gitId":"glenngnng"},"content":"                    String by \u003d segments[1];","lastModifiedDate":"2023-09-01"},{"lineNumber":46,"author":{"gitId":"glenngnng"},"content":"                    taskList.addTask(new Deadline(description, by));","lastModifiedDate":"2023-09-01"},{"lineNumber":47,"author":{"gitId":"glenngnng"},"content":"                    Ui.numberOfTasks(taskList);","lastModifiedDate":"2023-09-01"},{"lineNumber":48,"author":{"gitId":"glenngnng"},"content":"                } catch (GmanException e) {","lastModifiedDate":"2023-09-01"},{"lineNumber":49,"author":{"gitId":"glenngnng"},"content":"                    System.out.println(e.getMessage());","lastModifiedDate":"2023-09-01"},{"lineNumber":50,"author":{"gitId":"glenngnng"},"content":"                }","lastModifiedDate":"2023-09-01"},{"lineNumber":51,"author":{"gitId":"glenngnng"},"content":"            } else if (words[0].equals(\"event\")) {","lastModifiedDate":"2023-09-01"},{"lineNumber":52,"author":{"gitId":"glenngnng"},"content":"                try {","lastModifiedDate":"2023-09-01"},{"lineNumber":53,"author":{"gitId":"glenngnng"},"content":"                    if (userInput.substring(5).isEmpty()) { //add if there is only space","lastModifiedDate":"2023-09-01"},{"lineNumber":54,"author":{"gitId":"glenngnng"},"content":"                        throw new GmanException(\"OOOOOPs! The description of an event cannot be empty!\");","lastModifiedDate":"2023-09-01"},{"lineNumber":55,"author":{"gitId":"glenngnng"},"content":"                    }","lastModifiedDate":"2023-09-01"},{"lineNumber":56,"author":{"gitId":"glenngnng"},"content":"                    String segments[] \u003d userInput.substring(5).split(\"/\");","lastModifiedDate":"2023-09-01"},{"lineNumber":57,"author":{"gitId":"glenngnng"},"content":"                    String description \u003d segments[0];","lastModifiedDate":"2023-09-01"},{"lineNumber":58,"author":{"gitId":"glenngnng"},"content":"                    String from \u003d segments[1].substring(5); //cut aft space, below too","lastModifiedDate":"2023-09-01"},{"lineNumber":59,"author":{"gitId":"glenngnng"},"content":"                    String to \u003d segments[2].substring(3);","lastModifiedDate":"2023-09-01"},{"lineNumber":60,"author":{"gitId":"glenngnng"},"content":"                    taskList.addTask(new Event(description, from, to));","lastModifiedDate":"2023-09-01"},{"lineNumber":61,"author":{"gitId":"glenngnng"},"content":"                    Ui.numberOfTasks(taskList);","lastModifiedDate":"2023-09-01"},{"lineNumber":62,"author":{"gitId":"glenngnng"},"content":"                } catch (GmanException e) {","lastModifiedDate":"2023-09-01"},{"lineNumber":63,"author":{"gitId":"glenngnng"},"content":"                    System.out.println(e.getMessage());","lastModifiedDate":"2023-09-01"},{"lineNumber":64,"author":{"gitId":"glenngnng"},"content":"                }","lastModifiedDate":"2023-09-01"},{"lineNumber":65,"author":{"gitId":"glenngnng"},"content":"            } else if (words[0].equals(\"delete\")) {","lastModifiedDate":"2023-09-01"},{"lineNumber":66,"author":{"gitId":"glenngnng"},"content":"                try {","lastModifiedDate":"2023-09-01"},{"lineNumber":67,"author":{"gitId":"glenngnng"},"content":"                    String segments[] \u003d userInput.split(\" \");","lastModifiedDate":"2023-09-01"},{"lineNumber":68,"author":{"gitId":"glenngnng"},"content":"                    int indexToDelete \u003d Integer.valueOf(segments[1]) - 1;","lastModifiedDate":"2023-09-01"},{"lineNumber":69,"author":{"gitId":"glenngnng"},"content":"                    taskList.deleteTask(indexToDelete);","lastModifiedDate":"2023-09-01"},{"lineNumber":70,"author":{"gitId":"glenngnng"},"content":"                    Ui.numberOfTasks(taskList);","lastModifiedDate":"2023-09-01"},{"lineNumber":71,"author":{"gitId":"glenngnng"},"content":"                } catch (GmanException e) {","lastModifiedDate":"2023-09-01"},{"lineNumber":72,"author":{"gitId":"glenngnng"},"content":"                    System.out.println(e.getMessage());","lastModifiedDate":"2023-09-01"},{"lineNumber":73,"author":{"gitId":"glenngnng"},"content":"                }","lastModifiedDate":"2023-09-01"},{"lineNumber":74,"author":{"gitId":"glenngnng"},"content":"            } else if (words[0].equals(\"find\")) { //add exception if more than one searched word, i.e space, e.g hi hi","lastModifiedDate":"2023-09-01"},{"lineNumber":75,"author":{"gitId":"glenngnng"},"content":"                String keyword \u003d words[1];","lastModifiedDate":"2023-09-01"},{"lineNumber":76,"author":{"gitId":"glenngnng"},"content":"                taskList.findTasks(keyword);","lastModifiedDate":"2023-09-01"},{"lineNumber":77,"author":{"gitId":"glenngnng"},"content":"            }","lastModifiedDate":"2023-09-01"},{"lineNumber":78,"author":{"gitId":"glenngnng"},"content":"            else {","lastModifiedDate":"2023-09-01"},{"lineNumber":79,"author":{"gitId":"glenngnng"},"content":"                throw new GmanException(\"OOPS! I\u0027m sorry, I don\u0027t know what that means! Please start \" +","lastModifiedDate":"2023-09-01"},{"lineNumber":80,"author":{"gitId":"glenngnng"},"content":"                        \"with keywords: todo, deadline, or event!\");","lastModifiedDate":"2023-09-01"},{"lineNumber":81,"author":{"gitId":"glenngnng"},"content":"            }","lastModifiedDate":"2023-09-01"},{"lineNumber":82,"author":{"gitId":"glenngnng"},"content":"            userInput \u003d scanner.nextLine();","lastModifiedDate":"2023-09-01"},{"lineNumber":83,"author":{"gitId":"glenngnng"},"content":"        }","lastModifiedDate":"2023-09-01"},{"lineNumber":84,"author":{"gitId":"glenngnng"},"content":"        try {","lastModifiedDate":"2023-09-01"},{"lineNumber":85,"author":{"gitId":"glenngnng"},"content":"            taskList.write();","lastModifiedDate":"2023-09-01"},{"lineNumber":86,"author":{"gitId":"glenngnng"},"content":"            Ui.goodbye();","lastModifiedDate":"2023-09-01"},{"lineNumber":87,"author":{"gitId":"glenngnng"},"content":"        } catch (IOException e) {","lastModifiedDate":"2023-09-01"},{"lineNumber":88,"author":{"gitId":"glenngnng"},"content":"            System.out.println(\"Sorry... I could not save your tasks :C\");","lastModifiedDate":"2023-09-01"},{"lineNumber":89,"author":{"gitId":"glenngnng"},"content":"        }","lastModifiedDate":"2023-09-01"},{"lineNumber":90,"author":{"gitId":"glenngnng"},"content":"    }","lastModifiedDate":"2023-09-01"},{"lineNumber":91,"author":{"gitId":"glenngnng"},"content":"}","lastModifiedDate":"2023-09-01"}],"authorContributionMap":{"glenngnng":91}},{"path":"src/main/java/Duke/Storage.java","fileType":"java","lines":[{"lineNumber":1,"author":{"gitId":"glenngnng"},"content":"package duke;","lastModifiedDate":"2023-09-01"},{"lineNumber":2,"author":{"gitId":"glenngnng"},"content":"","lastModifiedDate":"2023-09-01"},{"lineNumber":3,"author":{"gitId":"glenngnng"},"content":"import java.io.IOException;","lastModifiedDate":"2023-09-01"},{"lineNumber":4,"author":{"gitId":"glenngnng"},"content":"import java.io.File;","lastModifiedDate":"2023-09-01"},{"lineNumber":5,"author":{"gitId":"glenngnng"},"content":"import java.io.FileNotFoundException;","lastModifiedDate":"2023-09-01"},{"lineNumber":6,"author":{"gitId":"glenngnng"},"content":"import java.io.FileWriter;","lastModifiedDate":"2023-09-01"},{"lineNumber":7,"author":{"gitId":"glenngnng"},"content":"import java.util.ArrayList;","lastModifiedDate":"2023-09-01"},{"lineNumber":8,"author":{"gitId":"glenngnng"},"content":"import java.util.Scanner;","lastModifiedDate":"2023-09-01"},{"lineNumber":9,"author":{"gitId":"glenngnng"},"content":"","lastModifiedDate":"2023-09-01"},{"lineNumber":10,"author":{"gitId":"glenngnng"},"content":"public class Storage {","lastModifiedDate":"2023-09-01"},{"lineNumber":11,"author":{"gitId":"glenngnng"},"content":"","lastModifiedDate":"2023-09-01"},{"lineNumber":12,"author":{"gitId":"glenngnng"},"content":"    private static final String FILE_PATH \u003d \"./data/gman.txt\"; //hardcoded","lastModifiedDate":"2023-09-01"},{"lineNumber":13,"author":{"gitId":"glenngnng"},"content":"    private static final String DIR_PATH \u003d \"./data\";","lastModifiedDate":"2023-09-01"},{"lineNumber":14,"author":{"gitId":"glenngnng"},"content":"","lastModifiedDate":"2023-09-01"},{"lineNumber":15,"author":{"gitId":"glenngnng"},"content":"","lastModifiedDate":"2023-09-01"},{"lineNumber":16,"author":{"gitId":"glenngnng"},"content":"","lastModifiedDate":"2023-09-01"},{"lineNumber":17,"author":{"gitId":"glenngnng"},"content":"    public static ArrayList\u003cTask\u003e readTasks() throws FileNotFoundException {","lastModifiedDate":"2023-09-01"},{"lineNumber":18,"author":{"gitId":"glenngnng"},"content":"        try {","lastModifiedDate":"2023-09-01"},{"lineNumber":19,"author":{"gitId":"glenngnng"},"content":"            File file \u003d new File(FILE_PATH);","lastModifiedDate":"2023-09-01"},{"lineNumber":20,"author":{"gitId":"glenngnng"},"content":"            Scanner fileScanner \u003d new Scanner(file);","lastModifiedDate":"2023-09-01"},{"lineNumber":21,"author":{"gitId":"glenngnng"},"content":"            ArrayList\u003cTask\u003e tasksFromFile \u003d new ArrayList\u003c\u003e();","lastModifiedDate":"2023-09-01"},{"lineNumber":22,"author":{"gitId":"glenngnng"},"content":"            while (fileScanner.hasNext()) {","lastModifiedDate":"2023-09-01"},{"lineNumber":23,"author":{"gitId":"glenngnng"},"content":"                Task taskRead \u003d Task.readFromFile(fileScanner.nextLine());","lastModifiedDate":"2023-09-01"},{"lineNumber":24,"author":{"gitId":"glenngnng"},"content":"                tasksFromFile.add(taskRead);","lastModifiedDate":"2023-09-01"},{"lineNumber":25,"author":{"gitId":"glenngnng"},"content":"            }","lastModifiedDate":"2023-09-01"},{"lineNumber":26,"author":{"gitId":"glenngnng"},"content":"            return tasksFromFile;","lastModifiedDate":"2023-09-01"},{"lineNumber":27,"author":{"gitId":"glenngnng"},"content":"        } catch (FileNotFoundException | GmanException e) {","lastModifiedDate":"2023-09-01"},{"lineNumber":28,"author":{"gitId":"glenngnng"},"content":"            System.out.println(\"Looks like you do not have any previous tasks saved!\");","lastModifiedDate":"2023-09-01"},{"lineNumber":29,"author":{"gitId":"glenngnng"},"content":"            return new ArrayList\u003cTask\u003e();","lastModifiedDate":"2023-09-01"},{"lineNumber":30,"author":{"gitId":"glenngnng"},"content":"        }","lastModifiedDate":"2023-09-01"},{"lineNumber":31,"author":{"gitId":"glenngnng"},"content":"    }","lastModifiedDate":"2023-09-01"},{"lineNumber":32,"author":{"gitId":"glenngnng"},"content":"","lastModifiedDate":"2023-09-01"},{"lineNumber":33,"author":{"gitId":"glenngnng"},"content":"    public static void writeTasks(ArrayList\u003cTask\u003e tasks) throws IOException {","lastModifiedDate":"2023-09-01"},{"lineNumber":34,"author":{"gitId":"glenngnng"},"content":"        try {","lastModifiedDate":"2023-09-01"},{"lineNumber":35,"author":{"gitId":"glenngnng"},"content":"            File dir \u003d new File(DIR_PATH);","lastModifiedDate":"2023-09-01"},{"lineNumber":36,"author":{"gitId":"glenngnng"},"content":"            if (!dir.exists()) {","lastModifiedDate":"2023-09-01"},{"lineNumber":37,"author":{"gitId":"glenngnng"},"content":"                dir.mkdir();","lastModifiedDate":"2023-09-01"},{"lineNumber":38,"author":{"gitId":"glenngnng"},"content":"            }","lastModifiedDate":"2023-09-01"},{"lineNumber":39,"author":{"gitId":"glenngnng"},"content":"            FileWriter writer \u003d new FileWriter(FILE_PATH);","lastModifiedDate":"2023-09-01"},{"lineNumber":40,"author":{"gitId":"glenngnng"},"content":"            for (Task task : tasks) {","lastModifiedDate":"2023-09-01"},{"lineNumber":41,"author":{"gitId":"glenngnng"},"content":"                writer.write(task.toWriteString() + \"\\n\");","lastModifiedDate":"2023-09-01"},{"lineNumber":42,"author":{"gitId":"glenngnng"},"content":"            }","lastModifiedDate":"2023-09-01"},{"lineNumber":43,"author":{"gitId":"glenngnng"},"content":"            writer.close();","lastModifiedDate":"2023-09-01"},{"lineNumber":44,"author":{"gitId":"glenngnng"},"content":"        } catch (IOException e) {","lastModifiedDate":"2023-09-01"},{"lineNumber":45,"author":{"gitId":"glenngnng"},"content":"            System.out.println(\"Ohno. There was an error saving your files!\");","lastModifiedDate":"2023-09-01"},{"lineNumber":46,"author":{"gitId":"glenngnng"},"content":"        }","lastModifiedDate":"2023-09-01"},{"lineNumber":47,"author":{"gitId":"glenngnng"},"content":"    }","lastModifiedDate":"2023-09-01"},{"lineNumber":48,"author":{"gitId":"glenngnng"},"content":"","lastModifiedDate":"2023-09-01"},{"lineNumber":49,"author":{"gitId":"glenngnng"},"content":"}","lastModifiedDate":"2023-09-01"}],"authorContributionMap":{"glenngnng":49}},{"path":"src/main/java/Duke/Task.java","fileType":"java","lines":[{"lineNumber":1,"author":{"gitId":"glenngnng"},"content":"package duke;","lastModifiedDate":"2023-09-01"},{"lineNumber":2,"author":{"gitId":"glenngnng"},"content":"","lastModifiedDate":"2023-09-01"},{"lineNumber":3,"author":{"gitId":"glenngnng"},"content":"public class Task {","lastModifiedDate":"2023-08-23"},{"lineNumber":4,"author":{"gitId":"glenngnng"},"content":"    protected String description;","lastModifiedDate":"2023-08-23"},{"lineNumber":5,"author":{"gitId":"glenngnng"},"content":"    protected boolean isDone;","lastModifiedDate":"2023-08-23"},{"lineNumber":6,"author":{"gitId":"glenngnng"},"content":"","lastModifiedDate":"2023-08-23"},{"lineNumber":7,"author":{"gitId":"glenngnng"},"content":"    public Task(String description) {","lastModifiedDate":"2023-08-24"},{"lineNumber":8,"author":{"gitId":"glenngnng"},"content":"        this.description \u003d description;","lastModifiedDate":"2023-08-23"},{"lineNumber":9,"author":{"gitId":"glenngnng"},"content":"        this.isDone \u003d false;","lastModifiedDate":"2023-08-23"},{"lineNumber":10,"author":{"gitId":"glenngnng"},"content":"    }","lastModifiedDate":"2023-08-23"},{"lineNumber":11,"author":{"gitId":"glenngnng"},"content":"","lastModifiedDate":"2023-08-23"},{"lineNumber":12,"author":{"gitId":"glenngnng"},"content":"    @Override","lastModifiedDate":"2023-09-01"},{"lineNumber":13,"author":{"gitId":"glenngnng"},"content":"    public String toString() {","lastModifiedDate":"2023-09-01"},{"lineNumber":14,"author":{"gitId":"glenngnng"},"content":"        return \"[\" + this.getStatusIcon() + \"] \" + this.description;","lastModifiedDate":"2023-09-01"},{"lineNumber":15,"author":{"gitId":"glenngnng"},"content":"    }","lastModifiedDate":"2023-09-01"},{"lineNumber":16,"author":{"gitId":"glenngnng"},"content":"    public String getStatusIcon() { //for tasks","lastModifiedDate":"2023-08-24"},{"lineNumber":17,"author":{"gitId":"glenngnng"},"content":"        return (isDone ? \"[X]\" : \"[ ]\");","lastModifiedDate":"2023-08-23"},{"lineNumber":18,"author":{"gitId":"glenngnng"},"content":"    }","lastModifiedDate":"2023-08-23"},{"lineNumber":19,"author":{"gitId":"glenngnng"},"content":"","lastModifiedDate":"2023-08-23"},{"lineNumber":20,"author":{"gitId":"glenngnng"},"content":"    /*public void mark() {","lastModifiedDate":"2023-09-01"},{"lineNumber":21,"author":{"gitId":"glenngnng"},"content":"        if (isDone \u003d\u003d false) {","lastModifiedDate":"2023-08-24"},{"lineNumber":22,"author":{"gitId":"glenngnng"},"content":"            isDone \u003d true;","lastModifiedDate":"2023-08-23"},{"lineNumber":23,"author":{"gitId":"glenngnng"},"content":"        } else {","lastModifiedDate":"2023-08-24"},{"lineNumber":24,"author":{"gitId":"glenngnng"},"content":"            System.out.println(\"Haha nice going... This task is already done, bozo!\");","lastModifiedDate":"2023-08-24"},{"lineNumber":25,"author":{"gitId":"glenngnng"},"content":"        }","lastModifiedDate":"2023-08-23"},{"lineNumber":26,"author":{"gitId":"glenngnng"},"content":"    } */","lastModifiedDate":"2023-09-01"},{"lineNumber":27,"author":{"gitId":"glenngnng"},"content":"    public void mark(){","lastModifiedDate":"2023-09-01"},{"lineNumber":28,"author":{"gitId":"glenngnng"},"content":"        try {","lastModifiedDate":"2023-09-01"},{"lineNumber":29,"author":{"gitId":"glenngnng"},"content":"            if (isDone \u003d\u003d true) {","lastModifiedDate":"2023-08-24"},{"lineNumber":30,"author":{"gitId":"glenngnng"},"content":"                throw new GmanException(\"Haha nice going... This task is already done, bozo!\");","lastModifiedDate":"2023-09-01"},{"lineNumber":31,"author":{"gitId":"glenngnng"},"content":"            }","lastModifiedDate":"2023-08-24"},{"lineNumber":32,"author":{"gitId":"glenngnng"},"content":"            isDone \u003d true;","lastModifiedDate":"2023-09-01"},{"lineNumber":33,"author":{"gitId":"glenngnng"},"content":"        } catch (GmanException e) {","lastModifiedDate":"2023-09-01"},{"lineNumber":34,"author":{"gitId":"glenngnng"},"content":"            System.out.println(e.getMessage());","lastModifiedDate":"2023-09-01"},{"lineNumber":35,"author":{"gitId":"glenngnng"},"content":"        }","lastModifiedDate":"2023-08-24"},{"lineNumber":36,"author":{"gitId":"glenngnng"},"content":"    }","lastModifiedDate":"2023-08-23"},{"lineNumber":37,"author":{"gitId":"glenngnng"},"content":"","lastModifiedDate":"2023-08-24"},{"lineNumber":38,"author":{"gitId":"glenngnng"},"content":"    public void unmark() {","lastModifiedDate":"2023-09-01"},{"lineNumber":39,"author":{"gitId":"glenngnng"},"content":"        try {","lastModifiedDate":"2023-09-01"},{"lineNumber":40,"author":{"gitId":"glenngnng"},"content":"            if (isDone \u003d\u003d false) {","lastModifiedDate":"2023-09-01"},{"lineNumber":41,"author":{"gitId":"glenngnng"},"content":"                throw new GmanException(\"Hey... this task was never done in the first place!\");","lastModifiedDate":"2023-09-01"},{"lineNumber":42,"author":{"gitId":"glenngnng"},"content":"            }","lastModifiedDate":"2023-09-01"},{"lineNumber":43,"author":{"gitId":"glenngnng"},"content":"            isDone \u003d false;","lastModifiedDate":"2023-09-01"},{"lineNumber":44,"author":{"gitId":"glenngnng"},"content":"        } catch (GmanException e) {","lastModifiedDate":"2023-09-01"},{"lineNumber":45,"author":{"gitId":"glenngnng"},"content":"            System.out.println(e.getMessage());","lastModifiedDate":"2023-09-01"},{"lineNumber":46,"author":{"gitId":"glenngnng"},"content":"        }","lastModifiedDate":"2023-08-24"},{"lineNumber":47,"author":{"gitId":"glenngnng"},"content":"    }","lastModifiedDate":"2023-08-23"},{"lineNumber":48,"author":{"gitId":"glenngnng"},"content":"","lastModifiedDate":"2023-08-23"},{"lineNumber":49,"author":{"gitId":"glenngnng"},"content":"    public static Task readFromFile(String line) throws GmanException {","lastModifiedDate":"2023-09-01"},{"lineNumber":50,"author":{"gitId":"glenngnng"},"content":"        String[] segments \u003d line.split(\" \\\\| \");","lastModifiedDate":"2023-08-31"},{"lineNumber":51,"author":{"gitId":"glenngnng"},"content":"        if (segments[0].equals(\"T\")) {","lastModifiedDate":"2023-08-31"},{"lineNumber":52,"author":{"gitId":"glenngnng"},"content":"            return Todo.readFromFile(segments);","lastModifiedDate":"2023-08-31"},{"lineNumber":53,"author":{"gitId":"glenngnng"},"content":"        } else if (segments[0].equals(\"D\")) {","lastModifiedDate":"2023-08-31"},{"lineNumber":54,"author":{"gitId":"glenngnng"},"content":"            return Deadline.readFromFile(segments);","lastModifiedDate":"2023-08-31"},{"lineNumber":55,"author":{"gitId":"glenngnng"},"content":"        } else if (segments[0].equals(\"E\")) {","lastModifiedDate":"2023-08-31"},{"lineNumber":56,"author":{"gitId":"glenngnng"},"content":"            return Event.readFromFile(segments);","lastModifiedDate":"2023-08-31"},{"lineNumber":57,"author":{"gitId":"glenngnng"},"content":"        } else {","lastModifiedDate":"2023-08-31"},{"lineNumber":58,"author":{"gitId":"glenngnng"},"content":"            return null;","lastModifiedDate":"2023-08-31"},{"lineNumber":59,"author":{"gitId":"glenngnng"},"content":"        }","lastModifiedDate":"2023-08-31"},{"lineNumber":60,"author":{"gitId":"glenngnng"},"content":"    }","lastModifiedDate":"2023-08-31"},{"lineNumber":61,"author":{"gitId":"glenngnng"},"content":"","lastModifiedDate":"2023-08-31"},{"lineNumber":62,"author":{"gitId":"glenngnng"},"content":"    public String toWriteString() {","lastModifiedDate":"2023-08-31"},{"lineNumber":63,"author":{"gitId":"glenngnng"},"content":"        String symbol \u003d \"O\";","lastModifiedDate":"2023-08-31"},{"lineNumber":64,"author":{"gitId":"glenngnng"},"content":"        if (this.isDone) {","lastModifiedDate":"2023-08-31"},{"lineNumber":65,"author":{"gitId":"glenngnng"},"content":"            symbol \u003d \"X\";","lastModifiedDate":"2023-08-31"},{"lineNumber":66,"author":{"gitId":"glenngnng"},"content":"        }","lastModifiedDate":"2023-08-31"},{"lineNumber":67,"author":{"gitId":"glenngnng"},"content":"        return (symbol + \" | \" + this.description);","lastModifiedDate":"2023-08-31"},{"lineNumber":68,"author":{"gitId":"glenngnng"},"content":"    }","lastModifiedDate":"2023-08-31"},{"lineNumber":69,"author":{"gitId":"glenngnng"},"content":"","lastModifiedDate":"2023-08-31"},{"lineNumber":70,"author":{"gitId":"glenngnng"},"content":"    public String getDescription() {","lastModifiedDate":"2023-09-01"},{"lineNumber":71,"author":{"gitId":"glenngnng"},"content":"        return this.description;","lastModifiedDate":"2023-09-01"},{"lineNumber":72,"author":{"gitId":"glenngnng"},"content":"    }","lastModifiedDate":"2023-09-01"},{"lineNumber":73,"author":{"gitId":"glenngnng"},"content":"","lastModifiedDate":"2023-08-24"},{"lineNumber":74,"author":{"gitId":"glenngnng"},"content":"","lastModifiedDate":"2023-08-24"},{"lineNumber":75,"author":{"gitId":"glenngnng"},"content":"}","lastModifiedDate":"2023-08-23"}],"authorContributionMap":{"glenngnng":75}},{"path":"src/main/java/Duke/TaskList.java","fileType":"java","lines":[{"lineNumber":1,"author":{"gitId":"glenngnng"},"content":"package duke;","lastModifiedDate":"2023-09-01"},{"lineNumber":2,"author":{"gitId":"glenngnng"},"content":"","lastModifiedDate":"2023-09-01"},{"lineNumber":3,"author":{"gitId":"glenngnng"},"content":"import java.io.FileNotFoundException;","lastModifiedDate":"2023-09-01"},{"lineNumber":4,"author":{"gitId":"glenngnng"},"content":"import java.io.IOException;","lastModifiedDate":"2023-09-01"},{"lineNumber":5,"author":{"gitId":"glenngnng"},"content":"import java.util.ArrayList;","lastModifiedDate":"2023-09-01"},{"lineNumber":6,"author":{"gitId":"glenngnng"},"content":"public class TaskList {","lastModifiedDate":"2023-09-01"},{"lineNumber":7,"author":{"gitId":"glenngnng"},"content":"","lastModifiedDate":"2023-09-01"},{"lineNumber":8,"author":{"gitId":"glenngnng"},"content":"    private ArrayList\u003cTask\u003e tasks;","lastModifiedDate":"2023-09-01"},{"lineNumber":9,"author":{"gitId":"glenngnng"},"content":"    private Storage storage \u003d new Storage(); //take tasks from Duke.Storage.","lastModifiedDate":"2023-09-01"},{"lineNumber":10,"author":{"gitId":"glenngnng"},"content":"","lastModifiedDate":"2023-09-01"},{"lineNumber":11,"author":{"gitId":"glenngnng"},"content":"    public TaskList() { //tries to take any previously stored tasks","lastModifiedDate":"2023-09-01"},{"lineNumber":12,"author":{"gitId":"glenngnng"},"content":"        try {","lastModifiedDate":"2023-09-01"},{"lineNumber":13,"author":{"gitId":"glenngnng"},"content":"            this.tasks \u003d this.storage.readTasks(); //will return empty ArrayList when nothing in file.","lastModifiedDate":"2023-09-01"},{"lineNumber":14,"author":{"gitId":"glenngnng"},"content":"        } catch (FileNotFoundException e) {","lastModifiedDate":"2023-09-01"},{"lineNumber":15,"author":{"gitId":"glenngnng"},"content":"            System.out.println(\"Looks like you do not have any previous tasks saved!\");","lastModifiedDate":"2023-09-01"},{"lineNumber":16,"author":{"gitId":"glenngnng"},"content":"        }","lastModifiedDate":"2023-09-01"},{"lineNumber":17,"author":{"gitId":"glenngnng"},"content":"    }","lastModifiedDate":"2023-09-01"},{"lineNumber":18,"author":{"gitId":"glenngnng"},"content":"","lastModifiedDate":"2023-09-01"},{"lineNumber":19,"author":{"gitId":"glenngnng"},"content":"    public void addTask(Task task) {","lastModifiedDate":"2023-09-01"},{"lineNumber":20,"author":{"gitId":"glenngnng"},"content":"        tasks.add(task);","lastModifiedDate":"2023-09-01"},{"lineNumber":21,"author":{"gitId":"glenngnng"},"content":"        Ui.addedTask(task);","lastModifiedDate":"2023-09-01"},{"lineNumber":22,"author":{"gitId":"glenngnng"},"content":"    }","lastModifiedDate":"2023-09-01"},{"lineNumber":23,"author":{"gitId":"glenngnng"},"content":"","lastModifiedDate":"2023-09-01"},{"lineNumber":24,"author":{"gitId":"glenngnng"},"content":"    public void deleteTask(int index) throws GmanException{","lastModifiedDate":"2023-09-01"},{"lineNumber":25,"author":{"gitId":"glenngnng"},"content":"        try {","lastModifiedDate":"2023-09-01"},{"lineNumber":26,"author":{"gitId":"glenngnng"},"content":"            if (index \u003e this.getSize() || this.getSize() \u003d\u003d 0) {","lastModifiedDate":"2023-09-01"},{"lineNumber":27,"author":{"gitId":"glenngnng"},"content":"                throw new GmanException(\"HEYHEYHEY! There\u0027s nothing to delete here!\");","lastModifiedDate":"2023-09-01"},{"lineNumber":28,"author":{"gitId":"glenngnng"},"content":"            }","lastModifiedDate":"2023-09-01"},{"lineNumber":29,"author":{"gitId":"glenngnng"},"content":"            Ui.removedTask(tasks.get(index));","lastModifiedDate":"2023-09-01"},{"lineNumber":30,"author":{"gitId":"glenngnng"},"content":"            tasks.remove(index);","lastModifiedDate":"2023-09-01"},{"lineNumber":31,"author":{"gitId":"glenngnng"},"content":"","lastModifiedDate":"2023-09-01"},{"lineNumber":32,"author":{"gitId":"glenngnng"},"content":"        } catch (GmanException e) {","lastModifiedDate":"2023-09-01"},{"lineNumber":33,"author":{"gitId":"glenngnng"},"content":"            System.out.println(e.getMessage());","lastModifiedDate":"2023-09-01"},{"lineNumber":34,"author":{"gitId":"glenngnng"},"content":"        }","lastModifiedDate":"2023-09-01"},{"lineNumber":35,"author":{"gitId":"glenngnng"},"content":"","lastModifiedDate":"2023-09-01"},{"lineNumber":36,"author":{"gitId":"glenngnng"},"content":"    }","lastModifiedDate":"2023-09-01"},{"lineNumber":37,"author":{"gitId":"glenngnng"},"content":"    public void unmark(int index) throws GmanException {","lastModifiedDate":"2023-09-01"},{"lineNumber":38,"author":{"gitId":"glenngnng"},"content":"        //needed to let tasks remain private","lastModifiedDate":"2023-09-01"},{"lineNumber":39,"author":{"gitId":"glenngnng"},"content":"        Task task \u003d tasks.get(index);","lastModifiedDate":"2023-09-01"},{"lineNumber":40,"author":{"gitId":"glenngnng"},"content":"        task.unmark();","lastModifiedDate":"2023-09-01"},{"lineNumber":41,"author":{"gitId":"glenngnng"},"content":"        Ui.unmark(task.toString());","lastModifiedDate":"2023-09-01"},{"lineNumber":42,"author":{"gitId":"glenngnng"},"content":"    }","lastModifiedDate":"2023-09-01"},{"lineNumber":43,"author":{"gitId":"glenngnng"},"content":"","lastModifiedDate":"2023-09-01"},{"lineNumber":44,"author":{"gitId":"glenngnng"},"content":"    public void mark(int index) throws GmanException {","lastModifiedDate":"2023-09-01"},{"lineNumber":45,"author":{"gitId":"glenngnng"},"content":"        Task task \u003d tasks.get(index);","lastModifiedDate":"2023-09-01"},{"lineNumber":46,"author":{"gitId":"glenngnng"},"content":"        task.mark();","lastModifiedDate":"2023-09-01"},{"lineNumber":47,"author":{"gitId":"glenngnng"},"content":"        Ui.mark(task.toString());","lastModifiedDate":"2023-09-01"},{"lineNumber":48,"author":{"gitId":"glenngnng"},"content":"    }","lastModifiedDate":"2023-09-01"},{"lineNumber":49,"author":{"gitId":"glenngnng"},"content":"","lastModifiedDate":"2023-09-01"},{"lineNumber":50,"author":{"gitId":"glenngnng"},"content":"    public int getSize() {","lastModifiedDate":"2023-09-01"},{"lineNumber":51,"author":{"gitId":"glenngnng"},"content":"        return tasks.size();","lastModifiedDate":"2023-09-01"},{"lineNumber":52,"author":{"gitId":"glenngnng"},"content":"    }","lastModifiedDate":"2023-09-01"},{"lineNumber":53,"author":{"gitId":"glenngnng"},"content":"","lastModifiedDate":"2023-09-01"},{"lineNumber":54,"author":{"gitId":"glenngnng"},"content":"    public Task getTask(int index) {","lastModifiedDate":"2023-09-01"},{"lineNumber":55,"author":{"gitId":"glenngnng"},"content":"        return tasks.get(index);","lastModifiedDate":"2023-09-01"},{"lineNumber":56,"author":{"gitId":"glenngnng"},"content":"    }","lastModifiedDate":"2023-09-01"},{"lineNumber":57,"author":{"gitId":"glenngnng"},"content":"","lastModifiedDate":"2023-09-01"},{"lineNumber":58,"author":{"gitId":"glenngnng"},"content":"    public void write() throws IOException {","lastModifiedDate":"2023-09-01"},{"lineNumber":59,"author":{"gitId":"glenngnng"},"content":"        Storage.writeTasks(tasks);","lastModifiedDate":"2023-09-01"},{"lineNumber":60,"author":{"gitId":"glenngnng"},"content":"    }","lastModifiedDate":"2023-09-01"},{"lineNumber":61,"author":{"gitId":"glenngnng"},"content":"","lastModifiedDate":"2023-09-01"},{"lineNumber":62,"author":{"gitId":"glenngnng"},"content":"    public void findTasks(String keyword) {","lastModifiedDate":"2023-09-01"},{"lineNumber":63,"author":{"gitId":"glenngnng"},"content":"        ArrayList\u003cTask\u003e tasksWithKeyword \u003d new ArrayList\u003c\u003e();","lastModifiedDate":"2023-09-01"},{"lineNumber":64,"author":{"gitId":"glenngnng"},"content":"        for (Task task : tasks) {","lastModifiedDate":"2023-09-01"},{"lineNumber":65,"author":{"gitId":"glenngnng"},"content":"            if (task.getDescription().contains(keyword)) {","lastModifiedDate":"2023-09-01"},{"lineNumber":66,"author":{"gitId":"glenngnng"},"content":"                tasksWithKeyword.add(task);","lastModifiedDate":"2023-09-01"},{"lineNumber":67,"author":{"gitId":"glenngnng"},"content":"            }","lastModifiedDate":"2023-09-01"},{"lineNumber":68,"author":{"gitId":"glenngnng"},"content":"        }","lastModifiedDate":"2023-09-01"},{"lineNumber":69,"author":{"gitId":"glenngnng"},"content":"        Ui.listTasksFound(tasksWithKeyword);","lastModifiedDate":"2023-09-01"},{"lineNumber":70,"author":{"gitId":"glenngnng"},"content":"    }","lastModifiedDate":"2023-09-01"},{"lineNumber":71,"author":{"gitId":"glenngnng"},"content":"","lastModifiedDate":"2023-09-01"},{"lineNumber":72,"author":{"gitId":"glenngnng"},"content":"}","lastModifiedDate":"2023-09-01"}],"authorContributionMap":{"glenngnng":72}},{"path":"src/main/java/Duke/Todo.java","fileType":"java","lines":[{"lineNumber":1,"author":{"gitId":"glenngnng"},"content":"package duke;","lastModifiedDate":"2023-09-01"},{"lineNumber":2,"author":{"gitId":"glenngnng"},"content":"","lastModifiedDate":"2023-09-01"},{"lineNumber":3,"author":{"gitId":"glenngnng"},"content":"/**","lastModifiedDate":"2023-09-01"},{"lineNumber":4,"author":{"gitId":"glenngnng"},"content":" * A Todo Task that contains a description.","lastModifiedDate":"2023-09-01"},{"lineNumber":5,"author":{"gitId":"glenngnng"},"content":" */","lastModifiedDate":"2023-09-01"},{"lineNumber":6,"author":{"gitId":"glenngnng"},"content":"public class Todo extends Task{","lastModifiedDate":"2023-08-24"},{"lineNumber":7,"author":{"gitId":"glenngnng"},"content":"","lastModifiedDate":"2023-08-24"},{"lineNumber":8,"author":{"gitId":"glenngnng"},"content":"    /**","lastModifiedDate":"2023-09-01"},{"lineNumber":9,"author":{"gitId":"glenngnng"},"content":"     * A Todo task constructor.","lastModifiedDate":"2023-09-01"},{"lineNumber":10,"author":{"gitId":"glenngnng"},"content":"     * @param description The description of the Todo task.","lastModifiedDate":"2023-09-01"},{"lineNumber":11,"author":{"gitId":"glenngnng"},"content":"     */","lastModifiedDate":"2023-09-01"},{"lineNumber":12,"author":{"gitId":"glenngnng"},"content":"    public Todo(String description) {","lastModifiedDate":"2023-08-24"},{"lineNumber":13,"author":{"gitId":"glenngnng"},"content":"        super(description);","lastModifiedDate":"2023-08-24"},{"lineNumber":14,"author":{"gitId":"glenngnng"},"content":"    }","lastModifiedDate":"2023-08-24"},{"lineNumber":15,"author":{"gitId":"glenngnng"},"content":"","lastModifiedDate":"2023-08-24"},{"lineNumber":16,"author":{"gitId":"glenngnng"},"content":"    /**","lastModifiedDate":"2023-09-01"},{"lineNumber":17,"author":{"gitId":"glenngnng"},"content":"     * A string representation of the Todo Task containing the symbol, status icon and description.","lastModifiedDate":"2023-09-01"},{"lineNumber":18,"author":{"gitId":"glenngnng"},"content":"     * @return A string to be printed to the user.","lastModifiedDate":"2023-09-01"},{"lineNumber":19,"author":{"gitId":"glenngnng"},"content":"     */","lastModifiedDate":"2023-09-01"},{"lineNumber":20,"author":{"gitId":"glenngnng"},"content":"    @Override","lastModifiedDate":"2023-08-24"},{"lineNumber":21,"author":{"gitId":"glenngnng"},"content":"    public String toString() {","lastModifiedDate":"2023-09-01"},{"lineNumber":22,"author":{"gitId":"glenngnng"},"content":"        return \"[T]\" + super.getStatusIcon() + description;","lastModifiedDate":"2023-09-01"},{"lineNumber":23,"author":{"gitId":"glenngnng"},"content":"    }","lastModifiedDate":"2023-08-24"},{"lineNumber":24,"author":{"gitId":"glenngnng"},"content":"","lastModifiedDate":"2023-08-24"},{"lineNumber":25,"author":{"gitId":"glenngnng"},"content":"    /**","lastModifiedDate":"2023-09-01"},{"lineNumber":26,"author":{"gitId":"glenngnng"},"content":"     * Reads a line in a .txt file that represents a Todo task and converts it to a Todo Task.","lastModifiedDate":"2023-09-01"},{"lineNumber":27,"author":{"gitId":"glenngnng"},"content":"     * @param segments A string array that is split by \" | \", separating the line into useful chunks.","lastModifiedDate":"2023-09-01"},{"lineNumber":28,"author":{"gitId":"glenngnng"},"content":"     * @return A deadline task.","lastModifiedDate":"2023-09-01"},{"lineNumber":29,"author":{"gitId":"glenngnng"},"content":"     */","lastModifiedDate":"2023-09-01"},{"lineNumber":30,"author":{"gitId":"glenngnng"},"content":"    public static Todo readFromFile(String[] segments) {","lastModifiedDate":"2023-09-01"},{"lineNumber":31,"author":{"gitId":"glenngnng"},"content":"        String symbol \u003d segments[1];","lastModifiedDate":"2023-08-31"},{"lineNumber":32,"author":{"gitId":"glenngnng"},"content":"        String description \u003d segments[2];","lastModifiedDate":"2023-08-31"},{"lineNumber":33,"author":{"gitId":"glenngnng"},"content":"        Todo toReturn \u003d  new Todo(description);","lastModifiedDate":"2023-08-31"},{"lineNumber":34,"author":{"gitId":"glenngnng"},"content":"        if (symbol.equals(\"X\")) {","lastModifiedDate":"2023-08-31"},{"lineNumber":35,"author":{"gitId":"glenngnng"},"content":"            toReturn.mark();","lastModifiedDate":"2023-08-31"},{"lineNumber":36,"author":{"gitId":"glenngnng"},"content":"        }","lastModifiedDate":"2023-08-31"},{"lineNumber":37,"author":{"gitId":"glenngnng"},"content":"        return toReturn;","lastModifiedDate":"2023-08-31"},{"lineNumber":38,"author":{"gitId":"glenngnng"},"content":"        ","lastModifiedDate":"2023-09-01"},{"lineNumber":39,"author":{"gitId":"glenngnng"},"content":"    }","lastModifiedDate":"2023-08-31"},{"lineNumber":40,"author":{"gitId":"glenngnng"},"content":"","lastModifiedDate":"2023-08-31"},{"lineNumber":41,"author":{"gitId":"glenngnng"},"content":"","lastModifiedDate":"2023-08-31"},{"lineNumber":42,"author":{"gitId":"glenngnng"},"content":"    /**","lastModifiedDate":"2023-09-01"},{"lineNumber":43,"author":{"gitId":"glenngnng"},"content":"     * returns A String to be written into the .txt file.","lastModifiedDate":"2023-09-01"},{"lineNumber":44,"author":{"gitId":"glenngnng"},"content":"     * @return A formatted String for the Todo task and \" | \" separators.","lastModifiedDate":"2023-09-01"},{"lineNumber":45,"author":{"gitId":"glenngnng"},"content":"     */","lastModifiedDate":"2023-09-01"},{"lineNumber":46,"author":{"gitId":"glenngnng"},"content":"    @Override","lastModifiedDate":"2023-08-31"},{"lineNumber":47,"author":{"gitId":"glenngnng"},"content":"    public String toWriteString() {","lastModifiedDate":"2023-08-31"},{"lineNumber":48,"author":{"gitId":"glenngnng"},"content":"        String toWrite \u003d \"T\" + \" | \" + super.toWriteString();","lastModifiedDate":"2023-08-31"},{"lineNumber":49,"author":{"gitId":"glenngnng"},"content":"        return toWrite;","lastModifiedDate":"2023-08-31"},{"lineNumber":50,"author":{"gitId":"glenngnng"},"content":"    }","lastModifiedDate":"2023-08-31"},{"lineNumber":51,"author":{"gitId":"glenngnng"},"content":"}","lastModifiedDate":"2023-08-24"}],"authorContributionMap":{"glenngnng":51}},{"path":"src/main/java/Duke/Ui.java","fileType":"java","lines":[{"lineNumber":1,"author":{"gitId":"glenngnng"},"content":"package duke;","lastModifiedDate":"2023-09-01"},{"lineNumber":2,"author":{"gitId":"glenngnng"},"content":"","lastModifiedDate":"2023-09-01"},{"lineNumber":3,"author":{"gitId":"glenngnng"},"content":"import java.util.ArrayList;","lastModifiedDate":"2023-09-01"},{"lineNumber":4,"author":{"gitId":"glenngnng"},"content":"","lastModifiedDate":"2023-09-01"},{"lineNumber":5,"author":{"gitId":"glenngnng"},"content":"public class Ui {","lastModifiedDate":"2023-09-01"},{"lineNumber":6,"author":{"gitId":"glenngnng"},"content":"","lastModifiedDate":"2023-09-01"},{"lineNumber":7,"author":{"gitId":"glenngnng"},"content":"    public static void greet() {","lastModifiedDate":"2023-09-01"},{"lineNumber":8,"author":{"gitId":"glenngnng"},"content":"        System.out.println(\"Hello! I\u0027m Duke.Gman! \\nWhat can I do for you?\");","lastModifiedDate":"2023-09-01"},{"lineNumber":9,"author":{"gitId":"glenngnng"},"content":"    }","lastModifiedDate":"2023-09-01"},{"lineNumber":10,"author":{"gitId":"glenngnng"},"content":"","lastModifiedDate":"2023-09-01"},{"lineNumber":11,"author":{"gitId":"glenngnng"},"content":"    public static void goodbye() {","lastModifiedDate":"2023-09-01"},{"lineNumber":12,"author":{"gitId":"glenngnng"},"content":"        System.out.println(\"Bye. Hope to see you again soon!\");","lastModifiedDate":"2023-09-01"},{"lineNumber":13,"author":{"gitId":"glenngnng"},"content":"    }","lastModifiedDate":"2023-09-01"},{"lineNumber":14,"author":{"gitId":"glenngnng"},"content":"","lastModifiedDate":"2023-09-01"},{"lineNumber":15,"author":{"gitId":"glenngnng"},"content":"    public static void listTasks(TaskList taskList) {","lastModifiedDate":"2023-09-01"},{"lineNumber":16,"author":{"gitId":"glenngnng"},"content":"        try {","lastModifiedDate":"2023-09-01"},{"lineNumber":17,"author":{"gitId":"glenngnng"},"content":"            if (taskList.getSize() \u003d\u003d 0) {","lastModifiedDate":"2023-09-01"},{"lineNumber":18,"author":{"gitId":"glenngnng"},"content":"                throw new GmanException(\"There\u0027s nothing to print in the list\");","lastModifiedDate":"2023-09-01"},{"lineNumber":19,"author":{"gitId":"glenngnng"},"content":"            }","lastModifiedDate":"2023-09-01"},{"lineNumber":20,"author":{"gitId":"glenngnng"},"content":"            System.out.println(\"Here are the tasks in your list:\");","lastModifiedDate":"2023-09-01"},{"lineNumber":21,"author":{"gitId":"glenngnng"},"content":"            for (int i \u003d 0; i \u003c taskList.getSize(); i++) {","lastModifiedDate":"2023-09-01"},{"lineNumber":22,"author":{"gitId":"glenngnng"},"content":"                System.out.println((i + 1) + \". \"  + taskList.getTask(i).toString());","lastModifiedDate":"2023-09-01"},{"lineNumber":23,"author":{"gitId":"glenngnng"},"content":"            }","lastModifiedDate":"2023-09-01"},{"lineNumber":24,"author":{"gitId":"glenngnng"},"content":"        } catch (GmanException e) {","lastModifiedDate":"2023-09-01"},{"lineNumber":25,"author":{"gitId":"glenngnng"},"content":"            System.out.println(e.getMessage());","lastModifiedDate":"2023-09-01"},{"lineNumber":26,"author":{"gitId":"glenngnng"},"content":"        }","lastModifiedDate":"2023-09-01"},{"lineNumber":27,"author":{"gitId":"glenngnng"},"content":"    }","lastModifiedDate":"2023-09-01"},{"lineNumber":28,"author":{"gitId":"glenngnng"},"content":"","lastModifiedDate":"2023-09-01"},{"lineNumber":29,"author":{"gitId":"glenngnng"},"content":"    public static void numberOfTasks(TaskList taskList) {","lastModifiedDate":"2023-09-01"},{"lineNumber":30,"author":{"gitId":"glenngnng"},"content":"        if (taskList.getSize() \u003d\u003d 0) {","lastModifiedDate":"2023-09-01"},{"lineNumber":31,"author":{"gitId":"glenngnng"},"content":"            System.out.println(\"There are no tasks in the list!\");","lastModifiedDate":"2023-09-01"},{"lineNumber":32,"author":{"gitId":"glenngnng"},"content":"        } else if (taskList.getSize() \u003d\u003d 1) {","lastModifiedDate":"2023-09-01"},{"lineNumber":33,"author":{"gitId":"glenngnng"},"content":"            System.out.println(\"Now you have 1 task in the list.\");","lastModifiedDate":"2023-09-01"},{"lineNumber":34,"author":{"gitId":"glenngnng"},"content":"        } else {","lastModifiedDate":"2023-09-01"},{"lineNumber":35,"author":{"gitId":"glenngnng"},"content":"            System.out.println(\"Now you have \" + taskList.getSize() + \" tasks in the list.\");","lastModifiedDate":"2023-09-01"},{"lineNumber":36,"author":{"gitId":"glenngnng"},"content":"        }","lastModifiedDate":"2023-09-01"},{"lineNumber":37,"author":{"gitId":"glenngnng"},"content":"    }","lastModifiedDate":"2023-09-01"},{"lineNumber":38,"author":{"gitId":"glenngnng"},"content":"","lastModifiedDate":"2023-09-01"},{"lineNumber":39,"author":{"gitId":"glenngnng"},"content":"    public static void addedTask(Task task) {","lastModifiedDate":"2023-09-01"},{"lineNumber":40,"author":{"gitId":"glenngnng"},"content":"        System.out.println(\"Got it. I\u0027ve added this task:\");","lastModifiedDate":"2023-09-01"},{"lineNumber":41,"author":{"gitId":"glenngnng"},"content":"        System.out.println(task.toString());","lastModifiedDate":"2023-09-01"},{"lineNumber":42,"author":{"gitId":"glenngnng"},"content":"    }","lastModifiedDate":"2023-09-01"},{"lineNumber":43,"author":{"gitId":"glenngnng"},"content":"","lastModifiedDate":"2023-09-01"},{"lineNumber":44,"author":{"gitId":"glenngnng"},"content":"    public static void removedTask(Task task) {","lastModifiedDate":"2023-09-01"},{"lineNumber":45,"author":{"gitId":"glenngnng"},"content":"        System.out.println(\"Noted. I\u0027ve removed this task:\");","lastModifiedDate":"2023-09-01"},{"lineNumber":46,"author":{"gitId":"glenngnng"},"content":"        System.out.println(task.toString());","lastModifiedDate":"2023-09-01"},{"lineNumber":47,"author":{"gitId":"glenngnng"},"content":"    }","lastModifiedDate":"2023-09-01"},{"lineNumber":48,"author":{"gitId":"glenngnng"},"content":"","lastModifiedDate":"2023-09-01"},{"lineNumber":49,"author":{"gitId":"glenngnng"},"content":"    public static void mark(String taskToString) {","lastModifiedDate":"2023-09-01"},{"lineNumber":50,"author":{"gitId":"glenngnng"},"content":"        System.out.println(\"Nice! I\u0027ve marked this task as done:\");","lastModifiedDate":"2023-09-01"},{"lineNumber":51,"author":{"gitId":"glenngnng"},"content":"        System.out.println(taskToString);","lastModifiedDate":"2023-09-01"},{"lineNumber":52,"author":{"gitId":"glenngnng"},"content":"    }","lastModifiedDate":"2023-09-01"},{"lineNumber":53,"author":{"gitId":"glenngnng"},"content":"","lastModifiedDate":"2023-09-01"},{"lineNumber":54,"author":{"gitId":"glenngnng"},"content":"    public static void unmark(String taskToString) {","lastModifiedDate":"2023-09-01"},{"lineNumber":55,"author":{"gitId":"glenngnng"},"content":"        System.out.println(\"OK, I\u0027ve marked this task as not done yet:\");","lastModifiedDate":"2023-09-01"},{"lineNumber":56,"author":{"gitId":"glenngnng"},"content":"        System.out.println(taskToString);","lastModifiedDate":"2023-09-01"},{"lineNumber":57,"author":{"gitId":"glenngnng"},"content":"    }","lastModifiedDate":"2023-09-01"},{"lineNumber":58,"author":{"gitId":"glenngnng"},"content":"","lastModifiedDate":"2023-09-01"},{"lineNumber":59,"author":{"gitId":"glenngnng"},"content":"    public static void listTasksFound(ArrayList\u003cTask\u003e tasks) {","lastModifiedDate":"2023-09-01"},{"lineNumber":60,"author":{"gitId":"glenngnng"},"content":"        System.out.println(\"Here are the matching tasks in your list:\");","lastModifiedDate":"2023-09-01"},{"lineNumber":61,"author":{"gitId":"glenngnng"},"content":"        for (int i \u003d 0; i \u003c tasks.size(); i++) {","lastModifiedDate":"2023-09-01"},{"lineNumber":62,"author":{"gitId":"glenngnng"},"content":"            System.out.println((i + 1) + \". \" + tasks.get(i).toString());","lastModifiedDate":"2023-09-01"},{"lineNumber":63,"author":{"gitId":"glenngnng"},"content":"        }","lastModifiedDate":"2023-09-01"},{"lineNumber":64,"author":{"gitId":"glenngnng"},"content":"    }","lastModifiedDate":"2023-09-01"},{"lineNumber":65,"author":{"gitId":"glenngnng"},"content":"","lastModifiedDate":"2023-09-01"},{"lineNumber":66,"author":{"gitId":"glenngnng"},"content":"","lastModifiedDate":"2023-09-01"},{"lineNumber":67,"author":{"gitId":"glenngnng"},"content":"}","lastModifiedDate":"2023-09-01"}],"authorContributionMap":{"glenngnng":67}},{"path":"src/test/java/duke/DeadlineTest.java","fileType":"java","lines":[{"lineNumber":1,"author":{"gitId":"glenngnng"},"content":"package duke;","lastModifiedDate":"2023-09-01"},{"lineNumber":2,"author":{"gitId":"glenngnng"},"content":"","lastModifiedDate":"2023-09-01"},{"lineNumber":3,"author":{"gitId":"glenngnng"},"content":"import org.junit.jupiter.api.Test;","lastModifiedDate":"2023-09-01"},{"lineNumber":4,"author":{"gitId":"glenngnng"},"content":"public class DeadlineTest {","lastModifiedDate":"2023-09-01"},{"lineNumber":5,"author":{"gitId":"glenngnng"},"content":"","lastModifiedDate":"2023-09-01"},{"lineNumber":6,"author":{"gitId":"glenngnng"},"content":"    @Test","lastModifiedDate":"2023-09-01"},{"lineNumber":7,"author":{"gitId":"glenngnng"},"content":"    public void testToString() {","lastModifiedDate":"2023-09-01"},{"lineNumber":8,"author":{"gitId":"glenngnng"},"content":"        Deadline deadline  \u003d new Deadline(\" have more fun\", \"2019-10-19 1800\");","lastModifiedDate":"2023-09-01"},{"lineNumber":9,"author":{"gitId":"glenngnng"},"content":"        assert deadline.toString().equals(\"[D][ ] have more fun (by: Oct 19 2019 1800)\");","lastModifiedDate":"2023-09-01"},{"lineNumber":10,"author":{"gitId":"glenngnng"},"content":"    }","lastModifiedDate":"2023-09-01"},{"lineNumber":11,"author":{"gitId":"glenngnng"},"content":"}","lastModifiedDate":"2023-09-01"}],"authorContributionMap":{"glenngnng":11}},{"path":"src/test/java/duke/TodoTest.java","fileType":"java","lines":[{"lineNumber":1,"author":{"gitId":"glenngnng"},"content":"package duke;","lastModifiedDate":"2023-09-01"},{"lineNumber":2,"author":{"gitId":"glenngnng"},"content":"","lastModifiedDate":"2023-09-01"},{"lineNumber":3,"author":{"gitId":"glenngnng"},"content":"import org.junit.jupiter.api.Test;","lastModifiedDate":"2023-09-01"},{"lineNumber":4,"author":{"gitId":"glenngnng"},"content":"","lastModifiedDate":"2023-09-01"},{"lineNumber":5,"author":{"gitId":"glenngnng"},"content":"public class TodoTest {","lastModifiedDate":"2023-09-01"},{"lineNumber":6,"author":{"gitId":"glenngnng"},"content":"    @Test","lastModifiedDate":"2023-09-01"},{"lineNumber":7,"author":{"gitId":"glenngnng"},"content":"    public void testToString() {","lastModifiedDate":"2023-09-01"},{"lineNumber":8,"author":{"gitId":"glenngnng"},"content":"        Todo todo \u003d new Todo(\" have fun\");","lastModifiedDate":"2023-09-01"},{"lineNumber":9,"author":{"gitId":"glenngnng"},"content":"        assert todo.toString().equals(\"[T][ ] have fun\");","lastModifiedDate":"2023-09-01"},{"lineNumber":10,"author":{"gitId":"glenngnng"},"content":"    }","lastModifiedDate":"2023-09-01"},{"lineNumber":11,"author":{"gitId":"glenngnng"},"content":"}","lastModifiedDate":"2023-09-01"}],"authorContributionMap":{"glenngnng":11}},{"path":"text-ui-test/input.txt","fileType":"txt","lines":[{"lineNumber":1,"author":{"gitId":"glenngnng"},"content":"hi","lastModifiedDate":"2023-08-24"},{"lineNumber":2,"author":{"gitId":"glenngnng"},"content":"list","lastModifiedDate":"2023-08-24"},{"lineNumber":3,"author":{"gitId":"glenngnng"},"content":"todo have fun!","lastModifiedDate":"2023-08-24"},{"lineNumber":4,"author":{"gitId":"glenngnng"},"content":"deadline do assignment /by thursday 2350","lastModifiedDate":"2023-08-24"},{"lineNumber":5,"author":{"gitId":"glenngnng"},"content":"event fundraising for charity /from thursday 2350 /to friday 1200","lastModifiedDate":"2023-08-24"},{"lineNumber":6,"author":{"gitId":"glenngnng"},"content":"list","lastModifiedDate":"2023-08-24"},{"lineNumber":7,"author":{"gitId":"glenngnng"},"content":"mark 1","lastModifiedDate":"2023-08-24"},{"lineNumber":8,"author":{"gitId":"glenngnng"},"content":"mark 1","lastModifiedDate":"2023-08-24"},{"lineNumber":9,"author":{"gitId":"glenngnng"},"content":"list","lastModifiedDate":"2023-08-24"},{"lineNumber":10,"author":{"gitId":"glenngnng"},"content":"unmark 1","lastModifiedDate":"2023-08-24"},{"lineNumber":11,"author":{"gitId":"glenngnng"},"content":"list","lastModifiedDate":"2023-08-24"},{"lineNumber":12,"author":{"gitId":"glenngnng"},"content":"bye","lastModifiedDate":"2023-08-24"}],"authorContributionMap":{"glenngnng":12}},{"path":"text-ui-test/runtest.bat","fileType":"bat","lines":[{"lineNumber":1,"author":{"gitId":"-"},"content":"@ECHO OFF","lastModifiedDate":"2020-05-25"},{"lineNumber":2,"author":{"gitId":"-"},"content":"","lastModifiedDate":"2020-05-25"},{"lineNumber":3,"author":{"gitId":"-"},"content":"REM create bin directory if it doesn\u0027t exist","lastModifiedDate":"2020-05-25"},{"lineNumber":4,"author":{"gitId":"-"},"content":"if not exist ..\\bin mkdir ..\\bin","lastModifiedDate":"2020-05-25"},{"lineNumber":5,"author":{"gitId":"-"},"content":"","lastModifiedDate":"2020-05-25"},{"lineNumber":6,"author":{"gitId":"-"},"content":"REM delete output from previous run","lastModifiedDate":"2020-05-25"},{"lineNumber":7,"author":{"gitId":"-"},"content":"if exist ACTUAL.TXT del ACTUAL.TXT","lastModifiedDate":"2020-08-25"},{"lineNumber":8,"author":{"gitId":"-"},"content":"","lastModifiedDate":"2020-05-25"},{"lineNumber":9,"author":{"gitId":"-"},"content":"REM compile the code into the bin folder","lastModifiedDate":"2020-05-25"},{"lineNumber":10,"author":{"gitId":"-"},"content":"javac  -cp ..\\src\\main\\java -Xlint:none -d ..\\bin ..\\src\\main\\java\\*.java","lastModifiedDate":"2020-08-25"},{"lineNumber":11,"author":{"gitId":"-"},"content":"IF ERRORLEVEL 1 (","lastModifiedDate":"2020-05-25"},{"lineNumber":12,"author":{"gitId":"-"},"content":"    echo ********** BUILD FAILURE **********","lastModifiedDate":"2020-05-25"},{"lineNumber":13,"author":{"gitId":"-"},"content":"    exit /b 1","lastModifiedDate":"2020-05-25"},{"lineNumber":14,"author":{"gitId":"-"},"content":")","lastModifiedDate":"2020-05-25"},{"lineNumber":15,"author":{"gitId":"-"},"content":"REM no error here, errorlevel \u003d\u003d 0","lastModifiedDate":"2020-05-25"},{"lineNumber":16,"author":{"gitId":"-"},"content":"","lastModifiedDate":"2020-05-25"},{"lineNumber":17,"author":{"gitId":"-"},"content":"REM run the program, feed commands from input.txt file and redirect the output to the ACTUAL.TXT","lastModifiedDate":"2020-05-25"},{"lineNumber":18,"author":{"gitId":"glenngnng"},"content":"java -classpath ..\\bin duke \u003c input.txt \u003e ACTUAL.TXT","lastModifiedDate":"2023-09-01"},{"lineNumber":19,"author":{"gitId":"-"},"content":"","lastModifiedDate":"2020-05-25"},{"lineNumber":20,"author":{"gitId":"-"},"content":"REM compare the output to the expected output","lastModifiedDate":"2020-05-25"},{"lineNumber":21,"author":{"gitId":"-"},"content":"FC ACTUAL.TXT EXPECTED.TXT","lastModifiedDate":"2020-05-25"}],"authorContributionMap":{"glenngnng":1,"-":20}}]
