{"authorDailyContributionsMap":{"glenngnng":[{"date":"2023-08-23","commitResults":[{"hash":"46c0b8dbd5f63d9f8905921424c9d08841df6ae8","isMergeCommit":false,"messageTitle":"Ranamed, added greeting and exit.","messageBody":"","tags":["Level-0"],"fileTypesAndContributionMap":{"java":{"insertions":11,"deletions":10}}},{"hash":"86a0ab013d7142ab022b9e0f5a1c1a6348490bae","isMergeCommit":false,"messageTitle":"Made Gman echo","messageBody":"","tags":["Level-1"],"fileTypesAndContributionMap":{"java":{"insertions":12,"deletions":6}}},{"hash":"f97f9559aac1d5eb836bcc5e75eeaadb429201a5","isMergeCommit":false,"messageTitle":"Added ability to store whatever text entered by user and display them back to user when requested.","messageBody":"","tags":["Level-2"],"fileTypesAndContributionMap":{"java":{"insertions":15,"deletions":5}}},{"hash":"3919847f43367bd97abc6876a024d20325b1b6ea","isMergeCommit":false,"messageTitle":"Level 3: added task class and mark as done and unmark feature.","messageBody":"","tags":["Level-3"],"fileTypesAndContributionMap":{"java":{"insertions":44,"deletions":5}}}]},{"date":"2023-08-24","commitResults":[{"hash":"4ba027312731c5b01495350aec21a72fceba9ca4","isMergeCommit":false,"messageTitle":"Made subclasses for Task: deadline, event, todo, generictask","messageBody":"","tags":["Level-4"],"fileTypesAndContributionMap":{"java":{"insertions":168,"deletions":15}}},{"hash":"5843de3c8c29712651b6c8948e3dcf95259858d6","isMergeCommit":false,"messageTitle":"added tag","messageBody":"","fileTypesAndContributionMap":{"java":{"insertions":9,"deletions":3}}},{"hash":"879d920648e00f40d525b1b17b6de69fb559b7a1","isMergeCommit":false,"messageTitle":"Added some exceptions as per requirements, will add more later","messageBody":"","tags":["Level-5"],"fileTypesAndContributionMap":{"java":{"insertions":34,"deletions":5}}},{"hash":"d2b55fa242714c46fe338396a4c7ca10cc349305","isMergeCommit":false,"messageTitle":"added delete functionality, used arraylist instead of static array","messageBody":"","tags":["Level-6"],"fileTypesAndContributionMap":{"java":{"insertions":93,"deletions":64}}},{"hash":"383f01597d609a7818f33013ee06c17d98781167","isMergeCommit":false,"messageTitle":"added test","messageBody":"","tags":["A-TextUiTesting"],"fileTypesAndContributionMap":{"txt":{"insertions":12,"deletions":0}}}]},{"date":"2023-08-25","commitResults":[{"hash":"ea215dcd64c6b45aa2e1617a2831399b09cf7ddc","isMergeCommit":false,"messageTitle":"committing one moer time to refresh online IP tracker","messageBody":"","fileTypesAndContributionMap":{"txt":{"insertions":1,"deletions":1}}}]},{"date":"2023-08-31","commitResults":[{"hash":"e40d84899cbf0768376443c5f5d7483da6fad941","isMergeCommit":false,"messageTitle":"Incremented Level-7","messageBody":"","fileTypesAndContributionMap":{"txt":{"insertions":3,"deletions":0},"java":{"insertions":116,"deletions":15}}},{"hash":"35d51dc2d8cbcd0a776820e143ebfec830a5107d","isMergeCommit":false,"messageTitle":"Testing branch commit","messageBody":"","fileTypesAndContributionMap":{"java":{"insertions":1,"deletions":2}}},{"hash":"937ea462967dd9741f661d86ed70f2122b81606c","isMergeCommit":false,"messageTitle":"Testing Merge commit","messageBody":"","fileTypesAndContributionMap":{"java":{"insertions":1,"deletions":2}}},{"hash":"d512dc962d45c616fc543d3c0b970169279347c9","isMergeCommit":true,"messageTitle":"Merge branch \u0027branch-Level-7\u0027","messageBody":"","tags":["Level-7"],"fileTypesAndContributionMap":{}}]},{"date":"2023-09-01","commitResults":[{"hash":"ddefad0bf7d6a15bf86ce4bb2f4b977f74c197e8","isMergeCommit":false,"messageTitle":"added very simple dateTime to deadline","messageBody":"","fileTypesAndContributionMap":{"txt":{"insertions":4,"deletions":3},"java":{"insertions":21,"deletions":4}}},{"hash":"0f54d1680d83638d59e5835beec043f1ef67ab03","isMergeCommit":true,"messageTitle":"Merge branch \u0027branch-Level-8\u0027","messageBody":"","tags":["Level-8"],"fileTypesAndContributionMap":{}},{"hash":"77219df5125d05650d991bc8bc9fa1c8c7f8b145","isMergeCommit":false,"messageTitle":"More OOP","messageBody":"","tags":["A-MoreOOP"],"fileTypesAndContributionMap":{"txt":{"insertions":6,"deletions":4},"java":{"insertions":299,"deletions":245}}},{"hash":"9c77f9b24682536719d2abd4931481e8d67da554","isMergeCommit":true,"messageTitle":"Merge branch \u0027A-MoreOOP\u0027","messageBody":"","fileTypesAndContributionMap":{}},{"hash":"d485507a087e3cbae8707e0f8846c198df1b357b","isMergeCommit":false,"messageTitle":"refactored code into package duke","messageBody":"","fileTypesAndContributionMap":{"java":{"insertions":21,"deletions":3}}},{"hash":"d0b51b2b4c2aad68eb22da75d6348ca7fad2b850","isMergeCommit":true,"messageTitle":"Merge branch \u0027A-Packages\u0027","messageBody":"","tags":["A-Packages"],"fileTypesAndContributionMap":{}},{"hash":"a46126371da9320e33bb3dccf3638ec47e68fb6c","isMergeCommit":true,"messageTitle":"Merge remote-tracking branch \u0027origin/add-gradle-support\u0027","messageBody":"","tags":["A-Gradle"],"fileTypesAndContributionMap":{}},{"hash":"69d563ed87a6ebb8386ed0f26b1e09b47a99fdb1","isMergeCommit":false,"messageTitle":"changed package name from Duke to duke, added tests","messageBody":"","fileTypesAndContributionMap":{"txt":{"insertions":2,"deletions":0},"java":{"insertions":32,"deletions":10},"bat":{"insertions":1,"deletions":1},"md":{"insertions":2,"deletions":2}}},{"hash":"2cd40454d5caf19771ef91508b0c102ecf6ce583","isMergeCommit":true,"messageTitle":"Merge branch \u0027A-JUnit\u0027","messageBody":"","tags":["A-Jar","A-JUnit"],"fileTypesAndContributionMap":{}},{"hash":"8719ee2df16049afd39eb21012552775c4a54e20","isMergeCommit":false,"messageTitle":"added A-Gradle and A-Jar tag, renamed branches","messageBody":"","fileTypesAndContributionMap":{"java":{"insertions":1,"deletions":0}}},{"hash":"38f2f027cdfa85eb691888691d4a4b22bf5af70e","isMergeCommit":false,"messageTitle":"Add Level-9 find capabilities","messageBody":"","fileTypesAndContributionMap":{"java":{"insertions":28,"deletions":3}}},{"hash":"63d516ee7532c35fb930f8825f408d44a168d720","isMergeCommit":false,"messageTitle":"Add JavaDocs for deadline Event todo","messageBody":"","fileTypesAndContributionMap":{"java":{"insertions":75,"deletions":6}}},{"hash":"ddb43080c002514f4f4e50760cbfe5c589780c4a","isMergeCommit":true,"messageTitle":"Merge branch \u0027branch-Level-9\u0027","messageBody":"","tags":["Level-9"],"fileTypesAndContributionMap":{}},{"hash":"e0710a4f1d72f572b6957dda934d2e836c670331","isMergeCommit":true,"messageTitle":"Merge branch \u0027branch-A-JavaDoc\u0027","messageBody":"","tags":["A-JavaDoc","A-CodingStandard"],"fileTypesAndContributionMap":{}}]},{"date":"2023-09-06","commitResults":[{"hash":"cb64998529ff2a7673f3a262c2e233cbd26f4b27","isMergeCommit":false,"messageTitle":"Add more javadocs and improve coding standard.","messageBody":"","fileTypesAndContributionMap":{"txt":{"insertions":2,"deletions":3},"java":{"insertions":174,"deletions":26}}}]},{"date":"2023-09-07","commitResults":[{"hash":"9ca10b420624c2815258bfb0fb5f753b9bf18314","isMergeCommit":false,"messageTitle":"Add GUI capabilities","messageBody":"","fileTypesAndContributionMap":{"gradle":{"insertions":15,"deletions":0},"txt":{"insertions":0,"deletions":7},"fxml":{"insertions":34,"deletions":0},"java":{"insertions":297,"deletions":124}}},{"hash":"786d01fc3f420f0b1538d6c3cc07987f1ed43ad4","isMergeCommit":true,"messageTitle":"Merge branch \u0027branch-Level-10\u0027","messageBody":"","tags":["Level-10"],"fileTypesAndContributionMap":{}}]},{"date":"2023-09-12","commitResults":[{"hash":"62e2063a83ce73736af8fb4a6ad36b7006bc6630","isMergeCommit":false,"messageTitle":"Update build.gradle","messageBody":"","fileTypesAndContributionMap":{"gradle":{"insertions":2,"deletions":2},"txt":{"insertions":1,"deletions":0}}}]}]},"authorFileTypeContributionMap":{"glenngnng":{"java":909,"md":2,"fxml":34,"sh":0,"bat":1,"gradle":17,"txt":13}},"authorContributionVariance":{"glenngnng":34194.74},"authorDisplayNameMap":{"glenngnng":"CS2103T-W09-1 GLEN.. JIE"}}
