{"authorDailyContributionsMap":{"adammangzijun":[{"date":"2023-08-24","commitResults":[{"hash":"c26bb3b4277a7bcd7875c784b51cf1d58074cc1e","isMergeCommit":false,"messageTitle":"Feature 0: added the base message","messageBody":"","tags":["Level-0"],"fileTypesAndContributionMap":{"java":{"insertions":11,"deletions":6}}},{"hash":"01f74e27fa1c9df4bdccacfcf66b324e783fee91","isMergeCommit":false,"messageTitle":"Feature 1: added user input and cases","messageBody":"","fileTypesAndContributionMap":{"java":{"insertions":23,"deletions":0}}},{"hash":"e4c5f9e0e595ff5be369445af0018b0c527a60fd","isMergeCommit":false,"messageTitle":"Feature 2: added add function and list function","messageBody":"","tags":["Level-2"],"fileTypesAndContributionMap":{"java":{"insertions":14,"deletions":2}}},{"hash":"8b2ed9a66a1f1ef8524696e5f5b8ef109e21d110","isMergeCommit":false,"messageTitle":"Feature 3: added Task class and mark/unmark function","messageBody":"","tags":["Level-3"],"fileTypesAndContributionMap":{"java":{"insertions":45,"deletions":5}}},{"hash":"41b271bfd9d5d3fe85924c196e46c16158ff80d5","isMergeCommit":false,"messageTitle":"Feature 4: added subclasses of Task","messageBody":"","tags":["Level-4"],"fileTypesAndContributionMap":{"java":{"insertions":127,"deletions":26}}},{"hash":"e23e2bf7c84cf901250781cbd1649ab0bfdfa72f","isMergeCommit":false,"messageTitle":"Feature Test: Trying out test cases","messageBody":"","tags":["A-TextUiTesting"],"fileTypesAndContributionMap":{"txt":{"insertions":2,"deletions":0}}},{"hash":"136d10bd2011978caa700fd534d8c2d30f46e16a","isMergeCommit":false,"messageTitle":"Feature 5: handled the error of inputs for todo, deadline, event and also invalid command inputs","messageBody":"","tags":["Level-5"],"fileTypesAndContributionMap":{"java":{"insertions":70,"deletions":38}}},{"hash":"b6d1590512016a97b7ea23ce0b6be65b9e6463dc","isMergeCommit":false,"messageTitle":"Feature 6: added delete function and changed String[] array to ArrayList\u003cTask\u003e.","messageBody":"","fileTypesAndContributionMap":{"java":{"insertions":26,"deletions":8}}},{"hash":"5329de0488a15a995244afae7688c343e3e249e9","isMergeCommit":false,"messageTitle":"Feature 6: Updated on the documentations and edited the formatting of code","messageBody":"","tags":["Level-6"],"fileTypesAndContributionMap":{"java":{"insertions":5,"deletions":6}}}]},{"date":"2023-08-25","commitResults":[{"hash":"8178528380f9ed3244b60e25edc35d9e65b232e7","isMergeCommit":false,"messageTitle":"Feature 6: updated the error handling for delete","messageBody":"","fileTypesAndContributionMap":{"java":{"insertions":4,"deletions":0}}}]}]},"authorFileTypeContributionMap":{"adammangzijun":{"java":240,"md":0,"fxml":0,"sh":0,"bat":0,"gradle":0,"txt":2}},"authorContributionVariance":{"adammangzijun":18696.438},"authorDisplayNameMap":{"adammangzijun":"ADAM.. JUN"}}
