{"authorDailyContributionsMap":{"LHeng1":[{"date":"2023-08-24","commitResults":[{"hash":"5dbae6174ddeb44f5987f86ffb2273381f88f17d","isMergeCommit":false,"messageTitle":"Level-0","messageBody":"","tags":["Level-0"],"fileTypesAndContributionMap":{"java":{"insertions":10,"deletions":0}}},{"hash":"5d6c6b56f73e4dbdd4f92152790fd5958aec4f49","isMergeCommit":false,"messageTitle":"Level-1","messageBody":"","tags":["Level-1"],"fileTypesAndContributionMap":{"java":{"insertions":30,"deletions":6}}},{"hash":"1b477e50bee2570b76826c73f99542c3e06ad7df","isMergeCommit":false,"messageTitle":"Level-2-Add-List","messageBody":"","tags":["Level-2"],"fileTypesAndContributionMap":{"java":{"insertions":25,"deletions":17}}},{"hash":"c9c78f57fc153628d3c139391943fb46ae95a027","isMergeCommit":false,"messageTitle":"Level-3-MarkAsDone","messageBody":"","tags":["Level-3"],"fileTypesAndContributionMap":{"java":{"insertions":63,"deletions":6}}},{"hash":"ab578116d973c6e835f761eb989a7bfbd99377d9","isMergeCommit":false,"messageTitle":"Level-4-ToDo-Event-Deadline","messageBody":"","tags":["Level-4"],"fileTypesAndContributionMap":{"java":{"insertions":77,"deletions":12}}},{"hash":"f999a9101158881d9580c6de4ce3c7e3d52c4608","isMergeCommit":false,"messageTitle":"TextUiTesting","messageBody":"","tags":["A-TextUiTesting"],"fileTypesAndContributionMap":{"txt":{"insertions":13,"deletions":0},"bat":{"insertions":1,"deletions":1}}},{"hash":"437f0fbb55eeb56a270aca0ce9e5c2da5845a751","isMergeCommit":false,"messageTitle":"Level-5-HandleErrors","messageBody":"","tags":["Level-5"],"fileTypesAndContributionMap":{"txt":{"insertions":6,"deletions":1},"java":{"insertions":89,"deletions":81}}},{"hash":"c088aacc692ad5a8e341fa627ec21a4e74e20e34","isMergeCommit":false,"messageTitle":"Level-6-Delete-WO-Collections","messageBody":"","tags":["Level-6"],"fileTypesAndContributionMap":{"txt":{"insertions":2,"deletions":0},"java":{"insertions":20,"deletions":2}}},{"hash":"0c1126ae57cfb47941d41fa41a85b61dc6269326","isMergeCommit":false,"messageTitle":"A-Enums-UseEnums-Changeable","messageBody":"","tags":["A-Enums"],"fileTypesAndContributionMap":{"java":{"insertions":4,"deletions":0}}}]},{"date":"2023-08-28","commitResults":[{"hash":"9f21b1d20b08e1b35a3ff6d82b608238207bc5a1","isMergeCommit":false,"messageTitle":"Change of Directory","messageBody":"","fileTypesAndContributionMap":{"txt":{"insertions":0,"deletions":0},"java":{"insertions":0,"deletions":0},"bat":{"insertions":0,"deletions":0},"sh":{"insertions":0,"deletions":0},"md":{"insertions":0,"deletions":0}}},{"hash":"56afa711f1d397af2e51ddf47384222053d5a240","isMergeCommit":false,"messageTitle":"Change of directory","messageBody":"","fileTypesAndContributionMap":{"txt":{"insertions":0,"deletions":0},"java":{"insertions":0,"deletions":0},"bat":{"insertions":0,"deletions":0},"sh":{"insertions":0,"deletions":0},"md":{"insertions":0,"deletions":0}}}]},{"date":"2023-09-05","commitResults":[{"hash":"fb8801fc28e421d40b69ad1ffda3f410ab97f350","isMergeCommit":false,"messageTitle":"Add save function \u0026 optimize collections","messageBody":"","fileTypesAndContributionMap":{"txt":{"insertions":1,"deletions":0},"java":{"insertions":113,"deletions":24}}},{"hash":"0da5567b3cf697955368c70f9953040e0da11460","isMergeCommit":true,"messageTitle":"Merge branch \u0027branch-Level-7\u0027","messageBody":"","tags":["Level-7"],"fileTypesAndContributionMap":{}},{"hash":"6808edb52301dee9e3ca249a9254c2fd6a2a1c92","isMergeCommit":false,"messageTitle":"Teach chatbot date and time","messageBody":"","fileTypesAndContributionMap":{"txt":{"insertions":2,"deletions":1},"java":{"insertions":47,"deletions":14}}},{"hash":"eb796c444477c4fe1a4f69f26d93912a4b977895","isMergeCommit":true,"messageTitle":"Merge branch \u0027branch-Level-8\u0027","messageBody":"","tags":["Level-8"],"fileTypesAndContributionMap":{}}]}]},"authorFileTypeContributionMap":{"LHeng1":{"java":326,"md":0,"fxml":0,"sh":0,"bat":1,"gradle":0,"txt":22}},"authorContributionVariance":{"LHeng1":12340.764},"authorDisplayNameMap":{"LHeng1":"CS2103T-W10-1 LIM ..G YI"}}
