{"authorDailyContributionsMap":{"imkwokyong":[{"date":"2023-08-18","commitResults":[{"hash":"b0523d726aeba985b468ac205488adcc1bb6e76a","isMergeCommit":false,"messageTitle":"Implement initial skeletal version","messageBody":"","tags":["Level-0"],"fileTypesAndContributionMap":{"java":{"insertions":7,"deletions":6}}},{"hash":"dd3514001a9e7e821dbf7b1eca916616dd7113c8","isMergeCommit":false,"messageTitle":"Add Echo","messageBody":"","tags":["Level-1"],"fileTypesAndContributionMap":{"java":{"insertions":19,"deletions":4}}},{"hash":"89e8ff0e01b396c3f833d449fa67494484de8333","isMergeCommit":false,"messageTitle":"Add ability to store and display text","messageBody":"","tags":["Level-2"],"fileTypesAndContributionMap":{"java":{"insertions":14,"deletions":1}}}]},{"date":"2023-08-20","commitResults":[{"hash":"7b75c2b83e6f78952e76cfdf7da6867af04adf42","isMergeCommit":false,"messageTitle":"[Level-3] Mark as Done","messageBody":"","tags":["Level-3"],"fileTypesAndContributionMap":{"java":{"insertions":50,"deletions":8}}},{"hash":"e725a948804de994801fd56b950e0f2390d2e964","isMergeCommit":false,"messageTitle":"Add Deadline.java, Event.java, ToDo.java","messageBody":"","fileTypesAndContributionMap":{"java":{"insertions":37,"deletions":0}}},{"hash":"87a5a5e164414be0529f850e6291e19b9c87408d","isMergeCommit":false,"messageTitle":"[Level-4] ToDo, Event, Deadline","messageBody":"","tags":["Level-4"],"fileTypesAndContributionMap":{"java":{"insertions":29,"deletions":13}}},{"hash":"80528968fb38b2138cd001d6835e34b672cf3d1a","isMergeCommit":false,"messageTitle":"[A-TextUiTesting] Automated Text UI Testing","messageBody":"","tags":["A-TextUiTesting"],"fileTypesAndContributionMap":{"txt":{"insertions":11,"deletions":0},"java":{"insertions":1,"deletions":1}}},{"hash":"9ec9fdcd5f01459bf02e0ec9fb968db600a0941b","isMergeCommit":false,"messageTitle":"[Level-5] Handle Errors","messageBody":"","tags":["Level-5"],"fileTypesAndContributionMap":{"java":{"insertions":62,"deletions":46}}},{"hash":"624c7f7009e1f0fba8eb3914617d936d36d9ac4b","isMergeCommit":false,"messageTitle":"[Level-6] Delete","messageBody":"","tags":["Level-6"],"fileTypesAndContributionMap":{"java":{"insertions":5,"deletions":0}}},{"hash":"b00dd809cfaff11155064aa5e477e62273c1e57d","isMergeCommit":false,"messageTitle":"Add missing space","messageBody":"","fileTypesAndContributionMap":{"java":{"insertions":1,"deletions":1}}},{"hash":"a15018fee81b7fa158e892d8ef40f9537bc30c61","isMergeCommit":false,"messageTitle":"Modify test case to check for exceptions and deletions","messageBody":"","fileTypesAndContributionMap":{"txt":{"insertions":4,"deletions":0}}},{"hash":"c26dbfc946a3704b529cd135ec97f41636e31505","isMergeCommit":false,"messageTitle":"Modify code for conciseness and add extra exceptions","messageBody":"","fileTypesAndContributionMap":{"java":{"insertions":65,"deletions":38}}},{"hash":"a7b61ebb66d462545b7a34f8187ff46d5fe8be25","isMergeCommit":false,"messageTitle":"Modify test case to account for added exceptions","messageBody":"","fileTypesAndContributionMap":{"txt":{"insertions":3,"deletions":0}}}]},{"date":"2023-08-27","commitResults":[{"hash":"171550fdd3739fbe0a6851ac05d81d159fbc2b47","isMergeCommit":false,"messageTitle":"Fix indentation","messageBody":"","fileTypesAndContributionMap":{"java":{"insertions":5,"deletions":1}}},{"hash":"d7765d363484e6b15781080cd8cac49b88590eaa","isMergeCommit":false,"messageTitle":"Add constructor overloading for Task.java","messageBody":"","fileTypesAndContributionMap":{"java":{"insertions":6,"deletions":2}}},{"hash":"95557ca86a053555e8862d3fc6472e14b844aa57","isMergeCommit":false,"messageTitle":"Add string method for easy write access to file","messageBody":"","fileTypesAndContributionMap":{"java":{"insertions":30,"deletions":12}}},{"hash":"05c1586a135d1903d5aec704dbebcd05f4d1fbf4","isMergeCommit":false,"messageTitle":"Add Save function for Level-7","messageBody":"","fileTypesAndContributionMap":{"java":{"insertions":127,"deletions":38}}},{"hash":"6fcba5d6c9b8582aef0526a1843c747f491b9614","isMergeCommit":true,"messageTitle":"Merge branch \u0027branch-Level-7\u0027","messageBody":"","tags":["Level-7"],"fileTypesAndContributionMap":{}},{"hash":"cabd2fbaa4f6633537a0cb7e72939abad001b81d","isMergeCommit":false,"messageTitle":"Remove unintended debugging print statement","messageBody":"","fileTypesAndContributionMap":{"java":{"insertions":0,"deletions":3}}},{"hash":"fed068161ae0636ab48580891a52c033f35d924d","isMergeCommit":false,"messageTitle":"Add Dates and Times functionality for Level-8","messageBody":"","fileTypesAndContributionMap":{"java":{"insertions":10,"deletions":4}}},{"hash":"08ef75ae50310717ef706bcb412473256257d164","isMergeCommit":false,"messageTitle":"Update test case","messageBody":"","fileTypesAndContributionMap":{"txt":{"insertions":1,"deletions":1}}},{"hash":"53c5af3c38cd63b5f02f5d3b0595c561fb5b8f30","isMergeCommit":true,"messageTitle":"Merge branch \u0027branch-Level-8\u0027","messageBody":"","tags":["Level-8"],"fileTypesAndContributionMap":{}},{"hash":"4a99d82433cfd481aac338ea162a1c4d1c8b1f89","isMergeCommit":false,"messageTitle":"Add abstract class Command.java","messageBody":"","fileTypesAndContributionMap":{"java":{"insertions":7,"deletions":0}}},{"hash":"8d5f040e768c96664a9c1d7669ceb19e20c26e9e","isMergeCommit":false,"messageTitle":"Modify createList method in Storage class","messageBody":"","fileTypesAndContributionMap":{"java":{"insertions":29,"deletions":23}}},{"hash":"00c2eaba9ba4503d74a3a7b3736189cf8cb2f3b3","isMergeCommit":false,"messageTitle":"Modify code to be more OOP","messageBody":"","fileTypesAndContributionMap":{"txt":{"insertions":5,"deletions":0},"java":{"insertions":318,"deletions":129}}},{"hash":"2da0ce47d1d61d743fdef868430ecd11d8755aa2","isMergeCommit":true,"messageTitle":"Merge branch \u0027branch-A-MoreOOP\u0027","messageBody":"","tags":["A-MoreOOP"],"fileTypesAndContributionMap":{}}]},{"date":"2023-08-28","commitResults":[{"hash":"0132ac167b92df7445a96547d12f585db185e1e8","isMergeCommit":false,"messageTitle":"Organize the classes into packages","messageBody":"","tags":["A-Packages"],"fileTypesAndContributionMap":{"java":{"insertions":203,"deletions":90},"bat":{"insertions":1,"deletions":1},"md":{"insertions":2,"deletions":2}}},{"hash":"42dc44cbd990f0d0d263391d4e9d17e65354e0ae","isMergeCommit":true,"messageTitle":"Merge branch \u0027add-gradle-support\u0027 of https://github.com/imkwokyong/ip into branch-A-Gradle","messageBody":"","fileTypesAndContributionMap":{}},{"hash":"18fecae250e1a8f146094e246d264f2e0ea7a51f","isMergeCommit":true,"messageTitle":"Merge branch \u0027branch-A-Gradle\u0027","messageBody":"","fileTypesAndContributionMap":{}},{"hash":"18c7038a2acbb252a61507664e4f34a27ccd93e8","isMergeCommit":false,"messageTitle":"Update main class filepath","messageBody":"","tags":["A-Gradle"],"fileTypesAndContributionMap":{"gradle":{"insertions":1,"deletions":1}}},{"hash":"313bd58c12b24ac60654c1817296ab0ecc5bcd50","isMergeCommit":false,"messageTitle":"Fix grammar","messageBody":"","fileTypesAndContributionMap":{"java":{"insertions":1,"deletions":1}}},{"hash":"27d4b597243c63a567e4c12f69c0f869774cfa37","isMergeCommit":false,"messageTitle":"Handle more exceptions","messageBody":"","fileTypesAndContributionMap":{"java":{"insertions":28,"deletions":17}}}]},{"date":"2023-08-29","commitResults":[{"hash":"f2a7ace85dd84a77d4c0a0704a78691899f633d8","isMergeCommit":false,"messageTitle":"Add JUnit tests for Deadline and Event class","messageBody":"","tags":["A-Jar","A-JUnit"],"fileTypesAndContributionMap":{"java":{"insertions":79,"deletions":0}}},{"hash":"a445eadd313c4b94e30bf595d83c6f712a6b409e","isMergeCommit":false,"messageTitle":"Add JavaDoc comments","messageBody":"","fileTypesAndContributionMap":{"java":{"insertions":239,"deletions":5}}},{"hash":"9de97deb08ce350792df874d37f2839a18adf1e8","isMergeCommit":true,"messageTitle":"Merge branch \u0027branch-A-JavaDoc\u0027","messageBody":"","tags":["A-JavaDoc"],"fileTypesAndContributionMap":{}},{"hash":"5b5ff7acb6ce73b2ec1e146addf0ea57321b6084","isMergeCommit":false,"messageTitle":"Add Find functionality for Level-9","messageBody":"","fileTypesAndContributionMap":{"java":{"insertions":45,"deletions":0}}},{"hash":"060bf8830c0e9ffbc13e80033ec03029412c33b3","isMergeCommit":true,"messageTitle":"Merge \u0027branch-Level-9\u0027 to master after fixing merge conflicts","messageBody":"","tags":["Level-9"],"fileTypesAndContributionMap":{}},{"hash":"55a7c36760765118b50965d9dbdff709171f3891","isMergeCommit":false,"messageTitle":"Fix spacing inconsistencies","messageBody":"","fileTypesAndContributionMap":{"java":{"insertions":4,"deletions":1}}},{"hash":"d91e4b707789c5d037defb15ee75e3c19d4995e0","isMergeCommit":false,"messageTitle":"Add JavaDoc comments to new methods and classes","messageBody":"","fileTypesAndContributionMap":{"java":{"insertions":24,"deletions":0}}},{"hash":"14a831adccef9f92d337d3ee43a04b1d642d8887","isMergeCommit":false,"messageTitle":"Add checkstyle config","messageBody":"","fileTypesAndContributionMap":{"gradle":{"insertions":5,"deletions":0}}},{"hash":"7e0d83db1e114fc72836ffec5c4aadb9a591597f","isMergeCommit":false,"messageTitle":"Adhere to checkstyle requirements","messageBody":"","fileTypesAndContributionMap":{"java":{"insertions":123,"deletions":31}}},{"hash":"80325ce843aa932a2d3fcd3b815fa453ac3de0ea","isMergeCommit":true,"messageTitle":"Merge branch \u0027branch-A-CodingStandard\u0027","messageBody":"","tags":["A-CodingStandard"],"fileTypesAndContributionMap":{}},{"hash":"5011e5c8161d52f8b1cfe5b61efc6c8bc7f1e31d","isMergeCommit":false,"messageTitle":"Fix minor typos and issues","messageBody":"","tags":["A-CheckStyle"],"fileTypesAndContributionMap":{"java":{"insertions":5,"deletions":5}}}]},{"date":"2023-09-02","commitResults":[{"hash":"a19315b1baeda3ef1656533627df1edaaf4734ac","isMergeCommit":false,"messageTitle":"Add JavaFX support in build.gradle","messageBody":"","fileTypesAndContributionMap":{"gradle":{"insertions":15,"deletions":0}}},{"hash":"8799e5007b6e8d5289684f9c1c69694888502dcb","isMergeCommit":false,"messageTitle":"Add Launcher.java","messageBody":"","fileTypesAndContributionMap":{"java":{"insertions":9,"deletions":0}}}]},{"date":"2023-09-03","commitResults":[{"hash":"e5f46919d156627c8f3c7986e1782bf6b485193e","isMergeCommit":false,"messageTitle":"Add DialogBox and MainWindow FXML files","messageBody":"","fileTypesAndContributionMap":{"fxml":{"insertions":35,"deletions":0}}},{"hash":"73e3c8b6e37d2b2219295ef08a6eb4bcc053d84b","isMergeCommit":false,"messageTitle":"Add executeGui method to all Commands","messageBody":"","fileTypesAndContributionMap":{"java":{"insertions":63,"deletions":0}}},{"hash":"877359a81de7cca0e1f3da83224a4aee083e38c9","isMergeCommit":false,"messageTitle":"Add getResponseToGui method in Duke.java","messageBody":"","fileTypesAndContributionMap":{"java":{"insertions":16,"deletions":6}}},{"hash":"8c25f0c5ac1d89837d608176d0a14166558910de","isMergeCommit":false,"messageTitle":"Add DialogBox.java, Main.java, MainWindow.java","messageBody":"","fileTypesAndContributionMap":{"java":{"insertions":166,"deletions":1}}},{"hash":"5853f59eb30e484eb4a374b1c3f9793bdc06a184","isMergeCommit":false,"messageTitle":"Modify font style in FXML files","messageBody":"","fileTypesAndContributionMap":{"fxml":{"insertions":13,"deletions":4},"java":{"insertions":5,"deletions":1}}},{"hash":"14f77d5e82647d9cf13ffa19148f7331a9b1acf2","isMergeCommit":true,"messageTitle":"Merge branch \u0027branch-Level-10\u0027","messageBody":"","tags":["Level-10"],"fileTypesAndContributionMap":{}},{"hash":"7fe4c18adcbf474168b62190966d7748958f5c0c","isMergeCommit":false,"messageTitle":"Adhere to checkstyle requirements","messageBody":"","fileTypesAndContributionMap":{"java":{"insertions":3,"deletions":1}}}]},{"date":"2023-09-05","commitResults":[{"hash":"6089f02bd9ad1c5229b03b44d514e7fa2118ff6b","isMergeCommit":false,"messageTitle":"Change FXML files version to resolve warnings","messageBody":"","fileTypesAndContributionMap":{"fxml":{"insertions":2,"deletions":2}}},{"hash":"cb88eb5680cbe76617dab480d595bbb1356db0a3","isMergeCommit":false,"messageTitle":"Remove \u0027final\u0027 from non-constants","messageBody":"","fileTypesAndContributionMap":{"java":{"insertions":11,"deletions":11}}}]},{"date":"2023-09-08","commitResults":[{"hash":"c73af8c929f7d0579e23029d7132f226345b8be8","isMergeCommit":false,"messageTitle":"Change mainClass to include GUI in jar file","messageBody":"","fileTypesAndContributionMap":{"gradle":{"insertions":1,"deletions":1}}},{"hash":"d88b8c011466d47b282b233ac5da7691f937b03c","isMergeCommit":false,"messageTitle":"Enable keyword in Parser.java to be uppercase","messageBody":"","fileTypesAndContributionMap":{"java":{"insertions":1,"deletions":1}}},{"hash":"b34ece39396553c2a56171093d5010d4eab5c6ea","isMergeCommit":false,"messageTitle":"Enable assertions in build.gradle","messageBody":"There might be some hidden assumptions in the program where, when\nfailed, will jeopardize the code.\n\nEnabling assertions allows us to check our code against those\nassumptions and catch any errors in runtime.\n\nLet\u0027s enable assertions so that we could indicate some hidden bugs in\nour code as soon as possible.\n","fileTypesAndContributionMap":{"gradle":{"insertions":3,"deletions":2}}},{"hash":"3d95db77c17d2201510759c090bb90b7b672ed30","isMergeCommit":false,"messageTitle":"Add assertions in Storage.java and MainWindow.java","messageBody":"For Storage.java, the external file might be edited or corrupted.\nFor MainWindow.java, we assume that the response that we get from Duke\nis not an empty message / null.\n\nAdding assertions here will prevent those anomalies from happening, by\ndetecting them in runtime and throw AssertionError.\n\nLet\u0027s,\n* add assertion to Storage.java to ensure status is either \"0\" or \"1\".\n* add assertion to Storage.java to ensure task is of \"T\", \"D\" or \"E\".\n* add assertion to MainWindow.java to ensure response is not null.\n","tags":["A-FullCommitMessage"],"fileTypesAndContributionMap":{"java":{"insertions":5,"deletions":0}}},{"hash":"68f7c7e637493249175082b5c3d09a4f7f67d48d","isMergeCommit":true,"messageTitle":"Merge pull request #1 from imkwokyong/branch-A-Assertions","messageBody":"Enable and add assertions","tags":["A-Assertions"],"fileTypesAndContributionMap":{}},{"hash":"dc8165a6189682fac02318c3363be99de6f05b10","isMergeCommit":false,"messageTitle":"Improve code quality","messageBody":"","fileTypesAndContributionMap":{"java":{"insertions":197,"deletions":63}}},{"hash":"27e6b826c414a8d98ea0137a0dc5cfbc7bf9ba64","isMergeCommit":true,"messageTitle":"Merge pull request #2 from imkwokyong/branch-A-CodeQuality","messageBody":"Improve code quality","tags":["A-CodeQuality"],"fileTypesAndContributionMap":{}},{"hash":"e00317cd7600af5b998cd58a4b3cd753a7be29bf","isMergeCommit":false,"messageTitle":"Add overridden equals method for all Task implementation","messageBody":"","fileTypesAndContributionMap":{"java":{"insertions":39,"deletions":0}}},{"hash":"2d0bc05c08312716dc3aec4ce7495367179feccf","isMergeCommit":false,"messageTitle":"Modify addTask method to check for duplicates","messageBody":"","fileTypesAndContributionMap":{"java":{"insertions":22,"deletions":1}}},{"hash":"0abf8ff78fbd6275ed25a66a0ef23e10fa21086c","isMergeCommit":true,"messageTitle":"Merge branch \u0027branch-C-DetectDuplicates\u0027","messageBody":"","tags":["BCD-Extension"],"fileTypesAndContributionMap":{}},{"hash":"200242791d6cd1e00181b30ffc5c9ebfaf813ebd","isMergeCommit":false,"messageTitle":"Adhere to checkstyle requirements","messageBody":"","fileTypesAndContributionMap":{"java":{"insertions":4,"deletions":2}}}]},{"date":"2023-09-16","commitResults":[{"hash":"54fe1663a46789e0d84161f43da90f50cc8593e4","isMergeCommit":false,"messageTitle":"Add some personality to the chatbot","messageBody":"","tags":["A-Personality"],"fileTypesAndContributionMap":{"java":{"insertions":6,"deletions":5}}}]}]},"authorFileTypeContributionMap":{"imkwokyong":{"java":1556,"md":2,"fxml":44,"sh":0,"bat":1,"gradle":20,"txt":23}},"authorContributionVariance":{"imkwokyong":36759.71},"authorDisplayNameMap":{"imkwokyong":"CS2103-F13-1 KUAN..YONG"}}
