{"authorDailyContributionsMap":{"mingyu-wan":[{"date":"2023-08-22","commitResults":[{"hash":"d814e5e79832f3f635a2aacca81414765652bde9","isMergeCommit":false,"messageTitle":"Level-1","messageBody":"","tags":["Level-0"],"fileTypesAndContributionMap":{"java":{"insertions":25,"deletions":1}}},{"hash":"76f41c326cbe20284f6141a6946f8cad99223d1a","isMergeCommit":false,"messageTitle":"Level-1","messageBody":"","tags":["Level-1"],"fileTypesAndContributionMap":{"java":{"insertions":20,"deletions":1}}},{"hash":"1cd35c78395666ba12ce28beb48ce5819bc62ba5","isMergeCommit":false,"messageTitle":"Level-2","messageBody":"","tags":["Level-2"],"fileTypesAndContributionMap":{"java":{"insertions":44,"deletions":3}}},{"hash":"9c9d15209d81126b39051c887ead41ec3cea9e31","isMergeCommit":false,"messageTitle":"Level-3","messageBody":"","tags":["Level-3"],"fileTypesAndContributionMap":{"java":{"insertions":73,"deletions":6}}},{"hash":"7c0dbb7af0fffdce57ce6e0d91a8b9118cd8155e","isMergeCommit":false,"messageTitle":"Level-4","messageBody":"","tags":["Level-4"],"fileTypesAndContributionMap":{"java":{"insertions":85,"deletions":11}}}]},{"date":"2023-08-23","commitResults":[{"hash":"9ce6f4151155a97500d288de9ec3a035380e1ab6","isMergeCommit":false,"messageTitle":"A-TextUiTesting","messageBody":"","fileTypesAndContributionMap":{"txt":{"insertions":9,"deletions":0},"java":{"insertions":2,"deletions":2}}},{"hash":"5dd114660853f46d3cb795b4778556f1f43ecff5","isMergeCommit":false,"messageTitle":"Level-5","messageBody":"","tags":["Level-5"],"fileTypesAndContributionMap":{"java":{"insertions":147,"deletions":57}}},{"hash":"2033ef9476563eb45c86ab702fba6ae8e6745f4a","isMergeCommit":false,"messageTitle":"Level-6","messageBody":"","fileTypesAndContributionMap":{"java":{"insertions":42,"deletions":8}}},{"hash":"69860d6833c03a0939d5ac4d1aa824f4da3b4062","isMergeCommit":false,"messageTitle":"A-TextUiTesting","messageBody":"","tags":["Level-6","A-TextUiTesting"],"fileTypesAndContributionMap":{"txt":{"insertions":5,"deletions":0},"java":{"insertions":2,"deletions":2}}}]},{"date":"2023-08-29","commitResults":[{"hash":"f996b75f1b599acecb412e980b90c2374008a8ab","isMergeCommit":false,"messageTitle":"level-7","messageBody":"","fileTypesAndContributionMap":{"txt":{"insertions":0,"deletions":0},"java":{"insertions":127,"deletions":4}}},{"hash":"380ce28a143b85e0f9c08bce6d7283d2a900e394","isMergeCommit":false,"messageTitle":"Revert \"level-7\"","messageBody":"This reverts commit f996b75f1b599acecb412e980b90c2374008a8ab.\n","fileTypesAndContributionMap":{"txt":{"insertions":0,"deletions":0},"java":{"insertions":4,"deletions":127}}},{"hash":"4973bd5cc7f35d07ad6995f75b314e064805a004","isMergeCommit":false,"messageTitle":"level-7","messageBody":"","tags":["Level-7"],"fileTypesAndContributionMap":{"txt":{"insertions":2,"deletions":0},"java":{"insertions":124,"deletions":4}}}]},{"date":"2023-08-30","commitResults":[{"hash":"543b4fee51d1bb6882df214ca7f79720bd226d76","isMergeCommit":true,"messageTitle":"Merge branch Level 7","messageBody":"","fileTypesAndContributionMap":{}},{"hash":"bbccde2197003498a7e7729890b198f570f7d392","isMergeCommit":false,"messageTitle":"Level-8 Date and Time for deadlines","messageBody":"","fileTypesAndContributionMap":{"txt":{"insertions":3,"deletions":2},"java":{"insertions":143,"deletions":11}}},{"hash":"125a592dddb24c063abc92765800dab8804ff292","isMergeCommit":false,"messageTitle":"Level-8 Change to Time and Date for deadline","messageBody":"","fileTypesAndContributionMap":{"txt":{"insertions":3,"deletions":3},"java":{"insertions":1,"deletions":0}}},{"hash":"cebfaa33879a40473c429b30afe041dbd556d10c","isMergeCommit":false,"messageTitle":"Level-8 Date and Time changes for event","messageBody":"","tags":["Level-8"],"fileTypesAndContributionMap":{"txt":{"insertions":0,"deletions":3},"java":{"insertions":113,"deletions":48}}},{"hash":"f93fa51d81e8b626b933a2abc37a2f98fd03a48e","isMergeCommit":true,"messageTitle":"Merge Branch Level-8","messageBody":"","fileTypesAndContributionMap":{}}]},{"date":"2023-08-31","commitResults":[{"hash":"fc676ec062b1b00c5e1e8c48acab89c09bd4c5fd","isMergeCommit":false,"messageTitle":"A-MoreOOP","messageBody":"","tags":["A-MoreOOP"],"fileTypesAndContributionMap":{"txt":{"insertions":3,"deletions":0},"java":{"insertions":364,"deletions":271}}},{"hash":"35853a834387ea64d06bf9d0831bedc5926f19cb","isMergeCommit":true,"messageTitle":"Merge branch A-MoreOOP","messageBody":"","fileTypesAndContributionMap":{}},{"hash":"75ef8cf99ceee3d44713ff5d5b48ef85a510d871","isMergeCommit":false,"messageTitle":"A-Packages","messageBody":"","tags":["A-Packages"],"fileTypesAndContributionMap":{"txt":{"insertions":0,"deletions":3},"java":{"insertions":25,"deletions":0}}},{"hash":"33c10ece2aab1a1eae9f5221caedd0b222d5e976","isMergeCommit":true,"messageTitle":"Merge Add gradle support","messageBody":"","fileTypesAndContributionMap":{}},{"hash":"773881960ad8c1201429de527c4e18d20709c205","isMergeCommit":true,"messageTitle":"Merge branch \u0027master\u0027 of github.com:mingyu-wan/ip into A-MoreOOP","messageBody":"* \u0027master\u0027 of github.com:mingyu-wan/ip:\n  Bump gradle and lib version\n  Add Gradle support\n","tags":["A-Gradle"],"fileTypesAndContributionMap":{}},{"hash":"b490b1559cb279468c9f0cd36ec53cce49f3a2e5","isMergeCommit":true,"messageTitle":"Merge A-MoreOOP","messageBody":"Some changes to implementation + gradle","fileTypesAndContributionMap":{}},{"hash":"73e95df0d0847147e41c022f634255448697ce2c","isMergeCommit":false,"messageTitle":"minor changes","messageBody":"","fileTypesAndContributionMap":{"txt":{"insertions":1,"deletions":0}}},{"hash":"e76bb0754c3a8e0b1debce41d2ef3fcaf5609c06","isMergeCommit":false,"messageTitle":"JUnit Test Cases","messageBody":"","tags":["A-JUnit"],"fileTypesAndContributionMap":{"txt":{"insertions":6,"deletions":0},"java":{"insertions":218,"deletions":3}}},{"hash":"da5b5d69ce069e6733fd2fb46849acbf29802e47","isMergeCommit":true,"messageTitle":"Merge JUnit Test Cases","messageBody":"","tags":["A-Jar"],"fileTypesAndContributionMap":{}},{"hash":"68aa6678e2bf2f687f151360ac4e1a168644ac7f","isMergeCommit":false,"messageTitle":"Level-9","messageBody":"","fileTypesAndContributionMap":{"txt":{"insertions":0,"deletions":6},"java":{"insertions":29,"deletions":2}}}]},{"date":"2023-09-01","commitResults":[{"hash":"15d52053140abf3438836b350d592ca16f1e5135","isMergeCommit":false,"messageTitle":"A-JavaDoc","messageBody":"","tags":["A-JavaDoc"],"fileTypesAndContributionMap":{"java":{"insertions":377,"deletions":9}}},{"hash":"b11334fd84b63b2306a8c52b36715d5881d59c21","isMergeCommit":false,"messageTitle":"Level-9","messageBody":"","tags":["Level-9"],"fileTypesAndContributionMap":{"java":{"insertions":11,"deletions":0}}},{"hash":"f2867e0f9c86fb755ccbb04985d98ca32940ed11","isMergeCommit":true,"messageTitle":"Merge branch A-JavaDoc","messageBody":"","fileTypesAndContributionMap":{}},{"hash":"fa38272efe5af62c9bc46eb16fa06e8676b8cc83","isMergeCommit":true,"messageTitle":"Merge branch \u0027master\u0027 into branch-A-Level-9","messageBody":"","fileTypesAndContributionMap":{}},{"hash":"e816408280ac338dd585a4136475eb4884df3579","isMergeCommit":true,"messageTitle":"Merge Branch A level 9","messageBody":"","fileTypesAndContributionMap":{}},{"hash":"ce6483b672301de6fcebce4584a5476e60e6ff65","isMergeCommit":true,"messageTitle":"minor changes to more OOP","messageBody":"","fileTypesAndContributionMap":{}},{"hash":"e77a30af53d8079fb5478d96104733c3029d43b1","isMergeCommit":false,"messageTitle":"Changes to Level-9","messageBody":"","fileTypesAndContributionMap":{"java":{"insertions":5,"deletions":3}}},{"hash":"59c608f7838463a0fab00263415fda3fcc053122","isMergeCommit":true,"messageTitle":"Merge branch \u0027branch-A-Level-9\u0027 of github.com:mingyu-wan/ip into branch-A-Level-9","messageBody":"* \u0027branch-A-Level-9\u0027 of github.com:mingyu-wan/ip:\n  A-JavaDoc\n\n# Conflicts:\n#\tsrc/main/java/duke/Ui.java\n","fileTypesAndContributionMap":{}},{"hash":"9ab6f8a8f6c14f09961bf6089cb26b6b1f7f16e3","isMergeCommit":false,"messageTitle":"A-CodingStandards","messageBody":"","tags":["A-CodingStandards"],"fileTypesAndContributionMap":{"java":{"insertions":12,"deletions":12}}},{"hash":"457f9575b084b4055ffb5e3d721b42a7fd90cd84","isMergeCommit":true,"messageTitle":"Merge branch \u0027master\u0027 into branch-A-CodingStandard","messageBody":"","fileTypesAndContributionMap":{}},{"hash":"9dd8335ccfb6911d432378b4e2c10c354725527c","isMergeCommit":true,"messageTitle":"Merge Branch A-coding standard","messageBody":"","fileTypesAndContributionMap":{}},{"hash":"5e0307d94430206612f1a85d1d7eb4e1e1e1d7eb","isMergeCommit":true,"messageTitle":"Merge Branch A-Level 9","messageBody":"","fileTypesAndContributionMap":{}}]},{"date":"2023-09-06","commitResults":[{"hash":"d75a8329210562d9939e19f6009bbff199caaf57","isMergeCommit":false,"messageTitle":"GFMD","messageBody":"","fileTypesAndContributionMap":{"md":{"insertions":27,"deletions":20}}}]},{"date":"2023-09-08","commitResults":[{"hash":"1d47a02792813abff7699c97dea49e759a5db1ba","isMergeCommit":false,"messageTitle":"Level-10","messageBody":"","tags":["Level-10"],"fileTypesAndContributionMap":{"gradle":{"insertions":28,"deletions":1},"txt":{"insertions":2,"deletions":1},"fxml":{"insertions":35,"deletions":0},"java":{"insertions":211,"deletions":24}}},{"hash":"93fdfd583846e47f9865ad64d2fbd6619f47b770","isMergeCommit":true,"messageTitle":"Merge branch \u0027master\u0027 into branch-Level-10","messageBody":"","fileTypesAndContributionMap":{}},{"hash":"8210adc77a8740b738990de173bd121203aa4d00","isMergeCommit":true,"messageTitle":"Merge branch \u0027master\u0027 into branch-Level-10","messageBody":"","fileTypesAndContributionMap":{}},{"hash":"002c892c9dce3209d30d9c53e58e9c91af7353a2","isMergeCommit":true,"messageTitle":"Merge branch Level-10","messageBody":"","fileTypesAndContributionMap":{}},{"hash":"2a9c98e955dd63e91779cfeb6a3c9070dd82ad3e","isMergeCommit":false,"messageTitle":"Use GFMD","messageBody":"","fileTypesAndContributionMap":{"md":{"insertions":1,"deletions":0}}}]},{"date":"2023-09-12","commitResults":[{"hash":"54ea54dda30774f312e48f47e62d82c610f03705","isMergeCommit":false,"messageTitle":"Use GFMD","messageBody":"","fileTypesAndContributionMap":{"md":{"insertions":1,"deletions":1}}},{"hash":"f2dc04717f964acc507584f100612baa8b4a1858","isMergeCommit":false,"messageTitle":"Add assertions to code","messageBody":"Assertions are important because they help catch and identify critical\nerrors early in the development process, ensuring that the code behaves\nas expected and preventing regression in later stages of development.\n\nAdd assertions to the Commands, Task, Todo, Event and Deadline classes\nto check that values passed in are not null.\n\nThis is done to prevent when there are modifications to code, no null\nclasses are accidentally passed in, causing unnecessary errors.\n","tags":["A-Assertions"],"fileTypesAndContributionMap":{"gradle":{"insertions":1,"deletions":0},"java":{"insertions":60,"deletions":6}}},{"hash":"cd50c7672b24bea6dc0c9bf25047522b85321a63","isMergeCommit":true,"messageTitle":"Merge branch-A-Assertions","messageBody":"Add assertions to code","fileTypesAndContributionMap":{}},{"hash":"713ae7028deb892b358dcfea43072715b55e458f","isMergeCommit":false,"messageTitle":"Improve Code Quality","messageBody":"Improving code quality is important because it enhances software\nreliability, maintainability, and scalability while reducing the\nlikelihood of bugs and costly future fixes.\n\nRename class and variable names to obviously display what the code is\ndoing, Delete unused codes is some classes, Simplify complicated\nexpressions, Modify long expressions, Add code comments to codes that\nlook slightly more complicated.\n\nThis is done so that the codes are easier to read and understand.\n","tags":["A-FullCommitMessage","A-CodeQuality"],"fileTypesAndContributionMap":{"java":{"insertions":96,"deletions":98}}},{"hash":"dac9c81c251c929dbc234b1ee7d3787961ec33c9","isMergeCommit":true,"messageTitle":"Merge branch-A-CodingQuality","messageBody":"","fileTypesAndContributionMap":{}},{"hash":"1ef731df0f1f79c585c65b0ed2d1229ac6b5479d","isMergeCommit":false,"messageTitle":"BCD-Extension C-Detectduplicates","messageBody":"Adding this extension is important because it improves the MYBOT system\nand warns users if event has already been added.\n\nModify all addXXTask methods to check if there is a task of the same\nname. Add methods and parameters to task list such that it\ncan temporarily store the task. Modify the commands so that if user\nconfirms that they want to add the item again, they need not retype the\ntask.\n","tags":["BCD-Extension"],"fileTypesAndContributionMap":{"txt":{"insertions":4,"deletions":1},"java":{"insertions":107,"deletions":9}}}]},{"date":"2023-09-19","commitResults":[{"hash":"9c3ddca1e38ebe8ddf905a512fc40d98308baf7b","isMergeCommit":false,"messageTitle":"A-Checkstyle","messageBody":"","tags":["A-CheckStyle"],"fileTypesAndContributionMap":{"gradle":{"insertions":5,"deletions":0},"java":{"insertions":202,"deletions":187}}},{"hash":"d8364ea45c790b361422c2955ea2911d70e54810","isMergeCommit":false,"messageTitle":"Improving Code Quality","messageBody":"","fileTypesAndContributionMap":{"java":{"insertions":91,"deletions":47}}},{"hash":"183ce30b587283236dc58c1a644385900e963ca5","isMergeCommit":false,"messageTitle":"Modified exceptions to each have a class on its own","messageBody":"","fileTypesAndContributionMap":{"txt":{"insertions":2,"deletions":3},"java":{"insertions":183,"deletions":114}}},{"hash":"dd8d64a934e88b5090ab94d9ffa13c9ae8a5bccf","isMergeCommit":true,"messageTitle":"Merge pull request branch-Improvements","messageBody":"Modified exceptions to each have a class on its own","fileTypesAndContributionMap":{}},{"hash":"fc1142fee865656df5693f865895728742b6a0fb","isMergeCommit":false,"messageTitle":"A-BetterGUI","messageBody":"","tags":["A-BetterGUI"],"fileTypesAndContributionMap":{"txt":{"insertions":5,"deletions":2},"fxml":{"insertions":3,"deletions":3}}}]},{"date":"2023-09-20","commitResults":[{"hash":"e5b55c60d8c862701df70c845744326482b5065a","isMergeCommit":false,"messageTitle":"User Guide","messageBody":"","tags":["A-UserGuide"],"fileTypesAndContributionMap":{"txt":{"insertions":4,"deletions":7},"java":{"insertions":16,"deletions":9},"md":{"insertions":83,"deletions":14}}},{"hash":"5deffcef988444de2fb580fccb9c534f4bea6d29","isMergeCommit":false,"messageTitle":"Update README.md","messageBody":"","fileTypesAndContributionMap":{"md":{"insertions":97,"deletions":25}}}]}]},"authorFileTypeContributionMap":{"mingyu-wan":{"java":1862,"md":186,"fxml":35,"sh":0,"bat":0,"gradle":33,"txt":18}},"authorContributionVariance":{"mingyu-wan":55881.65},"authorDisplayNameMap":{"mingyu-wan":"CS2103T-T09-2 WAN ..NGYU"}}
