{"authorDailyContributionsMap":{"howenc":[{"date":"2023-08-25","commitResults":[{"hash":"7ad0c356efe786fd4220a55a1dc1b786a2d85c17","isMergeCommit":false,"messageTitle":"Added greeting and exit.","messageBody":"","tags":["Level-0"],"fileTypesAndContributionMap":{"java":{"insertions":14,"deletions":0}}},{"hash":"ef95ab7924e8bcb8b87163eb2757fcebb502cfc0","isMergeCommit":false,"messageTitle":"Added nextCommand and echo method","messageBody":"","tags":["Level-1"],"fileTypesAndContributionMap":{"java":{"insertions":32,"deletions":4}}},{"hash":"900137b2dc44f7f0a540491cf6332cea5edb3072","isMergeCommit":false,"messageTitle":"Added ability to store whatever text entered","messageBody":"","tags":["Level-2"],"fileTypesAndContributionMap":{"java":{"insertions":24,"deletions":2}}},{"hash":"f5d8c86beac183344d8187a74f9c83e2be9f2ce1","isMergeCommit":false,"messageTitle":"Added mark and unmark","messageBody":"","tags":["Level-3"],"fileTypesAndContributionMap":{"java":{"insertions":42,"deletions":4}}},{"hash":"cee558682ffe7b282115dd0051a70e8ebfc85051","isMergeCommit":false,"messageTitle":"Added Todo, Deadline, Event","messageBody":"","tags":["Level-4"],"fileTypesAndContributionMap":{"java":{"insertions":85,"deletions":12}}},{"hash":"d5acf0f157fbaad33145c884e9dcec2d65fbbb0b","isMergeCommit":false,"messageTitle":"Trimmed unnecessary code","messageBody":"","fileTypesAndContributionMap":{"java":{"insertions":4,"deletions":18}}},{"hash":"79354cbced0ad4491b713637ba971eef22a1c0fd","isMergeCommit":false,"messageTitle":"Added Parse class and edit nextCommand, exceptions.","messageBody":"","tags":["Level-5"],"fileTypesAndContributionMap":{"txt":{"insertions":19,"deletions":0},"java":{"insertions":160,"deletions":32}}},{"hash":"59eaa0612b962f5144a99447ffdc089d040e9a02","isMergeCommit":false,"messageTitle":"Implemented ArrayList\u003cTask\u003e","messageBody":"","fileTypesAndContributionMap":{"java":{"insertions":34,"deletions":30}}},{"hash":"bec093a7dda82e05c0a849f366fb647e45dd7819","isMergeCommit":false,"messageTitle":"Added delete","messageBody":"","tags":["Level-6"],"fileTypesAndContributionMap":{"java":{"insertions":20,"deletions":0}}},{"hash":"dcabe02ef5e2cc6cab9876c65960cefbb6eec24c","isMergeCommit":false,"messageTitle":"Added enums for the commands","messageBody":"","tags":["A-Enums"],"fileTypesAndContributionMap":{"java":{"insertions":41,"deletions":15}}},{"hash":"ff308534576aeb0ebe6cee4377f2e661d9c146f9","isMergeCommit":false,"messageTitle":"Edited UI testing","messageBody":"","tags":["A-TextUITesting"],"fileTypesAndContributionMap":{"txt":{"insertions":0,"deletions":18},"java":{"insertions":1,"deletions":1}}},{"hash":"45055df24c804fa83c36d49b5ff2deaca34db703","isMergeCommit":false,"messageTitle":"Removed extra indent to fit code style","messageBody":"","fileTypesAndContributionMap":{"java":{"insertions":110,"deletions":110}}},{"hash":"0aa431a25b41ff5c40d041618bca170c74b12863","isMergeCommit":false,"messageTitle":"Fixed a mistake, added packaged main.java.Duke","messageBody":"","fileTypesAndContributionMap":{"java":{"insertions":351,"deletions":349}}},{"hash":"6674717495710d537f9185f49d509c36907e7cae","isMergeCommit":false,"messageTitle":"Changed public methods to protected","messageBody":"","fileTypesAndContributionMap":{"java":{"insertions":19,"deletions":20}}},{"hash":"b2e378e0e0b83524203af712252e89cd46a83a6b","isMergeCommit":false,"messageTitle":"Changed the package added a Task file","messageBody":"","fileTypesAndContributionMap":{"java":{"insertions":147,"deletions":149}}}]},{"date":"2023-08-28","commitResults":[{"hash":"b90e82282c1d6c7fc3256cb35eef615733bce918","isMergeCommit":false,"messageTitle":"Add quickLoad method and data.duke.txt file","messageBody":"","fileTypesAndContributionMap":{"txt":{"insertions":0,"deletions":0},"java":{"insertions":71,"deletions":0}}},{"hash":"64431adfca2ffbb48b011b6ab8612ab3ec6d7c01","isMergeCommit":false,"messageTitle":"Add readData","messageBody":"","fileTypesAndContributionMap":{"txt":{"insertions":4,"deletions":0},"java":{"insertions":56,"deletions":22}}},{"hash":"abe1a7d0250d8cc80975e1cd7ce5814fc903e0e6","isMergeCommit":false,"messageTitle":"Minor print change","messageBody":"","fileTypesAndContributionMap":{"java":{"insertions":1,"deletions":1}}},{"hash":"557915e8e6e1557e60801347f48a3cc51d3c108a","isMergeCommit":false,"messageTitle":"Add writeData","messageBody":"","fileTypesAndContributionMap":{"txt":{"insertions":0,"deletions":2},"java":{"insertions":51,"deletions":0}}},{"hash":"72d4a31d25746e2282c0c0efce4b094a2c236ca5","isMergeCommit":false,"messageTitle":"Handle corrputed data","messageBody":"","fileTypesAndContributionMap":{"txt":{"insertions":2,"deletions":2},"java":{"insertions":4,"deletions":4}}},{"hash":"32f2840fdaecea4156dea189e41989e319fd7f80","isMergeCommit":true,"messageTitle":"Merge branch \u0027branch-Level-7\u0027","messageBody":"","tags":["Level-7"],"fileTypesAndContributionMap":{}}]}]},"authorFileTypeContributionMap":{"howenc":{"java":502,"md":0,"fxml":0,"sh":0,"bat":0,"gradle":0,"txt":3}},"authorContributionVariance":{"howenc":285284.38},"authorDisplayNameMap":{"howenc":"CS2103T-F12-4 CHEO..OWEN"}}
