{"authorDailyContributionsMap":{"howenc":[{"date":"2023-08-25","commitResults":[{"hash":"7ad0c356efe786fd4220a55a1dc1b786a2d85c17","isMergeCommit":false,"messageTitle":"Added greeting and exit.","messageBody":"","tags":["Level-0"],"fileTypesAndContributionMap":{"java":{"insertions":14,"deletions":0}}},{"hash":"ef95ab7924e8bcb8b87163eb2757fcebb502cfc0","isMergeCommit":false,"messageTitle":"Added nextCommand and echo method","messageBody":"","tags":["Level-1"],"fileTypesAndContributionMap":{"java":{"insertions":32,"deletions":4}}},{"hash":"900137b2dc44f7f0a540491cf6332cea5edb3072","isMergeCommit":false,"messageTitle":"Added ability to store whatever text entered","messageBody":"","tags":["Level-2"],"fileTypesAndContributionMap":{"java":{"insertions":24,"deletions":2}}},{"hash":"f5d8c86beac183344d8187a74f9c83e2be9f2ce1","isMergeCommit":false,"messageTitle":"Added mark and unmark","messageBody":"","tags":["Level-3"],"fileTypesAndContributionMap":{"java":{"insertions":42,"deletions":4}}},{"hash":"cee558682ffe7b282115dd0051a70e8ebfc85051","isMergeCommit":false,"messageTitle":"Added Todo, Deadline, Event","messageBody":"","tags":["Level-4"],"fileTypesAndContributionMap":{"java":{"insertions":85,"deletions":12}}},{"hash":"d5acf0f157fbaad33145c884e9dcec2d65fbbb0b","isMergeCommit":false,"messageTitle":"Trimmed unnecessary code","messageBody":"","fileTypesAndContributionMap":{"java":{"insertions":4,"deletions":18}}},{"hash":"79354cbced0ad4491b713637ba971eef22a1c0fd","isMergeCommit":false,"messageTitle":"Added Parse class and edit nextCommand, exceptions.","messageBody":"","tags":["Level-5"],"fileTypesAndContributionMap":{"txt":{"insertions":19,"deletions":0},"java":{"insertions":160,"deletions":32}}},{"hash":"59eaa0612b962f5144a99447ffdc089d040e9a02","isMergeCommit":false,"messageTitle":"Implemented ArrayList\u003cTask\u003e","messageBody":"","fileTypesAndContributionMap":{"java":{"insertions":34,"deletions":30}}},{"hash":"bec093a7dda82e05c0a849f366fb647e45dd7819","isMergeCommit":false,"messageTitle":"Added delete","messageBody":"","tags":["Level-6"],"fileTypesAndContributionMap":{"java":{"insertions":20,"deletions":0}}},{"hash":"dcabe02ef5e2cc6cab9876c65960cefbb6eec24c","isMergeCommit":false,"messageTitle":"Added enums for the commands","messageBody":"","tags":["A-Enums"],"fileTypesAndContributionMap":{"java":{"insertions":41,"deletions":15}}},{"hash":"ff308534576aeb0ebe6cee4377f2e661d9c146f9","isMergeCommit":false,"messageTitle":"Edited UI testing","messageBody":"","tags":["A-TextUITesting"],"fileTypesAndContributionMap":{"txt":{"insertions":0,"deletions":18},"java":{"insertions":1,"deletions":1}}},{"hash":"45055df24c804fa83c36d49b5ff2deaca34db703","isMergeCommit":false,"messageTitle":"Removed extra indent to fit code style","messageBody":"","fileTypesAndContributionMap":{"java":{"insertions":110,"deletions":110}}},{"hash":"0aa431a25b41ff5c40d041618bca170c74b12863","isMergeCommit":false,"messageTitle":"Fixed a mistake, added packaged main.java.Duke","messageBody":"","fileTypesAndContributionMap":{"java":{"insertions":351,"deletions":349}}},{"hash":"6674717495710d537f9185f49d509c36907e7cae","isMergeCommit":false,"messageTitle":"Changed public methods to protected","messageBody":"","fileTypesAndContributionMap":{"java":{"insertions":19,"deletions":20}}},{"hash":"b2e378e0e0b83524203af712252e89cd46a83a6b","isMergeCommit":false,"messageTitle":"Changed the package added a Task file","messageBody":"","fileTypesAndContributionMap":{"java":{"insertions":147,"deletions":149}}}]},{"date":"2023-08-28","commitResults":[{"hash":"b90e82282c1d6c7fc3256cb35eef615733bce918","isMergeCommit":false,"messageTitle":"Add quickLoad method and data.duke.txt file","messageBody":"","fileTypesAndContributionMap":{"txt":{"insertions":0,"deletions":0},"java":{"insertions":71,"deletions":0}}},{"hash":"64431adfca2ffbb48b011b6ab8612ab3ec6d7c01","isMergeCommit":false,"messageTitle":"Add readData","messageBody":"","fileTypesAndContributionMap":{"txt":{"insertions":4,"deletions":0},"java":{"insertions":56,"deletions":22}}},{"hash":"abe1a7d0250d8cc80975e1cd7ce5814fc903e0e6","isMergeCommit":false,"messageTitle":"Minor print change","messageBody":"","fileTypesAndContributionMap":{"java":{"insertions":1,"deletions":1}}},{"hash":"557915e8e6e1557e60801347f48a3cc51d3c108a","isMergeCommit":false,"messageTitle":"Add writeData","messageBody":"","fileTypesAndContributionMap":{"txt":{"insertions":0,"deletions":2},"java":{"insertions":51,"deletions":0}}},{"hash":"72d4a31d25746e2282c0c0efce4b094a2c236ca5","isMergeCommit":false,"messageTitle":"Handle corrputed data","messageBody":"","fileTypesAndContributionMap":{"txt":{"insertions":2,"deletions":2},"java":{"insertions":4,"deletions":4}}},{"hash":"32f2840fdaecea4156dea189e41989e319fd7f80","isMergeCommit":true,"messageTitle":"Merge branch \u0027branch-Level-7\u0027","messageBody":"","tags":["Level-7"],"fileTypesAndContributionMap":{}},{"hash":"1942ee1382eb8f8963059ad66be80d50dd4c8956","isMergeCommit":false,"messageTitle":"Add LocalDateTime for tasks","messageBody":"","fileTypesAndContributionMap":{"txt":{"insertions":0,"deletions":2},"java":{"insertions":54,"deletions":24}}},{"hash":"5983f90ced235b3b7cb1e50a6a320e00e2a3b53f","isMergeCommit":false,"messageTitle":"Minor changes to commands","messageBody":"","fileTypesAndContributionMap":{"java":{"insertions":11,"deletions":9}}},{"hash":"18ece5bd110e4cf5071f6f95a2c589b5183bee27","isMergeCommit":false,"messageTitle":"Add Parser, Storage, Ui, Commands classes","messageBody":"","fileTypesAndContributionMap":{"txt":{"insertions":3,"deletions":0},"java":{"insertions":421,"deletions":406}}}]},{"date":"2023-08-29","commitResults":[{"hash":"a7731cf15ede5d374d7a185b2e458d9a43a7e6d6","isMergeCommit":false,"messageTitle":"Use state of Command Object as decision maker","messageBody":"","fileTypesAndContributionMap":{"java":{"insertions":100,"deletions":0}}},{"hash":"f8f7a0181c355234c158b4323e81a1329d8d9d73","isMergeCommit":false,"messageTitle":"Minor edit","messageBody":"","tags":["Level-8"],"fileTypesAndContributionMap":{"java":{"insertions":0,"deletions":6}}},{"hash":"9678e1117c29dc81b63aa3a5523634e5ba05e170","isMergeCommit":false,"messageTitle":"Add twoCommands and threeCommands","messageBody":"","fileTypesAndContributionMap":{"java":{"insertions":42,"deletions":4}}},{"hash":"7975b6c096d5933271eeb824e18de58949ed20a8","isMergeCommit":false,"messageTitle":"Save point 1","messageBody":"","fileTypesAndContributionMap":{"java":{"insertions":1,"deletions":0}}},{"hash":"dd86539ce06e9bcfbf4a80332b73867f0385dcf3","isMergeCommit":false,"messageTitle":"Refactor code for OOP","messageBody":"","fileTypesAndContributionMap":{"txt":{"insertions":8,"deletions":0},"java":{"insertions":107,"deletions":137}}},{"hash":"7b1cb206b57c0a607227b848627ec686e8271296","isMergeCommit":true,"messageTitle":"Merge branch \u0027A-MoreOOP\u0027","messageBody":"","tags":["A-MoreOOP"],"fileTypesAndContributionMap":{}},{"hash":"9b53747e48b01e6465038b4c9eaec4dcd16ee840","isMergeCommit":true,"messageTitle":"Merge branch \u0027branch-Level-8\u0027","messageBody":"","fileTypesAndContributionMap":{}},{"hash":"29908b30b96e634962d448ebf5b63a229f03741a","isMergeCommit":false,"messageTitle":"Made packages","messageBody":"","tags":["A-Packages"],"fileTypesAndContributionMap":{"txt":{"insertions":0,"deletions":1},"java":{"insertions":225,"deletions":195}}}]},{"date":"2023-08-30","commitResults":[{"hash":"71ecb7f434b6f234b55f27a3d8453f28f1c0d32c","isMergeCommit":true,"messageTitle":"Merge remote-tracking branch \u0027origin/add-gradle-support\u0027","messageBody":"","fileTypesAndContributionMap":{}},{"hash":"3d91eb87eac77aa44afb2eadff4d4080e2dc235d","isMergeCommit":false,"messageTitle":"Add Gradle","messageBody":"","tags":["A-Gradle"],"fileTypesAndContributionMap":{"txt":{"insertions":0,"deletions":4},"java":{"insertions":0,"deletions":0}}},{"hash":"a8b748c1aac47e0f0c69a300e4781802a4df4c18","isMergeCommit":false,"messageTitle":"Unmark main as module","messageBody":"","fileTypesAndContributionMap":{"java":{"insertions":35,"deletions":35}}},{"hash":"a18efd9f16019cd06e524edb89bf8b68230bac15","isMergeCommit":false,"messageTitle":"Gradle and JUnit setup","messageBody":"","fileTypesAndContributionMap":{"gradle":{"insertions":4,"deletions":1},"java":{"insertions":89,"deletions":53},"md":{"insertions":2,"deletions":2}}},{"hash":"08451b5484212e8e380e367928685c987f52278f","isMergeCommit":false,"messageTitle":"Exceptions","messageBody":"","fileTypesAndContributionMap":{"txt":{"insertions":2,"deletions":5},"java":{"insertions":290,"deletions":145}}},{"hash":"3ec369f53ab77cda16738e185e5bbe064e14ba32","isMergeCommit":false,"messageTitle":"Test cases for all commands","messageBody":"","tags":["A-JUnit"],"fileTypesAndContributionMap":{"gradle":{"insertions":1,"deletions":1},"txt":{"insertions":1,"deletions":3},"java":{"insertions":915,"deletions":45}}},{"hash":"e508aaf7cdd7dc9048787c964e441c5367cc1523","isMergeCommit":false,"messageTitle":"Made a Jar file","messageBody":"","tags":["A-Jar"],"fileTypesAndContributionMap":{"gradle":{"insertions":1,"deletions":0}}}]},{"date":"2023-08-31","commitResults":[{"hash":"7e33b49d57bbc175232fc460af6a0a1725e108af","isMergeCommit":false,"messageTitle":"Minor edit","messageBody":"","fileTypesAndContributionMap":{"java":{"insertions":0,"deletions":4}}},{"hash":"b28f01dddb12b870c5b208abbbb98ee043fb0066","isMergeCommit":false,"messageTitle":"Minor edit","messageBody":"","fileTypesAndContributionMap":{"java":{"insertions":0,"deletions":5}}},{"hash":"51cc471a264a236626dd8eba3aad8970c6466a4e","isMergeCommit":false,"messageTitle":"Minor edit","messageBody":"","fileTypesAndContributionMap":{"java":{"insertions":0,"deletions":4}}},{"hash":"d5a93433e4b935321e185eb80e66917f738894f5","isMergeCommit":false,"messageTitle":"Minor edit","messageBody":"","fileTypesAndContributionMap":{"java":{"insertions":0,"deletions":4}}},{"hash":"a534daf902bb2dfa4a21f115b4edc4cd3ab3d008","isMergeCommit":false,"messageTitle":"JavaDoc and refactor for Commands.java","messageBody":"","fileTypesAndContributionMap":{"java":{"insertions":177,"deletions":56}}},{"hash":"0a2212f73c0af4b96f51ea16ca377ce0e244c934","isMergeCommit":true,"messageTitle":"Merge branch \u0027master\u0027 into branch-A-JavaDoc","messageBody":"","fileTypesAndContributionMap":{}},{"hash":"d3e13c08e21e6fd924ecd1e9e47f19130790818c","isMergeCommit":false,"messageTitle":"Writing JavaDocs","messageBody":"","tags":["A-JavaDoc"],"fileTypesAndContributionMap":{"java":{"insertions":194,"deletions":46}}},{"hash":"837ed0313ab557426394cd30af65f24c18614c99","isMergeCommit":false,"messageTitle":"Editing to match coding standard","messageBody":"","tags":["A-CodingStandard"],"fileTypesAndContributionMap":{"java":{"insertions":44,"deletions":28}}},{"hash":"bb29e12edb7900acb9c4ceb1d7b1e0ea4908168f","isMergeCommit":false,"messageTitle":"Made find command","messageBody":"","tags":["Level-9"],"fileTypesAndContributionMap":{"txt":{"insertions":2,"deletions":0},"java":{"insertions":73,"deletions":7}}},{"hash":"28f062860630e6f0e3de5250c7327edca67e36c1","isMergeCommit":true,"messageTitle":"Merge branch \u0027branch-A-JavaDoc\u0027","messageBody":"","fileTypesAndContributionMap":{}},{"hash":"1f2253b363997eb807bd3a2559158bb6bfb75d17","isMergeCommit":true,"messageTitle":"Merge branch \u0027branch-A-CodingStandard\u0027","messageBody":"# Conflicts:\n#\tsrc/main/java/command/Commands.java\n#\tsrc/main/java/duke/Duke.java\n#\tsrc/main/java/task/ListOfTask.java\n#\tsrc/main/java/task/Task.java\n","fileTypesAndContributionMap":{}},{"hash":"abfbe5c8cabf7450d221e022d9a526e3c198e79c","isMergeCommit":true,"messageTitle":"Merge branch \u0027branch-Level-9\u0027","messageBody":"# Conflicts:\n#\tsrc/main/java/duke/Duke.java\n","fileTypesAndContributionMap":{}},{"hash":"a950e406a369f853a51b5ba68078ef306c3cc14e","isMergeCommit":false,"messageTitle":"Minor edits and checking","messageBody":"","fileTypesAndContributionMap":{"txt":{"insertions":0,"deletions":2},"java":{"insertions":107,"deletions":75}}}]},{"date":"2023-09-04","commitResults":[{"hash":"81aeffae9a8c0c7ea5121f26cc719e3244e5dc41","isMergeCommit":false,"messageTitle":"Minor Edit","messageBody":"","fileTypesAndContributionMap":{"java":{"insertions":14,"deletions":15}}}]},{"date":"2023-09-05","commitResults":[{"hash":"a8df2b84f5dc81158d5688dfe29e622686fc4382","isMergeCommit":false,"messageTitle":"Reviewed feedback from PR","messageBody":"","fileTypesAndContributionMap":{"gradle":{"insertions":22,"deletions":0},"java":{"insertions":267,"deletions":248}}}]},{"date":"2023-09-06","commitResults":[{"hash":"5994302f6170f1e2f4c2148d648660a76edc72f0","isMergeCommit":false,"messageTitle":"Implemented JavaFx","messageBody":"","tags":["Level-10"],"fileTypesAndContributionMap":{"fxml":{"insertions":41,"deletions":0},"java":{"insertions":161,"deletions":9}}},{"hash":"a804a15f6b81453b84bd64c980630e242649a236","isMergeCommit":true,"messageTitle":"Merge branch \u0027branch-Level-10\u0027","messageBody":"","fileTypesAndContributionMap":{}},{"hash":"ef1c71fe91ceeae0beed2ee4fe3d1c0350e3f897","isMergeCommit":false,"messageTitle":"Implemented CheckStyle","messageBody":"","tags":["A-CheckStyle"],"fileTypesAndContributionMap":{"gradle":{"insertions":4,"deletions":1},"java":{"insertions":303,"deletions":935}}},{"hash":"8f36ddb5fe4f0971329cd60807d2ce400c204b60","isMergeCommit":false,"messageTitle":"Minor commit","messageBody":"","fileTypesAndContributionMap":{"java":{"insertions":1,"deletions":0}}},{"hash":"026ee1d621fcf1da89c60baf485345c2bc723ae4","isMergeCommit":true,"messageTitle":"Merge branch \u0027branch-A-CheckStyle\u0027","messageBody":"","fileTypesAndContributionMap":{}},{"hash":"f2404a717e06e9a066d1b348be0f02943fbcd33f","isMergeCommit":false,"messageTitle":"Minor edit","messageBody":"","fileTypesAndContributionMap":{"java":{"insertions":0,"deletions":1}}}]},{"date":"2023-09-08","commitResults":[{"hash":"e51fc495f32a564db711c90a2d737088ec811ad0","isMergeCommit":false,"messageTitle":"Fixed javaFx and made the GUI","messageBody":"","fileTypesAndContributionMap":{"txt":{"insertions":2,"deletions":0},"java":{"insertions":98,"deletions":120}}}]},{"date":"2023-09-13","commitResults":[{"hash":"397d1cc51522610ce3fba0c1eb94f0408f446658","isMergeCommit":false,"messageTitle":"header  Cleaning up code","messageBody":"description  I have cleaned up some code that is no longer needed as\nwell as refactoring the execute method of Commands class\n","tags":["A-FullCommitMessage"],"fileTypesAndContributionMap":{"txt":{"insertions":0,"deletions":2},"java":{"insertions":46,"deletions":50}}},{"hash":"aecebbd79f4546485c4bd8efa8cd2370c4a0563f","isMergeCommit":false,"messageTitle":"header  Refactoring and Asserting","messageBody":"description  There were some assumptions I made about dukeResponse,\nI wanted it to be never be null as this means that duke would reply\nwith nothing.\n\nRefactoring a few catch blocks according to DRY, removed the need\nto use print boolean in delete command.\n","fileTypesAndContributionMap":{"java":{"insertions":44,"deletions":87}}},{"hash":"8bd68a900d3160db47f4eee3268e44f141ccffa3","isMergeCommit":true,"messageTitle":"Merge pull request #1 from howenc/branch-A-Assertions","messageBody":"header  Refactoring and Asserting","tags":["A-Assertions"],"fileTypesAndContributionMap":{}},{"hash":"bfd3cc36d240561094d7560321ac91b3b4366c82","isMergeCommit":true,"messageTitle":"Merge branch \u0027master\u0027 into branch-A-CodeQuality","messageBody":"","fileTypesAndContributionMap":{}},{"hash":"2dffb9d0827a24ad7ffd3bbdcbcd87468106e58f","isMergeCommit":false,"messageTitle":"Refactoring and Code Quality","messageBody":"","fileTypesAndContributionMap":{"txt":{"insertions":0,"deletions":1},"java":{"insertions":124,"deletions":154}}},{"hash":"7b2be5cd5afc74678670b4827b8d85af409f5fa7","isMergeCommit":true,"messageTitle":"Merge pull request #2 from howenc/branch-A-CodeQuality","messageBody":"Merge branch \u0027master\u0027 into branch-A-CodeQuality","tags":["A-CodeQuality"],"fileTypesAndContributionMap":{}},{"hash":"643c436467aa1e200ca0488a0c2eb48f44d507bd","isMergeCommit":false,"messageTitle":"header  Implemented undo command","messageBody":"description\n\n- Implemented a stack to function as a log for previous commands\n- Implemented a stack to function as a log for deleted tasks\n\nWhen undoing, it pops the command stack and does the reverse of\nits execute method.\n","fileTypesAndContributionMap":{"txt":{"insertions":1,"deletions":0},"java":{"insertions":198,"deletions":66}}},{"hash":"e5692ebf6161c59b8af019b2206adb22fae81764","isMergeCommit":true,"messageTitle":"Merge branch \u0027branch-C-Undo\u0027","messageBody":"","tags":["BCD-Extension"],"fileTypesAndContributionMap":{}}]},{"date":"2023-09-15","commitResults":[{"hash":"cc4b2cdd85a05e1b483e97adc575e32f4d2af3a2","isMergeCommit":false,"messageTitle":"header  Minor edits","messageBody":"","fileTypesAndContributionMap":{"java":{"insertions":65,"deletions":39}}}]},{"date":"2023-09-19","commitResults":[{"hash":"fc0837a91a0da39750bce054173e8d20721824a7","isMergeCommit":false,"messageTitle":"Minor Edits","messageBody":"","fileTypesAndContributionMap":{"java":{"insertions":25,"deletions":57}}},{"hash":"f2fb1b88adc112bf25be80399659a93bcd217d34","isMergeCommit":false,"messageTitle":"Creating a UserGuide","messageBody":"","tags":["A-UserGuide"],"fileTypesAndContributionMap":{"txt":{"insertions":1,"deletions":1},"fxml":{"insertions":33,"deletions":13},"java":{"insertions":5,"deletions":4},"md":{"insertions":113,"deletions":15}}},{"hash":"21d6ec037b982314c16e21f7402b8c1f1931aefb","isMergeCommit":false,"messageTitle":"Improve SLAP","messageBody":"","fileTypesAndContributionMap":{"java":{"insertions":94,"deletions":74}}}]},{"date":"2023-09-20","commitResults":[{"hash":"a6f722046f64dd1bc9585824295d794fbeab0dd1","isMergeCommit":false,"messageTitle":"Update GUI","messageBody":"","tags":["A-Release"],"fileTypesAndContributionMap":{"gradle":{"insertions":1,"deletions":3},"txt":{"insertions":30,"deletions":1},"fxml":{"insertions":25,"deletions":9},"java":{"insertions":7,"deletions":2}}}]}]},"authorFileTypeContributionMap":{"howenc":{"java":1733,"md":115,"fxml":77,"sh":0,"bat":0,"gradle":30,"txt":31}},"authorContributionVariance":{"howenc":270675.66},"authorDisplayNameMap":{"howenc":"CS2103T-F12-4 CHEO..OWEN"}}
