{"authorDailyContributionsMap":{"darrentfy":[{"date":"2023-08-22","commitResults":[{"hash":"cc1d56c6ac831d7506d5cd2e04fa7ad741ac9595","isMergeCommit":false,"messageTitle":"renamed chatbot and implemented skeletal version","messageBody":"","tags":["Level-0"],"fileTypesAndContributionMap":{"java":{"insertions":8,"deletions":6}}},{"hash":"706f66747315532f2aca7d53b671afd4db6f97a4","isMergeCommit":false,"messageTitle":"added feature to echo commands","messageBody":"","tags":["Level-1"],"fileTypesAndContributionMap":{"java":{"insertions":18,"deletions":4}}},{"hash":"a147b6a42042be0f6674dcd218763d722e4f17bb","isMergeCommit":false,"messageTitle":"added feature to add and display tasks","messageBody":"","tags":["Level-2"],"fileTypesAndContributionMap":{"java":{"insertions":20,"deletions":7}}}]},{"date":"2023-08-23","commitResults":[{"hash":"104ab2d1e09d089e76a7571da063f81b9bf4ee50","isMergeCommit":false,"messageTitle":"added Task class to represent tasks and feature to mark and unmark tasks as done","messageBody":"","tags":["Level-3","A-Classes"],"fileTypesAndContributionMap":{"java":{"insertions":80,"deletions":5}}},{"hash":"fa1b6b26209e2da2d755558b570436fb5e3d3626","isMergeCommit":false,"messageTitle":"added subclasses of the Task class, Deadline, Event and Todo","messageBody":"","tags":["Level-4","A-Inheritance"],"fileTypesAndContributionMap":{"java":{"insertions":154,"deletions":90}}},{"hash":"978bdaca5653098289a4197535b026e9e2e14e33","isMergeCommit":false,"messageTitle":"added custom exception classes and handling of incorrect inputs","messageBody":"","fileTypesAndContributionMap":{"java":{"insertions":55,"deletions":10}}},{"hash":"8fa855e9c57882f04726acef061fabacfa3121d2","isMergeCommit":false,"messageTitle":"added feature to delete tasks","messageBody":"","fileTypesAndContributionMap":{"java":{"insertions":21,"deletions":0}}},{"hash":"70c3407b0d609ed2fb2759555ad3096d44b6b2e6","isMergeCommit":false,"messageTitle":"reorganised code and and removed exceptions that could be handled with if else statements","messageBody":"","fileTypesAndContributionMap":{"java":{"insertions":57,"deletions":83}}},{"hash":"2666a559f4bd34583d5f08aef0181acde2ad857a","isMergeCommit":false,"messageTitle":"added DukeException class to handle exceptions","messageBody":"","fileTypesAndContributionMap":{"java":{"insertions":58,"deletions":83}}},{"hash":"7f0a5a59fd7716dd541098f061932bdbe7e9f52b","isMergeCommit":false,"messageTitle":"no message","messageBody":"","fileTypesAndContributionMap":{"java":{"insertions":71,"deletions":0}}},{"hash":"9ee4f8114c524ea3c197a39ba67a1c6905da57a6","isMergeCommit":true,"messageTitle":"Merge branch \u0027master\u0027 of github.com:darrentfy/ip","messageBody":"# Conflicts:\n#\tsrc/main/java/Duke.java\n","fileTypesAndContributionMap":{}},{"hash":"cb9bef7fa61b2b0fba30e38746a6421e36fd53e0","isMergeCommit":true,"messageTitle":"Added DukeException class to handle exceptions","messageBody":"","tags":["Level-6","Level-5","A-Exceptions","A-Collections"],"fileTypesAndContributionMap":{}}]},{"date":"2023-08-24","commitResults":[{"hash":"730512cc5f6a197aff6526f1fae9bc62cdafde7d","isMergeCommit":false,"messageTitle":"added text ui testing","messageBody":"","tags":["A-TextUiTesting"],"fileTypesAndContributionMap":{"txt":{"insertions":28,"deletions":0},"java":{"insertions":9,"deletions":9}}}]},{"date":"2023-08-28","commitResults":[{"hash":"1df0b96cf5ddef7a168db4ef5ca0220c985bf7aa","isMergeCommit":false,"messageTitle":"Add checks for whitespace after command in user input eg \"todo \"","messageBody":"","fileTypesAndContributionMap":{"java":{"insertions":24,"deletions":9}}}]},{"date":"2023-08-29","commitResults":[{"hash":"75058e280ec7a7faac7ad52085344565a7da703f","isMergeCommit":false,"messageTitle":"Add feature to save tasks list","messageBody":"","fileTypesAndContributionMap":{"java":{"insertions":136,"deletions":6}}},{"hash":"8050da495819bcb3dbfed47bbe9db1f91970789c","isMergeCommit":true,"messageTitle":"Merge branch \u0027branch-Level-7\u0027","messageBody":"* branch-Level-7:\n  Add feature to save tasks list\n","tags":["Level-7"],"fileTypesAndContributionMap":{}},{"hash":"c08ea732e87f871564661c031936211c50a1ca1b","isMergeCommit":false,"messageTitle":"Add feature to read date and time and update testcases","messageBody":"","fileTypesAndContributionMap":{"txt":{"insertions":5,"deletions":2},"java":{"insertions":38,"deletions":16}}},{"hash":"2ad22f0397292b60987adf6b9cf4bb27c80a304d","isMergeCommit":true,"messageTitle":"Merge branch \u0027branch-Level-8\u0027","messageBody":"* branch-Level-8:\n  Add feature to read date and time and update testcases\n","tags":["Level-8"],"fileTypesAndContributionMap":{}}]},{"date":"2023-08-30","commitResults":[{"hash":"7381fa0759b25c9ea29acacd444b2ff8607b2101","isMergeCommit":false,"messageTitle":"Create new classes to refactor code","messageBody":"","fileTypesAndContributionMap":{"txt":{"insertions":3,"deletions":0},"java":{"insertions":390,"deletions":177}}},{"hash":"826f4b85ae43c12e8c01d8db47e961f72885bc58","isMergeCommit":true,"messageTitle":"Merge branch \u0027branch-moreOOP\u0027","messageBody":"","tags":["A-MoreOOP"],"fileTypesAndContributionMap":{}},{"hash":"fae2fb6894aaa5b3efcb3b05eac6a97fd73803c5","isMergeCommit":false,"messageTitle":"Organise classes into task, command and duke packages","messageBody":"","tags":["A-Packages"],"fileTypesAndContributionMap":{"java":{"insertions":121,"deletions":17},"bat":{"insertions":1,"deletions":1},"sh":{"insertions":1,"deletions":1},"md":{"insertions":2,"deletions":2}}},{"hash":"7f6185c1de100dd673b53caf64cedddb7c19dca3","isMergeCommit":true,"messageTitle":"Merge commit \u0027ed6d4d25bd4e34461919ffe785a6f10f4c087552\u0027","messageBody":"","fileTypesAndContributionMap":{}}]}]},"authorFileTypeContributionMap":{"darrentfy":{"java":701,"md":2,"fxml":0,"sh":1,"bat":1,"gradle":0,"txt":34}},"authorContributionVariance":{"darrentfy":68637.164},"authorDisplayNameMap":{"darrentfy":"CS2103T-W13-4 DARR..ANYI"}}
