{"authorDailyContributionsMap":{"jonyeokj":[{"date":"2023-08-24","commitResults":[{"hash":"39c0d765d607a2e7176a52d86fb7649d6a2bb4da","isMergeCommit":false,"messageTitle":"Changed Duke to Martin","messageBody":"","tags":["Level-2","Level-1","Level-0"],"fileTypesAndContributionMap":{"java":{"insertions":39,"deletions":10}}},{"hash":"4d307d87d9dc2246865facccce42d567818c6357","isMergeCommit":false,"messageTitle":"Added isDone Functionality and Task.java","messageBody":"","tags":["Level-3"],"fileTypesAndContributionMap":{"java":{"insertions":68,"deletions":4}}},{"hash":"5a7a3116a4b1e93ccd043e004bb95be2cfc7f794","isMergeCommit":false,"messageTitle":"Added Tracking for Tasks: Todos, Events, Deadlines","messageBody":"","tags":["Level-4"],"fileTypesAndContributionMap":{"java":{"insertions":54,"deletions":4}}},{"hash":"37a5502e1a638e9b88a2edd99e40403b2035d36d","isMergeCommit":false,"messageTitle":"Abstraction of adding Task functions","messageBody":"","tags":["Level-4-abstraction"],"fileTypesAndContributionMap":{"java":{"insertions":22,"deletions":10}}}]},{"date":"2023-08-25","commitResults":[{"hash":"7f325761052bda121c5f8ce6f7dcf790a3b8aedd","isMergeCommit":false,"messageTitle":"Edited Duke to Martin in runtest files","messageBody":"","tags":["Level-5"],"fileTypesAndContributionMap":{"bat":{"insertions":1,"deletions":1},"sh":{"insertions":1,"deletions":1}}},{"hash":"1228c38f6ae00d83e3f30aedbe3b46359dc9bbf8","isMergeCommit":false,"messageTitle":"Added Exceptions for empty tasks descriptions, invalid commands, invalid task numbers and already marked/unmarked tasks","messageBody":"","tags":["Level-6"],"fileTypesAndContributionMap":{"java":{"insertions":97,"deletions":33}}},{"hash":"a46f9a81d487b4663c871948fcdf349d66dff753","isMergeCommit":false,"messageTitle":"Added Delete Function for tasks","messageBody":"","tags":["A-TextUITesting"],"fileTypesAndContributionMap":{"java":{"insertions":21,"deletions":5}}}]},{"date":"2023-09-02","commitResults":[{"hash":"b47fcbfceda79d68eb1c2fdc03e02f58b5ff1481","isMergeCommit":false,"messageTitle":"Added saving functionality, tasks are saved and remembered","messageBody":"","fileTypesAndContributionMap":{"txt":{"insertions":0,"deletions":0},"java":{"insertions":81,"deletions":1}}},{"hash":"380082a58a14695c72e6ac65879d2a519c79257d","isMergeCommit":false,"messageTitle":"Removed wildcard import and added header messages to functions","messageBody":"","tags":["Level-7"],"fileTypesAndContributionMap":{"java":{"insertions":42,"deletions":1}}}]},{"date":"2023-09-03","commitResults":[{"hash":"3a1360fcfd3d6f9880a6292df65ed54620ad6588","isMergeCommit":false,"messageTitle":"Added Date and Time formatting to Deadline class, also Added date function in main","messageBody":"","tags":["Level-8"],"fileTypesAndContributionMap":{"txt":{"insertions":2,"deletions":0},"java":{"insertions":118,"deletions":14}}},{"hash":"0930fb37775c0b635dfafcf75e3ce03b08107755","isMergeCommit":false,"messageTitle":"Created Parser, Storage, UI and TaskList classes for better OOP","messageBody":"","tags":["A-MoreOOP"],"fileTypesAndContributionMap":{"txt":{"insertions":1,"deletions":2},"java":{"insertions":403,"deletions":274}}},{"hash":"002306a92b0dfdf6ef746a496036fc8b67f66d32","isMergeCommit":false,"messageTitle":"Added Command interface and classes and organized files into packages","messageBody":"","tags":["A-Packages"],"fileTypesAndContributionMap":{"txt":{"insertions":2,"deletions":1},"java":{"insertions":535,"deletions":313}}},{"hash":"d6550fc4a5cd09909ebc1cfee3a0719269beedfe","isMergeCommit":false,"messageTitle":"Added Gradle Support","messageBody":"","tags":["A-JUnit","A-Gradle"],"fileTypesAndContributionMap":{"gradle":{"insertions":42,"deletions":0},"sh":{"insertions":0,"deletions":0}}},{"hash":"2a1c9a5f77663bd61d89d30aaec3c82fcbce27b2","isMergeCommit":false,"messageTitle":"Added DeleteCommandTest and TodoCommandTest files","messageBody":"","fileTypesAndContributionMap":{"gradle":{"insertions":2,"deletions":2},"java":{"insertions":61,"deletions":0}}},{"hash":"67dc2219ca70340f3590414ff13ae396a6dc75b1","isMergeCommit":false,"messageTitle":"Implemented the Fat Jar","messageBody":"","tags":["A-Jar"],"fileTypesAndContributionMap":{"gradle":{"insertions":1,"deletions":0}}},{"hash":"e4b277c97bdbe49da25cd4c5565af0762abe683f","isMergeCommit":false,"messageTitle":"Added Find Command","messageBody":"","tags":["Level-9"],"fileTypesAndContributionMap":{"txt":{"insertions":1,"deletions":0},"java":{"insertions":48,"deletions":5}}}]}]},"authorFileTypeContributionMap":{"jonyeokj":{"java":925,"md":0,"fxml":0,"sh":1,"bat":1,"gradle":43,"txt":3}},"authorContributionVariance":{"jonyeokj":182720.22},"authorDisplayNameMap":{"jonyeokj":"CS2103-W14-2 JONA.. JIE"}}
