{"authorDailyContributionsMap":{"SimWPEric":[{"date":"2023-08-18","commitResults":[{"hash":"9a26ad84aa87e552e490ff190e33e20312b71414","isMergeCommit":false,"messageTitle":"Added greet, exit","messageBody":"","tags":["Level-0"],"fileTypesAndContributionMap":{"java":{"insertions":13,"deletions":6}}},{"hash":"964e3410712b70b00ee05c0d31f460844db403cf","isMergeCommit":false,"messageTitle":"Added echo","messageBody":"","tags":["Level-1"],"fileTypesAndContributionMap":{"java":{"insertions":20,"deletions":4}}}]},{"date":"2023-08-19","commitResults":[{"hash":"4ba5c8a874bb3f8fdf60c649048694bbbf47b293","isMergeCommit":false,"messageTitle":"Added add, list","messageBody":"","tags":["Level-2"],"fileTypesAndContributionMap":{"java":{"insertions":35,"deletions":3}}},{"hash":"64a2c8799d8caf8d37c1fa10dbc22b5f42c3fdad","isMergeCommit":false,"messageTitle":"Added mark as done, mark as not done","messageBody":"","tags":["Level-3"],"fileTypesAndContributionMap":{"java":{"insertions":49,"deletions":5}}},{"hash":"40e9d1510005ffa08d66222becd7899c5723c630","isMergeCommit":false,"messageTitle":"Added ToDos, Event, Deadline","messageBody":"","tags":["Level-4"],"fileTypesAndContributionMap":{"java":{"insertions":72,"deletions":6}}},{"hash":"ae2ff5403eab5c8cf68ec32af9bbd510f3f80522","isMergeCommit":false,"messageTitle":"Added Text UI Testing","messageBody":"","tags":["A-TextUiTesting"],"fileTypesAndContributionMap":{"txt":{"insertions":7,"deletions":0},"java":{"insertions":18,"deletions":19}}},{"hash":"0960f76eaa4ccafe2447179b2ecd7aab38730615","isMergeCommit":false,"messageTitle":"Added error handling","messageBody":"","tags":["Level-5"],"fileTypesAndContributionMap":{"java":{"insertions":118,"deletions":38}}},{"hash":"ef3dc5ed3bce93fe9de86d753bc08cf93966c560","isMergeCommit":false,"messageTitle":"Added delete","messageBody":"","tags":["Level-6"],"fileTypesAndContributionMap":{"java":{"insertions":44,"deletions":20}}},{"hash":"6cb266c2f3728e9de335b29856b99fa20b6853f3","isMergeCommit":false,"messageTitle":"Added enums","messageBody":"","tags":["A-Enums"],"fileTypesAndContributionMap":{"java":{"insertions":43,"deletions":25}}}]},{"date":"2023-08-26","commitResults":[{"hash":"4595cf0c8410dfb6bfa3ac696f5dae3c3fbaa495","isMergeCommit":false,"messageTitle":"Fix indentation","messageBody":"","fileTypesAndContributionMap":{"txt":{"insertions":15,"deletions":2},"java":{"insertions":5,"deletions":5}}},{"hash":"59fbb699746dddf39884685dc8da51388f5e17ef","isMergeCommit":false,"messageTitle":"Add save feature","messageBody":"","fileTypesAndContributionMap":{"java":{"insertions":133,"deletions":5}}},{"hash":"1504c2b305f52fc00a57eaa965b7c50817047eed","isMergeCommit":true,"messageTitle":"Merge branch \u0027branch-Level-7\u0027","messageBody":"* branch-Level-7:\n  Add save feature\n","tags":["Level-7"],"fileTypesAndContributionMap":{}},{"hash":"16912f694a93a2650f7269f4a3373fe57c71feac","isMergeCommit":false,"messageTitle":"Replace String-Based Date with LocalDate Objects","messageBody":"","fileTypesAndContributionMap":{"java":{"insertions":82,"deletions":16}}},{"hash":"66ff94a5bb465d9f37f118acf33892b03563a433","isMergeCommit":true,"messageTitle":"Merge branch \u0027branch-Level-8\u0027","messageBody":"* branch-Level-8:\n  Replace String-Based Date with LocalDate Objects\n","tags":["Level-8"],"fileTypesAndContributionMap":{}}]},{"date":"2023-08-27","commitResults":[{"hash":"aaad53fe495f315b138d20d8e7648a9b35639d5e","isMergeCommit":false,"messageTitle":"Add Parser class to handle user command","messageBody":"","fileTypesAndContributionMap":{"java":{"insertions":143,"deletions":78}}},{"hash":"6fc2c4cc847f2492159f73938a514a2f9bf0a3ce","isMergeCommit":false,"messageTitle":"Add constructor to Duke class","messageBody":"This commit introduces a constructor to the Duke class that takes a `filePath` parameter.\n","fileTypesAndContributionMap":{"java":{"insertions":109,"deletions":54}}},{"hash":"c73cb228123348f1fead163c1b89e82d4158d691","isMergeCommit":false,"messageTitle":"Add Ui class to handle interactions with user","messageBody":"","tags":["A-Varargs"],"fileTypesAndContributionMap":{"java":{"insertions":144,"deletions":71}}},{"hash":"78c8fbb4ad6dfc67d18a7662baa15a4eaddab6ea","isMergeCommit":true,"messageTitle":"Merge branch \u0027A-MoreOOP\u0027","messageBody":"* A-MoreOOP:\n  Add Ui class to handle interactions with user\n  Add constructor to Duke class\n  Add Parser class to handle user command\n","tags":["A-MoreOOP"],"fileTypesAndContributionMap":{}},{"hash":"77a069882aff76ffdf661c98d7ce22e42d0de88f","isMergeCommit":false,"messageTitle":"Divide classes into packages","messageBody":"","fileTypesAndContributionMap":{"java":{"insertions":71,"deletions":0},"md":{"insertions":2,"deletions":2}}},{"hash":"a8bbd70414522b7406bd1ec1def298ec6e4a92fd","isMergeCommit":true,"messageTitle":"Merge branch \u0027A-Packages\u0027","messageBody":"* A-Packages:\n  Divide classes into packages\n","tags":["A-Packages"],"fileTypesAndContributionMap":{}},{"hash":"6d70aeef19bab78f8cda9f4131020e37c7f4b27a","isMergeCommit":true,"messageTitle":"Merge commit \u0027ed6d4d25bd4e34461919ffe785a6f10f4c087552\u0027 into A-Gradle","messageBody":"* commit \u0027ed6d4d25bd4e34461919ffe785a6f10f4c087552\u0027:\n  Bump gradle and lib version\n  Add Gradle support\n","fileTypesAndContributionMap":{}},{"hash":"845187864969ae159a90a3ceaf314e8e04f97a25","isMergeCommit":false,"messageTitle":"Add gradle support","messageBody":"","fileTypesAndContributionMap":{"gradle":{"insertions":1,"deletions":1}}},{"hash":"4010cd430f58c308ea0bc4aaa96dd055ca4a7cec","isMergeCommit":true,"messageTitle":"Merge branch \u0027A-Gradle\u0027","messageBody":"* A-Gradle:\n  Add gradle support\n  Bump gradle and lib version\n  Add Gradle support\n","tags":["A-Gradle"],"fileTypesAndContributionMap":{}},{"hash":"83d0cef22bb42030ada69ae6cb335f6979dfaab5","isMergeCommit":false,"messageTitle":"Add JUnit tests for Todo, Deadline and Event task","messageBody":"","fileTypesAndContributionMap":{"java":{"insertions":88,"deletions":0}}},{"hash":"eed5f083cc863da7ff14b112bab84e159a494d78","isMergeCommit":true,"messageTitle":"Merge branch \u0027A-JUnit\u0027","messageBody":"* A-JUnit:\n  Add JUnit tests for Todo, Deadline and Event task\n","tags":["A-Jar","A-JUnit"],"fileTypesAndContributionMap":{}}]},{"date":"2023-08-28","commitResults":[{"hash":"bdc49474a9480121be2646549df2eed9508dba7e","isMergeCommit":false,"messageTitle":"Add find feature","messageBody":"","fileTypesAndContributionMap":{"java":{"insertions":58,"deletions":12}}},{"hash":"dc9a271db6b7789cb96c1ea167747277d669871a","isMergeCommit":false,"messageTitle":"Add JavaDoc comments","messageBody":"Add header comments to all non-private classes/methods, and non-trivial private methods.\n","fileTypesAndContributionMap":{"java":{"insertions":200,"deletions":4}}},{"hash":"08c0993200685631280cd31359e30d049c0ac9e0","isMergeCommit":false,"messageTitle":"Fix coding standard violations","messageBody":"","fileTypesAndContributionMap":{"java":{"insertions":8,"deletions":8}}},{"hash":"22836f327d60e62cdf2178f121883f547e0f9645","isMergeCommit":false,"messageTitle":"Add JavaDoc for Ui class","messageBody":"","fileTypesAndContributionMap":{"java":{"insertions":106,"deletions":2}}},{"hash":"13fcdb599c63838f55935679be3dffe111c05238","isMergeCommit":true,"messageTitle":"Merge branch \u0027branch-Level-9\u0027","messageBody":"* branch-Level-9:\n  Add find feature\n","fileTypesAndContributionMap":{}},{"hash":"a5605d704bb6bc9425ef3d4e987a156ad23cc248","isMergeCommit":true,"messageTitle":"Merge branch \u0027branch-A-JavaDoc\u0027","messageBody":"* branch-A-JavaDoc:\n  Add JavaDoc for Ui class\n  Add JavaDoc comments\n\n# Conflicts:\n#\tsrc/main/java/duke/Command.java\n#\tsrc/main/java/duke/parser/Parser.java\n#\tsrc/main/java/duke/task/Task.java\n#\tsrc/main/java/duke/task/TaskList.java\n","fileTypesAndContributionMap":{}},{"hash":"2745850e50694050be80e6d03c939c5b425c6c51","isMergeCommit":true,"messageTitle":"Merge branch \u0027branch-A-CodingStandard\u0027","messageBody":"* branch-A-CodingStandard:\n  Fix coding standard violations\n","tags":["Level-9","A-JavaDoc","A-CodingStandard"],"fileTypesAndContributionMap":{}}]},{"date":"2023-09-02","commitResults":[{"hash":"bf074369619fc7d5f0164a8a5f9e9fce8f3c2676","isMergeCommit":false,"messageTitle":"Extract Command classes","messageBody":"","fileTypesAndContributionMap":{"java":{"insertions":545,"deletions":355}}},{"hash":"4c3f2c6ef958a7002d9fc84933aab779ca248418","isMergeCommit":false,"messageTitle":"Add checkstyle configs","messageBody":"","fileTypesAndContributionMap":{"gradle":{"insertions":5,"deletions":0},"java":{"insertions":83,"deletions":69}}},{"hash":"ad0a304e917122766c9b5b3cb6cd31567cff9f0a","isMergeCommit":true,"messageTitle":"Merge branch \u0027branch-A-CheckStyle\u0027","messageBody":"* branch-A-CheckStyle:\n  Add checkstyle configs\n","tags":["A-CheckStyle"],"fileTypesAndContributionMap":{}}]},{"date":"2023-09-04","commitResults":[{"hash":"3e42c5a018a9ded335bbc59449d55fa1e4fb3933","isMergeCommit":false,"messageTitle":"Add simple GUI","messageBody":"","fileTypesAndContributionMap":{"gradle":{"insertions":16,"deletions":1},"fxml":{"insertions":48,"deletions":0},"java":{"insertions":245,"deletions":97}}},{"hash":"757d4242471b29df26b3c4a040678a3cc231853a","isMergeCommit":true,"messageTitle":"Merge branch \u0027branch-Level-10\u0027","messageBody":"* branch-Level-10:\n  Add simple GUI\n","tags":["Level-10"],"fileTypesAndContributionMap":{}}]},{"date":"2023-09-05","commitResults":[{"hash":"29210e014a695bae0a7cc655ca3f19b54983719c","isMergeCommit":false,"messageTitle":"Update parser to accept case insensitive user inputs","messageBody":"","fileTypesAndContributionMap":{"java":{"insertions":11,"deletions":11}}}]},{"date":"2023-09-09","commitResults":[{"hash":"b6524a2d5b6474465fd4f191d20dabdfb73fe8ea","isMergeCommit":false,"messageTitle":"Fix JavaDoc style violations","messageBody":"Changes Made:\n- Updated JavaDoc comments in classes and methods within the command package.\n- Enhanced JavaDoc comments in classes and methods within the ui package.\n","tags":["A-FullCommitMessage"],"fileTypesAndContributionMap":{"gradle":{"insertions":1,"deletions":0},"java":{"insertions":76,"deletions":5}}},{"hash":"aacdd4c9ada20e2880bb1cfb4d41302f567ea0aa","isMergeCommit":false,"messageTitle":"Add assert statements to validate assumptions","messageBody":"1. In `Event.java`:\nValidate the assumption that the start date is before the end date when\ncreating an Event object. This assertion will catch potential logic errors\nduring development, ensuring that events are correctly defined with\nvalid date ranges.\n\n2. In `TaskList.java`:\nVerify the invariant that a task is successfully removed from the taskList\nwhen using the `delete` method. This assertion serves to maintain the\nintegrity of the task list, ensuring that tasks are correctly removed and\npreventing unexpected issues.\n","fileTypesAndContributionMap":{"java":{"insertions":2,"deletions":0}}},{"hash":"8477135110f3240890e2643f2e472a2271767d5a","isMergeCommit":false,"messageTitle":"Refactor code to replace for loops with Java streams","messageBody":"Using stream in place of loops should make our code simpler,\nmore elegant, and less bug-prone.\n","fileTypesAndContributionMap":{"java":{"insertions":25,"deletions":29}}},{"hash":"bd5201762bda07ba5233bfc1ef7e15d4b2f92fd7","isMergeCommit":false,"messageTitle":"Refactor Parser class","messageBody":"The Parser class contains long methods with 96 LOC.\n\nRefactoring is necessary to improve readability.\n\nThe code is refactored to separate parsing methods for each command\ntype.\n\nSeparating parsing logic into dedicated methods improves code\nstructure and allows for easier maintenance and future extensions.\n\nThis refactoring does not introduce any function changes but\nenhances code quality and maintainability.\n","fileTypesAndContributionMap":{"java":{"insertions":160,"deletions":103}}},{"hash":"c2d1e5d15d2dc626e1a4778dd37f0be4fd136ed9","isMergeCommit":true,"messageTitle":"Merge pull request #1 from SimWPEric/branch-A-Assertions","messageBody":"Add assert statements to validate assumptions","tags":["A-Assertions"],"fileTypesAndContributionMap":{}},{"hash":"afeaba561fe447616e0f6008bd9d543888c98599","isMergeCommit":true,"messageTitle":"Merge branch \u0027master\u0027 into branch-A-CodeQuality","messageBody":"* master:\n  Add assert statements to validate assumptions\n","fileTypesAndContributionMap":{}},{"hash":"886b321b433ac4031c3227b0b87d231b7858fd77","isMergeCommit":true,"messageTitle":"Merge pull request #2 from SimWPEric/branch-A-Streams","messageBody":"Refactor code to replace for loops with Java streams","tags":["A-Streams"],"fileTypesAndContributionMap":{}},{"hash":"94e9c48be8f597829e9d15273068dc0c3e319e3e","isMergeCommit":true,"messageTitle":"Merge branch \u0027master\u0027 into branch-A-CodeQuality","messageBody":"* master:\n  Refactor code to replace for loops with Java streams\n","fileTypesAndContributionMap":{}},{"hash":"ac43d5f18350e5f82c6de1cf2e025a51078fb90e","isMergeCommit":true,"messageTitle":"Merge pull request #3 from SimWPEric/branch-A-CodeQuality","messageBody":"Refactor Parser class","tags":["A-CodeQuality"],"fileTypesAndContributionMap":{}}]},{"date":"2023-09-10","commitResults":[{"hash":"fabca617e609c019914c306eeb7efbfc4265e6dd","isMergeCommit":false,"messageTitle":"Update DialogBox","messageBody":"Replaced DialogBox with DukeDialog and UserDialog for individual styling.\n","fileTypesAndContributionMap":{"fxml":{"insertions":27,"deletions":2},"java":{"insertions":58,"deletions":15}}},{"hash":"73f014b859bae4ddb0d6352b7e75ec35022c8442","isMergeCommit":false,"messageTitle":"Fix styling errors","messageBody":"","fileTypesAndContributionMap":{"java":{"insertions":16,"deletions":18}}},{"hash":"6e06b4c385e309a6dfefed2a7b402df248f16bbe","isMergeCommit":true,"messageTitle":"Merge branch \u0027branch-A-Assertions\u0027","messageBody":"* branch-A-Assertions:\n","fileTypesAndContributionMap":{}}]},{"date":"2023-09-12","commitResults":[{"hash":"402cc0e0b89794db786eafcd3248639a2f2adf92","isMergeCommit":false,"messageTitle":"Add TaskList sort functionality","messageBody":"TaskList now contains Tasks sorted in the\norder of Todo, Deadline, Event.\n","fileTypesAndContributionMap":{"java":{"insertions":48,"deletions":8}}},{"hash":"755f9709815f38dffbac3a3067052e0ec72203f3","isMergeCommit":true,"messageTitle":"Merge branch \u0027branch-C-Sort\u0027","messageBody":"* branch-C-Sort:\n  Add TaskList sort functionality\n","tags":["BCD-Extension"],"fileTypesAndContributionMap":{}}]}]},"authorFileTypeContributionMap":{"SimWPEric":{"java":1762,"md":2,"fxml":73,"sh":0,"bat":0,"gradle":21,"txt":20}},"authorContributionVariance":{"SimWPEric":73091.664},"authorDisplayNameMap":{"SimWPEric":"CS2103T-W13-4 SIM ..ERIC"}}
