[{"path":"src/main/java/Deadline.java","fileType":"java","lines":[{"lineNumber":1,"author":{"gitId":"laurenlim2112"},"content":"public class Deadline extends Task {","lastModifiedDate":"2023-08-20"},{"lineNumber":2,"author":{"gitId":"laurenlim2112"},"content":"    private String deadline;","lastModifiedDate":"2023-08-20"},{"lineNumber":3,"author":{"gitId":"laurenlim2112"},"content":"    public Deadline(String description, String deadline) throws DukeException {","lastModifiedDate":"2023-08-20"},{"lineNumber":4,"author":{"gitId":"laurenlim2112"},"content":"        super(description);","lastModifiedDate":"2023-08-20"},{"lineNumber":5,"author":{"gitId":"laurenlim2112"},"content":"        this.deadline \u003d deadline;","lastModifiedDate":"2023-08-20"},{"lineNumber":6,"author":{"gitId":"laurenlim2112"},"content":"    }","lastModifiedDate":"2023-08-20"},{"lineNumber":7,"author":{"gitId":"laurenlim2112"},"content":"    @Override","lastModifiedDate":"2023-08-20"},{"lineNumber":8,"author":{"gitId":"laurenlim2112"},"content":"    public String toString() {","lastModifiedDate":"2023-08-20"},{"lineNumber":9,"author":{"gitId":"laurenlim2112"},"content":"        return \"[D]\" + super.toString() + \"(by:\" + deadline + \")\";","lastModifiedDate":"2023-08-20"},{"lineNumber":10,"author":{"gitId":"laurenlim2112"},"content":"    }","lastModifiedDate":"2023-08-20"},{"lineNumber":11,"author":{"gitId":"laurenlim2112"},"content":"}","lastModifiedDate":"2023-08-20"}],"authorContributionMap":{"laurenlim2112":11}},{"path":"src/main/java/Duke.java","fileType":"java","lines":[{"lineNumber":1,"author":{"gitId":"laurenlim2112"},"content":"import java.lang.reflect.Array;","lastModifiedDate":"2023-08-20"},{"lineNumber":2,"author":{"gitId":"laurenlim2112"},"content":"import java.util.ArrayList;","lastModifiedDate":"2023-08-20"},{"lineNumber":3,"author":{"gitId":"laurenlim2112"},"content":"import java.util.Scanner;","lastModifiedDate":"2023-08-18"},{"lineNumber":4,"author":{"gitId":"laurenlim2112"},"content":"","lastModifiedDate":"2023-08-18"},{"lineNumber":5,"author":{"gitId":"-"},"content":"public class Duke {","lastModifiedDate":"2019-07-29"},{"lineNumber":6,"author":{"gitId":"laurenlim2112"},"content":"","lastModifiedDate":"2023-08-20"},{"lineNumber":7,"author":{"gitId":"-"},"content":"    public static void main(String[] args) {","lastModifiedDate":"2019-07-29"},{"lineNumber":8,"author":{"gitId":"laurenlim2112"},"content":"        final String HELLO_MESSAGE \u003d \"Hello, it\u0027s Spot!\";","lastModifiedDate":"2023-08-20"},{"lineNumber":9,"author":{"gitId":"laurenlim2112"},"content":"        final String GOODBYE_MESSAGE \u003d \"Spot\u0027s going to take a nap now. Goodnight!\";","lastModifiedDate":"2023-08-20"},{"lineNumber":10,"author":{"gitId":"laurenlim2112"},"content":"        final String LIST_MESSAGE \u003d \"Spot\u0027s got a list of your tasks, here!\";","lastModifiedDate":"2023-08-20"},{"lineNumber":11,"author":{"gitId":"laurenlim2112"},"content":"        final String EMPTY_MESSAGE \u003d \"You don\u0027t have any tasks for now! Want Spot to help find some?\";","lastModifiedDate":"2023-08-20"},{"lineNumber":12,"author":{"gitId":"laurenlim2112"},"content":"        System.out.println(HELLO_MESSAGE);","lastModifiedDate":"2023-08-20"},{"lineNumber":13,"author":{"gitId":"laurenlim2112"},"content":"        ArrayList\u003cTask\u003e tasks \u003d new ArrayList\u003c\u003e();","lastModifiedDate":"2023-08-20"},{"lineNumber":14,"author":{"gitId":"laurenlim2112"},"content":"        Scanner scanner \u003d new Scanner(System.in);","lastModifiedDate":"2023-08-20"},{"lineNumber":15,"author":{"gitId":"laurenlim2112"},"content":"        while (scanner.hasNextLine()) {","lastModifiedDate":"2023-08-20"},{"lineNumber":16,"author":{"gitId":"laurenlim2112"},"content":"            String input \u003d scanner.nextLine();","lastModifiedDate":"2023-08-20"},{"lineNumber":17,"author":{"gitId":"laurenlim2112"},"content":"            if (!input.equals(\"bye\")) {","lastModifiedDate":"2023-08-20"},{"lineNumber":18,"author":{"gitId":"laurenlim2112"},"content":"                if (input.startsWith(\"list\")) {","lastModifiedDate":"2023-08-20"},{"lineNumber":19,"author":{"gitId":"laurenlim2112"},"content":"                    if (tasks.size() \u003d\u003d 0) {","lastModifiedDate":"2023-08-20"},{"lineNumber":20,"author":{"gitId":"laurenlim2112"},"content":"                        System.out.println(EMPTY_MESSAGE);","lastModifiedDate":"2023-08-20"},{"lineNumber":21,"author":{"gitId":"laurenlim2112"},"content":"                    } else {","lastModifiedDate":"2023-08-20"},{"lineNumber":22,"author":{"gitId":"laurenlim2112"},"content":"                        System.out.println(LIST_MESSAGE);","lastModifiedDate":"2023-08-20"},{"lineNumber":23,"author":{"gitId":"laurenlim2112"},"content":"                        for (int i \u003d 0; i \u003c tasks.size(); i++) {","lastModifiedDate":"2023-08-20"},{"lineNumber":24,"author":{"gitId":"laurenlim2112"},"content":"                            int position \u003d i + 1;","lastModifiedDate":"2023-08-20"},{"lineNumber":25,"author":{"gitId":"laurenlim2112"},"content":"                            System.out.println(position + \". \" + tasks.get(i).toString());","lastModifiedDate":"2023-08-20"},{"lineNumber":26,"author":{"gitId":"laurenlim2112"},"content":"                        }","lastModifiedDate":"2023-08-20"},{"lineNumber":27,"author":{"gitId":"laurenlim2112"},"content":"                    }","lastModifiedDate":"2023-08-20"},{"lineNumber":28,"author":{"gitId":"laurenlim2112"},"content":"                } else if (input.startsWith(\"mark\")) {","lastModifiedDate":"2023-08-20"},{"lineNumber":29,"author":{"gitId":"laurenlim2112"},"content":"                    try {","lastModifiedDate":"2023-08-20"},{"lineNumber":30,"author":{"gitId":"laurenlim2112"},"content":"                        if (input.length() \u003c\u003d 5) {","lastModifiedDate":"2023-08-20"},{"lineNumber":31,"author":{"gitId":"laurenlim2112"},"content":"                            throw new DukeException(\"Spot needs more details than that!\");","lastModifiedDate":"2023-08-20"},{"lineNumber":32,"author":{"gitId":"laurenlim2112"},"content":"                        }","lastModifiedDate":"2023-08-20"},{"lineNumber":33,"author":{"gitId":"laurenlim2112"},"content":"                        int position \u003d Integer.valueOf(input.substring(5));","lastModifiedDate":"2023-08-20"},{"lineNumber":34,"author":{"gitId":"laurenlim2112"},"content":"                        if (position \u003c 0 || position \u003e tasks.size()) {","lastModifiedDate":"2023-08-20"},{"lineNumber":35,"author":{"gitId":"laurenlim2112"},"content":"                            throw new DukeException(\"Spot thinks that task doesn\u0027t exist!\");","lastModifiedDate":"2023-08-20"},{"lineNumber":36,"author":{"gitId":"laurenlim2112"},"content":"                        }","lastModifiedDate":"2023-08-20"},{"lineNumber":37,"author":{"gitId":"laurenlim2112"},"content":"                        tasks.get(position - 1).markAsDone();","lastModifiedDate":"2023-08-20"},{"lineNumber":38,"author":{"gitId":"laurenlim2112"},"content":"                    } catch (DukeException e) {","lastModifiedDate":"2023-08-20"},{"lineNumber":39,"author":{"gitId":"laurenlim2112"},"content":"                        System.out.println(e.getMessage());","lastModifiedDate":"2023-08-20"},{"lineNumber":40,"author":{"gitId":"laurenlim2112"},"content":"                    }","lastModifiedDate":"2023-08-20"},{"lineNumber":41,"author":{"gitId":"laurenlim2112"},"content":"                } else if (input.startsWith(\"unmark\")) {","lastModifiedDate":"2023-08-20"},{"lineNumber":42,"author":{"gitId":"laurenlim2112"},"content":"                    try {","lastModifiedDate":"2023-08-20"},{"lineNumber":43,"author":{"gitId":"laurenlim2112"},"content":"                        if (input.length() \u003c\u003d 7) {","lastModifiedDate":"2023-08-20"},{"lineNumber":44,"author":{"gitId":"laurenlim2112"},"content":"                            throw new DukeException(\"Spot needs more details than that!\");","lastModifiedDate":"2023-08-20"},{"lineNumber":45,"author":{"gitId":"laurenlim2112"},"content":"                        }","lastModifiedDate":"2023-08-20"},{"lineNumber":46,"author":{"gitId":"laurenlim2112"},"content":"                        int position \u003d Integer.valueOf(input.substring(7));","lastModifiedDate":"2023-08-20"},{"lineNumber":47,"author":{"gitId":"laurenlim2112"},"content":"                        if (position \u003c 0 || position \u003e tasks.size()) {","lastModifiedDate":"2023-08-20"},{"lineNumber":48,"author":{"gitId":"laurenlim2112"},"content":"                            throw new DukeException(\"Spot thinks that task doesn\u0027t exist!\");","lastModifiedDate":"2023-08-20"},{"lineNumber":49,"author":{"gitId":"laurenlim2112"},"content":"                        }","lastModifiedDate":"2023-08-20"},{"lineNumber":50,"author":{"gitId":"laurenlim2112"},"content":"                        tasks.get(position - 1).markAsNotDone();","lastModifiedDate":"2023-08-20"},{"lineNumber":51,"author":{"gitId":"laurenlim2112"},"content":"                    } catch (DukeException e) {","lastModifiedDate":"2023-08-20"},{"lineNumber":52,"author":{"gitId":"laurenlim2112"},"content":"                        System.out.println(e.getMessage());","lastModifiedDate":"2023-08-20"},{"lineNumber":53,"author":{"gitId":"laurenlim2112"},"content":"                    }","lastModifiedDate":"2023-08-20"},{"lineNumber":54,"author":{"gitId":"laurenlim2112"},"content":"                } else if (input.startsWith(\"delete\")) {","lastModifiedDate":"2023-08-20"},{"lineNumber":55,"author":{"gitId":"laurenlim2112"},"content":"                    try {","lastModifiedDate":"2023-08-20"},{"lineNumber":56,"author":{"gitId":"laurenlim2112"},"content":"                        if (input.length() \u003c\u003d 7) {","lastModifiedDate":"2023-08-20"},{"lineNumber":57,"author":{"gitId":"laurenlim2112"},"content":"                            throw new DukeException(\"Spot needs more details than that!\");","lastModifiedDate":"2023-08-20"},{"lineNumber":58,"author":{"gitId":"laurenlim2112"},"content":"                        }","lastModifiedDate":"2023-08-20"},{"lineNumber":59,"author":{"gitId":"laurenlim2112"},"content":"                        int position \u003d Integer.valueOf(input.substring(7));","lastModifiedDate":"2023-08-20"},{"lineNumber":60,"author":{"gitId":"laurenlim2112"},"content":"                        if (position \u003c 0 || position \u003e tasks.size()) {","lastModifiedDate":"2023-08-20"},{"lineNumber":61,"author":{"gitId":"laurenlim2112"},"content":"                            throw new DukeException(\"Spot thinks that task doesn\u0027t exist!\");","lastModifiedDate":"2023-08-20"},{"lineNumber":62,"author":{"gitId":"laurenlim2112"},"content":"                        }","lastModifiedDate":"2023-08-20"},{"lineNumber":63,"author":{"gitId":"laurenlim2112"},"content":"                        Task toRemove \u003d tasks.remove(position - 1);","lastModifiedDate":"2023-08-20"},{"lineNumber":64,"author":{"gitId":"laurenlim2112"},"content":"                        System.out.println(\"Spot has removed this task: \" + \"\\n\" + toRemove.toString());","lastModifiedDate":"2023-08-20"},{"lineNumber":65,"author":{"gitId":"laurenlim2112"},"content":"                        System.out.println(\"Tasks in list: \" + tasks.size());","lastModifiedDate":"2023-08-20"},{"lineNumber":66,"author":{"gitId":"laurenlim2112"},"content":"                    } catch (DukeException e) {","lastModifiedDate":"2023-08-20"},{"lineNumber":67,"author":{"gitId":"laurenlim2112"},"content":"                        System.out.println(e.getMessage());","lastModifiedDate":"2023-08-20"},{"lineNumber":68,"author":{"gitId":"laurenlim2112"},"content":"                    }","lastModifiedDate":"2023-08-20"},{"lineNumber":69,"author":{"gitId":"laurenlim2112"},"content":"                } else {","lastModifiedDate":"2023-08-20"},{"lineNumber":70,"author":{"gitId":"laurenlim2112"},"content":"                    if (input.startsWith(\"todo\")) {","lastModifiedDate":"2023-08-20"},{"lineNumber":71,"author":{"gitId":"laurenlim2112"},"content":"                        try {","lastModifiedDate":"2023-08-20"},{"lineNumber":72,"author":{"gitId":"laurenlim2112"},"content":"                            if (input.length() \u003c\u003d 5) {","lastModifiedDate":"2023-08-20"},{"lineNumber":73,"author":{"gitId":"laurenlim2112"},"content":"                                throw new DukeException(\"Spot wonders if you\u0027ve \" +","lastModifiedDate":"2023-08-20"},{"lineNumber":74,"author":{"gitId":"laurenlim2112"},"content":"                                        \"forgotten the description?\");","lastModifiedDate":"2023-08-20"},{"lineNumber":75,"author":{"gitId":"laurenlim2112"},"content":"                            }","lastModifiedDate":"2023-08-20"},{"lineNumber":76,"author":{"gitId":"laurenlim2112"},"content":"                            ToDo newTask \u003d new ToDo(input.substring(5).trim());","lastModifiedDate":"2023-08-20"},{"lineNumber":77,"author":{"gitId":"laurenlim2112"},"content":"                            tasks.add(newTask);","lastModifiedDate":"2023-08-20"},{"lineNumber":78,"author":{"gitId":"laurenlim2112"},"content":"                            System.out.println(\"Spot will add this new task to your list: \"","lastModifiedDate":"2023-08-20"},{"lineNumber":79,"author":{"gitId":"laurenlim2112"},"content":"                                    + \"\\n\" + \"  \" + newTask.toString());","lastModifiedDate":"2023-08-20"},{"lineNumber":80,"author":{"gitId":"laurenlim2112"},"content":"                            System.out.println(\"Tasks in list: \" + tasks.size());","lastModifiedDate":"2023-08-20"},{"lineNumber":81,"author":{"gitId":"laurenlim2112"},"content":"                        } catch (DukeException e) {","lastModifiedDate":"2023-08-20"},{"lineNumber":82,"author":{"gitId":"laurenlim2112"},"content":"                            System.out.println(e.getMessage());","lastModifiedDate":"2023-08-20"},{"lineNumber":83,"author":{"gitId":"laurenlim2112"},"content":"                        }","lastModifiedDate":"2023-08-20"},{"lineNumber":84,"author":{"gitId":"laurenlim2112"},"content":"                    } else if (input.startsWith(\"deadline\")) {","lastModifiedDate":"2023-08-20"},{"lineNumber":85,"author":{"gitId":"laurenlim2112"},"content":"                        try {","lastModifiedDate":"2023-08-20"},{"lineNumber":86,"author":{"gitId":"laurenlim2112"},"content":"                            if (input.length() \u003c\u003d 9) {","lastModifiedDate":"2023-08-20"},{"lineNumber":87,"author":{"gitId":"laurenlim2112"},"content":"                                throw new DukeException(\"Spot needs more details than that!\");","lastModifiedDate":"2023-08-20"},{"lineNumber":88,"author":{"gitId":"laurenlim2112"},"content":"                            }","lastModifiedDate":"2023-08-20"},{"lineNumber":89,"author":{"gitId":"laurenlim2112"},"content":"                            String[] keywords \u003d input.substring(9).trim().split(\"/by\");","lastModifiedDate":"2023-08-20"},{"lineNumber":90,"author":{"gitId":"laurenlim2112"},"content":"                            if (keywords[0].isEmpty()) {","lastModifiedDate":"2023-08-20"},{"lineNumber":91,"author":{"gitId":"laurenlim2112"},"content":"                                throw new DukeException(\"Spot wonders if you\u0027ve \" +","lastModifiedDate":"2023-08-20"},{"lineNumber":92,"author":{"gitId":"laurenlim2112"},"content":"                                        \"forgotten the description?\");","lastModifiedDate":"2023-08-20"},{"lineNumber":93,"author":{"gitId":"laurenlim2112"},"content":"                            }","lastModifiedDate":"2023-08-20"},{"lineNumber":94,"author":{"gitId":"laurenlim2112"},"content":"                            if (keywords.length \u003c 2) {","lastModifiedDate":"2023-08-20"},{"lineNumber":95,"author":{"gitId":"laurenlim2112"},"content":"                                throw new DukeException(\"Spot thinks you\u0027re missing a deadline!\");","lastModifiedDate":"2023-08-20"},{"lineNumber":96,"author":{"gitId":"laurenlim2112"},"content":"                            }","lastModifiedDate":"2023-08-20"},{"lineNumber":97,"author":{"gitId":"laurenlim2112"},"content":"                            Deadline newTask \u003d new Deadline(keywords[0], keywords[1]);","lastModifiedDate":"2023-08-20"},{"lineNumber":98,"author":{"gitId":"laurenlim2112"},"content":"                            System.out.println(keywords[0]);","lastModifiedDate":"2023-08-20"},{"lineNumber":99,"author":{"gitId":"laurenlim2112"},"content":"                            tasks.add(newTask);","lastModifiedDate":"2023-08-20"},{"lineNumber":100,"author":{"gitId":"laurenlim2112"},"content":"                            System.out.println(\"Spot will add this new task to your list: \"","lastModifiedDate":"2023-08-20"},{"lineNumber":101,"author":{"gitId":"laurenlim2112"},"content":"                                    + \"\\n\" + \"  \" + newTask.toString());","lastModifiedDate":"2023-08-20"},{"lineNumber":102,"author":{"gitId":"laurenlim2112"},"content":"                            System.out.println(\"Tasks in list: \" + tasks.size());","lastModifiedDate":"2023-08-20"},{"lineNumber":103,"author":{"gitId":"laurenlim2112"},"content":"                        } catch (DukeException e) {","lastModifiedDate":"2023-08-20"},{"lineNumber":104,"author":{"gitId":"laurenlim2112"},"content":"                            System.out.println(e.getMessage());","lastModifiedDate":"2023-08-20"},{"lineNumber":105,"author":{"gitId":"laurenlim2112"},"content":"                        }","lastModifiedDate":"2023-08-20"},{"lineNumber":106,"author":{"gitId":"laurenlim2112"},"content":"                    } else if (input.startsWith(\"event\")) {","lastModifiedDate":"2023-08-20"},{"lineNumber":107,"author":{"gitId":"laurenlim2112"},"content":"                        try {","lastModifiedDate":"2023-08-20"},{"lineNumber":108,"author":{"gitId":"laurenlim2112"},"content":"                            if (input.length() \u003c\u003d 6) {","lastModifiedDate":"2023-08-20"},{"lineNumber":109,"author":{"gitId":"laurenlim2112"},"content":"                                throw new DukeException(\"Spot needs more details than that!\");","lastModifiedDate":"2023-08-20"},{"lineNumber":110,"author":{"gitId":"laurenlim2112"},"content":"                            }","lastModifiedDate":"2023-08-20"},{"lineNumber":111,"author":{"gitId":"laurenlim2112"},"content":"                            String[] keywords \u003d input.substring(6).trim().split(\"/from|/to\");","lastModifiedDate":"2023-08-20"},{"lineNumber":112,"author":{"gitId":"laurenlim2112"},"content":"                            if (keywords[0].isEmpty()) {","lastModifiedDate":"2023-08-20"},{"lineNumber":113,"author":{"gitId":"laurenlim2112"},"content":"                                throw new DukeException(\"Spot wonders if you\u0027ve \" +","lastModifiedDate":"2023-08-20"},{"lineNumber":114,"author":{"gitId":"laurenlim2112"},"content":"                                        \"forgotten the description?\");","lastModifiedDate":"2023-08-20"},{"lineNumber":115,"author":{"gitId":"laurenlim2112"},"content":"                            }","lastModifiedDate":"2023-08-20"},{"lineNumber":116,"author":{"gitId":"laurenlim2112"},"content":"                            if (keywords.length \u003c 3) {","lastModifiedDate":"2023-08-20"},{"lineNumber":117,"author":{"gitId":"laurenlim2112"},"content":"                                throw new DukeException(\"Spot can\u0027t find a start time\" +","lastModifiedDate":"2023-08-20"},{"lineNumber":118,"author":{"gitId":"laurenlim2112"},"content":"                                        \" and/or an end time!\");","lastModifiedDate":"2023-08-20"},{"lineNumber":119,"author":{"gitId":"laurenlim2112"},"content":"                            }","lastModifiedDate":"2023-08-20"},{"lineNumber":120,"author":{"gitId":"laurenlim2112"},"content":"                            Event newTask \u003d new Event(keywords[0], keywords[1], keywords[2]);","lastModifiedDate":"2023-08-20"},{"lineNumber":121,"author":{"gitId":"laurenlim2112"},"content":"                            tasks.add(newTask);","lastModifiedDate":"2023-08-20"},{"lineNumber":122,"author":{"gitId":"laurenlim2112"},"content":"                            System.out.println(\"Spot will add this new task to your list: \"","lastModifiedDate":"2023-08-20"},{"lineNumber":123,"author":{"gitId":"laurenlim2112"},"content":"                                    + \"\\n\" + \"  \" + newTask.toString());","lastModifiedDate":"2023-08-20"},{"lineNumber":124,"author":{"gitId":"laurenlim2112"},"content":"                            System.out.println(\"Tasks in list: \" + tasks.size());","lastModifiedDate":"2023-08-20"},{"lineNumber":125,"author":{"gitId":"laurenlim2112"},"content":"                        } catch (DukeException e) {","lastModifiedDate":"2023-08-20"},{"lineNumber":126,"author":{"gitId":"laurenlim2112"},"content":"                            System.out.println(e.getMessage());","lastModifiedDate":"2023-08-20"},{"lineNumber":127,"author":{"gitId":"laurenlim2112"},"content":"                        }","lastModifiedDate":"2023-08-20"},{"lineNumber":128,"author":{"gitId":"laurenlim2112"},"content":"                    } else {","lastModifiedDate":"2023-08-20"},{"lineNumber":129,"author":{"gitId":"laurenlim2112"},"content":"                        try {","lastModifiedDate":"2023-08-20"},{"lineNumber":130,"author":{"gitId":"laurenlim2112"},"content":"                            throw new DukeException(\"Spot doesn\u0027t know what that is!\");","lastModifiedDate":"2023-08-20"},{"lineNumber":131,"author":{"gitId":"laurenlim2112"},"content":"                        } catch (DukeException e) {","lastModifiedDate":"2023-08-20"},{"lineNumber":132,"author":{"gitId":"laurenlim2112"},"content":"                            System.out.println(e.getMessage());","lastModifiedDate":"2023-08-20"},{"lineNumber":133,"author":{"gitId":"laurenlim2112"},"content":"                        }","lastModifiedDate":"2023-08-20"},{"lineNumber":134,"author":{"gitId":"laurenlim2112"},"content":"                    }","lastModifiedDate":"2023-08-20"},{"lineNumber":135,"author":{"gitId":"laurenlim2112"},"content":"                }","lastModifiedDate":"2023-08-20"},{"lineNumber":136,"author":{"gitId":"laurenlim2112"},"content":"            } else {","lastModifiedDate":"2023-08-20"},{"lineNumber":137,"author":{"gitId":"laurenlim2112"},"content":"                break;","lastModifiedDate":"2023-08-20"},{"lineNumber":138,"author":{"gitId":"laurenlim2112"},"content":"            }","lastModifiedDate":"2023-08-20"},{"lineNumber":139,"author":{"gitId":"laurenlim2112"},"content":"        }","lastModifiedDate":"2023-08-20"},{"lineNumber":140,"author":{"gitId":"laurenlim2112"},"content":"        System.out.println(GOODBYE_MESSAGE);","lastModifiedDate":"2023-08-20"},{"lineNumber":141,"author":{"gitId":"-"},"content":"    }","lastModifiedDate":"2019-07-29"},{"lineNumber":142,"author":{"gitId":"-"},"content":"}","lastModifiedDate":"2019-07-29"}],"authorContributionMap":{"laurenlim2112":138,"-":4}},{"path":"src/main/java/DukeException.java","fileType":"java","lines":[{"lineNumber":1,"author":{"gitId":"laurenlim2112"},"content":"public class DukeException extends Exception{","lastModifiedDate":"2023-08-20"},{"lineNumber":2,"author":{"gitId":"laurenlim2112"},"content":"    public DukeException(String message) {","lastModifiedDate":"2023-08-20"},{"lineNumber":3,"author":{"gitId":"laurenlim2112"},"content":"        super(message);","lastModifiedDate":"2023-08-20"},{"lineNumber":4,"author":{"gitId":"laurenlim2112"},"content":"    }","lastModifiedDate":"2023-08-20"},{"lineNumber":5,"author":{"gitId":"laurenlim2112"},"content":"}","lastModifiedDate":"2023-08-20"}],"authorContributionMap":{"laurenlim2112":5}},{"path":"src/main/java/Event.java","fileType":"java","lines":[{"lineNumber":1,"author":{"gitId":"laurenlim2112"},"content":"public class Event extends Task {","lastModifiedDate":"2023-08-20"},{"lineNumber":2,"author":{"gitId":"laurenlim2112"},"content":"    private String start;","lastModifiedDate":"2023-08-20"},{"lineNumber":3,"author":{"gitId":"laurenlim2112"},"content":"    private String end;","lastModifiedDate":"2023-08-20"},{"lineNumber":4,"author":{"gitId":"laurenlim2112"},"content":"    public Event(String description, String start, String end) throws DukeException {","lastModifiedDate":"2023-08-20"},{"lineNumber":5,"author":{"gitId":"laurenlim2112"},"content":"        super(description);","lastModifiedDate":"2023-08-20"},{"lineNumber":6,"author":{"gitId":"laurenlim2112"},"content":"        this.start \u003d start;","lastModifiedDate":"2023-08-20"},{"lineNumber":7,"author":{"gitId":"laurenlim2112"},"content":"        this.end \u003d end;","lastModifiedDate":"2023-08-20"},{"lineNumber":8,"author":{"gitId":"laurenlim2112"},"content":"    }","lastModifiedDate":"2023-08-20"},{"lineNumber":9,"author":{"gitId":"laurenlim2112"},"content":"    @Override","lastModifiedDate":"2023-08-20"},{"lineNumber":10,"author":{"gitId":"laurenlim2112"},"content":"    public String toString() {","lastModifiedDate":"2023-08-20"},{"lineNumber":11,"author":{"gitId":"laurenlim2112"},"content":"        return \"[E]\" + super.toString() + \"(from:\" + start + \"to:\" + end + \")\";","lastModifiedDate":"2023-08-20"},{"lineNumber":12,"author":{"gitId":"laurenlim2112"},"content":"    }","lastModifiedDate":"2023-08-20"},{"lineNumber":13,"author":{"gitId":"laurenlim2112"},"content":"}","lastModifiedDate":"2023-08-20"}],"authorContributionMap":{"laurenlim2112":13}},{"path":"src/main/java/Task.java","fileType":"java","lines":[{"lineNumber":1,"author":{"gitId":"laurenlim2112"},"content":"public class Task {","lastModifiedDate":"2023-08-20"},{"lineNumber":2,"author":{"gitId":"laurenlim2112"},"content":"    private String description;","lastModifiedDate":"2023-08-20"},{"lineNumber":3,"author":{"gitId":"laurenlim2112"},"content":"    private boolean done;","lastModifiedDate":"2023-08-20"},{"lineNumber":4,"author":{"gitId":"laurenlim2112"},"content":"","lastModifiedDate":"2023-08-20"},{"lineNumber":5,"author":{"gitId":"laurenlim2112"},"content":"    public Task() {","lastModifiedDate":"2023-08-20"},{"lineNumber":6,"author":{"gitId":"laurenlim2112"},"content":"","lastModifiedDate":"2023-08-20"},{"lineNumber":7,"author":{"gitId":"laurenlim2112"},"content":"    }","lastModifiedDate":"2023-08-20"},{"lineNumber":8,"author":{"gitId":"laurenlim2112"},"content":"","lastModifiedDate":"2023-08-20"},{"lineNumber":9,"author":{"gitId":"laurenlim2112"},"content":"    public Task(String description){","lastModifiedDate":"2023-08-20"},{"lineNumber":10,"author":{"gitId":"laurenlim2112"},"content":"        this.description \u003d description;","lastModifiedDate":"2023-08-20"},{"lineNumber":11,"author":{"gitId":"laurenlim2112"},"content":"        this.done \u003d false;","lastModifiedDate":"2023-08-20"},{"lineNumber":12,"author":{"gitId":"laurenlim2112"},"content":"    }","lastModifiedDate":"2023-08-20"},{"lineNumber":13,"author":{"gitId":"laurenlim2112"},"content":"","lastModifiedDate":"2023-08-20"},{"lineNumber":14,"author":{"gitId":"laurenlim2112"},"content":"    public void markAsDone() {","lastModifiedDate":"2023-08-20"},{"lineNumber":15,"author":{"gitId":"laurenlim2112"},"content":"        this.done \u003d true;","lastModifiedDate":"2023-08-20"},{"lineNumber":16,"author":{"gitId":"laurenlim2112"},"content":"        System.out.println(\"Wow! Spot has marked this task as done!\");","lastModifiedDate":"2023-08-20"},{"lineNumber":17,"author":{"gitId":"laurenlim2112"},"content":"        System.out.println(\"  \" + this.toString());","lastModifiedDate":"2023-08-20"},{"lineNumber":18,"author":{"gitId":"laurenlim2112"},"content":"    }","lastModifiedDate":"2023-08-20"},{"lineNumber":19,"author":{"gitId":"laurenlim2112"},"content":"","lastModifiedDate":"2023-08-20"},{"lineNumber":20,"author":{"gitId":"laurenlim2112"},"content":"    public void markAsNotDone() {","lastModifiedDate":"2023-08-20"},{"lineNumber":21,"author":{"gitId":"laurenlim2112"},"content":"        this.done \u003d false;","lastModifiedDate":"2023-08-20"},{"lineNumber":22,"author":{"gitId":"laurenlim2112"},"content":"        System.out.println(\"Spot will mark this task as not done yet then!\");","lastModifiedDate":"2023-08-20"},{"lineNumber":23,"author":{"gitId":"laurenlim2112"},"content":"        System.out.println(\"  \" + this.toString());","lastModifiedDate":"2023-08-20"},{"lineNumber":24,"author":{"gitId":"laurenlim2112"},"content":"    }","lastModifiedDate":"2023-08-20"},{"lineNumber":25,"author":{"gitId":"laurenlim2112"},"content":"","lastModifiedDate":"2023-08-20"},{"lineNumber":26,"author":{"gitId":"laurenlim2112"},"content":"    public String getStatusIcon() {","lastModifiedDate":"2023-08-20"},{"lineNumber":27,"author":{"gitId":"laurenlim2112"},"content":"        if (this.done) {","lastModifiedDate":"2023-08-20"},{"lineNumber":28,"author":{"gitId":"laurenlim2112"},"content":"            return \"X\";","lastModifiedDate":"2023-08-20"},{"lineNumber":29,"author":{"gitId":"laurenlim2112"},"content":"        } else {","lastModifiedDate":"2023-08-20"},{"lineNumber":30,"author":{"gitId":"laurenlim2112"},"content":"            return \" \";","lastModifiedDate":"2023-08-20"},{"lineNumber":31,"author":{"gitId":"laurenlim2112"},"content":"        }","lastModifiedDate":"2023-08-20"},{"lineNumber":32,"author":{"gitId":"laurenlim2112"},"content":"    }","lastModifiedDate":"2023-08-20"},{"lineNumber":33,"author":{"gitId":"laurenlim2112"},"content":"","lastModifiedDate":"2023-08-20"},{"lineNumber":34,"author":{"gitId":"laurenlim2112"},"content":"    @Override","lastModifiedDate":"2023-08-20"},{"lineNumber":35,"author":{"gitId":"laurenlim2112"},"content":"    public String toString() {","lastModifiedDate":"2023-08-20"},{"lineNumber":36,"author":{"gitId":"laurenlim2112"},"content":"        return \"[\" + this.getStatusIcon() + \"] \" + this.description;","lastModifiedDate":"2023-08-20"},{"lineNumber":37,"author":{"gitId":"laurenlim2112"},"content":"    }","lastModifiedDate":"2023-08-20"},{"lineNumber":38,"author":{"gitId":"laurenlim2112"},"content":"}","lastModifiedDate":"2023-08-20"}],"authorContributionMap":{"laurenlim2112":38}},{"path":"src/main/java/ToDo.java","fileType":"java","lines":[{"lineNumber":1,"author":{"gitId":"laurenlim2112"},"content":"public class ToDo extends Task {","lastModifiedDate":"2023-08-20"},{"lineNumber":2,"author":{"gitId":"laurenlim2112"},"content":"","lastModifiedDate":"2023-08-20"},{"lineNumber":3,"author":{"gitId":"laurenlim2112"},"content":"    public ToDo(String description) throws DukeException {","lastModifiedDate":"2023-08-20"},{"lineNumber":4,"author":{"gitId":"laurenlim2112"},"content":"        super(description);","lastModifiedDate":"2023-08-20"},{"lineNumber":5,"author":{"gitId":"laurenlim2112"},"content":"    }","lastModifiedDate":"2023-08-20"},{"lineNumber":6,"author":{"gitId":"laurenlim2112"},"content":"    @Override","lastModifiedDate":"2023-08-20"},{"lineNumber":7,"author":{"gitId":"laurenlim2112"},"content":"    public String toString() {","lastModifiedDate":"2023-08-20"},{"lineNumber":8,"author":{"gitId":"laurenlim2112"},"content":"        return \"[T]\" + super.toString();","lastModifiedDate":"2023-08-20"},{"lineNumber":9,"author":{"gitId":"laurenlim2112"},"content":"    }","lastModifiedDate":"2023-08-20"},{"lineNumber":10,"author":{"gitId":"laurenlim2112"},"content":"}","lastModifiedDate":"2023-08-20"}],"authorContributionMap":{"laurenlim2112":10}},{"path":"text-ui-test/input.txt","fileType":"txt","lines":[{"lineNumber":1,"author":{"gitId":"laurenlim2112"},"content":"todo read book","lastModifiedDate":"2023-08-20"}],"authorContributionMap":{"laurenlim2112":1}}]
