{"authorDailyContributionsMap":{"HEEaZ":[{"date":"2023-08-23","commitResults":[{"hash":"6bbb2932e3a343838d2bf981ab3b1e103150ee80","isMergeCommit":false,"messageTitle":"Changed logo name to Luke","messageBody":"","fileTypesAndContributionMap":{"java":{"insertions":5,"deletions":5}}},{"hash":"30c8bdadaa7c2e9da80911bd2d0ad155bdb26c2b","isMergeCommit":false,"messageTitle":"Add greeting and bye msg","messageBody":"","fileTypesAndContributionMap":{"java":{"insertions":15,"deletions":0}}},{"hash":"08381011c67cd1d4cdd0067e566b8a550666ef01","isMergeCommit":false,"messageTitle":"Added echo functionality","messageBody":"","fileTypesAndContributionMap":{"java":{"insertions":39,"deletions":10}}},{"hash":"f5a34887b3b05b66a9100bdd4a6276a9b69d2eef","isMergeCommit":false,"messageTitle":"Add add, list functionality","messageBody":"","fileTypesAndContributionMap":{"java":{"insertions":22,"deletions":2}}},{"hash":"fedd99ddf49bee430530f7fb6c50497f647605be","isMergeCommit":false,"messageTitle":"Add marking feature","messageBody":"","fileTypesAndContributionMap":{"java":{"insertions":63,"deletions":6}}}]}]},"authorFileTypeContributionMap":{"HEEaZ":{"java":126,"md":0,"fxml":0,"sh":0,"bat":0,"gradle":0,"txt":0}},"authorContributionVariance":{"HEEaZ":3873.4727},"authorDisplayNameMap":{"HEEaZ":"IMMA..IANG"}}
