{"authorDailyContributionsMap":{"Jonyxzx":[{"date":"2023-08-22","commitResults":[{"hash":"fe9658b98f0ee1ea18e1000c40d15ca93feb40ec","isMergeCommit":false,"messageTitle":"Level 0 added","messageBody":"","tags":["Level-0"],"fileTypesAndContributionMap":{"java":{"insertions":26,"deletions":10}}},{"hash":"722564f98e9caf9997275283a1a09edee90174db","isMergeCommit":false,"messageTitle":"Level 1 added","messageBody":"","tags":["Level-1"],"fileTypesAndContributionMap":{"java":{"insertions":29,"deletions":8}}},{"hash":"36a4bcaf1aea813aa82587acd5ef86eac2ec24f9","isMergeCommit":false,"messageTitle":"Level 2 added","messageBody":"","tags":["Level-2"],"fileTypesAndContributionMap":{"java":{"insertions":22,"deletions":1}}},{"hash":"13bd6141dab1ab6da75ff6d0e965e01494cc82f2","isMergeCommit":false,"messageTitle":"Level 3 + A-Classes added","messageBody":"","tags":["Level-3","A-Classes"],"fileTypesAndContributionMap":{"java":{"insertions":56,"deletions":10}}}]},{"date":"2023-08-23","commitResults":[{"hash":"8ff812556adf41bda547a3def374814f4926bb65","isMergeCommit":false,"messageTitle":"Level 4 + A-Inheritance added","messageBody":"","tags":["Level-4","A-Inheritance"],"fileTypesAndContributionMap":{"java":{"insertions":83,"deletions":13}}},{"hash":"e85f1c34a18f8e58004b35fef7c9d967ac91befc","isMergeCommit":false,"messageTitle":"Level-5 + A-TextUiTesting added","messageBody":"","tags":["Level-5","A-TextUiTesting"],"fileTypesAndContributionMap":{"txt":{"insertions":1,"deletions":0},"java":{"insertions":39,"deletions":23}}},{"hash":"e0dfdfae2382c6a77156b4ad25494d89e719ae0a","isMergeCommit":false,"messageTitle":"Level 6 + A-Exceptions + A-Collections","messageBody":"","tags":["Level-6","A-Exceptions","A-Collections"],"fileTypesAndContributionMap":{"txt":{"insertions":16,"deletions":0},"java":{"insertions":34,"deletions":28}}}]}]},"authorFileTypeContributionMap":{"Jonyxzx":{"java":202,"md":0,"fxml":0,"sh":0,"bat":0,"gradle":0,"txt":17}},"authorContributionVariance":{"Jonyxzx":9313.25},"authorDisplayNameMap":{"Jonyxzx":"CS2103T-T11-2 JONY..JONY"}}
