{"authorDailyContributionsMap":{"Jonyxzx":[{"date":"2023-08-22","commitResults":[{"hash":"fe9658b98f0ee1ea18e1000c40d15ca93feb40ec","isMergeCommit":false,"messageTitle":"Level 0 added","messageBody":"","tags":["Level-0"],"fileTypesAndContributionMap":{"java":{"insertions":26,"deletions":10}}},{"hash":"722564f98e9caf9997275283a1a09edee90174db","isMergeCommit":false,"messageTitle":"Level 1 added","messageBody":"","tags":["Level-1"],"fileTypesAndContributionMap":{"java":{"insertions":29,"deletions":8}}},{"hash":"36a4bcaf1aea813aa82587acd5ef86eac2ec24f9","isMergeCommit":false,"messageTitle":"Level 2 added","messageBody":"","tags":["Level-2"],"fileTypesAndContributionMap":{"java":{"insertions":22,"deletions":1}}},{"hash":"13bd6141dab1ab6da75ff6d0e965e01494cc82f2","isMergeCommit":false,"messageTitle":"Level 3 + A-Classes added","messageBody":"","tags":["Level-3","A-Classes"],"fileTypesAndContributionMap":{"java":{"insertions":56,"deletions":10}}}]},{"date":"2023-08-23","commitResults":[{"hash":"8ff812556adf41bda547a3def374814f4926bb65","isMergeCommit":false,"messageTitle":"Level 4 + A-Inheritance added","messageBody":"","tags":["Level-4","A-Inheritance"],"fileTypesAndContributionMap":{"java":{"insertions":83,"deletions":13}}},{"hash":"e85f1c34a18f8e58004b35fef7c9d967ac91befc","isMergeCommit":false,"messageTitle":"Level-5 + A-TextUiTesting added","messageBody":"","tags":["Level-5","A-TextUiTesting"],"fileTypesAndContributionMap":{"txt":{"insertions":1,"deletions":0},"java":{"insertions":39,"deletions":23}}},{"hash":"e0dfdfae2382c6a77156b4ad25494d89e719ae0a","isMergeCommit":false,"messageTitle":"Level 6 + A-Exceptions + A-Collections","messageBody":"","tags":["Level-6","A-Exceptions","A-Collections"],"fileTypesAndContributionMap":{"txt":{"insertions":16,"deletions":0},"java":{"insertions":34,"deletions":28}}}]},{"date":"2023-08-29","commitResults":[{"hash":"b99fe9fe83ae4a35c648bb40780b634f61b2c2d6","isMergeCommit":false,"messageTitle":"Refactor the code to apply more OOP concepts and implement save data","messageBody":"","tags":["Level-7","A-Packages","A-MoreOOP"],"fileTypesAndContributionMap":{"txt":{"insertions":2,"deletions":0},"java":{"insertions":535,"deletions":162},"bat":{"insertions":1,"deletions":1},"sh":{"insertions":1,"deletions":1},"md":{"insertions":2,"deletions":2}}},{"hash":"68fa9f5b8275a2ce621cf896ae1c683f571c9296","isMergeCommit":false,"messageTitle":"Add the ability for deadline and event to recognise time date format","messageBody":"","tags":["Level-8"],"fileTypesAndContributionMap":{"txt":{"insertions":0,"deletions":2},"java":{"insertions":56,"deletions":17}}},{"hash":"92cdeeafea01b31f743bd07ff58c83b30d7c35eb","isMergeCommit":true,"messageTitle":"Merge commit \u0027ed6d4d25bd4e34461919ffe785a6f10f4c087552\u0027","messageBody":"","fileTypesAndContributionMap":{}},{"hash":"e8540f413f9364eb058bbe2640aca48a7c0abc6d","isMergeCommit":false,"messageTitle":"Merge gradle into the main branch and add JUnit testcases","messageBody":"","tags":["A-JUnit","A-Gradle"],"fileTypesAndContributionMap":{"gradle":{"insertions":1,"deletions":1},"java":{"insertions":189,"deletions":6}}},{"hash":"ccca7d96028ca603833b45109e0ca223fed8bf92","isMergeCommit":false,"messageTitle":"Create jar files and fix output display errors","messageBody":"","tags":["A-Jar"],"fileTypesAndContributionMap":{"txt":{"insertions":4,"deletions":0},"java":{"insertions":3,"deletions":3}}},{"hash":"8c3c73713bebae8346ede9307573584fb701fd8f","isMergeCommit":false,"messageTitle":"Add the find feature to search for keyword in the list","messageBody":"","tags":["Level-9"],"fileTypesAndContributionMap":{"java":{"insertions":70,"deletions":34}}}]},{"date":"2023-08-30","commitResults":[{"hash":"40348ff1950d789e45346f9a994e155caae04664","isMergeCommit":false,"messageTitle":"Add javadoc for all public methods and classes","messageBody":"","tags":["A-JavaDoc","A-CodingStandard"],"fileTypesAndContributionMap":{"txt":{"insertions":0,"deletions":4},"java":{"insertions":454,"deletions":0}}}]},{"date":"2023-09-04","commitResults":[{"hash":"99e139622364073490905ceb3c1c46b329d99701","isMergeCommit":false,"messageTitle":"Add checkstyle plugins and rewrite the code to fix the checkstyle errors","messageBody":"","tags":["A-CheckStyle"],"fileTypesAndContributionMap":{"java":{"insertions":55,"deletions":55}}}]},{"date":"2023-09-05","commitResults":[{"hash":"f20f15312d9006ca2bfcbb5d5071ee37baec24ae","isMergeCommit":false,"messageTitle":"Add GUI to the chatbot and transform the program into a GUI based application","messageBody":"","fileTypesAndContributionMap":{"fxml":{"insertions":28,"deletions":0},"java":{"insertions":8,"deletions":14}}},{"hash":"3dd61b13d0d892f794fe016d7c19a0510edc81e1","isMergeCommit":false,"messageTitle":"Refactor the code to fit the GUI support","messageBody":"","tags":["Level-10"],"fileTypesAndContributionMap":{"gradle":{"insertions":22,"deletions":1},"txt":{"insertions":1,"deletions":0},"fxml":{"insertions":29,"deletions":22},"java":{"insertions":207,"deletions":159}}},{"hash":"23f22f49c58169e8dac12208e295a3d0f2801613","isMergeCommit":false,"messageTitle":"Add the ability to take in multiple inputs at one go","messageBody":"","tags":["A-Varargs"],"fileTypesAndContributionMap":{"txt":{"insertions":0,"deletions":1},"java":{"insertions":13,"deletions":10}}},{"hash":"8f5b25baee8d14aaa3d9373e9430e2fb63de289a","isMergeCommit":false,"messageTitle":"Fix some wrapped text issue due to long text output","messageBody":"","fileTypesAndContributionMap":{"txt":{"insertions":6,"deletions":0},"fxml":{"insertions":2,"deletions":2},"java":{"insertions":6,"deletions":3}}}]},{"date":"2023-09-12","commitResults":[{"hash":"7c0562a32332e2d19ce0373163afdaa72dc80745","isMergeCommit":false,"messageTitle":"Fix minor naming issue by following the coding standard","messageBody":"","tags":["A-CodeQuality"],"fileTypesAndContributionMap":{"txt":{"insertions":0,"deletions":6},"java":{"insertions":41,"deletions":41}}},{"hash":"7a744cf7b00ce00dad5b9bd2bd3685e44409594b","isMergeCommit":false,"messageTitle":"Add assertions for input validation and error handling","messageBody":"Assert statements are used to ensure that the object state adhere to expectations at all times.\nBy doing so, we can ensure that everything goes as intended during runtime, which is useful as\nthe chatbot does not adopt input/output style.\n\nThe assertions will catch any discrepencies and prevent any unexpected behaviour.\n","tags":["A-FullCommitMessage","A-Assertions"],"fileTypesAndContributionMap":{"txt":{"insertions":0,"deletions":6},"java":{"insertions":7,"deletions":0}}},{"hash":"f8354047dadf3880bccc123f41ebc54023a5445a","isMergeCommit":true,"messageTitle":"Merge pull request #1 from Jonyxzx/branch-A-CodeQuality","messageBody":"Fix minor naming issue by following the coding standard","fileTypesAndContributionMap":{}},{"hash":"539ea7ad6da3a193ffdc0c8b5d9b9dcfcc40d972","isMergeCommit":true,"messageTitle":"Merge branch \u0027master\u0027 into branch-A-Assertions","messageBody":"","fileTypesAndContributionMap":{}},{"hash":"123c4e0ae4b12cadfaaf977b3c8494efe83e7882","isMergeCommit":true,"messageTitle":"Merge pull request #2 from Jonyxzx/branch-A-Assertions","messageBody":"Add assertions for input validation and error handling","fileTypesAndContributionMap":{}},{"hash":"0622e5d1f2b9b74da128700570daee6b5cad3ba8","isMergeCommit":false,"messageTitle":"Implement the find command by using java streams","messageBody":"","tags":["A-Streams"],"fileTypesAndContributionMap":{"txt":{"insertions":2,"deletions":0},"java":{"insertions":9,"deletions":4}}}]},{"date":"2023-09-13","commitResults":[{"hash":"168fdb300866db977ce5bca10252dbbfff76bd33","isMergeCommit":false,"messageTitle":"Add Undo function into the chatbot to undo previous command","messageBody":"There is instance where the user require to revert back the command, without thinking of using the counter command\n\nThe \"undo\" command can be use to revert back the valid command executed previously, by automatically execute the counter\ncommand. The stack data structure is used to store all the valid commands and the undo can be repeatedly use to revert all the way\nto the fresh state.\n\nBy doing so, it improve the convenience for the user to modify their tasks storing.\n","tags":["BCD-Extension"],"fileTypesAndContributionMap":{"txt":{"insertions":0,"deletions":2},"java":{"insertions":341,"deletions":16}}}]},{"date":"2023-09-16","commitResults":[{"hash":"02edf68187cebe7187bae2916316a62879c08854","isMergeCommit":false,"messageTitle":"Improve the GUI by adding extra elements on the interface","messageBody":"","tags":["A-BetterGui"],"fileTypesAndContributionMap":{"fxml":{"insertions":36,"deletions":6},"java":{"insertions":1,"deletions":1}}},{"hash":"41cc8e7d08ce7280eae4bae871dcfaf8113a867f","isMergeCommit":false,"messageTitle":"Add more exception handling for invalid user inputs","messageBody":"","tags":["A-Personality","A-MoreErrorHandling"],"fileTypesAndContributionMap":{"java":{"insertions":22,"deletions":7}}}]},{"date":"2023-09-17","commitResults":[{"hash":"153fed90e34ce5fc20aec0fa234969dafc6ef914","isMergeCommit":false,"messageTitle":"Update README.md","messageBody":"","fileTypesAndContributionMap":{"md":{"insertions":128,"deletions":15}}},{"hash":"c6656a7346ad494d82ba0c18c95277691a838e10","isMergeCommit":false,"messageTitle":"Fix the image issue as it does not load as expected","messageBody":"","tags":["v0.2","A-UserGuide"],"fileTypesAndContributionMap":{"txt":{"insertions":4,"deletions":0}}},{"hash":"bd1b40c255d62309e2cec87d8692ab5accb1e680","isMergeCommit":false,"messageTitle":"Update README.md","messageBody":"","fileTypesAndContributionMap":{"md":{"insertions":3,"deletions":3}}},{"hash":"9389eddd44fa95f5670ad7de96ba5d2831cb8326","isMergeCommit":false,"messageTitle":"Delete command bug fixes and file creation bug fixes","messageBody":"","fileTypesAndContributionMap":{"txt":{"insertions":0,"deletions":4},"java":{"insertions":13,"deletions":8}}},{"hash":"f83c3e4c3b90349ba56943a36bcdf2d3400c11a7","isMergeCommit":true,"messageTitle":"Merge branches \u0027master\u0027 and \u0027master\u0027 of https://github.com/Jonyxzx/ip","messageBody":"","fileTypesAndContributionMap":{}},{"hash":"fd857caeb28862dc18686955a580b5f6a196a312","isMergeCommit":false,"messageTitle":"Update README.md","messageBody":"","fileTypesAndContributionMap":{"md":{"insertions":2,"deletions":0}}},{"hash":"d0d66efe32c8d87f9002559e2b7e54ff6c2de479","isMergeCommit":false,"messageTitle":"Fix the file reading bug, find command bug, mark unmark bug","messageBody":"","fileTypesAndContributionMap":{"gradle":{"insertions":5,"deletions":5},"txt":{"insertions":4,"deletions":0},"fxml":{"insertions":1,"deletions":1},"java":{"insertions":15,"deletions":6}}},{"hash":"75e4f8ffb201a7490c80535c0c8daaac1ecbbc52","isMergeCommit":false,"messageTitle":"Update README.md","messageBody":"","fileTypesAndContributionMap":{"md":{"insertions":0,"deletions":2}}}]}]},"authorFileTypeContributionMap":{"Jonyxzx":{"java":1705,"md":130,"fxml":65,"sh":1,"bat":1,"gradle":20,"txt":21}},"authorContributionVariance":{"Jonyxzx":52106.824},"authorDisplayNameMap":{"Jonyxzx":"CS2103T-T11-2 JONY..JONY"}}
