{"authorDailyContributionsMap":{"timleow":[{"date":"2023-08-23","commitResults":[{"hash":"bf67025352c6e90ad5561ac1cf0c746964991fd9","isMergeCommit":false,"messageTitle":"First commit, level 0","messageBody":"","fileTypesAndContributionMap":{"java":{"insertions":7,"deletions":6}}},{"hash":"bcf49751ffacdefd16bc497748f1aa036472f8d8","isMergeCommit":false,"messageTitle":"Level-1 Bot, echoes input until bye is said","messageBody":"","tags":["Level-1"],"fileTypesAndContributionMap":{"java":{"insertions":27,"deletions":6}}},{"hash":"0d7301f557f89c7f54e85bba24d59f0e499d3a67","isMergeCommit":false,"messageTitle":"Level 2 bot: saves input to a list that can be printed out on request","messageBody":"","tags":["Level-2"],"fileTypesAndContributionMap":{"java":{"insertions":12,"deletions":1}}},{"hash":"a57d3d522f518326d3629be350f6d1a398226551","isMergeCommit":false,"messageTitle":"Can mark tasks as done and undone","messageBody":"","tags":["Level-3"],"fileTypesAndContributionMap":{"java":{"insertions":55,"deletions":6}}}]},{"date":"2023-08-24","commitResults":[{"hash":"34bbe8d1404d9a56ba885ceb5854326a6e697c2e","isMergeCommit":false,"messageTitle":"Events, Deadlines and Tasks are now implemented","messageBody":"","tags":["Level-4"],"fileTypesAndContributionMap":{"java":{"insertions":118,"deletions":49}}},{"hash":"fdc71f8e26b7414be83a280226c853711fc1258f","isMergeCommit":false,"messageTitle":"I/O testing","messageBody":"","tags":["A-TextUiTesting"],"fileTypesAndContributionMap":{"txt":{"insertions":8,"deletions":0}}},{"hash":"18bed1ef6625b8595bb169671f5b40bb140a2d5e","isMergeCommit":false,"messageTitle":"Error handling","messageBody":"","tags":["Level-5"],"fileTypesAndContributionMap":{"java":{"insertions":55,"deletions":17}}},{"hash":"bbf64495c840d1b96c09e1c60e7ce773107943df","isMergeCommit":false,"messageTitle":"Implemented delete","messageBody":"","tags":["Level-6"],"fileTypesAndContributionMap":{"java":{"insertions":6,"deletions":0}}}]},{"date":"2023-08-30","commitResults":[{"hash":"14fffb7cb53ded581398fd8fa4e957145666adfc","isMergeCommit":false,"messageTitle":"Implement saving and loading of tasks","messageBody":"","tags":["Level-7"],"fileTypesAndContributionMap":{"txt":{"insertions":3,"deletions":0},"java":{"insertions":142,"deletions":17}}},{"hash":"36d9fbc2e1c164efcb89d25345c42fa556a17c06","isMergeCommit":false,"messageTitle":"Implement deadline LocalDate and LocalDateTime processing","messageBody":"","tags":["Level-8"],"fileTypesAndContributionMap":{"txt":{"insertions":4,"deletions":3},"java":{"insertions":75,"deletions":27}}}]},{"date":"2023-08-31","commitResults":[{"hash":"4368967c631ab0e4f14f14e052cf1167fe9e057d","isMergeCommit":false,"messageTitle":"Refactor code for more OOP","messageBody":"","tags":["A-MoreOOP"],"fileTypesAndContributionMap":{"txt":{"insertions":4,"deletions":0},"java":{"insertions":445,"deletions":275}}},{"hash":"5f60201151ede92e9c2a04101cbfb93596a7f92a","isMergeCommit":false,"messageTitle":"Move java files into packages","messageBody":"","tags":["A-Packages"],"fileTypesAndContributionMap":{"txt":{"insertions":2,"deletions":0},"java":{"insertions":107,"deletions":5},"bat":{"insertions":1,"deletions":1},"md":{"insertions":2,"deletions":2}}}]},{"date":"2023-09-01","commitResults":[{"hash":"ef9097ae8010a5986caf30ed3e740ad5267c72b9","isMergeCommit":true,"messageTitle":"Merge branch \u0027master\u0027 into add-gradle-support","messageBody":"* master:\n  Move java files into packages\n  Refactor code for more OOP\n  Implement deadline LocalDate and LocalDateTime processing\n  Implement saving and loading of tasks\n  Implemented delete\n  Error handling\n  I/O testing\n  Events, Deadlines and Tasks are now implemented\n  Can mark tasks as done and undone\n  Level 2 bot: saves input to a list that can be printed out on request\n  Level-1 Bot, echoes input until bye is said\n  First commit, level 0\n","fileTypesAndContributionMap":{}},{"hash":"f1aa820d5a697d2d1192ceb58ec70e95a3b1d397","isMergeCommit":false,"messageTitle":"Merge master (up to A-MoreOOP) into add-gradle-support","messageBody":"","fileTypesAndContributionMap":{"gradle":{"insertions":1,"deletions":1},"txt":{"insertions":0,"deletions":1}}},{"hash":"5192ff49121ab7221eeb502e37c0834207c641a9","isMergeCommit":false,"messageTitle":"Add gradle support to master","messageBody":"","tags":["A-Gradle"],"fileTypesAndContributionMap":{"txt":{"insertions":1,"deletions":2}}},{"hash":"ee72a4ca5a84a99288d87f98b1f7102516423b51","isMergeCommit":false,"messageTitle":"Add Junit tests for Storage and Parser","messageBody":"","tags":["A-Jar","A-JUnit"],"fileTypesAndContributionMap":{"txt":{"insertions":5,"deletions":1},"java":{"insertions":246,"deletions":52}}},{"hash":"d68d9338d917a0b6c8d7eb1211c153e997936a77","isMergeCommit":false,"messageTitle":"Add some javadocs","messageBody":"","fileTypesAndContributionMap":{"java":{"insertions":12,"deletions":1}}},{"hash":"e0e80b6d7cf9ecbca6c55de0b39f31b018f3a62f","isMergeCommit":false,"messageTitle":"Add JavaDocs for Commands, Duke, OOP packages","messageBody":"","fileTypesAndContributionMap":{"java":{"insertions":237,"deletions":6}}}]},{"date":"2023-09-02","commitResults":[{"hash":"0866b068a80469996adba672fbe7e81381a5bb72","isMergeCommit":false,"messageTitle":"Implement find task command","messageBody":"","tags":["Level-9"],"fileTypesAndContributionMap":{"java":{"insertions":35,"deletions":10}}},{"hash":"cdf6043b99c9f8e30fb2659d18f77f89c493d811","isMergeCommit":false,"messageTitle":"Add JavaDocs for Tasks pacakge and Ui file in OOP package","messageBody":"","tags":["A-JavaDoc"],"fileTypesAndContributionMap":{"java":{"insertions":141,"deletions":1}}},{"hash":"6e76862b5bebb1cae1755ad882c0e41c9cd6694f","isMergeCommit":false,"messageTitle":"Modify code to adhere to coding standard and add checkstyle functionality","messageBody":"","tags":["A-CodingStandard"],"fileTypesAndContributionMap":{"gradle":{"insertions":9,"deletions":1},"java":{"insertions":109,"deletions":84}}}]},{"date":"2023-09-07","commitResults":[{"hash":"642f389cbd6b648934b12e31701eb3362b1742e5","isMergeCommit":true,"messageTitle":"Merge branch \u0027branch-A-JavaDoc\u0027","messageBody":"* branch-A-JavaDoc:\n  Add JavaDocs for Tasks pacakge and Ui file in OOP package\n  Add JavaDocs for Commands, Duke, OOP packages\n","fileTypesAndContributionMap":{}},{"hash":"1f86f5126e422b8627deae0863b795b6ab7d3e52","isMergeCommit":true,"messageTitle":"Merge branch \u0027branch-A-CodingStandard\u0027","messageBody":"* branch-A-CodingStandard:\n  Modify code to adhere to coding standard and add checkstyle functionality\n","fileTypesAndContributionMap":{}},{"hash":"688cc1de0581445355e5f90e0edef02b66f0983d","isMergeCommit":false,"messageTitle":"Merge level-9 to master","messageBody":"","fileTypesAndContributionMap":{"java":{"insertions":0,"deletions":1}}},{"hash":"dc18282deaaa4b0ce7fe2854d925888666cc8c6e","isMergeCommit":false,"messageTitle":"Implement CheckStyle in accordance with 2103 guidelines","messageBody":"","tags":["A-CheckStyle"],"fileTypesAndContributionMap":{"gradle":{"insertions":1,"deletions":1}}}]},{"date":"2023-09-08","commitResults":[{"hash":"efc0270a63d602a8e9a203dd5945a7b48f483cfc","isMergeCommit":false,"messageTitle":"Implement graphical GUI with wallE :)","messageBody":"","tags":["Level-10"],"fileTypesAndContributionMap":{"gradle":{"insertions":15,"deletions":0},"txt":{"insertions":3,"deletions":2},"fxml":{"insertions":52,"deletions":0},"java":{"insertions":331,"deletions":80}}}]},{"date":"2023-09-13","commitResults":[{"hash":"411f215b752270973bf3e4190ea1b9347609a34b","isMergeCommit":false,"messageTitle":"Implement java assertions","messageBody":"","fileTypesAndContributionMap":{"gradle":{"insertions":1,"deletions":0},"txt":{"insertions":1,"deletions":0},"java":{"insertions":168,"deletions":92}}},{"hash":"a55d6fcb9981d4dcf8ef58dfa3482f5b47e957e5","isMergeCommit":false,"messageTitle":"Implement FindTasksCommand using streams","messageBody":"","fileTypesAndContributionMap":{"java":{"insertions":4,"deletions":1}}}]},{"date":"2023-09-14","commitResults":[{"hash":"058d521bfc9835ecbbf95bb2090d511a1432d6e8","isMergeCommit":false,"messageTitle":"Add Code Quality Improvements.","messageBody":"In Parser.java, the happy path is nested, we use guard clauses to make\nit clearer and more prominent.\nThere are also multiple levels of abstraction within the switch\nstatements, which make the method parseCommand excessively long.\nAs such, we abstract out string processing statements\ninto smaller and shorter methods.\n\nIn Ui.java,\n* We remove dead code that print to the terminal since the text UI is\nno longer used.\n* We avoid magic strings for the farewell text as it is used to check\nfor an exit command in MainWindow.java\n\nWe also make other improvements and minor adjustments to tests and\ncommands, and delete dead code in this refactoring.\n","tags":["A-FullCommitMessage"],"fileTypesAndContributionMap":{"java":{"insertions":170,"deletions":167}}},{"hash":"05935339da1792f1238c2075a7045938f2054768","isMergeCommit":true,"messageTitle":"Merge pull request #3 from timleow/branch-A-CodeQuality","messageBody":"Add Code Quality Improvements.","tags":["A-CodeQuality"],"fileTypesAndContributionMap":{}},{"hash":"792da8c0775dcea836c112f0d6517e8d9550eb5e","isMergeCommit":true,"messageTitle":"Merge branch \u0027master\u0027 into branch-A-Assertions","messageBody":"* master:\n  Add Code Quality Improvements.\n\n# Conflicts:\n#\tsrc/main/java/Commands/DeleteTaskCommand.java\n#\tsrc/main/java/Commands/FindTasksCommand.java\n#\tsrc/main/java/Commands/MarkTaskCommand.java\n#\tsrc/main/java/Commands/UnmarkTaskCommand.java\n#\tsrc/main/java/OOP/Parser.java\n","fileTypesAndContributionMap":{}},{"hash":"21491f280bb07b8979daad27309851f6df151a7d","isMergeCommit":true,"messageTitle":"Merge pull request #1 from timleow/branch-A-Assertions","messageBody":"Implement java assertions","tags":["A-Assertions"],"fileTypesAndContributionMap":{}},{"hash":"29d619e63c91a99040e6352dca1977ef69560be2","isMergeCommit":true,"messageTitle":"Merge branch \u0027master\u0027 into branch-A-Streams","messageBody":"* master:\n  Add Code Quality Improvements.\n  Implement java assertions\n\n# Conflicts:\n#\tsrc/main/java/Commands/FindTasksCommand.java\n","fileTypesAndContributionMap":{}},{"hash":"0a0cd493dec414010dae8c65df4d321c03375fae","isMergeCommit":true,"messageTitle":"Merge pull request #2 from timleow/branch-A-Streams","messageBody":"Implement FindTasksCommand using streams","tags":["A-Streams"],"fileTypesAndContributionMap":{}},{"hash":"8877895095009499cc3d52f7b8e7e9682e2cffe0","isMergeCommit":false,"messageTitle":"Implement Help Pop-up","messageBody":"It is difficult for the user to use wallE without knowing all the commands. Hardcoding the description in the fxml file is the fastest option to get this to feature up for now.\n\nFuture consideration is to have all the command formats and descriptions saved by Duke, and then rendered through a loop instead of hardcoding in the fxml file.\n","fileTypesAndContributionMap":{"fxml":{"insertions":110,"deletions":0},"java":{"insertions":77,"deletions":12}}},{"hash":"0dc72236e5a9618afeccaabe07e2d9a18555d495","isMergeCommit":true,"messageTitle":"Merge pull request #4 from timleow/branch-C-Help","messageBody":"Implement Help Pop-up","tags":["C-Help","BCD-Extension"],"fileTypesAndContributionMap":{}}]},{"date":"2023-09-20","commitResults":[{"hash":"2b97d56a454c8f18ee37122e919e8811da1e9c96","isMergeCommit":false,"messageTitle":"Add User Guide and other minor fixes","messageBody":"","tags":["A-UserGuide"],"fileTypesAndContributionMap":{"txt":{"insertions":4,"deletions":14},"fxml":{"insertions":15,"deletions":102},"java":{"insertions":107,"deletions":54},"md":{"insertions":136,"deletions":14}}},{"hash":"e30333a84e7bb3055eebb116ebce0ef999aaf5d8","isMergeCommit":false,"messageTitle":"Fix style and other minor changes","messageBody":"","fileTypesAndContributionMap":{"gradle":{"insertions":1,"deletions":1},"txt":{"insertions":3,"deletions":2},"fxml":{"insertions":3,"deletions":3},"java":{"insertions":228,"deletions":186},"bat":{"insertions":1,"deletions":1},"md":{"insertions":34,"deletions":19}}}]},{"date":"2023-09-21","commitResults":[{"hash":"3c7facaed1074bb90c6bf9c431ec0d727aa24726","isMergeCommit":false,"messageTitle":"Correct build.gradle with the right Main file duke.Duke","messageBody":"","tags":["A-Release"],"fileTypesAndContributionMap":{"gradle":{"insertions":1,"deletions":1},"txt":{"insertions":1,"deletions":1}}}]},{"date":"2023-10-06","commitResults":[{"hash":"20f8277c42215647d7467ac1fe755095dade1b40","isMergeCommit":false,"messageTitle":"Update README.md","messageBody":"","fileTypesAndContributionMap":{"md":{"insertions":166,"deletions":24}}},{"hash":"e9b74de89a80be3247dbc5f1142a3062d57ef37b","isMergeCommit":false,"messageTitle":"Update README.md","messageBody":"","fileTypesAndContributionMap":{"md":{"insertions":22,"deletions":0}}},{"hash":"58b8126ce156bc8a86cc7cdef72ea4093ead99f5","isMergeCommit":false,"messageTitle":"Update README.md","messageBody":"","fileTypesAndContributionMap":{"md":{"insertions":3,"deletions":3}}},{"hash":"db794f4377fa4581098aa11cd04a90ca2b3b5817","isMergeCommit":false,"messageTitle":"Update README.md","messageBody":"","fileTypesAndContributionMap":{"md":{"insertions":1,"deletions":1}}}]}]},"authorFileTypeContributionMap":{"timleow":{"java":1767,"md":325,"fxml":75,"sh":0,"bat":1,"gradle":24,"txt":13}},"authorContributionVariance":{"timleow":47217.195},"authorDisplayNameMap":{"timleow":"CS2103T-T08-3 LEOW..OTHY"}}
