[{"path":"build.gradle","fileType":"gradle","lines":[{"lineNumber":1,"author":{"gitId":"-"},"content":"plugins {","lastModifiedDate":"2020-05-25"},{"lineNumber":2,"author":{"gitId":"-"},"content":"    id \u0027java\u0027","lastModifiedDate":"2020-05-25"},{"lineNumber":3,"author":{"gitId":"-"},"content":"    id \u0027application\u0027","lastModifiedDate":"2020-05-25"},{"lineNumber":4,"author":{"gitId":"-"},"content":"    id \u0027com.github.johnrengelman.shadow\u0027 version \u00277.1.2\u0027","lastModifiedDate":"2023-08-05"},{"lineNumber":5,"author":{"gitId":"-"},"content":"}","lastModifiedDate":"2020-05-25"},{"lineNumber":6,"author":{"gitId":"-"},"content":"","lastModifiedDate":"2020-05-25"},{"lineNumber":7,"author":{"gitId":"-"},"content":"repositories {","lastModifiedDate":"2020-05-25"},{"lineNumber":8,"author":{"gitId":"-"},"content":"    mavenCentral()","lastModifiedDate":"2020-05-25"},{"lineNumber":9,"author":{"gitId":"-"},"content":"}","lastModifiedDate":"2020-05-25"},{"lineNumber":10,"author":{"gitId":"-"},"content":"","lastModifiedDate":"2020-05-25"},{"lineNumber":11,"author":{"gitId":"-"},"content":"dependencies {","lastModifiedDate":"2020-05-25"},{"lineNumber":12,"author":{"gitId":"-"},"content":"    testImplementation group: \u0027org.junit.jupiter\u0027, name: \u0027junit-jupiter-api\u0027, version: \u00275.10.0\u0027","lastModifiedDate":"2023-08-05"},{"lineNumber":13,"author":{"gitId":"-"},"content":"    testRuntimeOnly group: \u0027org.junit.jupiter\u0027, name: \u0027junit-jupiter-engine\u0027, version: \u00275.10.0\u0027","lastModifiedDate":"2023-08-05"},{"lineNumber":14,"author":{"gitId":"-"},"content":"}","lastModifiedDate":"2020-05-25"},{"lineNumber":15,"author":{"gitId":"-"},"content":"","lastModifiedDate":"2020-05-25"},{"lineNumber":16,"author":{"gitId":"-"},"content":"test {","lastModifiedDate":"2020-05-25"},{"lineNumber":17,"author":{"gitId":"-"},"content":"    useJUnitPlatform()","lastModifiedDate":"2020-05-25"},{"lineNumber":18,"author":{"gitId":"-"},"content":"","lastModifiedDate":"2020-05-25"},{"lineNumber":19,"author":{"gitId":"-"},"content":"    testLogging {","lastModifiedDate":"2020-05-25"},{"lineNumber":20,"author":{"gitId":"-"},"content":"        events \"passed\", \"skipped\", \"failed\"","lastModifiedDate":"2020-05-25"},{"lineNumber":21,"author":{"gitId":"-"},"content":"","lastModifiedDate":"2020-05-25"},{"lineNumber":22,"author":{"gitId":"-"},"content":"        showExceptions true","lastModifiedDate":"2020-05-25"},{"lineNumber":23,"author":{"gitId":"-"},"content":"        exceptionFormat \"full\"","lastModifiedDate":"2020-05-25"},{"lineNumber":24,"author":{"gitId":"-"},"content":"        showCauses true","lastModifiedDate":"2020-05-25"},{"lineNumber":25,"author":{"gitId":"-"},"content":"        showStackTraces true","lastModifiedDate":"2020-05-25"},{"lineNumber":26,"author":{"gitId":"-"},"content":"        showStandardStreams \u003d false","lastModifiedDate":"2020-05-25"},{"lineNumber":27,"author":{"gitId":"-"},"content":"    }","lastModifiedDate":"2020-05-25"},{"lineNumber":28,"author":{"gitId":"-"},"content":"}","lastModifiedDate":"2020-05-25"},{"lineNumber":29,"author":{"gitId":"-"},"content":"","lastModifiedDate":"2020-05-25"},{"lineNumber":30,"author":{"gitId":"-"},"content":"application {","lastModifiedDate":"2020-05-25"},{"lineNumber":31,"author":{"gitId":"RoeReRe"},"content":"    mainClass.set(\"duke.Duke\")","lastModifiedDate":"2023-08-26"},{"lineNumber":32,"author":{"gitId":"-"},"content":"}","lastModifiedDate":"2020-05-25"},{"lineNumber":33,"author":{"gitId":"-"},"content":"","lastModifiedDate":"2020-05-25"},{"lineNumber":34,"author":{"gitId":"-"},"content":"shadowJar {","lastModifiedDate":"2020-05-25"},{"lineNumber":35,"author":{"gitId":"-"},"content":"    archiveBaseName \u003d \"duke\"","lastModifiedDate":"2020-05-25"},{"lineNumber":36,"author":{"gitId":"-"},"content":"    archiveClassifier \u003d null","lastModifiedDate":"2020-05-25"},{"lineNumber":37,"author":{"gitId":"-"},"content":"    dependsOn(\"distZip\", \"distTar\")","lastModifiedDate":"2023-08-05"},{"lineNumber":38,"author":{"gitId":"-"},"content":"}","lastModifiedDate":"2020-05-25"},{"lineNumber":39,"author":{"gitId":"-"},"content":"","lastModifiedDate":"2020-05-25"},{"lineNumber":40,"author":{"gitId":"-"},"content":"run{","lastModifiedDate":"2020-05-25"},{"lineNumber":41,"author":{"gitId":"-"},"content":"    standardInput \u003d System.in","lastModifiedDate":"2020-05-25"},{"lineNumber":42,"author":{"gitId":"-"},"content":"}","lastModifiedDate":"2020-05-25"}],"authorContributionMap":{"RoeReRe":1,"-":41}},{"path":"src/main/java/duke/Duke.java","fileType":"java","lines":[{"lineNumber":1,"author":{"gitId":"RoeReRe"},"content":"package duke;","lastModifiedDate":"2023-08-26"},{"lineNumber":2,"author":{"gitId":"RoeReRe"},"content":"","lastModifiedDate":"2023-08-26"},{"lineNumber":3,"author":{"gitId":"RoeReRe"},"content":"import duke.exception.DukeException;","lastModifiedDate":"2023-08-26"},{"lineNumber":4,"author":{"gitId":"RoeReRe"},"content":"import duke.task.Task;","lastModifiedDate":"2023-08-26"},{"lineNumber":5,"author":{"gitId":"RoeReRe"},"content":"import duke.task.TaskList;","lastModifiedDate":"2023-08-26"},{"lineNumber":6,"author":{"gitId":"RoeReRe"},"content":"","lastModifiedDate":"2023-08-26"},{"lineNumber":7,"author":{"gitId":"RoeReRe"},"content":"import java.util.ArrayList;","lastModifiedDate":"2023-08-26"},{"lineNumber":8,"author":{"gitId":"RoeReRe"},"content":"","lastModifiedDate":"2023-08-19"},{"lineNumber":9,"author":{"gitId":"RoeReRe"},"content":"/**","lastModifiedDate":"2023-08-19"},{"lineNumber":10,"author":{"gitId":"RoeReRe"},"content":" * Main class that drives the Duke chatbot.","lastModifiedDate":"2023-08-19"},{"lineNumber":11,"author":{"gitId":"RoeReRe"},"content":" */","lastModifiedDate":"2023-08-19"},{"lineNumber":12,"author":{"gitId":"-"},"content":"public class Duke {","lastModifiedDate":"2019-07-29"},{"lineNumber":13,"author":{"gitId":"RoeReRe"},"content":"","lastModifiedDate":"2023-08-19"},{"lineNumber":14,"author":{"gitId":"RoeReRe"},"content":"    public Storage storage;","lastModifiedDate":"2023-08-26"},{"lineNumber":15,"author":{"gitId":"RoeReRe"},"content":"    protected TaskList tasks;","lastModifiedDate":"2023-08-26"},{"lineNumber":16,"author":{"gitId":"RoeReRe"},"content":"    private Ui ui;","lastModifiedDate":"2023-08-26"},{"lineNumber":17,"author":{"gitId":"RoeReRe"},"content":"","lastModifiedDate":"2023-08-19"},{"lineNumber":18,"author":{"gitId":"RoeReRe"},"content":"    public Duke(String filePath) {","lastModifiedDate":"2023-08-26"},{"lineNumber":19,"author":{"gitId":"RoeReRe"},"content":"        this.ui \u003d new Ui(this);","lastModifiedDate":"2023-08-26"},{"lineNumber":20,"author":{"gitId":"RoeReRe"},"content":"        this.storage \u003d new Storage(filePath);","lastModifiedDate":"2023-08-26"},{"lineNumber":21,"author":{"gitId":"RoeReRe"},"content":"        try {","lastModifiedDate":"2023-08-20"},{"lineNumber":22,"author":{"gitId":"RoeReRe"},"content":"            this.tasks \u003d new TaskList(storage.readFromDatabase(), this);","lastModifiedDate":"2023-08-26"},{"lineNumber":23,"author":{"gitId":"RoeReRe"},"content":"        } catch (DukeException e) {","lastModifiedDate":"2023-08-19"},{"lineNumber":24,"author":{"gitId":"RoeReRe"},"content":"            this.ui.showError(e);","lastModifiedDate":"2023-08-26"},{"lineNumber":25,"author":{"gitId":"RoeReRe"},"content":"            this.tasks \u003d new TaskList(new ArrayList\u003cTask\u003e(), this);","lastModifiedDate":"2023-08-26"},{"lineNumber":26,"author":{"gitId":"RoeReRe"},"content":"        }","lastModifiedDate":"2023-08-19"},{"lineNumber":27,"author":{"gitId":"RoeReRe"},"content":"    }","lastModifiedDate":"2023-08-19"},{"lineNumber":28,"author":{"gitId":"RoeReRe"},"content":"","lastModifiedDate":"2023-08-19"},{"lineNumber":29,"author":{"gitId":"RoeReRe"},"content":"    /**","lastModifiedDate":"2023-08-26"},{"lineNumber":30,"author":{"gitId":"RoeReRe"},"content":"     * Driver function to start the bot.","lastModifiedDate":"2023-08-26"},{"lineNumber":31,"author":{"gitId":"RoeReRe"},"content":"     */","lastModifiedDate":"2023-08-26"},{"lineNumber":32,"author":{"gitId":"RoeReRe"},"content":"    public void run() {","lastModifiedDate":"2023-08-26"},{"lineNumber":33,"author":{"gitId":"RoeReRe"},"content":"        ui.printIntro();","lastModifiedDate":"2023-08-26"},{"lineNumber":34,"author":{"gitId":"RoeReRe"},"content":"        ui.promptInput();","lastModifiedDate":"2023-08-26"},{"lineNumber":35,"author":{"gitId":"RoeReRe"},"content":"    }","lastModifiedDate":"2023-08-19"},{"lineNumber":36,"author":{"gitId":"RoeReRe"},"content":"","lastModifiedDate":"2023-08-26"},{"lineNumber":37,"author":{"gitId":"RoeReRe"},"content":"    public static void main(String[] args) {","lastModifiedDate":"2023-08-26"},{"lineNumber":38,"author":{"gitId":"RoeReRe"},"content":"        new Duke(\"data/duke.txt\").run();","lastModifiedDate":"2023-08-26"},{"lineNumber":39,"author":{"gitId":"-"},"content":"    }","lastModifiedDate":"2019-07-29"},{"lineNumber":40,"author":{"gitId":"-"},"content":"}","lastModifiedDate":"2019-07-29"}],"authorContributionMap":{"RoeReRe":37,"-":3}},{"path":"src/main/java/duke/Parser.java","fileType":"java","lines":[{"lineNumber":1,"author":{"gitId":"RoeReRe"},"content":"package duke;","lastModifiedDate":"2023-08-26"},{"lineNumber":2,"author":{"gitId":"RoeReRe"},"content":"","lastModifiedDate":"2023-08-26"},{"lineNumber":3,"author":{"gitId":"RoeReRe"},"content":"import duke.exception.DukeException;","lastModifiedDate":"2023-08-26"},{"lineNumber":4,"author":{"gitId":"RoeReRe"},"content":"import duke.task.Deadline;","lastModifiedDate":"2023-08-26"},{"lineNumber":5,"author":{"gitId":"RoeReRe"},"content":"import duke.task.Event;","lastModifiedDate":"2023-08-26"},{"lineNumber":6,"author":{"gitId":"RoeReRe"},"content":"import duke.task.Task;","lastModifiedDate":"2023-08-26"},{"lineNumber":7,"author":{"gitId":"RoeReRe"},"content":"import duke.task.Todo;","lastModifiedDate":"2023-08-26"},{"lineNumber":8,"author":{"gitId":"RoeReRe"},"content":"","lastModifiedDate":"2023-08-26"},{"lineNumber":9,"author":{"gitId":"RoeReRe"},"content":"/**","lastModifiedDate":"2023-08-26"},{"lineNumber":10,"author":{"gitId":"RoeReRe"},"content":" * This class handles the logic for processing user input.","lastModifiedDate":"2023-08-26"},{"lineNumber":11,"author":{"gitId":"RoeReRe"},"content":" */","lastModifiedDate":"2023-08-26"},{"lineNumber":12,"author":{"gitId":"RoeReRe"},"content":"public class Parser {","lastModifiedDate":"2023-08-26"},{"lineNumber":13,"author":{"gitId":"RoeReRe"},"content":"    /**","lastModifiedDate":"2023-08-26"},{"lineNumber":14,"author":{"gitId":"RoeReRe"},"content":"     * List of valid user commands.","lastModifiedDate":"2023-08-26"},{"lineNumber":15,"author":{"gitId":"RoeReRe"},"content":"     */","lastModifiedDate":"2023-08-26"},{"lineNumber":16,"author":{"gitId":"RoeReRe"},"content":"    public static enum Command {","lastModifiedDate":"2023-08-26"},{"lineNumber":17,"author":{"gitId":"RoeReRe"},"content":"        BYE(\"bye\"),","lastModifiedDate":"2023-08-26"},{"lineNumber":18,"author":{"gitId":"RoeReRe"},"content":"        LIST(\"list\"),","lastModifiedDate":"2023-08-26"},{"lineNumber":19,"author":{"gitId":"RoeReRe"},"content":"        MARK(\"mark\"),","lastModifiedDate":"2023-08-26"},{"lineNumber":20,"author":{"gitId":"RoeReRe"},"content":"        UNMARK(\"unmark\"),","lastModifiedDate":"2023-08-26"},{"lineNumber":21,"author":{"gitId":"RoeReRe"},"content":"        DELETE(\"delete\"),","lastModifiedDate":"2023-08-26"},{"lineNumber":22,"author":{"gitId":"RoeReRe"},"content":"        TODO(\"todo\"),","lastModifiedDate":"2023-08-26"},{"lineNumber":23,"author":{"gitId":"RoeReRe"},"content":"        DEADLINE(\"deadline\"),","lastModifiedDate":"2023-08-26"},{"lineNumber":24,"author":{"gitId":"RoeReRe"},"content":"        EVENT(\"event\"),","lastModifiedDate":"2023-08-26"},{"lineNumber":25,"author":{"gitId":"RoeReRe"},"content":"        FIND(\"find\");","lastModifiedDate":"2023-08-26"},{"lineNumber":26,"author":{"gitId":"RoeReRe"},"content":"","lastModifiedDate":"2023-08-26"},{"lineNumber":27,"author":{"gitId":"RoeReRe"},"content":"        private final String text;","lastModifiedDate":"2023-08-26"},{"lineNumber":28,"author":{"gitId":"RoeReRe"},"content":"","lastModifiedDate":"2023-08-26"},{"lineNumber":29,"author":{"gitId":"RoeReRe"},"content":"        Command(final String text) {","lastModifiedDate":"2023-08-26"},{"lineNumber":30,"author":{"gitId":"RoeReRe"},"content":"            this.text \u003d text;","lastModifiedDate":"2023-08-26"},{"lineNumber":31,"author":{"gitId":"RoeReRe"},"content":"        }","lastModifiedDate":"2023-08-26"},{"lineNumber":32,"author":{"gitId":"RoeReRe"},"content":"","lastModifiedDate":"2023-08-26"},{"lineNumber":33,"author":{"gitId":"RoeReRe"},"content":"        @Override","lastModifiedDate":"2023-08-26"},{"lineNumber":34,"author":{"gitId":"RoeReRe"},"content":"        public String toString() {","lastModifiedDate":"2023-08-26"},{"lineNumber":35,"author":{"gitId":"RoeReRe"},"content":"            return this.text;","lastModifiedDate":"2023-08-26"},{"lineNumber":36,"author":{"gitId":"RoeReRe"},"content":"        }","lastModifiedDate":"2023-08-26"},{"lineNumber":37,"author":{"gitId":"RoeReRe"},"content":"    }","lastModifiedDate":"2023-08-26"},{"lineNumber":38,"author":{"gitId":"RoeReRe"},"content":"","lastModifiedDate":"2023-08-26"},{"lineNumber":39,"author":{"gitId":"RoeReRe"},"content":"    /**","lastModifiedDate":"2023-08-26"},{"lineNumber":40,"author":{"gitId":"RoeReRe"},"content":"     * Processes the user input and calls the relevant background functions.","lastModifiedDate":"2023-08-26"},{"lineNumber":41,"author":{"gitId":"RoeReRe"},"content":"     *","lastModifiedDate":"2023-08-26"},{"lineNumber":42,"author":{"gitId":"RoeReRe"},"content":"     * @param userInput The raw input entered by the user.","lastModifiedDate":"2023-08-26"},{"lineNumber":43,"author":{"gitId":"RoeReRe"},"content":"     * @param dukeBot   The context.","lastModifiedDate":"2023-08-26"},{"lineNumber":44,"author":{"gitId":"RoeReRe"},"content":"     * @return A Command enum that states the user command entered.","lastModifiedDate":"2023-08-26"},{"lineNumber":45,"author":{"gitId":"RoeReRe"},"content":"     * @throws DukeException If invalid input.","lastModifiedDate":"2023-08-26"},{"lineNumber":46,"author":{"gitId":"RoeReRe"},"content":"     */","lastModifiedDate":"2023-08-26"},{"lineNumber":47,"author":{"gitId":"RoeReRe"},"content":"    public static Command processInput(String userInput, Duke dukeBot) throws DukeException {","lastModifiedDate":"2023-08-26"},{"lineNumber":48,"author":{"gitId":"RoeReRe"},"content":"        String[] inputArray \u003d userInput.split(\" \", 2);","lastModifiedDate":"2023-08-26"},{"lineNumber":49,"author":{"gitId":"RoeReRe"},"content":"        Command userCommand \u003d Command.valueOf(inputArray[0].toUpperCase());","lastModifiedDate":"2023-08-26"},{"lineNumber":50,"author":{"gitId":"RoeReRe"},"content":"        String inputInfo \u003d \"\";","lastModifiedDate":"2023-08-26"},{"lineNumber":51,"author":{"gitId":"RoeReRe"},"content":"        if (inputArray.length \u003d\u003d 2) {","lastModifiedDate":"2023-08-26"},{"lineNumber":52,"author":{"gitId":"RoeReRe"},"content":"            inputInfo \u003d inputArray[1];","lastModifiedDate":"2023-08-26"},{"lineNumber":53,"author":{"gitId":"RoeReRe"},"content":"        }","lastModifiedDate":"2023-08-26"},{"lineNumber":54,"author":{"gitId":"RoeReRe"},"content":"","lastModifiedDate":"2023-08-26"},{"lineNumber":55,"author":{"gitId":"RoeReRe"},"content":"        switch (userCommand) {","lastModifiedDate":"2023-08-26"},{"lineNumber":56,"author":{"gitId":"RoeReRe"},"content":"            case BYE:","lastModifiedDate":"2023-08-26"},{"lineNumber":57,"author":{"gitId":"RoeReRe"},"content":"                break;","lastModifiedDate":"2023-08-26"},{"lineNumber":58,"author":{"gitId":"RoeReRe"},"content":"            case LIST:","lastModifiedDate":"2023-08-26"},{"lineNumber":59,"author":{"gitId":"RoeReRe"},"content":"                dukeBot.tasks.listTasks();","lastModifiedDate":"2023-08-26"},{"lineNumber":60,"author":{"gitId":"RoeReRe"},"content":"                break;","lastModifiedDate":"2023-08-26"},{"lineNumber":61,"author":{"gitId":"RoeReRe"},"content":"            case MARK:","lastModifiedDate":"2023-08-26"},{"lineNumber":62,"author":{"gitId":"RoeReRe"},"content":"                dukeBot.tasks.markTask(Integer.parseInt(inputInfo));","lastModifiedDate":"2023-08-26"},{"lineNumber":63,"author":{"gitId":"RoeReRe"},"content":"                break;","lastModifiedDate":"2023-08-26"},{"lineNumber":64,"author":{"gitId":"RoeReRe"},"content":"            case UNMARK:","lastModifiedDate":"2023-08-26"},{"lineNumber":65,"author":{"gitId":"RoeReRe"},"content":"                dukeBot.tasks.unmarkTask(Integer.parseInt(inputInfo));","lastModifiedDate":"2023-08-26"},{"lineNumber":66,"author":{"gitId":"RoeReRe"},"content":"                break;","lastModifiedDate":"2023-08-26"},{"lineNumber":67,"author":{"gitId":"RoeReRe"},"content":"            case DELETE:","lastModifiedDate":"2023-08-26"},{"lineNumber":68,"author":{"gitId":"RoeReRe"},"content":"                dukeBot.tasks.deleteTask(Integer.parseInt(inputInfo));","lastModifiedDate":"2023-08-26"},{"lineNumber":69,"author":{"gitId":"RoeReRe"},"content":"                break;","lastModifiedDate":"2023-08-26"},{"lineNumber":70,"author":{"gitId":"RoeReRe"},"content":"            case TODO: {","lastModifiedDate":"2023-08-26"},{"lineNumber":71,"author":{"gitId":"RoeReRe"},"content":"                String taskName \u003d inputInfo;","lastModifiedDate":"2023-08-26"},{"lineNumber":72,"author":{"gitId":"RoeReRe"},"content":"                Task newTask \u003d new Todo(taskName);","lastModifiedDate":"2023-08-26"},{"lineNumber":73,"author":{"gitId":"RoeReRe"},"content":"                dukeBot.tasks.addTask(newTask);","lastModifiedDate":"2023-08-26"},{"lineNumber":74,"author":{"gitId":"RoeReRe"},"content":"                break;","lastModifiedDate":"2023-08-26"},{"lineNumber":75,"author":{"gitId":"RoeReRe"},"content":"            }","lastModifiedDate":"2023-08-26"},{"lineNumber":76,"author":{"gitId":"RoeReRe"},"content":"            case DEADLINE: {","lastModifiedDate":"2023-08-26"},{"lineNumber":77,"author":{"gitId":"RoeReRe"},"content":"                String[] taskInfo \u003d inputInfo.split(\" /by \");","lastModifiedDate":"2023-08-26"},{"lineNumber":78,"author":{"gitId":"RoeReRe"},"content":"","lastModifiedDate":"2023-08-26"},{"lineNumber":79,"author":{"gitId":"RoeReRe"},"content":"                if (taskInfo.length !\u003d 2) {","lastModifiedDate":"2023-08-26"},{"lineNumber":80,"author":{"gitId":"RoeReRe"},"content":"                    throw new DukeException(\"☹ OOPS!!! I\u0027m sorry, but I don\u0027t know what that means :-(\");","lastModifiedDate":"2023-08-26"},{"lineNumber":81,"author":{"gitId":"RoeReRe"},"content":"                }","lastModifiedDate":"2023-08-26"},{"lineNumber":82,"author":{"gitId":"RoeReRe"},"content":"","lastModifiedDate":"2023-08-26"},{"lineNumber":83,"author":{"gitId":"RoeReRe"},"content":"                String taskName \u003d taskInfo[0];","lastModifiedDate":"2023-08-26"},{"lineNumber":84,"author":{"gitId":"RoeReRe"},"content":"                String deadline \u003d taskInfo[1];","lastModifiedDate":"2023-08-26"},{"lineNumber":85,"author":{"gitId":"RoeReRe"},"content":"                Task newTask \u003d new Deadline(taskName, deadline);","lastModifiedDate":"2023-08-26"},{"lineNumber":86,"author":{"gitId":"RoeReRe"},"content":"                dukeBot.tasks.addTask(newTask);","lastModifiedDate":"2023-08-26"},{"lineNumber":87,"author":{"gitId":"RoeReRe"},"content":"                break;","lastModifiedDate":"2023-08-26"},{"lineNumber":88,"author":{"gitId":"RoeReRe"},"content":"            }","lastModifiedDate":"2023-08-26"},{"lineNumber":89,"author":{"gitId":"RoeReRe"},"content":"            case EVENT: {","lastModifiedDate":"2023-08-26"},{"lineNumber":90,"author":{"gitId":"RoeReRe"},"content":"                String[] taskInfo \u003d inputInfo.split(\" /from \");","lastModifiedDate":"2023-08-26"},{"lineNumber":91,"author":{"gitId":"RoeReRe"},"content":"","lastModifiedDate":"2023-08-26"},{"lineNumber":92,"author":{"gitId":"RoeReRe"},"content":"                if (taskInfo.length !\u003d 2 || taskInfo[1].split(\"/to\").length !\u003d 2) {","lastModifiedDate":"2023-08-26"},{"lineNumber":93,"author":{"gitId":"RoeReRe"},"content":"                    throw new DukeException(\"☹ OOPS!!! I\u0027m sorry, but I don\u0027t know what that means :-(\");","lastModifiedDate":"2023-08-26"},{"lineNumber":94,"author":{"gitId":"RoeReRe"},"content":"                }","lastModifiedDate":"2023-08-26"},{"lineNumber":95,"author":{"gitId":"RoeReRe"},"content":"","lastModifiedDate":"2023-08-26"},{"lineNumber":96,"author":{"gitId":"RoeReRe"},"content":"                String taskName \u003d taskInfo[0];","lastModifiedDate":"2023-08-26"},{"lineNumber":97,"author":{"gitId":"RoeReRe"},"content":"                String startTime \u003d taskInfo[1].split(\" /to \")[0];","lastModifiedDate":"2023-08-26"},{"lineNumber":98,"author":{"gitId":"RoeReRe"},"content":"                String endTime \u003d taskInfo[1].split(\" /to \")[1];","lastModifiedDate":"2023-08-26"},{"lineNumber":99,"author":{"gitId":"RoeReRe"},"content":"                Task newTask \u003d new Event(taskName, startTime, endTime);","lastModifiedDate":"2023-08-26"},{"lineNumber":100,"author":{"gitId":"RoeReRe"},"content":"                dukeBot.tasks.addTask(newTask);","lastModifiedDate":"2023-08-26"},{"lineNumber":101,"author":{"gitId":"RoeReRe"},"content":"                break;","lastModifiedDate":"2023-08-26"},{"lineNumber":102,"author":{"gitId":"RoeReRe"},"content":"            }","lastModifiedDate":"2023-08-26"},{"lineNumber":103,"author":{"gitId":"RoeReRe"},"content":"            case FIND:","lastModifiedDate":"2023-08-26"},{"lineNumber":104,"author":{"gitId":"RoeReRe"},"content":"                dukeBot.tasks.findTasks(inputInfo);","lastModifiedDate":"2023-08-26"},{"lineNumber":105,"author":{"gitId":"RoeReRe"},"content":"                break;","lastModifiedDate":"2023-08-26"},{"lineNumber":106,"author":{"gitId":"RoeReRe"},"content":"            default:","lastModifiedDate":"2023-08-26"},{"lineNumber":107,"author":{"gitId":"RoeReRe"},"content":"                throw new DukeException(\"☹ OOPS!!! I\u0027m sorry, but I don\u0027t know what that means :-(\");","lastModifiedDate":"2023-08-26"},{"lineNumber":108,"author":{"gitId":"RoeReRe"},"content":"        }","lastModifiedDate":"2023-08-26"},{"lineNumber":109,"author":{"gitId":"RoeReRe"},"content":"        return userCommand;","lastModifiedDate":"2023-08-26"},{"lineNumber":110,"author":{"gitId":"RoeReRe"},"content":"    }","lastModifiedDate":"2023-08-26"},{"lineNumber":111,"author":{"gitId":"RoeReRe"},"content":"}","lastModifiedDate":"2023-08-26"}],"authorContributionMap":{"RoeReRe":111}},{"path":"src/main/java/duke/Storage.java","fileType":"java","lines":[{"lineNumber":1,"author":{"gitId":"RoeReRe"},"content":"package duke;","lastModifiedDate":"2023-08-26"},{"lineNumber":2,"author":{"gitId":"RoeReRe"},"content":"","lastModifiedDate":"2023-08-26"},{"lineNumber":3,"author":{"gitId":"RoeReRe"},"content":"import duke.exception.DukeException;","lastModifiedDate":"2023-08-26"},{"lineNumber":4,"author":{"gitId":"RoeReRe"},"content":"import duke.task.Deadline;","lastModifiedDate":"2023-08-26"},{"lineNumber":5,"author":{"gitId":"RoeReRe"},"content":"import duke.task.Event;","lastModifiedDate":"2023-08-26"},{"lineNumber":6,"author":{"gitId":"RoeReRe"},"content":"import duke.task.Task;","lastModifiedDate":"2023-08-26"},{"lineNumber":7,"author":{"gitId":"RoeReRe"},"content":"import duke.task.Todo;","lastModifiedDate":"2023-08-26"},{"lineNumber":8,"author":{"gitId":"RoeReRe"},"content":"","lastModifiedDate":"2023-08-26"},{"lineNumber":9,"author":{"gitId":"RoeReRe"},"content":"import java.io.BufferedReader;","lastModifiedDate":"2023-08-26"},{"lineNumber":10,"author":{"gitId":"RoeReRe"},"content":"import java.io.File;","lastModifiedDate":"2023-08-26"},{"lineNumber":11,"author":{"gitId":"RoeReRe"},"content":"import java.io.FileReader;","lastModifiedDate":"2023-08-26"},{"lineNumber":12,"author":{"gitId":"RoeReRe"},"content":"import java.io.IOException;","lastModifiedDate":"2023-08-26"},{"lineNumber":13,"author":{"gitId":"RoeReRe"},"content":"import java.io.FileWriter;","lastModifiedDate":"2023-08-26"},{"lineNumber":14,"author":{"gitId":"RoeReRe"},"content":"import java.io.BufferedWriter;","lastModifiedDate":"2023-08-26"},{"lineNumber":15,"author":{"gitId":"RoeReRe"},"content":"","lastModifiedDate":"2023-08-26"},{"lineNumber":16,"author":{"gitId":"RoeReRe"},"content":"import java.nio.file.Path;","lastModifiedDate":"2023-08-26"},{"lineNumber":17,"author":{"gitId":"RoeReRe"},"content":"","lastModifiedDate":"2023-08-26"},{"lineNumber":18,"author":{"gitId":"RoeReRe"},"content":"import java.time.LocalDateTime;","lastModifiedDate":"2023-08-26"},{"lineNumber":19,"author":{"gitId":"RoeReRe"},"content":"import java.time.format.DateTimeFormatter;","lastModifiedDate":"2023-08-26"},{"lineNumber":20,"author":{"gitId":"RoeReRe"},"content":"","lastModifiedDate":"2023-08-26"},{"lineNumber":21,"author":{"gitId":"RoeReRe"},"content":"import java.util.ArrayList;","lastModifiedDate":"2023-08-26"},{"lineNumber":22,"author":{"gitId":"RoeReRe"},"content":"","lastModifiedDate":"2023-08-26"},{"lineNumber":23,"author":{"gitId":"RoeReRe"},"content":"/**","lastModifiedDate":"2023-08-26"},{"lineNumber":24,"author":{"gitId":"RoeReRe"},"content":" * This class encapsulates a local database for Duke bot.","lastModifiedDate":"2023-08-26"},{"lineNumber":25,"author":{"gitId":"RoeReRe"},"content":" */","lastModifiedDate":"2023-08-26"},{"lineNumber":26,"author":{"gitId":"RoeReRe"},"content":"public class Storage {","lastModifiedDate":"2023-08-26"},{"lineNumber":27,"author":{"gitId":"RoeReRe"},"content":"    private final Path DATABASE_PATH;","lastModifiedDate":"2023-08-26"},{"lineNumber":28,"author":{"gitId":"RoeReRe"},"content":"","lastModifiedDate":"2023-08-26"},{"lineNumber":29,"author":{"gitId":"RoeReRe"},"content":"    public Storage(String filePath) {","lastModifiedDate":"2023-08-26"},{"lineNumber":30,"author":{"gitId":"RoeReRe"},"content":"        this.DATABASE_PATH \u003d java.nio.file.Paths.get(","lastModifiedDate":"2023-08-26"},{"lineNumber":31,"author":{"gitId":"RoeReRe"},"content":"            System.getProperty(\"user.dir\"), filePath);","lastModifiedDate":"2023-08-26"},{"lineNumber":32,"author":{"gitId":"RoeReRe"},"content":"","lastModifiedDate":"2023-08-26"},{"lineNumber":33,"author":{"gitId":"RoeReRe"},"content":"        if (!databaseExist()) {","lastModifiedDate":"2023-08-26"},{"lineNumber":34,"author":{"gitId":"RoeReRe"},"content":"            createDatabase();","lastModifiedDate":"2023-08-26"},{"lineNumber":35,"author":{"gitId":"RoeReRe"},"content":"        }","lastModifiedDate":"2023-08-26"},{"lineNumber":36,"author":{"gitId":"RoeReRe"},"content":"    }","lastModifiedDate":"2023-08-26"},{"lineNumber":37,"author":{"gitId":"RoeReRe"},"content":"","lastModifiedDate":"2023-08-26"},{"lineNumber":38,"author":{"gitId":"RoeReRe"},"content":"    /**","lastModifiedDate":"2023-08-26"},{"lineNumber":39,"author":{"gitId":"RoeReRe"},"content":"     * Creates a local text file for saving the lists of tasks if it does not exist.","lastModifiedDate":"2023-08-26"},{"lineNumber":40,"author":{"gitId":"RoeReRe"},"content":"     */","lastModifiedDate":"2023-08-26"},{"lineNumber":41,"author":{"gitId":"RoeReRe"},"content":"    public void createDatabase() {","lastModifiedDate":"2023-08-26"},{"lineNumber":42,"author":{"gitId":"RoeReRe"},"content":"        File database \u003d new File(DATABASE_PATH.toString());","lastModifiedDate":"2023-08-26"},{"lineNumber":43,"author":{"gitId":"RoeReRe"},"content":"","lastModifiedDate":"2023-08-26"},{"lineNumber":44,"author":{"gitId":"RoeReRe"},"content":"        try {","lastModifiedDate":"2023-08-26"},{"lineNumber":45,"author":{"gitId":"RoeReRe"},"content":"            database.getParentFile().mkdirs();","lastModifiedDate":"2023-08-26"},{"lineNumber":46,"author":{"gitId":"RoeReRe"},"content":"            database.createNewFile();","lastModifiedDate":"2023-08-26"},{"lineNumber":47,"author":{"gitId":"RoeReRe"},"content":"        } catch (IOException e) {","lastModifiedDate":"2023-08-26"},{"lineNumber":48,"author":{"gitId":"RoeReRe"},"content":"            throw new RuntimeException(e);","lastModifiedDate":"2023-08-26"},{"lineNumber":49,"author":{"gitId":"RoeReRe"},"content":"        }","lastModifiedDate":"2023-08-26"},{"lineNumber":50,"author":{"gitId":"RoeReRe"},"content":"    }","lastModifiedDate":"2023-08-26"},{"lineNumber":51,"author":{"gitId":"RoeReRe"},"content":"","lastModifiedDate":"2023-08-26"},{"lineNumber":52,"author":{"gitId":"RoeReRe"},"content":"    /**","lastModifiedDate":"2023-08-26"},{"lineNumber":53,"author":{"gitId":"RoeReRe"},"content":"     * Checks if the database exists.","lastModifiedDate":"2023-08-26"},{"lineNumber":54,"author":{"gitId":"RoeReRe"},"content":"     *","lastModifiedDate":"2023-08-26"},{"lineNumber":55,"author":{"gitId":"RoeReRe"},"content":"     * @return True if the text file exists.","lastModifiedDate":"2023-08-26"},{"lineNumber":56,"author":{"gitId":"RoeReRe"},"content":"     */","lastModifiedDate":"2023-08-26"},{"lineNumber":57,"author":{"gitId":"RoeReRe"},"content":"    public boolean databaseExist() {","lastModifiedDate":"2023-08-26"},{"lineNumber":58,"author":{"gitId":"RoeReRe"},"content":"        File database \u003d new File(DATABASE_PATH.toString());","lastModifiedDate":"2023-08-26"},{"lineNumber":59,"author":{"gitId":"RoeReRe"},"content":"        return database.exists();","lastModifiedDate":"2023-08-26"},{"lineNumber":60,"author":{"gitId":"RoeReRe"},"content":"    }","lastModifiedDate":"2023-08-26"},{"lineNumber":61,"author":{"gitId":"RoeReRe"},"content":"","lastModifiedDate":"2023-08-26"},{"lineNumber":62,"author":{"gitId":"RoeReRe"},"content":"","lastModifiedDate":"2023-08-26"},{"lineNumber":63,"author":{"gitId":"RoeReRe"},"content":"    /**","lastModifiedDate":"2023-08-26"},{"lineNumber":64,"author":{"gitId":"RoeReRe"},"content":"     * Parses the string of tasks from the database into Task objects.","lastModifiedDate":"2023-08-26"},{"lineNumber":65,"author":{"gitId":"RoeReRe"},"content":"     *","lastModifiedDate":"2023-08-26"},{"lineNumber":66,"author":{"gitId":"RoeReRe"},"content":"     * @return The list of tasks stored in the database.","lastModifiedDate":"2023-08-26"},{"lineNumber":67,"author":{"gitId":"RoeReRe"},"content":"     * @throws DukeException If corrupted database.","lastModifiedDate":"2023-08-26"},{"lineNumber":68,"author":{"gitId":"RoeReRe"},"content":"     */","lastModifiedDate":"2023-08-26"},{"lineNumber":69,"author":{"gitId":"RoeReRe"},"content":"    protected ArrayList\u003cTask\u003e readFromDatabase() throws DukeException {","lastModifiedDate":"2023-08-26"},{"lineNumber":70,"author":{"gitId":"RoeReRe"},"content":"        ArrayList\u003cTask\u003e taskList \u003d new ArrayList\u003c\u003e();","lastModifiedDate":"2023-08-26"},{"lineNumber":71,"author":{"gitId":"RoeReRe"},"content":"","lastModifiedDate":"2023-08-26"},{"lineNumber":72,"author":{"gitId":"RoeReRe"},"content":"        try {","lastModifiedDate":"2023-08-26"},{"lineNumber":73,"author":{"gitId":"RoeReRe"},"content":"            FileReader reader \u003d new FileReader(DATABASE_PATH.toString());","lastModifiedDate":"2023-08-26"},{"lineNumber":74,"author":{"gitId":"RoeReRe"},"content":"            BufferedReader bufferedReader \u003d new BufferedReader(reader);","lastModifiedDate":"2023-08-26"},{"lineNumber":75,"author":{"gitId":"RoeReRe"},"content":"            String line;","lastModifiedDate":"2023-08-26"},{"lineNumber":76,"author":{"gitId":"RoeReRe"},"content":"            while ((line \u003d bufferedReader.readLine()) !\u003d null) {","lastModifiedDate":"2023-08-26"},{"lineNumber":77,"author":{"gitId":"RoeReRe"},"content":"                taskList.add(stringToTask(line));","lastModifiedDate":"2023-08-26"},{"lineNumber":78,"author":{"gitId":"RoeReRe"},"content":"            }","lastModifiedDate":"2023-08-26"},{"lineNumber":79,"author":{"gitId":"RoeReRe"},"content":"            reader.close();","lastModifiedDate":"2023-08-26"},{"lineNumber":80,"author":{"gitId":"RoeReRe"},"content":"        } catch (IOException e) {","lastModifiedDate":"2023-08-26"},{"lineNumber":81,"author":{"gitId":"RoeReRe"},"content":"            throw new RuntimeException(e);","lastModifiedDate":"2023-08-26"},{"lineNumber":82,"author":{"gitId":"RoeReRe"},"content":"        }","lastModifiedDate":"2023-08-26"},{"lineNumber":83,"author":{"gitId":"RoeReRe"},"content":"","lastModifiedDate":"2023-08-26"},{"lineNumber":84,"author":{"gitId":"RoeReRe"},"content":"        return taskList;","lastModifiedDate":"2023-08-26"},{"lineNumber":85,"author":{"gitId":"RoeReRe"},"content":"    }","lastModifiedDate":"2023-08-26"},{"lineNumber":86,"author":{"gitId":"RoeReRe"},"content":"","lastModifiedDate":"2023-08-26"},{"lineNumber":87,"author":{"gitId":"RoeReRe"},"content":"    /**","lastModifiedDate":"2023-08-26"},{"lineNumber":88,"author":{"gitId":"RoeReRe"},"content":"     * Updates the database.","lastModifiedDate":"2023-08-26"},{"lineNumber":89,"author":{"gitId":"RoeReRe"},"content":"     *","lastModifiedDate":"2023-08-26"},{"lineNumber":90,"author":{"gitId":"RoeReRe"},"content":"     * @param taskList The list containing the tasks to be saved.","lastModifiedDate":"2023-08-26"},{"lineNumber":91,"author":{"gitId":"RoeReRe"},"content":"     */","lastModifiedDate":"2023-08-26"},{"lineNumber":92,"author":{"gitId":"RoeReRe"},"content":"    public void writeToDatabase(ArrayList\u003cTask\u003e taskList) {","lastModifiedDate":"2023-08-26"},{"lineNumber":93,"author":{"gitId":"RoeReRe"},"content":"        try {","lastModifiedDate":"2023-08-26"},{"lineNumber":94,"author":{"gitId":"RoeReRe"},"content":"            FileWriter writer \u003d new FileWriter(DATABASE_PATH.toString(), false);","lastModifiedDate":"2023-08-26"},{"lineNumber":95,"author":{"gitId":"RoeReRe"},"content":"            BufferedWriter bufferedWriter \u003d new BufferedWriter(writer);","lastModifiedDate":"2023-08-26"},{"lineNumber":96,"author":{"gitId":"RoeReRe"},"content":"","lastModifiedDate":"2023-08-26"},{"lineNumber":97,"author":{"gitId":"RoeReRe"},"content":"            for (Task task : taskList) {","lastModifiedDate":"2023-08-26"},{"lineNumber":98,"author":{"gitId":"RoeReRe"},"content":"                bufferedWriter.write(task.toDatabaseRepresentation());","lastModifiedDate":"2023-08-26"},{"lineNumber":99,"author":{"gitId":"RoeReRe"},"content":"                bufferedWriter.newLine();","lastModifiedDate":"2023-08-26"},{"lineNumber":100,"author":{"gitId":"RoeReRe"},"content":"            }","lastModifiedDate":"2023-08-26"},{"lineNumber":101,"author":{"gitId":"RoeReRe"},"content":"","lastModifiedDate":"2023-08-26"},{"lineNumber":102,"author":{"gitId":"RoeReRe"},"content":"            bufferedWriter.close();","lastModifiedDate":"2023-08-26"},{"lineNumber":103,"author":{"gitId":"RoeReRe"},"content":"        } catch (IOException e) {","lastModifiedDate":"2023-08-26"},{"lineNumber":104,"author":{"gitId":"RoeReRe"},"content":"            throw new RuntimeException(e);","lastModifiedDate":"2023-08-26"},{"lineNumber":105,"author":{"gitId":"RoeReRe"},"content":"        }","lastModifiedDate":"2023-08-26"},{"lineNumber":106,"author":{"gitId":"RoeReRe"},"content":"    }","lastModifiedDate":"2023-08-26"},{"lineNumber":107,"author":{"gitId":"RoeReRe"},"content":"","lastModifiedDate":"2023-08-26"},{"lineNumber":108,"author":{"gitId":"RoeReRe"},"content":"    private static Task stringToTask(String line) throws DukeException {","lastModifiedDate":"2023-08-26"},{"lineNumber":109,"author":{"gitId":"RoeReRe"},"content":"        try {","lastModifiedDate":"2023-08-26"},{"lineNumber":110,"author":{"gitId":"RoeReRe"},"content":"            Task newTask;","lastModifiedDate":"2023-08-26"},{"lineNumber":111,"author":{"gitId":"RoeReRe"},"content":"            String[] taskInfo \u003d line.split(\" \\\\| \");","lastModifiedDate":"2023-08-26"},{"lineNumber":112,"author":{"gitId":"RoeReRe"},"content":"","lastModifiedDate":"2023-08-26"},{"lineNumber":113,"author":{"gitId":"RoeReRe"},"content":"            switch (taskInfo[0]) {","lastModifiedDate":"2023-08-26"},{"lineNumber":114,"author":{"gitId":"RoeReRe"},"content":"                case \"T\":","lastModifiedDate":"2023-08-26"},{"lineNumber":115,"author":{"gitId":"RoeReRe"},"content":"                    newTask \u003d new Todo(taskInfo[2]);","lastModifiedDate":"2023-08-26"},{"lineNumber":116,"author":{"gitId":"RoeReRe"},"content":"                    break;","lastModifiedDate":"2023-08-26"},{"lineNumber":117,"author":{"gitId":"RoeReRe"},"content":"                case \"D\":","lastModifiedDate":"2023-08-26"},{"lineNumber":118,"author":{"gitId":"RoeReRe"},"content":"                    newTask \u003d new Deadline(taskInfo[2], taskInfo[3]);","lastModifiedDate":"2023-08-26"},{"lineNumber":119,"author":{"gitId":"RoeReRe"},"content":"                    break;","lastModifiedDate":"2023-08-26"},{"lineNumber":120,"author":{"gitId":"RoeReRe"},"content":"                case \"E\":","lastModifiedDate":"2023-08-26"},{"lineNumber":121,"author":{"gitId":"RoeReRe"},"content":"                    newTask \u003d new Event(taskInfo[2], taskInfo[3], taskInfo[4]);","lastModifiedDate":"2023-08-26"},{"lineNumber":122,"author":{"gitId":"RoeReRe"},"content":"                    break;","lastModifiedDate":"2023-08-26"},{"lineNumber":123,"author":{"gitId":"RoeReRe"},"content":"                default:","lastModifiedDate":"2023-08-26"},{"lineNumber":124,"author":{"gitId":"RoeReRe"},"content":"                    throw new DukeException(\"Database is corrupted.\");","lastModifiedDate":"2023-08-26"},{"lineNumber":125,"author":{"gitId":"RoeReRe"},"content":"            }","lastModifiedDate":"2023-08-26"},{"lineNumber":126,"author":{"gitId":"RoeReRe"},"content":"","lastModifiedDate":"2023-08-26"},{"lineNumber":127,"author":{"gitId":"RoeReRe"},"content":"            if (taskInfo[1].equals(\"1\")) {","lastModifiedDate":"2023-08-26"},{"lineNumber":128,"author":{"gitId":"RoeReRe"},"content":"                newTask.markAsDone();","lastModifiedDate":"2023-08-26"},{"lineNumber":129,"author":{"gitId":"RoeReRe"},"content":"            }","lastModifiedDate":"2023-08-26"},{"lineNumber":130,"author":{"gitId":"RoeReRe"},"content":"","lastModifiedDate":"2023-08-26"},{"lineNumber":131,"author":{"gitId":"RoeReRe"},"content":"            return newTask;","lastModifiedDate":"2023-08-26"},{"lineNumber":132,"author":{"gitId":"RoeReRe"},"content":"        } catch (DukeException e) {","lastModifiedDate":"2023-08-26"},{"lineNumber":133,"author":{"gitId":"RoeReRe"},"content":"            throw e;","lastModifiedDate":"2023-08-26"},{"lineNumber":134,"author":{"gitId":"RoeReRe"},"content":"        }","lastModifiedDate":"2023-08-26"},{"lineNumber":135,"author":{"gitId":"RoeReRe"},"content":"    }","lastModifiedDate":"2023-08-26"},{"lineNumber":136,"author":{"gitId":"RoeReRe"},"content":"","lastModifiedDate":"2023-08-26"},{"lineNumber":137,"author":{"gitId":"RoeReRe"},"content":"    /**","lastModifiedDate":"2023-08-26"},{"lineNumber":138,"author":{"gitId":"RoeReRe"},"content":"     * Converts a predefined format of string to LocalDateTime.","lastModifiedDate":"2023-08-26"},{"lineNumber":139,"author":{"gitId":"RoeReRe"},"content":"     *","lastModifiedDate":"2023-08-26"},{"lineNumber":140,"author":{"gitId":"RoeReRe"},"content":"     * @param input The user input.","lastModifiedDate":"2023-08-26"},{"lineNumber":141,"author":{"gitId":"RoeReRe"},"content":"     * @return The LocalDateTime containing the date written in the input.","lastModifiedDate":"2023-08-26"},{"lineNumber":142,"author":{"gitId":"RoeReRe"},"content":"     */","lastModifiedDate":"2023-08-26"},{"lineNumber":143,"author":{"gitId":"RoeReRe"},"content":"    public static LocalDateTime stringToDate(String input) {","lastModifiedDate":"2023-08-26"},{"lineNumber":144,"author":{"gitId":"RoeReRe"},"content":"        DateTimeFormatter formatter \u003d DateTimeFormatter.ofPattern(\"dd-MM-yyyy HH:mm\");","lastModifiedDate":"2023-08-26"},{"lineNumber":145,"author":{"gitId":"RoeReRe"},"content":"        return LocalDateTime.parse(input, formatter);","lastModifiedDate":"2023-08-26"},{"lineNumber":146,"author":{"gitId":"RoeReRe"},"content":"    }","lastModifiedDate":"2023-08-26"},{"lineNumber":147,"author":{"gitId":"RoeReRe"},"content":"","lastModifiedDate":"2023-08-26"},{"lineNumber":148,"author":{"gitId":"RoeReRe"},"content":"    /**","lastModifiedDate":"2023-08-26"},{"lineNumber":149,"author":{"gitId":"RoeReRe"},"content":"     * Converts LocalDateTime to a format that is more tilable in the database.","lastModifiedDate":"2023-08-26"},{"lineNumber":150,"author":{"gitId":"RoeReRe"},"content":"     *","lastModifiedDate":"2023-08-26"},{"lineNumber":151,"author":{"gitId":"RoeReRe"},"content":"     * @param date The date to be converted.","lastModifiedDate":"2023-08-26"},{"lineNumber":152,"author":{"gitId":"RoeReRe"},"content":"     * @return The database representation of the date inputted.","lastModifiedDate":"2023-08-26"},{"lineNumber":153,"author":{"gitId":"RoeReRe"},"content":"     */","lastModifiedDate":"2023-08-26"},{"lineNumber":154,"author":{"gitId":"RoeReRe"},"content":"    public static String dateToDatabaseRepresentation(LocalDateTime date) {","lastModifiedDate":"2023-08-26"},{"lineNumber":155,"author":{"gitId":"RoeReRe"},"content":"        DateTimeFormatter formatter \u003d DateTimeFormatter.ofPattern(\"dd-MM-yyyy HH:mm\");","lastModifiedDate":"2023-08-26"},{"lineNumber":156,"author":{"gitId":"RoeReRe"},"content":"        return date.format(formatter);","lastModifiedDate":"2023-08-26"},{"lineNumber":157,"author":{"gitId":"RoeReRe"},"content":"    }","lastModifiedDate":"2023-08-26"},{"lineNumber":158,"author":{"gitId":"RoeReRe"},"content":"","lastModifiedDate":"2023-08-26"},{"lineNumber":159,"author":{"gitId":"RoeReRe"},"content":"    /**","lastModifiedDate":"2023-08-26"},{"lineNumber":160,"author":{"gitId":"RoeReRe"},"content":"     * Converts LocalDateTime to a format that is more readable.","lastModifiedDate":"2023-08-26"},{"lineNumber":161,"author":{"gitId":"RoeReRe"},"content":"     *","lastModifiedDate":"2023-08-26"},{"lineNumber":162,"author":{"gitId":"RoeReRe"},"content":"     * @param date The date to be converted.","lastModifiedDate":"2023-08-26"},{"lineNumber":163,"author":{"gitId":"RoeReRe"},"content":"     * @return Date in a more readable format.","lastModifiedDate":"2023-08-26"},{"lineNumber":164,"author":{"gitId":"RoeReRe"},"content":"     */","lastModifiedDate":"2023-08-26"},{"lineNumber":165,"author":{"gitId":"RoeReRe"},"content":"    public static String dateToString(LocalDateTime date) {","lastModifiedDate":"2023-08-26"},{"lineNumber":166,"author":{"gitId":"RoeReRe"},"content":"        DateTimeFormatter formatter \u003d DateTimeFormatter.ofPattern(\"dd MMM yyyy, hh:mma\");","lastModifiedDate":"2023-08-26"},{"lineNumber":167,"author":{"gitId":"RoeReRe"},"content":"        return date.format(formatter);","lastModifiedDate":"2023-08-26"},{"lineNumber":168,"author":{"gitId":"RoeReRe"},"content":"    }","lastModifiedDate":"2023-08-26"},{"lineNumber":169,"author":{"gitId":"RoeReRe"},"content":"}","lastModifiedDate":"2023-08-26"}],"authorContributionMap":{"RoeReRe":169}},{"path":"src/main/java/duke/Ui.java","fileType":"java","lines":[{"lineNumber":1,"author":{"gitId":"RoeReRe"},"content":"package duke;","lastModifiedDate":"2023-08-26"},{"lineNumber":2,"author":{"gitId":"RoeReRe"},"content":"","lastModifiedDate":"2023-08-26"},{"lineNumber":3,"author":{"gitId":"RoeReRe"},"content":"import duke.exception.DukeException;","lastModifiedDate":"2023-08-26"},{"lineNumber":4,"author":{"gitId":"RoeReRe"},"content":"","lastModifiedDate":"2023-08-26"},{"lineNumber":5,"author":{"gitId":"RoeReRe"},"content":"import java.util.Scanner;","lastModifiedDate":"2023-08-26"},{"lineNumber":6,"author":{"gitId":"RoeReRe"},"content":"","lastModifiedDate":"2023-08-26"},{"lineNumber":7,"author":{"gitId":"RoeReRe"},"content":"/**","lastModifiedDate":"2023-08-26"},{"lineNumber":8,"author":{"gitId":"RoeReRe"},"content":" * Ui is responsible for prompting the user for input.","lastModifiedDate":"2023-08-26"},{"lineNumber":9,"author":{"gitId":"RoeReRe"},"content":" * It also contains general methods to output information to the user.","lastModifiedDate":"2023-08-26"},{"lineNumber":10,"author":{"gitId":"RoeReRe"},"content":" */","lastModifiedDate":"2023-08-26"},{"lineNumber":11,"author":{"gitId":"RoeReRe"},"content":"public class Ui {","lastModifiedDate":"2023-08-26"},{"lineNumber":12,"author":{"gitId":"RoeReRe"},"content":"","lastModifiedDate":"2023-08-26"},{"lineNumber":13,"author":{"gitId":"RoeReRe"},"content":"    private Duke dukeBot;","lastModifiedDate":"2023-08-26"},{"lineNumber":14,"author":{"gitId":"RoeReRe"},"content":"    public Scanner scannerObj \u003d new Scanner(System.in);","lastModifiedDate":"2023-08-26"},{"lineNumber":15,"author":{"gitId":"RoeReRe"},"content":"","lastModifiedDate":"2023-08-26"},{"lineNumber":16,"author":{"gitId":"RoeReRe"},"content":"    /**","lastModifiedDate":"2023-08-26"},{"lineNumber":17,"author":{"gitId":"RoeReRe"},"content":"     * Latest user input is saved in a static field.","lastModifiedDate":"2023-08-26"},{"lineNumber":18,"author":{"gitId":"RoeReRe"},"content":"     */","lastModifiedDate":"2023-08-26"},{"lineNumber":19,"author":{"gitId":"RoeReRe"},"content":"    public String userInput;","lastModifiedDate":"2023-08-26"},{"lineNumber":20,"author":{"gitId":"RoeReRe"},"content":"","lastModifiedDate":"2023-08-26"},{"lineNumber":21,"author":{"gitId":"RoeReRe"},"content":"    public Ui(Duke dukeBot) {","lastModifiedDate":"2023-08-26"},{"lineNumber":22,"author":{"gitId":"RoeReRe"},"content":"        this.dukeBot \u003d dukeBot;","lastModifiedDate":"2023-08-26"},{"lineNumber":23,"author":{"gitId":"RoeReRe"},"content":"    }","lastModifiedDate":"2023-08-26"},{"lineNumber":24,"author":{"gitId":"RoeReRe"},"content":"","lastModifiedDate":"2023-08-26"},{"lineNumber":25,"author":{"gitId":"RoeReRe"},"content":"    /**","lastModifiedDate":"2023-08-26"},{"lineNumber":26,"author":{"gitId":"RoeReRe"},"content":"     * Prints a standard introduction of Duke bot.","lastModifiedDate":"2023-08-26"},{"lineNumber":27,"author":{"gitId":"RoeReRe"},"content":"     */","lastModifiedDate":"2023-08-26"},{"lineNumber":28,"author":{"gitId":"RoeReRe"},"content":"    public static void printIntro() {","lastModifiedDate":"2023-08-26"},{"lineNumber":29,"author":{"gitId":"RoeReRe"},"content":"        printLine();","lastModifiedDate":"2023-08-26"},{"lineNumber":30,"author":{"gitId":"RoeReRe"},"content":"        System.out.println(\"Hello! I\u0027m Roe!\\n\" + \"What can I do for you?\\n\");","lastModifiedDate":"2023-08-26"},{"lineNumber":31,"author":{"gitId":"RoeReRe"},"content":"        printLine();","lastModifiedDate":"2023-08-26"},{"lineNumber":32,"author":{"gitId":"RoeReRe"},"content":"    }","lastModifiedDate":"2023-08-26"},{"lineNumber":33,"author":{"gitId":"RoeReRe"},"content":"","lastModifiedDate":"2023-08-26"},{"lineNumber":34,"author":{"gitId":"RoeReRe"},"content":"    /**","lastModifiedDate":"2023-08-26"},{"lineNumber":35,"author":{"gitId":"RoeReRe"},"content":"     * Prints a goodbye message.","lastModifiedDate":"2023-08-26"},{"lineNumber":36,"author":{"gitId":"RoeReRe"},"content":"     */","lastModifiedDate":"2023-08-26"},{"lineNumber":37,"author":{"gitId":"RoeReRe"},"content":"    public static void printEnd() {","lastModifiedDate":"2023-08-26"},{"lineNumber":38,"author":{"gitId":"RoeReRe"},"content":"        printLine();","lastModifiedDate":"2023-08-26"},{"lineNumber":39,"author":{"gitId":"RoeReRe"},"content":"        System.out.println(\"Bye. Hope to see you again soon!\\n\");","lastModifiedDate":"2023-08-26"},{"lineNumber":40,"author":{"gitId":"RoeReRe"},"content":"        printLine();","lastModifiedDate":"2023-08-26"},{"lineNumber":41,"author":{"gitId":"RoeReRe"},"content":"    }","lastModifiedDate":"2023-08-26"},{"lineNumber":42,"author":{"gitId":"RoeReRe"},"content":"","lastModifiedDate":"2023-08-26"},{"lineNumber":43,"author":{"gitId":"RoeReRe"},"content":"    /**","lastModifiedDate":"2023-08-26"},{"lineNumber":44,"author":{"gitId":"RoeReRe"},"content":"     * Prints a horizontal line. To be used by different classes.","lastModifiedDate":"2023-08-26"},{"lineNumber":45,"author":{"gitId":"RoeReRe"},"content":"     */","lastModifiedDate":"2023-08-26"},{"lineNumber":46,"author":{"gitId":"RoeReRe"},"content":"    public static void printLine() {","lastModifiedDate":"2023-08-26"},{"lineNumber":47,"author":{"gitId":"RoeReRe"},"content":"        int LINE_LENGTH \u003d 50;","lastModifiedDate":"2023-08-26"},{"lineNumber":48,"author":{"gitId":"RoeReRe"},"content":"        for (int i \u003d 0; i \u003c LINE_LENGTH; i++) {","lastModifiedDate":"2023-08-26"},{"lineNumber":49,"author":{"gitId":"RoeReRe"},"content":"            System.out.print(\"─\");","lastModifiedDate":"2023-08-26"},{"lineNumber":50,"author":{"gitId":"RoeReRe"},"content":"        }","lastModifiedDate":"2023-08-26"},{"lineNumber":51,"author":{"gitId":"RoeReRe"},"content":"        System.out.print(\"\\n\");","lastModifiedDate":"2023-08-26"},{"lineNumber":52,"author":{"gitId":"RoeReRe"},"content":"    }","lastModifiedDate":"2023-08-26"},{"lineNumber":53,"author":{"gitId":"RoeReRe"},"content":"","lastModifiedDate":"2023-08-26"},{"lineNumber":54,"author":{"gitId":"RoeReRe"},"content":"    /**","lastModifiedDate":"2023-08-26"},{"lineNumber":55,"author":{"gitId":"RoeReRe"},"content":"     * Prints an exception in a predefined format.","lastModifiedDate":"2023-08-26"},{"lineNumber":56,"author":{"gitId":"RoeReRe"},"content":"     *","lastModifiedDate":"2023-08-26"},{"lineNumber":57,"author":{"gitId":"RoeReRe"},"content":"     * @param e The exception to be printed.","lastModifiedDate":"2023-08-26"},{"lineNumber":58,"author":{"gitId":"RoeReRe"},"content":"     */","lastModifiedDate":"2023-08-26"},{"lineNumber":59,"author":{"gitId":"RoeReRe"},"content":"    public static void showError(DukeException e) {","lastModifiedDate":"2023-08-26"},{"lineNumber":60,"author":{"gitId":"RoeReRe"},"content":"        printLine();","lastModifiedDate":"2023-08-26"},{"lineNumber":61,"author":{"gitId":"RoeReRe"},"content":"        System.out.println(e.getMessage());","lastModifiedDate":"2023-08-26"},{"lineNumber":62,"author":{"gitId":"RoeReRe"},"content":"        printLine();","lastModifiedDate":"2023-08-26"},{"lineNumber":63,"author":{"gitId":"RoeReRe"},"content":"    }","lastModifiedDate":"2023-08-26"},{"lineNumber":64,"author":{"gitId":"RoeReRe"},"content":"","lastModifiedDate":"2023-08-26"},{"lineNumber":65,"author":{"gitId":"RoeReRe"},"content":"    /**","lastModifiedDate":"2023-08-26"},{"lineNumber":66,"author":{"gitId":"RoeReRe"},"content":"     * Repeatedly prompts the user for input until a \"bye\" is inputted.","lastModifiedDate":"2023-08-26"},{"lineNumber":67,"author":{"gitId":"RoeReRe"},"content":"     *","lastModifiedDate":"2023-08-26"},{"lineNumber":68,"author":{"gitId":"RoeReRe"},"content":"     * @return The latest input by the user. To be cached.","lastModifiedDate":"2023-08-26"},{"lineNumber":69,"author":{"gitId":"RoeReRe"},"content":"     */","lastModifiedDate":"2023-08-26"},{"lineNumber":70,"author":{"gitId":"RoeReRe"},"content":"    public String promptInput() {","lastModifiedDate":"2023-08-26"},{"lineNumber":71,"author":{"gitId":"RoeReRe"},"content":"        try {","lastModifiedDate":"2023-08-26"},{"lineNumber":72,"author":{"gitId":"RoeReRe"},"content":"            do {","lastModifiedDate":"2023-08-26"},{"lineNumber":73,"author":{"gitId":"RoeReRe"},"content":"                System.out.println();","lastModifiedDate":"2023-08-26"},{"lineNumber":74,"author":{"gitId":"RoeReRe"},"content":"                userInput \u003d scannerObj.nextLine();","lastModifiedDate":"2023-08-26"},{"lineNumber":75,"author":{"gitId":"RoeReRe"},"content":"                System.out.println();","lastModifiedDate":"2023-08-26"},{"lineNumber":76,"author":{"gitId":"RoeReRe"},"content":"            } while (Parser.processInput(userInput, dukeBot) !\u003d Parser.Command.BYE);","lastModifiedDate":"2023-08-26"},{"lineNumber":77,"author":{"gitId":"RoeReRe"},"content":"            printEnd();","lastModifiedDate":"2023-08-26"},{"lineNumber":78,"author":{"gitId":"RoeReRe"},"content":"        } catch (DukeException e) {","lastModifiedDate":"2023-08-26"},{"lineNumber":79,"author":{"gitId":"RoeReRe"},"content":"            printLine();","lastModifiedDate":"2023-08-26"},{"lineNumber":80,"author":{"gitId":"RoeReRe"},"content":"            System.out.println(e.getMessage());","lastModifiedDate":"2023-08-26"},{"lineNumber":81,"author":{"gitId":"RoeReRe"},"content":"            printLine();","lastModifiedDate":"2023-08-26"},{"lineNumber":82,"author":{"gitId":"RoeReRe"},"content":"            promptInput();","lastModifiedDate":"2023-08-26"},{"lineNumber":83,"author":{"gitId":"RoeReRe"},"content":"        }","lastModifiedDate":"2023-08-26"},{"lineNumber":84,"author":{"gitId":"RoeReRe"},"content":"","lastModifiedDate":"2023-08-26"},{"lineNumber":85,"author":{"gitId":"RoeReRe"},"content":"        return userInput;","lastModifiedDate":"2023-08-26"},{"lineNumber":86,"author":{"gitId":"RoeReRe"},"content":"    }","lastModifiedDate":"2023-08-26"},{"lineNumber":87,"author":{"gitId":"RoeReRe"},"content":"}","lastModifiedDate":"2023-08-26"}],"authorContributionMap":{"RoeReRe":87}},{"path":"src/main/java/duke/exception/DukeException.java","fileType":"java","lines":[{"lineNumber":1,"author":{"gitId":"RoeReRe"},"content":"package duke.exception;","lastModifiedDate":"2023-08-26"},{"lineNumber":2,"author":{"gitId":"RoeReRe"},"content":"","lastModifiedDate":"2023-08-26"},{"lineNumber":3,"author":{"gitId":"RoeReRe"},"content":"/**","lastModifiedDate":"2023-08-19"},{"lineNumber":4,"author":{"gitId":"RoeReRe"},"content":" * This class implements all checked exceptions that can occur that is specific to Duke.","lastModifiedDate":"2023-08-19"},{"lineNumber":5,"author":{"gitId":"RoeReRe"},"content":" * The error message contains the string to be printed for the user to view.","lastModifiedDate":"2023-08-19"},{"lineNumber":6,"author":{"gitId":"RoeReRe"},"content":" */","lastModifiedDate":"2023-08-19"},{"lineNumber":7,"author":{"gitId":"RoeReRe"},"content":"public class DukeException extends Exception {","lastModifiedDate":"2023-08-19"},{"lineNumber":8,"author":{"gitId":"RoeReRe"},"content":"    public DukeException(String errorMessage) {","lastModifiedDate":"2023-08-19"},{"lineNumber":9,"author":{"gitId":"RoeReRe"},"content":"        super(errorMessage);","lastModifiedDate":"2023-08-19"},{"lineNumber":10,"author":{"gitId":"RoeReRe"},"content":"    }","lastModifiedDate":"2023-08-19"},{"lineNumber":11,"author":{"gitId":"RoeReRe"},"content":"","lastModifiedDate":"2023-08-26"},{"lineNumber":12,"author":{"gitId":"RoeReRe"},"content":"    public DukeException(String errorMessage, Throwable err) {","lastModifiedDate":"2023-08-19"},{"lineNumber":13,"author":{"gitId":"RoeReRe"},"content":"        super(errorMessage, err);","lastModifiedDate":"2023-08-19"},{"lineNumber":14,"author":{"gitId":"RoeReRe"},"content":"    }","lastModifiedDate":"2023-08-19"},{"lineNumber":15,"author":{"gitId":"RoeReRe"},"content":"}","lastModifiedDate":"2023-08-19"}],"authorContributionMap":{"RoeReRe":15}},{"path":"src/main/java/duke/task/Deadline.java","fileType":"java","lines":[{"lineNumber":1,"author":{"gitId":"RoeReRe"},"content":"package duke.task;","lastModifiedDate":"2023-08-26"},{"lineNumber":2,"author":{"gitId":"RoeReRe"},"content":"","lastModifiedDate":"2023-08-26"},{"lineNumber":3,"author":{"gitId":"RoeReRe"},"content":"import duke.Storage;","lastModifiedDate":"2023-08-26"},{"lineNumber":4,"author":{"gitId":"RoeReRe"},"content":"","lastModifiedDate":"2023-08-26"},{"lineNumber":5,"author":{"gitId":"RoeReRe"},"content":"import java.time.LocalDateTime;","lastModifiedDate":"2023-08-26"},{"lineNumber":6,"author":{"gitId":"RoeReRe"},"content":"","lastModifiedDate":"2023-08-26"},{"lineNumber":7,"author":{"gitId":"RoeReRe"},"content":"/**","lastModifiedDate":"2023-08-19"},{"lineNumber":8,"author":{"gitId":"RoeReRe"},"content":" * Deadline represents a task with an end date.","lastModifiedDate":"2023-08-19"},{"lineNumber":9,"author":{"gitId":"RoeReRe"},"content":" */","lastModifiedDate":"2023-08-19"},{"lineNumber":10,"author":{"gitId":"RoeReRe"},"content":"public class Deadline extends Task {","lastModifiedDate":"2023-08-19"},{"lineNumber":11,"author":{"gitId":"RoeReRe"},"content":"    private LocalDateTime deadline;","lastModifiedDate":"2023-08-26"},{"lineNumber":12,"author":{"gitId":"RoeReRe"},"content":"","lastModifiedDate":"2023-08-19"},{"lineNumber":13,"author":{"gitId":"RoeReRe"},"content":"    public Deadline(String taskName, String deadline) {","lastModifiedDate":"2023-08-19"},{"lineNumber":14,"author":{"gitId":"RoeReRe"},"content":"        super(taskName);","lastModifiedDate":"2023-08-19"},{"lineNumber":15,"author":{"gitId":"RoeReRe"},"content":"        this.deadline \u003d Storage.stringToDate(deadline);","lastModifiedDate":"2023-08-26"},{"lineNumber":16,"author":{"gitId":"RoeReRe"},"content":"    }","lastModifiedDate":"2023-08-19"},{"lineNumber":17,"author":{"gitId":"RoeReRe"},"content":"","lastModifiedDate":"2023-08-19"},{"lineNumber":18,"author":{"gitId":"RoeReRe"},"content":"    @Override","lastModifiedDate":"2023-08-26"},{"lineNumber":19,"author":{"gitId":"RoeReRe"},"content":"    public String toDatabaseRepresentation() {","lastModifiedDate":"2023-08-26"},{"lineNumber":20,"author":{"gitId":"RoeReRe"},"content":"        return String.format(\"D | %s | %s | %s\",","lastModifiedDate":"2023-08-26"},{"lineNumber":21,"author":{"gitId":"RoeReRe"},"content":"            isDone() ? 1 : 0, getTaskName(), Storage.dateToDatabaseRepresentation(this.deadline));","lastModifiedDate":"2023-08-26"},{"lineNumber":22,"author":{"gitId":"RoeReRe"},"content":"    }","lastModifiedDate":"2023-08-26"},{"lineNumber":23,"author":{"gitId":"RoeReRe"},"content":"","lastModifiedDate":"2023-08-26"},{"lineNumber":24,"author":{"gitId":"RoeReRe"},"content":"    @Override","lastModifiedDate":"2023-08-19"},{"lineNumber":25,"author":{"gitId":"RoeReRe"},"content":"    public String toString() {","lastModifiedDate":"2023-08-19"},{"lineNumber":26,"author":{"gitId":"RoeReRe"},"content":"        return String.format(\"[D]%s (by: %s)\", super.toString(), Storage.dateToString(this.deadline));","lastModifiedDate":"2023-08-26"},{"lineNumber":27,"author":{"gitId":"RoeReRe"},"content":"    }","lastModifiedDate":"2023-08-19"},{"lineNumber":28,"author":{"gitId":"RoeReRe"},"content":"}","lastModifiedDate":"2023-08-19"}],"authorContributionMap":{"RoeReRe":28}},{"path":"src/main/java/duke/task/Event.java","fileType":"java","lines":[{"lineNumber":1,"author":{"gitId":"RoeReRe"},"content":"package duke.task;","lastModifiedDate":"2023-08-26"},{"lineNumber":2,"author":{"gitId":"RoeReRe"},"content":"","lastModifiedDate":"2023-08-26"},{"lineNumber":3,"author":{"gitId":"RoeReRe"},"content":"import duke.Storage;","lastModifiedDate":"2023-08-26"},{"lineNumber":4,"author":{"gitId":"RoeReRe"},"content":"","lastModifiedDate":"2023-08-26"},{"lineNumber":5,"author":{"gitId":"RoeReRe"},"content":"import java.time.LocalDateTime;","lastModifiedDate":"2023-08-26"},{"lineNumber":6,"author":{"gitId":"RoeReRe"},"content":"","lastModifiedDate":"2023-08-26"},{"lineNumber":7,"author":{"gitId":"RoeReRe"},"content":"/**","lastModifiedDate":"2023-08-19"},{"lineNumber":8,"author":{"gitId":"RoeReRe"},"content":" * Event represents a task with a start and end date.","lastModifiedDate":"2023-08-19"},{"lineNumber":9,"author":{"gitId":"RoeReRe"},"content":" */","lastModifiedDate":"2023-08-19"},{"lineNumber":10,"author":{"gitId":"RoeReRe"},"content":"public class Event extends Task {","lastModifiedDate":"2023-08-19"},{"lineNumber":11,"author":{"gitId":"RoeReRe"},"content":"    private LocalDateTime startTime;","lastModifiedDate":"2023-08-26"},{"lineNumber":12,"author":{"gitId":"RoeReRe"},"content":"    private LocalDateTime endTime;","lastModifiedDate":"2023-08-26"},{"lineNumber":13,"author":{"gitId":"RoeReRe"},"content":"","lastModifiedDate":"2023-08-19"},{"lineNumber":14,"author":{"gitId":"RoeReRe"},"content":"    public Event(String taskName, String startTime, String endTime) {","lastModifiedDate":"2023-08-19"},{"lineNumber":15,"author":{"gitId":"RoeReRe"},"content":"        super(taskName);","lastModifiedDate":"2023-08-19"},{"lineNumber":16,"author":{"gitId":"RoeReRe"},"content":"        this.startTime \u003d Storage.stringToDate(startTime);","lastModifiedDate":"2023-08-26"},{"lineNumber":17,"author":{"gitId":"RoeReRe"},"content":"        this.endTime \u003d Storage.stringToDate(endTime);","lastModifiedDate":"2023-08-26"},{"lineNumber":18,"author":{"gitId":"RoeReRe"},"content":"    }","lastModifiedDate":"2023-08-19"},{"lineNumber":19,"author":{"gitId":"RoeReRe"},"content":"","lastModifiedDate":"2023-08-19"},{"lineNumber":20,"author":{"gitId":"RoeReRe"},"content":"    @Override","lastModifiedDate":"2023-08-26"},{"lineNumber":21,"author":{"gitId":"RoeReRe"},"content":"    public String toDatabaseRepresentation() {","lastModifiedDate":"2023-08-26"},{"lineNumber":22,"author":{"gitId":"RoeReRe"},"content":"        return String.format(\"E | %s | %s | %s | %s\",","lastModifiedDate":"2023-08-26"},{"lineNumber":23,"author":{"gitId":"RoeReRe"},"content":"            isDone() ? 1 : 0, getTaskName(), Storage.dateToDatabaseRepresentation(startTime),","lastModifiedDate":"2023-08-26"},{"lineNumber":24,"author":{"gitId":"RoeReRe"},"content":"            Storage.dateToDatabaseRepresentation(endTime));","lastModifiedDate":"2023-08-26"},{"lineNumber":25,"author":{"gitId":"RoeReRe"},"content":"    }","lastModifiedDate":"2023-08-26"},{"lineNumber":26,"author":{"gitId":"RoeReRe"},"content":"","lastModifiedDate":"2023-08-26"},{"lineNumber":27,"author":{"gitId":"RoeReRe"},"content":"    @Override","lastModifiedDate":"2023-08-19"},{"lineNumber":28,"author":{"gitId":"RoeReRe"},"content":"    public String toString() {","lastModifiedDate":"2023-08-19"},{"lineNumber":29,"author":{"gitId":"RoeReRe"},"content":"        return String.format(\"[E]%s (from: %s to: %s)\",","lastModifiedDate":"2023-08-26"},{"lineNumber":30,"author":{"gitId":"RoeReRe"},"content":"            super.toString(), Storage.dateToString(startTime), Storage.dateToString(endTime));","lastModifiedDate":"2023-08-26"},{"lineNumber":31,"author":{"gitId":"RoeReRe"},"content":"    }","lastModifiedDate":"2023-08-19"},{"lineNumber":32,"author":{"gitId":"RoeReRe"},"content":"}","lastModifiedDate":"2023-08-19"}],"authorContributionMap":{"RoeReRe":32}},{"path":"src/main/java/duke/task/Task.java","fileType":"java","lines":[{"lineNumber":1,"author":{"gitId":"RoeReRe"},"content":"package duke.task;","lastModifiedDate":"2023-08-26"},{"lineNumber":2,"author":{"gitId":"RoeReRe"},"content":"","lastModifiedDate":"2023-08-26"},{"lineNumber":3,"author":{"gitId":"RoeReRe"},"content":"/**","lastModifiedDate":"2023-08-19"},{"lineNumber":4,"author":{"gitId":"RoeReRe"},"content":" * Task is a class that represents a task that can be added for the chatbot to keep track of.","lastModifiedDate":"2023-08-19"},{"lineNumber":5,"author":{"gitId":"RoeReRe"},"content":" * It also manages the list of tasks in a local database.","lastModifiedDate":"2023-08-26"},{"lineNumber":6,"author":{"gitId":"RoeReRe"},"content":" */","lastModifiedDate":"2023-08-19"},{"lineNumber":7,"author":{"gitId":"RoeReRe"},"content":"public abstract class Task {","lastModifiedDate":"2023-08-26"},{"lineNumber":8,"author":{"gitId":"RoeReRe"},"content":"    private String taskName;","lastModifiedDate":"2023-08-19"},{"lineNumber":9,"author":{"gitId":"RoeReRe"},"content":"    private boolean isDone;","lastModifiedDate":"2023-08-19"},{"lineNumber":10,"author":{"gitId":"RoeReRe"},"content":"","lastModifiedDate":"2023-08-19"},{"lineNumber":11,"author":{"gitId":"RoeReRe"},"content":"    public Task(String taskName) {","lastModifiedDate":"2023-08-19"},{"lineNumber":12,"author":{"gitId":"RoeReRe"},"content":"        this.taskName \u003d taskName;","lastModifiedDate":"2023-08-19"},{"lineNumber":13,"author":{"gitId":"RoeReRe"},"content":"        this.isDone \u003d false;","lastModifiedDate":"2023-08-19"},{"lineNumber":14,"author":{"gitId":"RoeReRe"},"content":"    }","lastModifiedDate":"2023-08-19"},{"lineNumber":15,"author":{"gitId":"RoeReRe"},"content":"","lastModifiedDate":"2023-08-19"},{"lineNumber":16,"author":{"gitId":"RoeReRe"},"content":"    /**","lastModifiedDate":"2023-08-19"},{"lineNumber":17,"author":{"gitId":"RoeReRe"},"content":"     * Turns the task into a string that can be stored in the database.","lastModifiedDate":"2023-08-26"},{"lineNumber":18,"author":{"gitId":"RoeReRe"},"content":"     *","lastModifiedDate":"2023-08-26"},{"lineNumber":19,"author":{"gitId":"RoeReRe"},"content":"     * @return The task information in the form of a string.","lastModifiedDate":"2023-08-26"},{"lineNumber":20,"author":{"gitId":"RoeReRe"},"content":"     */","lastModifiedDate":"2023-08-26"},{"lineNumber":21,"author":{"gitId":"RoeReRe"},"content":"    public abstract String toDatabaseRepresentation();","lastModifiedDate":"2023-08-26"},{"lineNumber":22,"author":{"gitId":"RoeReRe"},"content":"","lastModifiedDate":"2023-08-26"},{"lineNumber":23,"author":{"gitId":"RoeReRe"},"content":"    public void markAsDone() {","lastModifiedDate":"2023-08-26"},{"lineNumber":24,"author":{"gitId":"RoeReRe"},"content":"        this.isDone \u003d true;","lastModifiedDate":"2023-08-26"},{"lineNumber":25,"author":{"gitId":"RoeReRe"},"content":"    }","lastModifiedDate":"2023-08-19"},{"lineNumber":26,"author":{"gitId":"RoeReRe"},"content":"","lastModifiedDate":"2023-08-19"},{"lineNumber":27,"author":{"gitId":"RoeReRe"},"content":"    protected void markAsUndone() {","lastModifiedDate":"2023-08-26"},{"lineNumber":28,"author":{"gitId":"RoeReRe"},"content":"        this.isDone \u003d false;","lastModifiedDate":"2023-08-26"},{"lineNumber":29,"author":{"gitId":"RoeReRe"},"content":"    }","lastModifiedDate":"2023-08-26"},{"lineNumber":30,"author":{"gitId":"RoeReRe"},"content":"","lastModifiedDate":"2023-08-26"},{"lineNumber":31,"author":{"gitId":"RoeReRe"},"content":"    protected boolean isDone() {","lastModifiedDate":"2023-08-26"},{"lineNumber":32,"author":{"gitId":"RoeReRe"},"content":"        return isDone;","lastModifiedDate":"2023-08-26"},{"lineNumber":33,"author":{"gitId":"RoeReRe"},"content":"    }","lastModifiedDate":"2023-08-19"},{"lineNumber":34,"author":{"gitId":"RoeReRe"},"content":"","lastModifiedDate":"2023-08-19"},{"lineNumber":35,"author":{"gitId":"RoeReRe"},"content":"    protected String getTaskName() {","lastModifiedDate":"2023-08-26"},{"lineNumber":36,"author":{"gitId":"RoeReRe"},"content":"        return this.taskName;","lastModifiedDate":"2023-08-19"},{"lineNumber":37,"author":{"gitId":"RoeReRe"},"content":"    }","lastModifiedDate":"2023-08-19"},{"lineNumber":38,"author":{"gitId":"RoeReRe"},"content":"","lastModifiedDate":"2023-08-19"},{"lineNumber":39,"author":{"gitId":"RoeReRe"},"content":"    private String getStatusIcon() {","lastModifiedDate":"2023-08-19"},{"lineNumber":40,"author":{"gitId":"RoeReRe"},"content":"        return this.isDone ? \"[X]\" : \"[ ]\";","lastModifiedDate":"2023-08-19"},{"lineNumber":41,"author":{"gitId":"RoeReRe"},"content":"    }","lastModifiedDate":"2023-08-19"},{"lineNumber":42,"author":{"gitId":"RoeReRe"},"content":"","lastModifiedDate":"2023-08-19"},{"lineNumber":43,"author":{"gitId":"RoeReRe"},"content":"    public String toString() {","lastModifiedDate":"2023-08-19"},{"lineNumber":44,"author":{"gitId":"RoeReRe"},"content":"        return String.format(\"%s %s\", this.getStatusIcon(), this.getTaskName());","lastModifiedDate":"2023-08-19"},{"lineNumber":45,"author":{"gitId":"RoeReRe"},"content":"    }","lastModifiedDate":"2023-08-19"},{"lineNumber":46,"author":{"gitId":"RoeReRe"},"content":"}","lastModifiedDate":"2023-08-19"}],"authorContributionMap":{"RoeReRe":46}},{"path":"src/main/java/duke/task/TaskList.java","fileType":"java","lines":[{"lineNumber":1,"author":{"gitId":"RoeReRe"},"content":"package duke.task;","lastModifiedDate":"2023-08-26"},{"lineNumber":2,"author":{"gitId":"RoeReRe"},"content":"","lastModifiedDate":"2023-08-26"},{"lineNumber":3,"author":{"gitId":"RoeReRe"},"content":"import duke.Duke;","lastModifiedDate":"2023-08-26"},{"lineNumber":4,"author":{"gitId":"RoeReRe"},"content":"import duke.Ui;","lastModifiedDate":"2023-08-26"},{"lineNumber":5,"author":{"gitId":"RoeReRe"},"content":"","lastModifiedDate":"2023-08-26"},{"lineNumber":6,"author":{"gitId":"RoeReRe"},"content":"import java.util.ArrayList;","lastModifiedDate":"2023-08-26"},{"lineNumber":7,"author":{"gitId":"RoeReRe"},"content":"","lastModifiedDate":"2023-08-26"},{"lineNumber":8,"author":{"gitId":"RoeReRe"},"content":"/**","lastModifiedDate":"2023-08-26"},{"lineNumber":9,"author":{"gitId":"RoeReRe"},"content":" * TaskList encapsulates a list of tasks as well as the various task related functions for Duke.","lastModifiedDate":"2023-08-26"},{"lineNumber":10,"author":{"gitId":"RoeReRe"},"content":" */","lastModifiedDate":"2023-08-26"},{"lineNumber":11,"author":{"gitId":"RoeReRe"},"content":"public class TaskList {","lastModifiedDate":"2023-08-26"},{"lineNumber":12,"author":{"gitId":"RoeReRe"},"content":"    /**","lastModifiedDate":"2023-08-26"},{"lineNumber":13,"author":{"gitId":"RoeReRe"},"content":"     * List of all tasks added.","lastModifiedDate":"2023-08-26"},{"lineNumber":14,"author":{"gitId":"RoeReRe"},"content":"     */","lastModifiedDate":"2023-08-26"},{"lineNumber":15,"author":{"gitId":"RoeReRe"},"content":"    private ArrayList\u003cTask\u003e taskList;","lastModifiedDate":"2023-08-26"},{"lineNumber":16,"author":{"gitId":"RoeReRe"},"content":"    private Duke dukeBot;","lastModifiedDate":"2023-08-26"},{"lineNumber":17,"author":{"gitId":"RoeReRe"},"content":"","lastModifiedDate":"2023-08-26"},{"lineNumber":18,"author":{"gitId":"RoeReRe"},"content":"    public TaskList(ArrayList\u003cTask\u003e taskList, Duke dukeBot) {","lastModifiedDate":"2023-08-26"},{"lineNumber":19,"author":{"gitId":"RoeReRe"},"content":"        this.taskList \u003d taskList;","lastModifiedDate":"2023-08-26"},{"lineNumber":20,"author":{"gitId":"RoeReRe"},"content":"        this.dukeBot \u003d dukeBot;","lastModifiedDate":"2023-08-26"},{"lineNumber":21,"author":{"gitId":"RoeReRe"},"content":"    }","lastModifiedDate":"2023-08-26"},{"lineNumber":22,"author":{"gitId":"RoeReRe"},"content":"","lastModifiedDate":"2023-08-26"},{"lineNumber":23,"author":{"gitId":"RoeReRe"},"content":"","lastModifiedDate":"2023-08-26"},{"lineNumber":24,"author":{"gitId":"RoeReRe"},"content":"    /**","lastModifiedDate":"2023-08-26"},{"lineNumber":25,"author":{"gitId":"RoeReRe"},"content":"     * Adds a task to the list.","lastModifiedDate":"2023-08-26"},{"lineNumber":26,"author":{"gitId":"RoeReRe"},"content":"     *","lastModifiedDate":"2023-08-26"},{"lineNumber":27,"author":{"gitId":"RoeReRe"},"content":"     * @param task The task to be added.","lastModifiedDate":"2023-08-26"},{"lineNumber":28,"author":{"gitId":"RoeReRe"},"content":"     */","lastModifiedDate":"2023-08-26"},{"lineNumber":29,"author":{"gitId":"RoeReRe"},"content":"    public void addTask(Task task) {","lastModifiedDate":"2023-08-26"},{"lineNumber":30,"author":{"gitId":"RoeReRe"},"content":"        taskList.add(task);","lastModifiedDate":"2023-08-26"},{"lineNumber":31,"author":{"gitId":"RoeReRe"},"content":"        Ui.printLine();","lastModifiedDate":"2023-08-26"},{"lineNumber":32,"author":{"gitId":"RoeReRe"},"content":"        System.out.println(\"Got it. I\u0027ve added this task:\");","lastModifiedDate":"2023-08-26"},{"lineNumber":33,"author":{"gitId":"RoeReRe"},"content":"        System.out.println(task.toString());","lastModifiedDate":"2023-08-26"},{"lineNumber":34,"author":{"gitId":"RoeReRe"},"content":"        System.out.printf(\"Now you have %s tasks in the list.%n\", taskList.size());","lastModifiedDate":"2023-08-26"},{"lineNumber":35,"author":{"gitId":"RoeReRe"},"content":"        Ui.printLine();","lastModifiedDate":"2023-08-26"},{"lineNumber":36,"author":{"gitId":"RoeReRe"},"content":"","lastModifiedDate":"2023-08-26"},{"lineNumber":37,"author":{"gitId":"RoeReRe"},"content":"        dukeBot.storage.writeToDatabase(taskList);","lastModifiedDate":"2023-08-26"},{"lineNumber":38,"author":{"gitId":"RoeReRe"},"content":"    }","lastModifiedDate":"2023-08-26"},{"lineNumber":39,"author":{"gitId":"RoeReRe"},"content":"","lastModifiedDate":"2023-08-26"},{"lineNumber":40,"author":{"gitId":"RoeReRe"},"content":"    /**","lastModifiedDate":"2023-08-26"},{"lineNumber":41,"author":{"gitId":"RoeReRe"},"content":"     * Marks a task as done.","lastModifiedDate":"2023-08-26"},{"lineNumber":42,"author":{"gitId":"RoeReRe"},"content":"     *","lastModifiedDate":"2023-08-26"},{"lineNumber":43,"author":{"gitId":"RoeReRe"},"content":"     * @param i The index of the task in the list (1-based indexing).","lastModifiedDate":"2023-08-26"},{"lineNumber":44,"author":{"gitId":"RoeReRe"},"content":"     */","lastModifiedDate":"2023-08-26"},{"lineNumber":45,"author":{"gitId":"RoeReRe"},"content":"    public void markTask(int i) {","lastModifiedDate":"2023-08-26"},{"lineNumber":46,"author":{"gitId":"RoeReRe"},"content":"        taskList.get(i - 1).markAsDone();","lastModifiedDate":"2023-08-26"},{"lineNumber":47,"author":{"gitId":"RoeReRe"},"content":"        Ui.printLine();","lastModifiedDate":"2023-08-26"},{"lineNumber":48,"author":{"gitId":"RoeReRe"},"content":"        System.out.println(\"Nice! I\u0027ve marked this task as done:\");","lastModifiedDate":"2023-08-26"},{"lineNumber":49,"author":{"gitId":"RoeReRe"},"content":"        System.out.println(taskList.get(i - 1).toString());","lastModifiedDate":"2023-08-26"},{"lineNumber":50,"author":{"gitId":"RoeReRe"},"content":"","lastModifiedDate":"2023-08-26"},{"lineNumber":51,"author":{"gitId":"RoeReRe"},"content":"        dukeBot.storage.writeToDatabase(taskList);","lastModifiedDate":"2023-08-26"},{"lineNumber":52,"author":{"gitId":"RoeReRe"},"content":"    }","lastModifiedDate":"2023-08-26"},{"lineNumber":53,"author":{"gitId":"RoeReRe"},"content":"","lastModifiedDate":"2023-08-26"},{"lineNumber":54,"author":{"gitId":"RoeReRe"},"content":"    /**","lastModifiedDate":"2023-08-26"},{"lineNumber":55,"author":{"gitId":"RoeReRe"},"content":"     * Marks a task as not done.","lastModifiedDate":"2023-08-26"},{"lineNumber":56,"author":{"gitId":"RoeReRe"},"content":"     *","lastModifiedDate":"2023-08-26"},{"lineNumber":57,"author":{"gitId":"RoeReRe"},"content":"     * @param i The index of the task in the list (1-based indexing).","lastModifiedDate":"2023-08-26"},{"lineNumber":58,"author":{"gitId":"RoeReRe"},"content":"     */","lastModifiedDate":"2023-08-26"},{"lineNumber":59,"author":{"gitId":"RoeReRe"},"content":"    public void unmarkTask(int i) {","lastModifiedDate":"2023-08-26"},{"lineNumber":60,"author":{"gitId":"RoeReRe"},"content":"        taskList.get(i - 1).markAsUndone();","lastModifiedDate":"2023-08-26"},{"lineNumber":61,"author":{"gitId":"RoeReRe"},"content":"        System.out.println(\"OK, I\u0027ve marked this task as not done yet:\");","lastModifiedDate":"2023-08-26"},{"lineNumber":62,"author":{"gitId":"RoeReRe"},"content":"        System.out.println(taskList.get(i - 1).toString());","lastModifiedDate":"2023-08-26"},{"lineNumber":63,"author":{"gitId":"RoeReRe"},"content":"","lastModifiedDate":"2023-08-26"},{"lineNumber":64,"author":{"gitId":"RoeReRe"},"content":"        dukeBot.storage.writeToDatabase(taskList);","lastModifiedDate":"2023-08-26"},{"lineNumber":65,"author":{"gitId":"RoeReRe"},"content":"    }","lastModifiedDate":"2023-08-26"},{"lineNumber":66,"author":{"gitId":"RoeReRe"},"content":"","lastModifiedDate":"2023-08-26"},{"lineNumber":67,"author":{"gitId":"RoeReRe"},"content":"    /**","lastModifiedDate":"2023-08-26"},{"lineNumber":68,"author":{"gitId":"RoeReRe"},"content":"     * Deletes a task from the list.","lastModifiedDate":"2023-08-26"},{"lineNumber":69,"author":{"gitId":"RoeReRe"},"content":"     *","lastModifiedDate":"2023-08-26"},{"lineNumber":70,"author":{"gitId":"RoeReRe"},"content":"     * @param i The index of the task in the list (1-based indexing).","lastModifiedDate":"2023-08-26"},{"lineNumber":71,"author":{"gitId":"RoeReRe"},"content":"     */","lastModifiedDate":"2023-08-26"},{"lineNumber":72,"author":{"gitId":"RoeReRe"},"content":"    public void deleteTask(int i) {","lastModifiedDate":"2023-08-26"},{"lineNumber":73,"author":{"gitId":"RoeReRe"},"content":"        Task removedTask \u003d taskList.remove(i - 1);","lastModifiedDate":"2023-08-26"},{"lineNumber":74,"author":{"gitId":"RoeReRe"},"content":"        Ui.printLine();","lastModifiedDate":"2023-08-26"},{"lineNumber":75,"author":{"gitId":"RoeReRe"},"content":"        System.out.println(\"Noted. I\u0027ve removed this task:\");","lastModifiedDate":"2023-08-26"},{"lineNumber":76,"author":{"gitId":"RoeReRe"},"content":"        System.out.println(removedTask.toString());","lastModifiedDate":"2023-08-26"},{"lineNumber":77,"author":{"gitId":"RoeReRe"},"content":"        System.out.printf(\"Now you have %s tasks in the list.%n\", taskList.size());","lastModifiedDate":"2023-08-26"},{"lineNumber":78,"author":{"gitId":"RoeReRe"},"content":"","lastModifiedDate":"2023-08-26"},{"lineNumber":79,"author":{"gitId":"RoeReRe"},"content":"        dukeBot.storage.writeToDatabase(taskList);","lastModifiedDate":"2023-08-26"},{"lineNumber":80,"author":{"gitId":"RoeReRe"},"content":"    }","lastModifiedDate":"2023-08-26"},{"lineNumber":81,"author":{"gitId":"RoeReRe"},"content":"","lastModifiedDate":"2023-08-26"},{"lineNumber":82,"author":{"gitId":"RoeReRe"},"content":"    /**","lastModifiedDate":"2023-08-26"},{"lineNumber":83,"author":{"gitId":"RoeReRe"},"content":"     * Lists out all the tasks that are in the list.","lastModifiedDate":"2023-08-26"},{"lineNumber":84,"author":{"gitId":"RoeReRe"},"content":"     */","lastModifiedDate":"2023-08-26"},{"lineNumber":85,"author":{"gitId":"RoeReRe"},"content":"    public void listTasks() {","lastModifiedDate":"2023-08-26"},{"lineNumber":86,"author":{"gitId":"RoeReRe"},"content":"        Ui.printLine();","lastModifiedDate":"2023-08-26"},{"lineNumber":87,"author":{"gitId":"RoeReRe"},"content":"        System.out.println(\"Here are the tasks in your list:\");","lastModifiedDate":"2023-08-26"},{"lineNumber":88,"author":{"gitId":"RoeReRe"},"content":"        for (int i \u003d 0; i \u003c taskList.size(); i++) {","lastModifiedDate":"2023-08-26"},{"lineNumber":89,"author":{"gitId":"RoeReRe"},"content":"            System.out.printf(\"%s.%s%n\", i + 1, taskList.get(i).toString());","lastModifiedDate":"2023-08-26"},{"lineNumber":90,"author":{"gitId":"RoeReRe"},"content":"        }","lastModifiedDate":"2023-08-26"},{"lineNumber":91,"author":{"gitId":"RoeReRe"},"content":"        Ui.printLine();","lastModifiedDate":"2023-08-26"},{"lineNumber":92,"author":{"gitId":"RoeReRe"},"content":"    }","lastModifiedDate":"2023-08-26"},{"lineNumber":93,"author":{"gitId":"RoeReRe"},"content":"","lastModifiedDate":"2023-08-26"},{"lineNumber":94,"author":{"gitId":"RoeReRe"},"content":"    /**","lastModifiedDate":"2023-08-26"},{"lineNumber":95,"author":{"gitId":"RoeReRe"},"content":"     * Prints all tasks with names strictly containing a keyword.","lastModifiedDate":"2023-08-26"},{"lineNumber":96,"author":{"gitId":"RoeReRe"},"content":"     * @param key The keyword.","lastModifiedDate":"2023-08-26"},{"lineNumber":97,"author":{"gitId":"RoeReRe"},"content":"     */","lastModifiedDate":"2023-08-26"},{"lineNumber":98,"author":{"gitId":"RoeReRe"},"content":"    public void findTasks(String key) {","lastModifiedDate":"2023-08-26"},{"lineNumber":99,"author":{"gitId":"RoeReRe"},"content":"        int count \u003d 1;","lastModifiedDate":"2023-08-26"},{"lineNumber":100,"author":{"gitId":"RoeReRe"},"content":"        Ui.printLine();","lastModifiedDate":"2023-08-26"},{"lineNumber":101,"author":{"gitId":"RoeReRe"},"content":"        System.out.println(\"Here are the matching tasks in your list:\");","lastModifiedDate":"2023-08-26"},{"lineNumber":102,"author":{"gitId":"RoeReRe"},"content":"        for (Task task : taskList) {","lastModifiedDate":"2023-08-26"},{"lineNumber":103,"author":{"gitId":"RoeReRe"},"content":"            if (task.getTaskName().contains(key)) {","lastModifiedDate":"2023-08-26"},{"lineNumber":104,"author":{"gitId":"RoeReRe"},"content":"                System.out.printf(\"%s. %s%n\", count++, task);","lastModifiedDate":"2023-08-26"},{"lineNumber":105,"author":{"gitId":"RoeReRe"},"content":"            }","lastModifiedDate":"2023-08-26"},{"lineNumber":106,"author":{"gitId":"RoeReRe"},"content":"        }","lastModifiedDate":"2023-08-26"},{"lineNumber":107,"author":{"gitId":"RoeReRe"},"content":"        Ui.printLine();","lastModifiedDate":"2023-08-26"},{"lineNumber":108,"author":{"gitId":"RoeReRe"},"content":"    }","lastModifiedDate":"2023-08-26"},{"lineNumber":109,"author":{"gitId":"RoeReRe"},"content":"}","lastModifiedDate":"2023-08-26"}],"authorContributionMap":{"RoeReRe":109}},{"path":"src/main/java/duke/task/Todo.java","fileType":"java","lines":[{"lineNumber":1,"author":{"gitId":"RoeReRe"},"content":"package duke.task;","lastModifiedDate":"2023-08-26"},{"lineNumber":2,"author":{"gitId":"RoeReRe"},"content":"","lastModifiedDate":"2023-08-26"},{"lineNumber":3,"author":{"gitId":"RoeReRe"},"content":"import duke.exception.DukeException;","lastModifiedDate":"2023-08-26"},{"lineNumber":4,"author":{"gitId":"RoeReRe"},"content":"","lastModifiedDate":"2023-08-26"},{"lineNumber":5,"author":{"gitId":"RoeReRe"},"content":"/**","lastModifiedDate":"2023-08-19"},{"lineNumber":6,"author":{"gitId":"RoeReRe"},"content":" * This class represents a basic task that can be marked.","lastModifiedDate":"2023-08-19"},{"lineNumber":7,"author":{"gitId":"RoeReRe"},"content":" */","lastModifiedDate":"2023-08-19"},{"lineNumber":8,"author":{"gitId":"RoeReRe"},"content":"public class Todo extends Task {","lastModifiedDate":"2023-08-19"},{"lineNumber":9,"author":{"gitId":"RoeReRe"},"content":"    public Todo(String taskName) throws DukeException {","lastModifiedDate":"2023-08-19"},{"lineNumber":10,"author":{"gitId":"RoeReRe"},"content":"        super(taskName);","lastModifiedDate":"2023-08-19"},{"lineNumber":11,"author":{"gitId":"RoeReRe"},"content":"        if (taskName.isEmpty()) {","lastModifiedDate":"2023-08-19"},{"lineNumber":12,"author":{"gitId":"RoeReRe"},"content":"            throw new DukeException(\"☹ OOPS!!! The description of a todo cannot be empty.\");","lastModifiedDate":"2023-08-19"},{"lineNumber":13,"author":{"gitId":"RoeReRe"},"content":"        }","lastModifiedDate":"2023-08-19"},{"lineNumber":14,"author":{"gitId":"RoeReRe"},"content":"    }","lastModifiedDate":"2023-08-19"},{"lineNumber":15,"author":{"gitId":"RoeReRe"},"content":"","lastModifiedDate":"2023-08-19"},{"lineNumber":16,"author":{"gitId":"RoeReRe"},"content":"    @Override","lastModifiedDate":"2023-08-26"},{"lineNumber":17,"author":{"gitId":"RoeReRe"},"content":"    public String toDatabaseRepresentation() {","lastModifiedDate":"2023-08-26"},{"lineNumber":18,"author":{"gitId":"RoeReRe"},"content":"        return String.format(\"T | %s | %s\", isDone() ? 1 : 0, getTaskName());","lastModifiedDate":"2023-08-26"},{"lineNumber":19,"author":{"gitId":"RoeReRe"},"content":"    }","lastModifiedDate":"2023-08-26"},{"lineNumber":20,"author":{"gitId":"RoeReRe"},"content":"","lastModifiedDate":"2023-08-26"},{"lineNumber":21,"author":{"gitId":"RoeReRe"},"content":"    @Override","lastModifiedDate":"2023-08-19"},{"lineNumber":22,"author":{"gitId":"RoeReRe"},"content":"    public String toString() {","lastModifiedDate":"2023-08-19"},{"lineNumber":23,"author":{"gitId":"RoeReRe"},"content":"        return \"[T]\" + super.toString();","lastModifiedDate":"2023-08-19"},{"lineNumber":24,"author":{"gitId":"RoeReRe"},"content":"    }","lastModifiedDate":"2023-08-19"},{"lineNumber":25,"author":{"gitId":"RoeReRe"},"content":"}","lastModifiedDate":"2023-08-19"}],"authorContributionMap":{"RoeReRe":25}},{"path":"src/test/java/duke/DukeTest.java","fileType":"java","lines":[{"lineNumber":1,"author":{"gitId":"RoeReRe"},"content":"package duke;","lastModifiedDate":"2023-08-26"},{"lineNumber":2,"author":{"gitId":"RoeReRe"},"content":"","lastModifiedDate":"2023-08-26"},{"lineNumber":3,"author":{"gitId":"RoeReRe"},"content":"import duke.exception.DukeException;","lastModifiedDate":"2023-08-26"},{"lineNumber":4,"author":{"gitId":"RoeReRe"},"content":"import duke.task.Deadline;","lastModifiedDate":"2023-08-26"},{"lineNumber":5,"author":{"gitId":"RoeReRe"},"content":"import duke.task.Todo;","lastModifiedDate":"2023-08-26"},{"lineNumber":6,"author":{"gitId":"RoeReRe"},"content":"import org.junit.jupiter.api.Test;","lastModifiedDate":"2023-08-26"},{"lineNumber":7,"author":{"gitId":"RoeReRe"},"content":"","lastModifiedDate":"2023-08-26"},{"lineNumber":8,"author":{"gitId":"RoeReRe"},"content":"import java.time.format.DateTimeParseException;","lastModifiedDate":"2023-08-26"},{"lineNumber":9,"author":{"gitId":"RoeReRe"},"content":"","lastModifiedDate":"2023-08-26"},{"lineNumber":10,"author":{"gitId":"RoeReRe"},"content":"import static org.junit.jupiter.api.Assertions.*;","lastModifiedDate":"2023-08-26"},{"lineNumber":11,"author":{"gitId":"RoeReRe"},"content":"","lastModifiedDate":"2023-08-26"},{"lineNumber":12,"author":{"gitId":"RoeReRe"},"content":"public class DukeTest {","lastModifiedDate":"2023-08-26"},{"lineNumber":13,"author":{"gitId":"RoeReRe"},"content":"  @Test","lastModifiedDate":"2023-08-26"},{"lineNumber":14,"author":{"gitId":"RoeReRe"},"content":"  public void createValidTodo_addSuccessfully() {","lastModifiedDate":"2023-08-26"},{"lineNumber":15,"author":{"gitId":"RoeReRe"},"content":"    Duke duke \u003d new Duke(\"/testData/duke.txt\");","lastModifiedDate":"2023-08-26"},{"lineNumber":16,"author":{"gitId":"RoeReRe"},"content":"    assertAll(() -\u003e duke.tasks.addTask(new Todo(\"Sample task name\")));","lastModifiedDate":"2023-08-26"},{"lineNumber":17,"author":{"gitId":"RoeReRe"},"content":"  }","lastModifiedDate":"2023-08-26"},{"lineNumber":18,"author":{"gitId":"RoeReRe"},"content":"","lastModifiedDate":"2023-08-26"},{"lineNumber":19,"author":{"gitId":"RoeReRe"},"content":"  @Test","lastModifiedDate":"2023-08-26"},{"lineNumber":20,"author":{"gitId":"RoeReRe"},"content":"  public void invalidTodo_exceptionThrown() {","lastModifiedDate":"2023-08-26"},{"lineNumber":21,"author":{"gitId":"RoeReRe"},"content":"    Duke duke \u003d new Duke(\"/testData/duke.txt\");","lastModifiedDate":"2023-08-26"},{"lineNumber":22,"author":{"gitId":"RoeReRe"},"content":"    assertThrows(DukeException.class, () -\u003e duke.tasks.addTask(new Todo(\"\")));","lastModifiedDate":"2023-08-26"},{"lineNumber":23,"author":{"gitId":"RoeReRe"},"content":"  }","lastModifiedDate":"2023-08-26"},{"lineNumber":24,"author":{"gitId":"RoeReRe"},"content":"","lastModifiedDate":"2023-08-26"},{"lineNumber":25,"author":{"gitId":"RoeReRe"},"content":"  @Test","lastModifiedDate":"2023-08-26"},{"lineNumber":26,"author":{"gitId":"RoeReRe"},"content":"  public void createValidDate_addSuccessfully() {","lastModifiedDate":"2023-08-26"},{"lineNumber":27,"author":{"gitId":"RoeReRe"},"content":"    Duke duke \u003d new Duke(\"/testData/duke.txt\");","lastModifiedDate":"2023-08-26"},{"lineNumber":28,"author":{"gitId":"RoeReRe"},"content":"    assertAll(() -\u003e duke.tasks.addTask(new Deadline(\"Sample task name\", \"23-09-2024 13:00\")));","lastModifiedDate":"2023-08-26"},{"lineNumber":29,"author":{"gitId":"RoeReRe"},"content":"  }","lastModifiedDate":"2023-08-26"},{"lineNumber":30,"author":{"gitId":"RoeReRe"},"content":"","lastModifiedDate":"2023-08-26"},{"lineNumber":31,"author":{"gitId":"RoeReRe"},"content":"  @Test","lastModifiedDate":"2023-08-26"},{"lineNumber":32,"author":{"gitId":"RoeReRe"},"content":"  public void invalidDate_exceptionThrown() {","lastModifiedDate":"2023-08-26"},{"lineNumber":33,"author":{"gitId":"RoeReRe"},"content":"    Duke duke \u003d new Duke(\"/testData/duke.txt\");","lastModifiedDate":"2023-08-26"},{"lineNumber":34,"author":{"gitId":"RoeReRe"},"content":"    assertThrows(DateTimeParseException.class,","lastModifiedDate":"2023-08-26"},{"lineNumber":35,"author":{"gitId":"RoeReRe"},"content":"        () -\u003e duke.tasks.addTask(new Deadline(\"Sample task name\", \"3-09-2024 13:00\")));","lastModifiedDate":"2023-08-26"},{"lineNumber":36,"author":{"gitId":"RoeReRe"},"content":"  }","lastModifiedDate":"2023-08-26"},{"lineNumber":37,"author":{"gitId":"RoeReRe"},"content":"}","lastModifiedDate":"2023-08-26"}],"authorContributionMap":{"RoeReRe":37}},{"path":"text-ui-test/input.txt","fileType":"txt","lines":[{"lineNumber":1,"author":{"gitId":"RoeReRe"},"content":"todo read book","lastModifiedDate":"2023-08-19"},{"lineNumber":2,"author":{"gitId":"RoeReRe"},"content":"deadline return book /by June 6th","lastModifiedDate":"2023-08-19"},{"lineNumber":3,"author":{"gitId":"RoeReRe"},"content":"event project meeting /from Aug 6th 2pm /to 4pm","lastModifiedDate":"2023-08-19"},{"lineNumber":4,"author":{"gitId":"RoeReRe"},"content":"todo join sports club","lastModifiedDate":"2023-08-19"},{"lineNumber":5,"author":{"gitId":"RoeReRe"},"content":"mark 1","lastModifiedDate":"2023-08-19"},{"lineNumber":6,"author":{"gitId":"RoeReRe"},"content":"mark 4","lastModifiedDate":"2023-08-19"},{"lineNumber":7,"author":{"gitId":"RoeReRe"},"content":"todo borrow book","lastModifiedDate":"2023-08-19"},{"lineNumber":8,"author":{"gitId":"RoeReRe"},"content":"list","lastModifiedDate":"2023-08-19"},{"lineNumber":9,"author":{"gitId":"RoeReRe"},"content":"deadline return book /by Sunday","lastModifiedDate":"2023-08-19"},{"lineNumber":10,"author":{"gitId":"RoeReRe"},"content":"event project meeting /from Mon 2pm /to 4pm","lastModifiedDate":"2023-08-19"}],"authorContributionMap":{"RoeReRe":10}}]
