{"authorDailyContributionsMap":{"seewhyjay":[{"date":"2023-08-23","commitResults":[{"hash":"527c0c1892942e1204e6f8457d5f1ee7bd519a22","isMergeCommit":false,"messageTitle":"Level-0","messageBody":"","tags":["Level-0"],"fileTypesAndContributionMap":{"java":{"insertions":5,"deletions":6}}},{"hash":"d0115ace57eea95eabb13d52f51760e7276adc44","isMergeCommit":false,"messageTitle":"Level-1","messageBody":"","tags":["Level-1"],"fileTypesAndContributionMap":{"java":{"insertions":23,"deletions":4}}},{"hash":"7c4bcb1925e5f64a26e1d7d4ed547462360d7b2e","isMergeCommit":false,"messageTitle":"Level-2","messageBody":"","tags":["Level-2"],"fileTypesAndContributionMap":{"java":{"insertions":16,"deletions":2}}}]},{"date":"2023-08-24","commitResults":[{"hash":"d6fa8749db9c443327cb80ade17243feb0a50d4e","isMergeCommit":false,"messageTitle":"Level-3","messageBody":"","tags":["Level-3"],"fileTypesAndContributionMap":{"java":{"insertions":44,"deletions":10}}},{"hash":"9e4646404fcf4f54a1a71ba10adf113b8ff8af67","isMergeCommit":false,"messageTitle":"Level-4","messageBody":"","fileTypesAndContributionMap":{"java":{"insertions":63,"deletions":9}}},{"hash":"56e456fb0cfc7524b384bbf9f948ba54ac8102e5","isMergeCommit":false,"messageTitle":"Level-4","messageBody":"","tags":["Level-4"],"fileTypesAndContributionMap":{"java":{"insertions":15,"deletions":7}}},{"hash":"e68ad3b972d64d7fe39fc25d30ae8d128e45a475","isMergeCommit":false,"messageTitle":"Level-5","messageBody":"","tags":["A-TextUiTesting"],"fileTypesAndContributionMap":{"txt":{"insertions":6,"deletions":0}}},{"hash":"ee53289894c1a5322c2bfa75feb7d3358c6511da","isMergeCommit":false,"messageTitle":"Level-5","messageBody":"","tags":["Level-5"],"fileTypesAndContributionMap":{"java":{"insertions":26,"deletions":10}}},{"hash":"4cd7a30bcfcfc54d3f07f37e1d5eb7e382db037e","isMergeCommit":false,"messageTitle":"Level-6","messageBody":"","tags":["Level-6"],"fileTypesAndContributionMap":{"txt":{"insertions":8,"deletions":1},"java":{"insertions":19,"deletions":2}}},{"hash":"02f4c94a32d76d35b6123991b1fbbc48bf80a5e3","isMergeCommit":false,"messageTitle":"A-Enums","messageBody":"","tags":["A-Enums"],"fileTypesAndContributionMap":{"java":{"insertions":83,"deletions":48}}},{"hash":"f58279c2ee2d781ffc99422011458572edbb0b9a","isMergeCommit":false,"messageTitle":"Fix A-TextUITesting","messageBody":"","fileTypesAndContributionMap":{"txt":{"insertions":2,"deletions":1},"bat":{"insertions":6,"deletions":0}}},{"hash":"aa41e5ab4517caa45e4b1c829043906108d388bd","isMergeCommit":false,"messageTitle":"Fix Level-4, tasks with spaces work now","messageBody":"","fileTypesAndContributionMap":{"java":{"insertions":20,"deletions":11}}}]},{"date":"2023-08-28","commitResults":[{"hash":"72b7585961deae44f9f6dd1ada4d2bcf1d52c519","isMergeCommit":false,"messageTitle":"Feat: Implement saving and loading Feat: Update TextUITest to include negative tests Chore: Make printing of line separators more consistent","messageBody":"","fileTypesAndContributionMap":{"txt":{"insertions":10,"deletions":2},"java":{"insertions":92,"deletions":13},"bat":{"insertions":3,"deletions":0}}},{"hash":"977de3421265950f6c5b1de54e451165f8982381","isMergeCommit":true,"messageTitle":"Merge branch \u0027branch-Level-7\u0027","messageBody":"","tags":["Level-7"],"fileTypesAndContributionMap":{}}]},{"date":"2023-08-29","commitResults":[{"hash":"de82aac7015eb64c32483f504c1f24c5fa0f45ba","isMergeCommit":false,"messageTitle":"Feat: Implement Dates and Times Chore: Updated test cases Fix: Catch when descriptions or dates are empty","messageBody":"","fileTypesAndContributionMap":{"txt":{"insertions":10,"deletions":4},"java":{"insertions":69,"deletions":25}}},{"hash":"4be4e441e9c8e2b2a6f571650538a51953482341","isMergeCommit":false,"messageTitle":"Chore: Remove redundant variables","messageBody":"","fileTypesAndContributionMap":{"java":{"insertions":8,"deletions":14}}},{"hash":"076b2892c3392c8ada6673daaad62e2c19e6209f","isMergeCommit":true,"messageTitle":"Merge branch \u0027branch-Level-8\u0027","messageBody":"","tags":["Level-8"],"fileTypesAndContributionMap":{}}]},{"date":"2023-08-30","commitResults":[{"hash":"492443449f06b891c5afe4bfddf4333a8ff159d2","isMergeCommit":false,"messageTitle":"Feat: A-MoreOOP Split monolithic Duke class into Ui, Parser, Storage and TaskList classes. Added DukeExceptions.","messageBody":"","fileTypesAndContributionMap":{"java":{"insertions":381,"deletions":218}}},{"hash":"026738d2b41a88f61eb420c9705dacdeefe53f85","isMergeCommit":false,"messageTitle":"Fix: Save tasks after every command","messageBody":"","fileTypesAndContributionMap":{"java":{"insertions":32,"deletions":24}}},{"hash":"9630f609609a0ba3f4bb05130106f0e19dcdcf23","isMergeCommit":true,"messageTitle":"Merge branch \u0027branch-A-MoreOOP\u0027","messageBody":"","tags":["A-MoreOOP"],"fileTypesAndContributionMap":{}},{"hash":"ee116d3767fcb0ea5f783697888b76042c2fed47","isMergeCommit":false,"messageTitle":"Chore: Move all files to Duke package","messageBody":"","fileTypesAndContributionMap":{"java":{"insertions":23,"deletions":0}}},{"hash":"63e01de8652be40f51ea619d5519f51c06152e12","isMergeCommit":true,"messageTitle":"Merge branch \u0027branch-A-Packages\u0027","messageBody":"","tags":["A-Packages"],"fileTypesAndContributionMap":{}}]},{"date":"2023-08-31","commitResults":[{"hash":"a8664725876644509db0fc40ca136a93eced8e60","isMergeCommit":true,"messageTitle":"Merge branch \u0027add-gradle-support\u0027","messageBody":"","fileTypesAndContributionMap":{}},{"hash":"84ae56bccdc8afd8882a203017a86cdcc9e32afa","isMergeCommit":false,"messageTitle":"Chore: Change main class in build.gradle","messageBody":"","tags":["A-Gradle"],"fileTypesAndContributionMap":{"gradle":{"insertions":1,"deletions":1}}},{"hash":"b7039ed2b20853a29b24549069ab58318da5d121","isMergeCommit":false,"messageTitle":"Fix: Throw DukeInvalidDateException when using wrong datetime format instead of defaulting to current datetime. Chore: Rename completed to isCompleted in Task","messageBody":"","fileTypesAndContributionMap":{"java":{"insertions":39,"deletions":23}}},{"hash":"f5d58d812301804c1674404e6f9149a79b499a6c","isMergeCommit":false,"messageTitle":"Fix: Update runtest.bat to build from the duke package","messageBody":"","fileTypesAndContributionMap":{"bat":{"insertions":1,"deletions":1}}},{"hash":"b34eea8057ad9bfaf0a28118d8666763ecf544eb","isMergeCommit":false,"messageTitle":"Chore: Move printing task list to Ui","messageBody":"","fileTypesAndContributionMap":{"java":{"insertions":19,"deletions":21}}},{"hash":"9933c09f23d9b09c762a820afb754055e8135e39","isMergeCommit":false,"messageTitle":"Feat: Implement JUnit tests for Event and TaskList classes","messageBody":"","tags":["A-Jar","A-JUnit"],"fileTypesAndContributionMap":{"java":{"insertions":112,"deletions":0}}},{"hash":"e911d6e65131f4cc061a5ccf4afd366f636bfcbc","isMergeCommit":false,"messageTitle":"Chore: JavaDocs","messageBody":"","fileTypesAndContributionMap":{"java":{"insertions":259,"deletions":5}}},{"hash":"e91f6351fade885a200fa67cd4c25485ef89ef42","isMergeCommit":false,"messageTitle":"Feat: Add `find` command to find tasks with keyword Chore: Update `task` in `Task` to `description`. Fix: Fixed JUnit test for deletion to check for `IndexOutOfBounds`","messageBody":"","fileTypesAndContributionMap":{"java":{"insertions":38,"deletions":11}}},{"hash":"61d4357975ef552a440f38f009185a65a347ef8a","isMergeCommit":true,"messageTitle":"Merge branch \u0027branch-A-JavaDoc\u0027","messageBody":"","tags":["A-JavaDoc"],"fileTypesAndContributionMap":{}},{"hash":"3a3a921753ea8aa6894542716e09b838dfb7bd77","isMergeCommit":false,"messageTitle":"Chore: Rename test functions","messageBody":"","fileTypesAndContributionMap":{"java":{"insertions":8,"deletions":8}}},{"hash":"5924f16704e1ddd18f94d631f90c2a9117c9a868","isMergeCommit":true,"messageTitle":"Merge branch \u0027branch-A-CodingStandard\u0027","messageBody":"","tags":["A-CodingStandard"],"fileTypesAndContributionMap":{}},{"hash":"a4e989425e8e5c1a28348af9808a46255f285014","isMergeCommit":true,"messageTitle":"Merge branch \u0027branch-Level-9\u0027 Chore: Resolve merge conflicts Chore: Add JavaDoc for `find`","messageBody":"","tags":["Level-9"],"fileTypesAndContributionMap":{}}]},{"date":"2023-09-09","commitResults":[{"hash":"900d1e02421ff561def4e13737893b09f65fe977","isMergeCommit":false,"messageTitle":"Feat: Add GUI for Duke","messageBody":"","fileTypesAndContributionMap":{"gradle":{"insertions":15,"deletions":1},"fxml":{"insertions":35,"deletions":0},"java":{"insertions":246,"deletions":32}}},{"hash":"a82fb006968fa0e9bcc4430f33628fad29f246f1","isMergeCommit":false,"messageTitle":"Chore: Fix lint issues","messageBody":"","fileTypesAndContributionMap":{"java":{"insertions":1,"deletions":6}}},{"hash":"dc120ac995da484b373cabdc2f97f3454385f3ed","isMergeCommit":true,"messageTitle":"Merge branch \u0027branch-Level-10\u0027","messageBody":"","tags":["Level-10"],"fileTypesAndContributionMap":{}},{"hash":"ef51e90047f9680445d74b8436a89b4277266356","isMergeCommit":false,"messageTitle":"Chore: Fix switch case indentation levels","messageBody":"","fileTypesAndContributionMap":{"java":{"insertions":18,"deletions":18}}}]},{"date":"2023-09-12","commitResults":[{"hash":"45b71aaf6eb3f16cd3d6ca785a7e3e9780a7a684","isMergeCommit":false,"messageTitle":"Feat: Add assert statements.","messageBody":"In this commit, I have added assert statements to enhance the reliability of the codebase. These assertions help in catching potential issues early during development and provide a form of self-documentation for the expected behavior of the code.\n\nThe added assertions cover critical parts of the code, ensuring that conditions and assumptions are met as the program executes. This proactive approach to error detection can save debugging time in the long run and make the code more robust.\n","fileTypesAndContributionMap":{"java":{"insertions":5,"deletions":11}}},{"hash":"4d7b7f8fa83d2ec56dc685b27294264e70379c06","isMergeCommit":false,"messageTitle":"Chore: Remove dead code","messageBody":"","fileTypesAndContributionMap":{"java":{"insertions":6,"deletions":40}}},{"hash":"33bd91d61e350206a34e294cf16d26013ca16b14","isMergeCommit":true,"messageTitle":"Merge pull request #1 from seewhyjay/branch-A-Assertations","messageBody":"Feat: Add assert statements.","tags":["A-Assertions"],"fileTypesAndContributionMap":{}},{"hash":"8802c9955fa9100f222d714a09e38678f8a118ab","isMergeCommit":true,"messageTitle":"Merge branch \u0027master\u0027 into branch-A-CodeQuality","messageBody":"","fileTypesAndContributionMap":{}},{"hash":"8df889257f203766f29afb1287393adf12e11e89","isMergeCommit":true,"messageTitle":"Merge pull request #2 from seewhyjay/branch-A-CodeQuality","messageBody":"Chore: Remove dead code","tags":["A-CodeQuality"],"fileTypesAndContributionMap":{}},{"hash":"cca4457f0abe394f94fcae46b11144e6bacd0955","isMergeCommit":false,"messageTitle":"Feat: Implement `duplicate` command that deletes duplicates","messageBody":"Implemented hashCode for all children of `Task` in order to use hashSet to check for duplicates.\n","tags":["A-FullCommitMessage"],"fileTypesAndContributionMap":{"java":{"insertions":170,"deletions":3}}},{"hash":"f5084a5d5f3dd7eacd517a750732ce71aab25ec6","isMergeCommit":false,"messageTitle":"Chore: Add JavaDocs for hashCode methods","messageBody":"","fileTypesAndContributionMap":{"java":{"insertions":23,"deletions":32}}},{"hash":"0a9efe6f60f2d78bb67a822566bb0ebde463a67b","isMergeCommit":true,"messageTitle":"Merge branch \u0027branch-C-DetectDuplicates\u0027","messageBody":"","tags":["C-DetectDuplicates","BCD-Extension"],"fileTypesAndContributionMap":{}}]}]},"authorFileTypeContributionMap":{"seewhyjay":{"java":1275,"md":0,"fxml":35,"sh":0,"bat":10,"gradle":15,"txt":28}},"authorContributionVariance":{"seewhyjay":35072.473},"authorDisplayNameMap":{"seewhyjay":"CS2103T-T12-3 CHOW..JING"}}
