{"authorDailyContributionsMap":{"seewhyjay":[{"date":"2023-08-23","commitResults":[{"hash":"527c0c1892942e1204e6f8457d5f1ee7bd519a22","isMergeCommit":false,"messageTitle":"Level-0","messageBody":"","tags":["Level-0"],"fileTypesAndContributionMap":{"java":{"insertions":5,"deletions":6}}},{"hash":"d0115ace57eea95eabb13d52f51760e7276adc44","isMergeCommit":false,"messageTitle":"Level-1","messageBody":"","tags":["Level-1"],"fileTypesAndContributionMap":{"java":{"insertions":23,"deletions":4}}},{"hash":"7c4bcb1925e5f64a26e1d7d4ed547462360d7b2e","isMergeCommit":false,"messageTitle":"Level-2","messageBody":"","tags":["Level-2"],"fileTypesAndContributionMap":{"java":{"insertions":16,"deletions":2}}}]},{"date":"2023-08-24","commitResults":[{"hash":"d6fa8749db9c443327cb80ade17243feb0a50d4e","isMergeCommit":false,"messageTitle":"Level-3","messageBody":"","tags":["Level-3"],"fileTypesAndContributionMap":{"java":{"insertions":44,"deletions":10}}},{"hash":"9e4646404fcf4f54a1a71ba10adf113b8ff8af67","isMergeCommit":false,"messageTitle":"Level-4","messageBody":"","fileTypesAndContributionMap":{"java":{"insertions":63,"deletions":9}}},{"hash":"56e456fb0cfc7524b384bbf9f948ba54ac8102e5","isMergeCommit":false,"messageTitle":"Level-4","messageBody":"","tags":["Level-4"],"fileTypesAndContributionMap":{"java":{"insertions":15,"deletions":7}}},{"hash":"e68ad3b972d64d7fe39fc25d30ae8d128e45a475","isMergeCommit":false,"messageTitle":"Level-5","messageBody":"","tags":["A-TextUiTesting"],"fileTypesAndContributionMap":{"txt":{"insertions":6,"deletions":0}}},{"hash":"ee53289894c1a5322c2bfa75feb7d3358c6511da","isMergeCommit":false,"messageTitle":"Level-5","messageBody":"","tags":["Level-5"],"fileTypesAndContributionMap":{"java":{"insertions":26,"deletions":10}}},{"hash":"4cd7a30bcfcfc54d3f07f37e1d5eb7e382db037e","isMergeCommit":false,"messageTitle":"Level-6","messageBody":"","tags":["Level-6"],"fileTypesAndContributionMap":{"txt":{"insertions":8,"deletions":1},"java":{"insertions":19,"deletions":2}}},{"hash":"02f4c94a32d76d35b6123991b1fbbc48bf80a5e3","isMergeCommit":false,"messageTitle":"A-Enums","messageBody":"","tags":["A-Enums"],"fileTypesAndContributionMap":{"java":{"insertions":83,"deletions":48}}},{"hash":"f58279c2ee2d781ffc99422011458572edbb0b9a","isMergeCommit":false,"messageTitle":"Fix A-TextUITesting","messageBody":"","fileTypesAndContributionMap":{"txt":{"insertions":2,"deletions":1},"bat":{"insertions":6,"deletions":0}}},{"hash":"aa41e5ab4517caa45e4b1c829043906108d388bd","isMergeCommit":false,"messageTitle":"Fix Level-4, tasks with spaces work now","messageBody":"","fileTypesAndContributionMap":{"java":{"insertions":20,"deletions":11}}}]},{"date":"2023-08-28","commitResults":[{"hash":"72b7585961deae44f9f6dd1ada4d2bcf1d52c519","isMergeCommit":false,"messageTitle":"Feat: Implement saving and loading Feat: Update TextUITest to include negative tests Chore: Make printing of line separators more consistent","messageBody":"","fileTypesAndContributionMap":{"txt":{"insertions":10,"deletions":2},"java":{"insertions":92,"deletions":13},"bat":{"insertions":3,"deletions":0}}},{"hash":"977de3421265950f6c5b1de54e451165f8982381","isMergeCommit":true,"messageTitle":"Merge branch \u0027branch-Level-7\u0027","messageBody":"","tags":["Level-7"],"fileTypesAndContributionMap":{}}]},{"date":"2023-08-29","commitResults":[{"hash":"de82aac7015eb64c32483f504c1f24c5fa0f45ba","isMergeCommit":false,"messageTitle":"Feat: Implement Dates and Times Chore: Updated test cases Fix: Catch when descriptions or dates are empty","messageBody":"","fileTypesAndContributionMap":{"txt":{"insertions":10,"deletions":4},"java":{"insertions":69,"deletions":25}}},{"hash":"4be4e441e9c8e2b2a6f571650538a51953482341","isMergeCommit":false,"messageTitle":"Chore: Remove redundant variables","messageBody":"","fileTypesAndContributionMap":{"java":{"insertions":8,"deletions":14}}},{"hash":"076b2892c3392c8ada6673daaad62e2c19e6209f","isMergeCommit":true,"messageTitle":"Merge branch \u0027branch-Level-8\u0027","messageBody":"","tags":["Level-8"],"fileTypesAndContributionMap":{}}]},{"date":"2023-08-30","commitResults":[{"hash":"492443449f06b891c5afe4bfddf4333a8ff159d2","isMergeCommit":false,"messageTitle":"Feat: A-MoreOOP Split monolithic Duke class into Ui, Parser, Storage and TaskList classes. Added DukeExceptions.","messageBody":"","fileTypesAndContributionMap":{"java":{"insertions":381,"deletions":218}}},{"hash":"026738d2b41a88f61eb420c9705dacdeefe53f85","isMergeCommit":false,"messageTitle":"Fix: Save tasks after every command","messageBody":"","fileTypesAndContributionMap":{"java":{"insertions":32,"deletions":24}}},{"hash":"9630f609609a0ba3f4bb05130106f0e19dcdcf23","isMergeCommit":true,"messageTitle":"Merge branch \u0027branch-A-MoreOOP\u0027","messageBody":"","tags":["A-MoreOOP"],"fileTypesAndContributionMap":{}},{"hash":"ee116d3767fcb0ea5f783697888b76042c2fed47","isMergeCommit":false,"messageTitle":"Chore: Move all files to Duke package","messageBody":"","fileTypesAndContributionMap":{"java":{"insertions":23,"deletions":0}}},{"hash":"63e01de8652be40f51ea619d5519f51c06152e12","isMergeCommit":true,"messageTitle":"Merge branch \u0027branch-A-Packages\u0027","messageBody":"","tags":["A-Packages"],"fileTypesAndContributionMap":{}}]}]},"authorFileTypeContributionMap":{"seewhyjay":{"java":524,"md":0,"fxml":0,"sh":0,"bat":9,"gradle":0,"txt":28}},"authorContributionVariance":{"seewhyjay":38582.176},"authorDisplayNameMap":{"seewhyjay":"CS2103T-T12-3 CHOW..JING"}}
