{"authorDailyContributionsMap":{"jianrong7":[{"date":"2023-08-18","commitResults":[{"hash":"832ab8bf1540733a9e6330ab749efa5fb24a7c16","isMergeCommit":false,"messageTitle":"level-0","messageBody":"","tags":["Level-0"],"fileTypesAndContributionMap":{"java":{"insertions":14,"deletions":6}}},{"hash":"69bfec9d35d4e2f235f13630343613e52fb0cf10","isMergeCommit":false,"messageTitle":"feat: added ability to echo user unless user says bye","messageBody":"","tags":["Level-1"],"fileTypesAndContributionMap":{"java":{"insertions":26,"deletions":11}}},{"hash":"559fad1ff2b8a7ee52318968712ddf0ab7b6050d","isMergeCommit":false,"messageTitle":"feat: added ability to add and list tasks","messageBody":"","tags":["Level-2"],"fileTypesAndContributionMap":{"java":{"insertions":17,"deletions":1}}},{"hash":"6e5cc1833da432c7fe16cf9455afc98cf8dd256c","isMergeCommit":false,"messageTitle":"feat: added logic to mark and unmark tasks","messageBody":"","tags":["Level-3"],"fileTypesAndContributionMap":{"java":{"insertions":38,"deletions":2}}}]},{"date":"2023-08-19","commitResults":[{"hash":"260ab8f7b4fe84d5c4effea2219e0ce7adf93823","isMergeCommit":false,"messageTitle":"refactor: use switch-case instead of if-else statements and broke down each case to its own method","messageBody":"","tags":["Level-4"],"fileTypesAndContributionMap":{"java":{"insertions":125,"deletions":32}}},{"hash":"485bf2f460ec87b719f5eb14931dc86cd4632451","isMergeCommit":false,"messageTitle":"chore: added javadocs to Duke and gitignore .class files","messageBody":"","fileTypesAndContributionMap":{"java":{"insertions":50,"deletions":1},"sh":{"insertions":0,"deletions":0}}},{"hash":"d1a81eafc0cf6b4e12ab561893f6f21af7afc373","isMergeCommit":false,"messageTitle":"test: added io redirection test","messageBody":"","tags":["A-TextUiTesting"],"fileTypesAndContributionMap":{"txt":{"insertions":12,"deletions":0},"java":{"insertions":16,"deletions":18}}},{"hash":"bc6400cc1e34bd0f39212fb3f283f3663fda99fc","isMergeCommit":false,"messageTitle":"feat: handle errors using proper exceptions","messageBody":"","tags":["Level-5"],"fileTypesAndContributionMap":{"txt":{"insertions":2,"deletions":0},"java":{"insertions":113,"deletions":40}}},{"hash":"82a8edd414dd279b2e48212053474a695981064d","isMergeCommit":false,"messageTitle":"feat: added delete feature and changed tasks to use ArrayList instead of array","messageBody":"","tags":["Level-6"],"fileTypesAndContributionMap":{"txt":{"insertions":2,"deletions":0},"java":{"insertions":36,"deletions":21}}},{"hash":"ec5ff1683e69429916a532a817449135263aac57","isMergeCommit":false,"messageTitle":"feat: commands now use enums","messageBody":"","tags":["A-Enums"],"fileTypesAndContributionMap":{"java":{"insertions":12,"deletions":9}}}]},{"date":"2023-08-26","commitResults":[{"hash":"f414b6e3cded59e5fa67a801bc21156e7802aee7","isMergeCommit":false,"messageTitle":"feat: added feature to save data to local file","messageBody":"","fileTypesAndContributionMap":{"java":{"insertions":104,"deletions":2}}},{"hash":"3a26f77c2c0b1c7163c7771aa41791bc9280b534","isMergeCommit":true,"messageTitle":"Merge branch \u0027branch-Level-7\u0027","messageBody":"","tags":["Level-7"],"fileTypesAndContributionMap":{}},{"hash":"337156c792d35ee5e1f2454a62f36c04079f4a86","isMergeCommit":false,"messageTitle":"feat: dates are now stored as LocalDateTime objects","messageBody":"","fileTypesAndContributionMap":{"java":{"insertions":57,"deletions":31}}},{"hash":"281db4ced2ffa17c7f1cb4c11786b1b95439401a","isMergeCommit":true,"messageTitle":"Merge branch \u0027branch-Level-8\u0027","messageBody":"","tags":["Level-8"],"fileTypesAndContributionMap":{}}]}]},"authorFileTypeContributionMap":{"jianrong7":{"java":436,"md":0,"fxml":0,"sh":0,"bat":0,"gradle":0,"txt":16}},"authorContributionVariance":{"jianrong7":24358.447},"authorDisplayNameMap":{"jianrong7":"LOH ..RONG"}}
