{"authorDailyContributionsMap":{"LuoZYi":[{"date":"2023-08-24","commitResults":[{"hash":"5caf096973d916840f1d12163f01c1ada50e888b","isMergeCommit":false,"messageTitle":"Add Duke.java","messageBody":"","tags":["Level-0"],"fileTypesAndContributionMap":{"java":{"insertions":23,"deletions":0}}},{"hash":"651b5f031f33a066eb63fcb69a3dc976792a5ad7","isMergeCommit":false,"messageTitle":"Level 1","messageBody":"","tags":["Level-1"],"fileTypesAndContributionMap":{"java":{"insertions":18,"deletions":1}}},{"hash":"f3fa383e2ef8c57dd7708ad9b303e3cab2b0f018","isMergeCommit":false,"messageTitle":"Level 2","messageBody":"","tags":["Level-2"],"fileTypesAndContributionMap":{"java":{"insertions":29,"deletions":9}}},{"hash":"994db45c4fd86e1d11ad9b42ad8fa5f711830d33","isMergeCommit":false,"messageTitle":"Level 3","messageBody":"","tags":["Level-3"],"fileTypesAndContributionMap":{"java":{"insertions":62,"deletions":3}}},{"hash":"011d0bb9c447bff24b457b20348c13196acb8886","isMergeCommit":false,"messageTitle":"Level 3","messageBody":"","tags":["Level-4"],"fileTypesAndContributionMap":{"java":{"insertions":101,"deletions":1}}},{"hash":"7fcb8a02faa92c86fdee40034cc105ed26498e27","isMergeCommit":true,"messageTitle":"Merge branch \u0027master\u0027 of https://github.com/LuoZYi/ip","messageBody":"","fileTypesAndContributionMap":{}}]},{"date":"2023-08-25","commitResults":[{"hash":"456d7266aabc7f0bbc6cf18b6b5e66bf16383a08","isMergeCommit":false,"messageTitle":"text-ui-test","messageBody":"","fileTypesAndContributionMap":{"txt":{"insertions":14,"deletions":0},"bat":{"insertions":21,"deletions":0},"sh":{"insertions":38,"deletions":0},"md":{"insertions":62,"deletions":0}}},{"hash":"814035371d9155a0eea2d1d62202639ca0c01dfd","isMergeCommit":false,"messageTitle":"clear","messageBody":"","fileTypesAndContributionMap":{"java":{"insertions":0,"deletions":10}}},{"hash":"181c4fc917caeed1e7884d3cecadc49edf525c14","isMergeCommit":false,"messageTitle":"Exception","messageBody":"","tags":["Level-5"],"fileTypesAndContributionMap":{"java":{"insertions":38,"deletions":21}}},{"hash":"3efad5959a789a9eebf6a0e5934396360e07b58b","isMergeCommit":false,"messageTitle":"Delete","messageBody":"","tags":["Level-6","A-TextUiTesting"],"fileTypesAndContributionMap":{"java":{"insertions":14,"deletions":1}}}]},{"date":"2023-09-05","commitResults":[{"hash":"dc5eacc937e9364471b08f9529e6b0afd04c784d","isMergeCommit":false,"messageTitle":"Delete text-ui-test","messageBody":"","fileTypesAndContributionMap":{"txt":{"insertions":0,"deletions":0},"bat":{"insertions":0,"deletions":21},"sh":{"insertions":0,"deletions":38},"md":{"insertions":0,"deletions":29}}}]},{"date":"2023-09-06","commitResults":[{"hash":"3d65d6e1c00bad2ccd34495d2f318283261d7fc0","isMergeCommit":false,"messageTitle":"Level-7","messageBody":"","tags":["Level-7"],"fileTypesAndContributionMap":{"java":{"insertions":83,"deletions":1}}},{"hash":"db69b1cbf101cbcaa4da7ef9fcb66e76ad29780e","isMergeCommit":false,"messageTitle":"Delete some unnecessary lines","messageBody":"","fileTypesAndContributionMap":{"java":{"insertions":1,"deletions":19}}}]},{"date":"2023-09-10","commitResults":[{"hash":"c85782ae0e66ffe00b7e2bbf74c9c0bd74649060","isMergeCommit":false,"messageTitle":"Level 8","messageBody":"","tags":["Level-8"],"fileTypesAndContributionMap":{"java":{"insertions":211,"deletions":149}}}]},{"date":"2023-09-14","commitResults":[{"hash":"dab74f0603c6b84a3b69a0bdd28eb5f534761df2","isMergeCommit":false,"messageTitle":"A-MoreOOP","messageBody":"","tags":["A-MoreOOP"],"fileTypesAndContributionMap":{"java":{"insertions":381,"deletions":249}}},{"hash":"d415f79659ab2e4f5e323262d89fb62e3ab595be","isMergeCommit":false,"messageTitle":"A-Package","messageBody":"","tags":["A-Packages"],"fileTypesAndContributionMap":{"java":{"insertions":17,"deletions":12}}},{"hash":"05a8bd00964f9bd986d0b07e46508b65530db466","isMergeCommit":true,"messageTitle":"A-Gradle","messageBody":"","tags":["A-Gradle"],"fileTypesAndContributionMap":{}}]},{"date":"2023-09-20","commitResults":[{"hash":"d80e8aa3cb36af64c35a0d7244972d9884889c91","isMergeCommit":false,"messageTitle":"A-JUnit","messageBody":"","fileTypesAndContributionMap":{"gradle":{"insertions":69,"deletions":0},"java":{"insertions":114,"deletions":0}}},{"hash":"9510bb92e9e0b272056009dec55fe8e62eac9a27","isMergeCommit":false,"messageTitle":"gradle src java","messageBody":"","tags":["A-Jar","A-JUnit"],"fileTypesAndContributionMap":{"gradle":{"insertions":1,"deletions":1},"java":{"insertions":10,"deletions":6}}},{"hash":"2b50f823b954c79a72d5a7a45ea24e78ab2b95f8","isMergeCommit":false,"messageTitle":"Add Java docs","messageBody":"","tags":["A-JavaDoc"],"fileTypesAndContributionMap":{"gradle":{"insertions":1,"deletions":0},"java":{"insertions":294,"deletions":16}}},{"hash":"c97dcc3301a5138b04512a4189e8af4aa4591844","isMergeCommit":false,"messageTitle":"Follow coding standards","messageBody":"","tags":["A-CodingStandard"],"fileTypesAndContributionMap":{"java":{"insertions":50,"deletions":48}}}]},{"date":"2023-09-21","commitResults":[{"hash":"09687f2545e7d55339b6b68536b98abf2870c209","isMergeCommit":false,"messageTitle":"Level-9","messageBody":"","tags":["Level-9"],"fileTypesAndContributionMap":{"java":{"insertions":35,"deletions":7}}}]},{"date":"2023-09-25","commitResults":[{"hash":"11a30b96d01d170d5e92c69f2c458d7ae804fa67","isMergeCommit":false,"messageTitle":"Level-10","messageBody":"","tags":["Level-10"],"fileTypesAndContributionMap":{"gradle":{"insertions":20,"deletions":0},"java":{"insertions":434,"deletions":19}}},{"hash":"39a3e6767df4288eb6fce3f40466ecb13d30bd80","isMergeCommit":false,"messageTitle":"Add Assertions to Document Assumptions in Duke","messageBody":"Added assert statements in the Duke class to document and validate important assumptions at various points in the code.\nThe assertions cover conditions related to file paths, class initialization, method parameters, and exit procedures.\nThese assertions provide clarity about the expected behavior of the code and help ensure that assumptions hold true during program execution.\nAssertions are a useful tool for enhancing code robustness and catching potential issues during development and testing.\nAssertions are enabled during development and testing but should be disabled in production for improved performance.\nThis commit contributes to code quality and maintainability by explicitly documenting and verifying critical assumptions within the Duke class.\n","fileTypesAndContributionMap":{"java":{"insertions":13,"deletions":0}}},{"hash":"907a215f44016e6c16809894eed4ebaea78cd067","isMergeCommit":true,"messageTitle":"Merge pull request #2 from LuoZYi/branch-A-Assertions","messageBody":"Branch-A-Assertions","fileTypesAndContributionMap":{}},{"hash":"f1e6e01007ce19b4cd8da549114b8b015f630f52","isMergeCommit":false,"messageTitle":"Improve Code Quality and Set Up Package GUI","messageBody":"In this commit, we have taken several steps to enhance the code quality and organization of the project:\n\n1. Refactored and cleaned up code to improve readability and maintainability.\n2. Reorganized classes and packages for better project structure.\n3. Moved relevant files related to the graphical user interface (GUI) into a new \u0027GUI\u0027 package.\n4. Updated import statements and references to reflect the new package structure.\n\nThese changes make the codebase more organized and lay the foundation for future enhancements and feature additions related to the GUI component of the application.\n\nChanges Made:\n- Refactored code for improved clarity and consistency.\n- Created a new \u0027GUI\u0027 package and moved relevant files into it.\n- Updated import statements and references accordingly.\n- Reviewed and tested code changes to ensure they do not introduce errors.\n","tags":["A-FullCommitMessage"],"fileTypesAndContributionMap":{"java":{"insertions":11,"deletions":7}}},{"hash":"978e718694aca6e16a93c7992072cd4167e41314","isMergeCommit":true,"messageTitle":"Merge pull request #3 from LuoZYi/branch-A-CodingQuality","messageBody":"Improve Code Quality and Set Up Package GUI","fileTypesAndContributionMap":{}},{"hash":"b49041e91dd7e16a0cba7f2dc4363feff0e66327","isMergeCommit":false,"messageTitle":"Add Help extension","messageBody":"","tags":["BCD-Extension"],"fileTypesAndContributionMap":{"java":{"insertions":33,"deletions":6}}},{"hash":"9276ea956e33a727ac747784ac1a94556541184d","isMergeCommit":true,"messageTitle":"Merge pull request #4 from LuoZYi/branch-BCD-Extension","messageBody":"Add Help extension","fileTypesAndContributionMap":{}},{"hash":"3b737d849024ea77c4e1c27ad1029aa044257533","isMergeCommit":false,"messageTitle":"A-UserGuide","messageBody":"","tags":["A-UserGuide"],"fileTypesAndContributionMap":{"gradle":{"insertions":4,"deletions":7},"fxml":{"insertions":46,"deletions":0},"md":{"insertions":147,"deletions":16}}},{"hash":"5a1bd1a4d2a7932352425d07615df23e77be8d81","isMergeCommit":false,"messageTitle":"Update MainWindow","messageBody":"","fileTypesAndContributionMap":{"java":{"insertions":3,"deletions":3}}},{"hash":"13a34266d720e7b6c2a3d9d1983772e74826170c","isMergeCommit":true,"messageTitle":"Merge pull request #5 from LuoZYi/branch-BCD-Extension","messageBody":"Update MainWindow","fileTypesAndContributionMap":{}},{"hash":"a96e87a1f241b97665bbc40fe3d0b7dafb6c67f9","isMergeCommit":true,"messageTitle":"Resolve conflict","messageBody":"","fileTypesAndContributionMap":{}},{"hash":"f286b4d5eeb5b31d948fcc785a03f77c635c45d8","isMergeCommit":false,"messageTitle":"Delete docs directory","messageBody":"","fileTypesAndContributionMap":{"md":{"insertions":0,"deletions":160}}},{"hash":"758742d8cf29b5a89219ee488eff30241d221840","isMergeCommit":false,"messageTitle":"Recover Accidentally deleted files","messageBody":"","fileTypesAndContributionMap":{"md":{"insertions":160,"deletions":0}}},{"hash":"26fc4f5dadf53a05eb7e1881bb4e955d36dfb461","isMergeCommit":false,"messageTitle":"Resolve conflict","messageBody":"","fileTypesAndContributionMap":{"java":{"insertions":0,"deletions":1283}}},{"hash":"5b966001e268010b284743841015acfbdab3da0d","isMergeCommit":false,"messageTitle":"Update README.md","messageBody":"","fileTypesAndContributionMap":{"md":{"insertions":160,"deletions":24}}}]},{"date":"2023-09-27","commitResults":[{"hash":"7b703f3e47d96be7fece76992ee82f44ef9dc17f","isMergeCommit":false,"messageTitle":"Modify gradle location","messageBody":"","fileTypesAndContributionMap":{"gradle":{"insertions":2,"deletions":4}}},{"hash":"cfecf240a80aa3816a85658db691db46824ffac3","isMergeCommit":true,"messageTitle":"Merge branch \u0027master\u0027 of https://github.com/LuoZYi/ip","messageBody":"","fileTypesAndContributionMap":{}}]},{"date":"2023-09-28","commitResults":[{"hash":"6f657418f4eeba87e2bb3c1bdd6f38e58bdde518","isMergeCommit":false,"messageTitle":"update gradle","messageBody":"","fileTypesAndContributionMap":{"gradle":{"insertions":11,"deletions":5}}},{"hash":"97b10cb5a73669319d4f89dabeed3022976a5a5e","isMergeCommit":false,"messageTitle":"modify build.gradle","messageBody":"","fileTypesAndContributionMap":{"gradle":{"insertions":2,"deletions":6}}}]},{"date":"2023-09-29","commitResults":[{"hash":"4114da13bd56f2a75b18022148c51f70ecb14158","isMergeCommit":false,"messageTitle":"recover java","messageBody":"","fileTypesAndContributionMap":{"java":{"insertions":1283,"deletions":0}}}]},{"date":"2023-10-17","commitResults":[{"hash":"68fb797df20c43e37e3023e9c8e5354567955f12","isMergeCommit":false,"messageTitle":"modify userGuide","messageBody":"","fileTypesAndContributionMap":{"md":{"insertions":50,"deletions":48}}}]},{"date":"2023-10-23","commitResults":[{"hash":"0c8bbe71d246bdfbb9671e9ea37fa1d0c82f5ca5","isMergeCommit":false,"messageTitle":"reduce long methods","messageBody":"","tags":["v1.2","v0.2"],"fileTypesAndContributionMap":{"java":{"insertions":215,"deletions":270}}}]}]},"authorFileTypeContributionMap":{"LuoZYi":{"java":1342,"md":307,"fxml":46,"sh":0,"bat":0,"gradle":24,"txt":14}},"authorContributionVariance":{"LuoZYi":131397.56},"authorDisplayNameMap":{"LuoZYi":"CS2103T-T10-1 LUO ..NGYI"}}
