{"authorDailyContributionsMap":{"LordSaumya":[{"date":"2023-08-23","commitResults":[{"hash":"89e257040f4eec48d769bf24315de9e77360740e","isMergeCommit":false,"messageTitle":"Complete Level 0","messageBody":"","tags":["Level-0"],"fileTypesAndContributionMap":{"java":{"insertions":14,"deletions":6}}},{"hash":"bba725f8c38877636d02da23ec7287e5176427d4","isMergeCommit":false,"messageTitle":"Complete level 1","messageBody":"","tags":["Level-1"],"fileTypesAndContributionMap":{"java":{"insertions":23,"deletions":1}}},{"hash":"247ca45bfc07aeba2a34b85d203eefe59a258e3f","isMergeCommit":false,"messageTitle":"Complete Level 2","messageBody":"","tags":["Level-2"],"fileTypesAndContributionMap":{"java":{"insertions":10,"deletions":1}}},{"hash":"701c9ee35174d3a44310a758c9253bf03b02ef7b","isMergeCommit":false,"messageTitle":"Complete Level 3","messageBody":"","tags":["Level-3"],"fileTypesAndContributionMap":{"java":{"insertions":43,"deletions":3}}},{"hash":"6acf04f111e0aa5438ea1aa2b8ffb20535ef7d5a","isMergeCommit":false,"messageTitle":"Complete Level 4","messageBody":"","tags":["Level-4"],"fileTypesAndContributionMap":{"java":{"insertions":81,"deletions":6}}},{"hash":"12e7c1144844a7f0d0e2b709420801c881ab11c1","isMergeCommit":false,"messageTitle":"Add Text UI Testing","messageBody":"","tags":["A-TextUiTesting"],"fileTypesAndContributionMap":{"txt":{"insertions":13,"deletions":0}}},{"hash":"f35b6b4f9c131a2b6bea7e8e0a6df89a85225956","isMergeCommit":false,"messageTitle":"Complete Level 6","messageBody":"","tags":["Level-6","Level-5"],"fileTypesAndContributionMap":{"java":{"insertions":90,"deletions":34}}},{"hash":"36cb058bf2a9d0f965f34d06c143e19fd07d54df","isMergeCommit":false,"messageTitle":"Complete Level 6","messageBody":"","fileTypesAndContributionMap":{"java":{"insertions":18,"deletions":2}}}]},{"date":"2023-08-29","commitResults":[{"hash":"df0d8eb86d38a59648b078b4de645c3e74654401","isMergeCommit":false,"messageTitle":"Test commit","messageBody":"","fileTypesAndContributionMap":{"java":{"insertions":3,"deletions":0}}},{"hash":"95d0fbfa97fe25f5a0255a428b12d2066cd19c54","isMergeCommit":false,"messageTitle":"Complete Level 7","messageBody":"","fileTypesAndContributionMap":{"java":{"insertions":76,"deletions":4}}},{"hash":"d4e76cb730d46f3fc16772f080320d0b76b85c70","isMergeCommit":true,"messageTitle":"Merge branch \u0027branch-Level-7\u0027","messageBody":"","tags":["Level-7"],"fileTypesAndContributionMap":{}},{"hash":"f501d09913d35823cfd2d58f9c1b438e74d82e32","isMergeCommit":false,"messageTitle":"Use LocalDateTime for datetimes","messageBody":"","fileTypesAndContributionMap":{"java":{"insertions":19,"deletions":7}}},{"hash":"6c4626f6767fddcea7f680e1258b9889f4813285","isMergeCommit":false,"messageTitle":"Fix implementation of DateTime to common format","messageBody":"","fileTypesAndContributionMap":{"java":{"insertions":4,"deletions":4}}},{"hash":"82f0ba758f4aac9d9b2b980b7495955b6b6aedfe","isMergeCommit":false,"messageTitle":"Modify Duke to use LocalDateTime","messageBody":"","fileTypesAndContributionMap":{"java":{"insertions":20,"deletions":5}}},{"hash":"b69c0b7f67f61efd2ff2db7713be13a8dd3636a6","isMergeCommit":false,"messageTitle":"Add exception handling for datetime parsing errors","messageBody":"","fileTypesAndContributionMap":{"java":{"insertions":8,"deletions":0}}},{"hash":"7039fa785f592462b1a4cbe81c69c46272bdde64","isMergeCommit":true,"messageTitle":"Merge branch \u0027branch-Level-8\u0027","messageBody":"","tags":["Level-8"],"fileTypesAndContributionMap":{}}]}]},"authorFileTypeContributionMap":{"LordSaumya":{"java":342,"md":0,"fxml":0,"sh":0,"bat":0,"gradle":0,"txt":13}},"authorContributionVariance":{"LordSaumya":10092.1875},"authorDisplayNameMap":{"LordSaumya":"CS2103T-W12-1 SHAH..EHAL"}}
