{"authorDailyContributionsMap":{"applepiofmyeye":[{"date":"2023-08-23","commitResults":[{"hash":"caaeced440ab911e6e4ac4e39e4f55de5f63d954","isMergeCommit":false,"messageTitle":"Level 0","messageBody":"","tags":["Level-0"],"fileTypesAndContributionMap":{"java":{"insertions":11,"deletions":6}}},{"hash":"d63db97a9f9a47182b396f29f77e3db592049cbc","isMergeCommit":false,"messageTitle":"Commit message for Tag-1","messageBody":"","fileTypesAndContributionMap":{"java":{"insertions":50,"deletions":1}}},{"hash":"fd1e6897eefb156971a6fd3dd791f98d94339d5f","isMergeCommit":false,"messageTitle":"Code recovery","messageBody":"","fileTypesAndContributionMap":{"java":{"insertions":1,"deletions":50}}},{"hash":"124fa157e977274158057958aba242ae78c2d134","isMergeCommit":false,"messageTitle":"Level-2: Add, List","messageBody":"","tags":["Level-2"],"fileTypesAndContributionMap":{"java":{"insertions":50,"deletions":1}}},{"hash":"b4c7fedf690650dd0a2dc917749e378d4afade52","isMergeCommit":false,"messageTitle":"Level-1: Echo","messageBody":"","tags":["Level-1"],"fileTypesAndContributionMap":{"java":{"insertions":2,"deletions":16}}}]},{"date":"2023-08-25","commitResults":[{"hash":"f1e3964c29d583dbfd7d3e27df05db309e90a294","isMergeCommit":false,"messageTitle":"Level-3: Mark as done, created new class Task","messageBody":"","tags":["Level-3"],"fileTypesAndContributionMap":{"java":{"insertions":116,"deletions":14}}},{"hash":"a15899d075831bb22eddafd40e1eee63941b0afc","isMergeCommit":false,"messageTitle":"Level-4: Todos, deadlines and barbie parties hehe","messageBody":"","tags":["Level-4"],"fileTypesAndContributionMap":{"java":{"insertions":91,"deletions":5},"md":{"insertions":18,"deletions":9}}},{"hash":"24d5936476f5e096bdfd7a217bc856c2e110e563","isMergeCommit":false,"messageTitle":"automated UI Testing","messageBody":"","tags":["A-TextUiTesting"],"fileTypesAndContributionMap":{"txt":{"insertions":8,"deletions":0},"java":{"insertions":5,"deletions":5},"sh":{"insertions":1,"deletions":1}}},{"hash":"e6154f2a556be6f79600c99ae7edbcf9e9cbf660","isMergeCommit":false,"messageTitle":"Level-5 Handle errors","messageBody":"","tags":["Level-5"],"fileTypesAndContributionMap":{"java":{"insertions":144,"deletions":120}}},{"hash":"9101f3402c76ad537d2248b52a28542ca3dfa433","isMergeCommit":false,"messageTitle":"not the best.. but Level-6 v1","messageBody":"","tags":["Level-6.1"],"fileTypesAndContributionMap":{"java":{"insertions":37,"deletions":24}}}]},{"date":"2023-08-28","commitResults":[{"hash":"45012ece5238ff3a80843036763844ab9792b040","isMergeCommit":false,"messageTitle":"A-Enums, using enums for commands, to inc readability","messageBody":"","tags":["A-Enums"],"fileTypesAndContributionMap":{"java":{"insertions":118,"deletions":103}}},{"hash":"e1fde22d23e7ec65f0c152c371d006fb35bc8557","isMergeCommit":false,"messageTitle":"Level-7 v1 -- manually saving, but also saving many different lists (but not being able to edit)","messageBody":"","tags":["Level-7.1"],"fileTypesAndContributionMap":{"java":{"insertions":55,"deletions":3}}}]},{"date":"2023-08-29","commitResults":[{"hash":"64092ee74984de9cf4b8e1a52b01acb2ed9933ad","isMergeCommit":false,"messageTitle":"Level-7","messageBody":"","tags":["Level-7"],"fileTypesAndContributionMap":{"txt":{"insertions":2,"deletions":0},"java":{"insertions":125,"deletions":60}}}]},{"date":"2023-08-30","commitResults":[{"hash":"63ba5deb617d56ac8348432565f860ed922e97c2","isMergeCommit":false,"messageTitle":"Level-8: change to LocalDate and added to today\u0027s list at intro","messageBody":"","tags":["Level-8"],"fileTypesAndContributionMap":{"txt":{"insertions":2,"deletions":1},"java":{"insertions":58,"deletions":15}}},{"hash":"877ee0a6c9cdf674326f8c3654662d0d5f200a46","isMergeCommit":false,"messageTitle":"A-More-OOP: Adding more abstraction through types, storage, ui and utils class","messageBody":"","tags":["A-MoreOOP"],"fileTypesAndContributionMap":{"java":{"insertions":280,"deletions":184},"bat":{"insertions":1,"deletions":1}}},{"hash":"d2f84241af629451cb67b1f31be8798deeae210f","isMergeCommit":false,"messageTitle":"NOTE: working codegit add .! from Level-7 onwards may be a bit buggy until here","messageBody":"","tags":["A-Packages"],"fileTypesAndContributionMap":{"txt":{"insertions":2,"deletions":3},"java":{"insertions":7,"deletions":8}}}]},{"date":"2023-09-01","commitResults":[{"hash":"a988b982cb5e31dd054d3f2d1e8293f423173b11","isMergeCommit":false,"messageTitle":"A-Gradle: add gradle","messageBody":"","tags":["A-Gradle"],"fileTypesAndContributionMap":{"gradle":{"insertions":2,"deletions":2}}},{"hash":"c257b57eedd3efb94673e9dcc92bacf26a8aed47","isMergeCommit":true,"messageTitle":"Merge pull request #1 from applepiofmyeye/branch-org-packages","messageBody":"Merge A-packages with add-gradle-support","fileTypesAndContributionMap":{}},{"hash":"301ec2a3017fbbc002f4ce8862eca39e123759b0","isMergeCommit":true,"messageTitle":"Merge pull request #2 from applepiofmyeye/branch-Level-7","messageBody":"Branch level 7","fileTypesAndContributionMap":{}},{"hash":"6a703ff2a77978c246d11cbcf4451ecde1d92e9b","isMergeCommit":true,"messageTitle":"Merge pull request #3 from applepiofmyeye/branch-Level-8","messageBody":"Level-8: change to LocalDate and added to today\u0027s list at intro","fileTypesAndContributionMap":{}},{"hash":"623230ec2192cf632c1afa5f44c306b24c085cff","isMergeCommit":true,"messageTitle":"Merge pull request #4 from applepiofmyeye/branch-more-OOP","messageBody":"A-More-OOP: Adding more abstraction through types, storage, ui and ut…","fileTypesAndContributionMap":{}},{"hash":"76681a791f5b2d5abab5cc50f58253bf1b37e463","isMergeCommit":true,"messageTitle":"Merge pull request #5 from applepiofmyeye/branch-org-packages","messageBody":"NOTE: working codegit add .! from Level-7 onwards may be a bit buggy …","fileTypesAndContributionMap":{}}]},{"date":"2023-09-03","commitResults":[{"hash":"9ed77eaf03bd92e4f46f13a93a420095e882232d","isMergeCommit":false,"messageTitle":"A-JUnit: Add JUnit Tests","messageBody":"","tags":["A-Jar","A-JUnit"],"fileTypesAndContributionMap":{"txt":{"insertions":12,"deletions":7},"java":{"insertions":133,"deletions":0}}},{"hash":"890c152d8f9b3aba5f33893544973bcf062ece45","isMergeCommit":true,"messageTitle":"Merge pull request #6 from applepiofmyeye/branch-A-JUnit","messageBody":"A-JUnit increment","fileTypesAndContributionMap":{}}]},{"date":"2023-09-04","commitResults":[{"hash":"af461c99e734a7060cd2201a11d576bf5e73676d","isMergeCommit":false,"messageTitle":"A-JavaDoc: add JavaDoc","messageBody":"","tags":["A-JavaDoc"],"fileTypesAndContributionMap":{"gradle":{"insertions":8,"deletions":0},"txt":{"insertions":0,"deletions":9},"java":{"insertions":272,"deletions":51}}},{"hash":"05719eb674d293e5446c43b592f48b7b2e80722f","isMergeCommit":false,"messageTitle":"A-CodingStandard: follow coding standards","messageBody":"","tags":["A-CodingStandard"],"fileTypesAndContributionMap":{"java":{"insertions":92,"deletions":96}}},{"hash":"2de91fed7392866b0a0c24f7a9e48f1ca594eea6","isMergeCommit":false,"messageTitle":"Level-9","messageBody":"","tags":["Level-9"],"fileTypesAndContributionMap":{"java":{"insertions":49,"deletions":0}}}]},{"date":"2023-09-05","commitResults":[{"hash":"c89903cf35a701ffc430dec84876f3e3cb860666","isMergeCommit":true,"messageTitle":"Merge pull request #7 from applepiofmyeye/branch-A-JavaDoc","messageBody":"A-JavaDoc: add JavaDoc","fileTypesAndContributionMap":{}},{"hash":"c14477229467086d7517ec31b07c9482c083d3ec","isMergeCommit":true,"messageTitle":"Merge branch \u0027master\u0027 of https://github.com/applepiofmyeye/ip into branch-Level-9","messageBody":"","fileTypesAndContributionMap":{}},{"hash":"db66db2891fbfc33b3bfc84d2cf41cd7ef55b90e","isMergeCommit":true,"messageTitle":"Merge changes from JavaDoc and CodingStandard branch","messageBody":"","fileTypesAndContributionMap":{}},{"hash":"e3e23d826b76e1dff6ec7ba7c9f53c799fb7e50b","isMergeCommit":false,"messageTitle":"Different todo list","messageBody":"","fileTypesAndContributionMap":{"txt":{"insertions":1,"deletions":0}}},{"hash":"70b2993190598afa5d4e442540588ed7d151ad41","isMergeCommit":true,"messageTitle":"Merge pull request #8 from applepiofmyeye/branch-A-CodingStandard","messageBody":"A-CodingStandard: follow coding standards","fileTypesAndContributionMap":{}},{"hash":"cb514e89badd6dd4fb70579705af32bd08f2ee91","isMergeCommit":true,"messageTitle":"Merge branch \u0027master\u0027 into branch-Level-9","messageBody":"","fileTypesAndContributionMap":{}},{"hash":"614302530948319122479b275c7ca1eca40ff223","isMergeCommit":false,"messageTitle":"Merge Javadoc and CodingStandards","messageBody":"","fileTypesAndContributionMap":{"java":{"insertions":90,"deletions":90}}},{"hash":"410a1e910148356a2c04f96a53ebe5b3aeafca27","isMergeCommit":true,"messageTitle":"Merge branch \u0027master\u0027 of https://github.com/applepiofmyeye/ip","messageBody":"","fileTypesAndContributionMap":{}},{"hash":"931e65fcd2b1ad58b23270275ac0c37b354942b2","isMergeCommit":true,"messageTitle":"Merge Level-9 with master","messageBody":"","fileTypesAndContributionMap":{}},{"hash":"02f1996327b4fbb3708c3377b324394540b1130c","isMergeCommit":true,"messageTitle":"Merge pull request #9 from applepiofmyeye/branch-Level-9","messageBody":"Level-9","fileTypesAndContributionMap":{}},{"hash":"49bd14d3e21dffe71cadfc99e27d5ee5e4c62da9","isMergeCommit":false,"messageTitle":"Fixed FIND command","messageBody":"","fileTypesAndContributionMap":{"java":{"insertions":10,"deletions":11}}},{"hash":"f7a5bf4a9ccd0fdcf578b2ddb9e2356c30160a6c","isMergeCommit":true,"messageTitle":"Merge pull request #10 from applepiofmyeye/branch-Level-9","messageBody":"Fixed FIND command","fileTypesAndContributionMap":{}}]},{"date":"2023-09-07","commitResults":[{"hash":"4865227b6adb3528e412d03ed7d9389814c61a7b","isMergeCommit":false,"messageTitle":"Comply to checkstyle","messageBody":"","tags":["A-CheckStyle"],"fileTypesAndContributionMap":{"gradle":{"insertions":5,"deletions":0},"txt":{"insertions":15,"deletions":0},"java":{"insertions":100,"deletions":81}}}]},{"date":"2023-09-13","commitResults":[{"hash":"2b08a4953aa07acc9db3ba765343847d5116bf49","isMergeCommit":true,"messageTitle":"Merge pull request #11 from applepiofmyeye/branch-A-Checkstyle","messageBody":"Comply to checkstyle","fileTypesAndContributionMap":{}},{"hash":"8a909e095233309b0d046855a3622f21fa234287","isMergeCommit":false,"messageTitle":"Change exception handling format, add findTasks logic","messageBody":"","fileTypesAndContributionMap":{"txt":{"insertions":2,"deletions":0},"java":{"insertions":4,"deletions":5}}}]},{"date":"2023-09-16","commitResults":[{"hash":"e4234a2c58ecb653da0ec130e7e417851661a7c3","isMergeCommit":false,"messageTitle":"Add greater abstraction, add GUI functionality","messageBody":"","tags":["Level-10"],"fileTypesAndContributionMap":{"gradle":{"insertions":15,"deletions":0},"txt":{"insertions":0,"deletions":19},"fxml":{"insertions":36,"deletions":0},"java":{"insertions":829,"deletions":359}}},{"hash":"1871c3bc6e87eeea8342c40d199d5b904f756151","isMergeCommit":true,"messageTitle":"Merge pull request #13 from applepiofmyeye/branch-Level-10","messageBody":"Add greater abstraction, add GUI functionality","fileTypesAndContributionMap":{}},{"hash":"3b2c947f4d179eff0174314408f2316b74130b64","isMergeCommit":false,"messageTitle":"Add assertions for error handling","messageBody":"","tags":["A-FullCommitMessage","A-Assertions"],"fileTypesAndContributionMap":{"txt":{"insertions":1,"deletions":0},"java":{"insertions":15,"deletions":3}}},{"hash":"65e628921c6d69a86772e4efe66f6a600a33d542","isMergeCommit":false,"messageTitle":"Add javadocs, change long methods, checkstyle","messageBody":"Some long methods were used for parsing user input for example.\n\nThis causes low readability and makes it difficult to debug when the\nproject continues to scale up.\n\nLet\u0027s split longer methods into helper functions, Javadocs can be\nadded, and style should be ensured for maximal readability.\n\nIn maximising readability using a universal style, others will be able\nto read and understand the functionality of our code.\n","fileTypesAndContributionMap":{"java":{"insertions":43,"deletions":62}}}]},{"date":"2023-09-18","commitResults":[{"hash":"1881228b75a4d7803071d9d215dd1fad52d4c3eb","isMergeCommit":true,"messageTitle":"Merge pull request #14 from applepiofmyeye/branch-A-Assertions","messageBody":"Add assertions for error handling","fileTypesAndContributionMap":{}},{"hash":"a0314a8c40c999eb46b73a71e9d70cd75264c985","isMergeCommit":true,"messageTitle":"Merge pull request #15 from applepiofmyeye/branch-A-CodeQuality","messageBody":"Add javadocs, change long methods, checkstyle","fileTypesAndContributionMap":{}},{"hash":"aaeab2e9284751fb8e7ddbcf2d32f38300e32634","isMergeCommit":false,"messageTitle":"Shorten longer methods","messageBody":"","fileTypesAndContributionMap":{"txt":{"insertions":11,"deletions":0},"java":{"insertions":304,"deletions":137}}}]},{"date":"2023-09-19","commitResults":[{"hash":"66ca9e51b824e1947438eb2b998066ebe868c675","isMergeCommit":false,"messageTitle":"Add basic \u0027View Schedules\u0027 tab","messageBody":"","fileTypesAndContributionMap":{"txt":{"insertions":14,"deletions":0},"fxml":{"insertions":77,"deletions":3},"java":{"insertions":227,"deletions":5}}},{"hash":"1cb5aa9f8ad1f432553bf5ed15093f6c684acdc7","isMergeCommit":false,"messageTitle":"Remove ScheduleWindow java file","messageBody":"","fileTypesAndContributionMap":{"txt":{"insertions":1,"deletions":0},"java":{"insertions":0,"deletions":42}}},{"hash":"3b60d3fad97be8274bd20d611c788137cf84b496","isMergeCommit":false,"messageTitle":"Schedule shows today\u0027s tasks","messageBody":"","tags":["BCD-Extension"],"fileTypesAndContributionMap":{"txt":{"insertions":1,"deletions":0},"java":{"insertions":4,"deletions":2}}},{"hash":"79d8b12bb7dd7b9e964a3fad68ff8136fbc26514","isMergeCommit":true,"messageTitle":"Resolve merge conflicts in txt file","messageBody":"","fileTypesAndContributionMap":{}},{"hash":"c2f5fc55577d12514c45a7f876a25b46765ef86c","isMergeCommit":true,"messageTitle":"Resolve merge conflicts A-CodeQuality branch","messageBody":"","fileTypesAndContributionMap":{}},{"hash":"a8d0865d229da1fb4a2746760577b81d4ba41cc2","isMergeCommit":false,"messageTitle":"Resolve merge conflicts with barbie.txt","messageBody":"","fileTypesAndContributionMap":{"txt":{"insertions":1,"deletions":0}}},{"hash":"91a29e7eca785ac880cd06b801ad0a128fdd05bc","isMergeCommit":true,"messageTitle":"Merge pull request #16 from applepiofmyeye/branch-A-CodeQuality","messageBody":"Shorten longer methods","fileTypesAndContributionMap":{}},{"hash":"9340c4e3fbcfaa8d68a2b4666a3276c4b2f9fafa","isMergeCommit":true,"messageTitle":"Merge branch \u0027branch-BCD-Extension\u0027","messageBody":"","fileTypesAndContributionMap":{}},{"hash":"76a87f45bd29fe87cca69526bacb2dd48edd4d5c","isMergeCommit":true,"messageTitle":"Merge branch-BCD-Extension with master","messageBody":"","fileTypesAndContributionMap":{}}]},{"date":"2023-09-20","commitResults":[{"hash":"f7b5760fef522879ddb09a22f7dd3148c8ae9349","isMergeCommit":false,"messageTitle":"Delete duplicate code","messageBody":"","fileTypesAndContributionMap":{"java":{"insertions":0,"deletions":1}}},{"hash":"465232230be0fb798b44f063718a2b277f19e233","isMergeCommit":false,"messageTitle":"Fix bug with launching JavaFX application","messageBody":"","fileTypesAndContributionMap":{"txt":{"insertions":0,"deletions":1},"java":{"insertions":11,"deletions":2}}},{"hash":"0370b6685e22688c60a182285b298999f3ad85d5","isMergeCommit":true,"messageTitle":"Merge branch \u0027master\u0027 into branch-BCD-Extension","messageBody":"","fileTypesAndContributionMap":{}},{"hash":"f3e91fd06a232539e8967742e2c0cd9a04f6401c","isMergeCommit":false,"messageTitle":"Get task before accessing string: prevent duplicate getting","messageBody":"","fileTypesAndContributionMap":{"java":{"insertions":1,"deletions":1}}}]},{"date":"2023-09-21","commitResults":[{"hash":"887bd7abe8137b8f56962b942097397f7f05c115","isMergeCommit":false,"messageTitle":"Add user guide and UI image","messageBody":"","tags":["A-UserGuide"],"fileTypesAndContributionMap":{"txt":{"insertions":6,"deletions":16},"java":{"insertions":52,"deletions":19},"md":{"insertions":150,"deletions":10}}},{"hash":"2a558ef5ff2378793134d464a4eac8fe3c627a91","isMergeCommit":false,"messageTitle":"Edit some typos and add view feature in readme","messageBody":"","fileTypesAndContributionMap":{"md":{"insertions":12,"deletions":21}}},{"hash":"5100b418cbcc37d5f88670aa0e0181119c95d221","isMergeCommit":false,"messageTitle":"Add chatbot name to user guide","messageBody":"","fileTypesAndContributionMap":{"md":{"insertions":1,"deletions":1}}}]}]},"authorFileTypeContributionMap":{"applepiofmyeye":{"java":1805,"md":151,"fxml":110,"sh":1,"bat":1,"gradle":30,"txt":12}},"authorContributionVariance":{"applepiofmyeye":78328.414},"authorDisplayNameMap":{"applepiofmyeye":"CS2103T-W12-2 JOEY..LEYI"}}
