{"authorDailyContributionsMap":{"applepiofmyeye":[{"date":"2023-08-23","commitResults":[{"hash":"caaeced440ab911e6e4ac4e39e4f55de5f63d954","isMergeCommit":false,"messageTitle":"Level 0","messageBody":"","tags":["Level-0"],"fileTypesAndContributionMap":{"java":{"insertions":11,"deletions":6}}},{"hash":"d63db97a9f9a47182b396f29f77e3db592049cbc","isMergeCommit":false,"messageTitle":"Commit message for Tag-1","messageBody":"","fileTypesAndContributionMap":{"java":{"insertions":50,"deletions":1}}},{"hash":"fd1e6897eefb156971a6fd3dd791f98d94339d5f","isMergeCommit":false,"messageTitle":"Code recovery","messageBody":"","fileTypesAndContributionMap":{"java":{"insertions":1,"deletions":50}}},{"hash":"124fa157e977274158057958aba242ae78c2d134","isMergeCommit":false,"messageTitle":"Level-2: Add, List","messageBody":"","tags":["Level-2"],"fileTypesAndContributionMap":{"java":{"insertions":50,"deletions":1}}},{"hash":"b4c7fedf690650dd0a2dc917749e378d4afade52","isMergeCommit":false,"messageTitle":"Level-1: Echo","messageBody":"","tags":["Level-1"],"fileTypesAndContributionMap":{"java":{"insertions":2,"deletions":16}}}]},{"date":"2023-08-25","commitResults":[{"hash":"f1e3964c29d583dbfd7d3e27df05db309e90a294","isMergeCommit":false,"messageTitle":"Level-3: Mark as done, created new class Task","messageBody":"","tags":["Level-3"],"fileTypesAndContributionMap":{"java":{"insertions":116,"deletions":14}}},{"hash":"a15899d075831bb22eddafd40e1eee63941b0afc","isMergeCommit":false,"messageTitle":"Level-4: Todos, deadlines and barbie parties hehe","messageBody":"","tags":["Level-4"],"fileTypesAndContributionMap":{"java":{"insertions":91,"deletions":5},"md":{"insertions":18,"deletions":9}}},{"hash":"24d5936476f5e096bdfd7a217bc856c2e110e563","isMergeCommit":false,"messageTitle":"automated UI Testing","messageBody":"","tags":["A-TextUiTesting"],"fileTypesAndContributionMap":{"txt":{"insertions":8,"deletions":0},"java":{"insertions":5,"deletions":5},"sh":{"insertions":1,"deletions":1}}},{"hash":"e6154f2a556be6f79600c99ae7edbcf9e9cbf660","isMergeCommit":false,"messageTitle":"Level-5 Handle errors","messageBody":"","tags":["Level-5"],"fileTypesAndContributionMap":{"java":{"insertions":144,"deletions":120}}},{"hash":"9101f3402c76ad537d2248b52a28542ca3dfa433","isMergeCommit":false,"messageTitle":"not the best.. but Level-6 v1","messageBody":"","tags":["Level-6.1"],"fileTypesAndContributionMap":{"java":{"insertions":37,"deletions":24}}}]},{"date":"2023-08-28","commitResults":[{"hash":"45012ece5238ff3a80843036763844ab9792b040","isMergeCommit":false,"messageTitle":"A-Enums, using enums for commands, to inc readability","messageBody":"","tags":["A-Enums"],"fileTypesAndContributionMap":{"java":{"insertions":118,"deletions":103}}},{"hash":"e1fde22d23e7ec65f0c152c371d006fb35bc8557","isMergeCommit":false,"messageTitle":"Level-7 v1 -- manually saving, but also saving many different lists (but not being able to edit)","messageBody":"","tags":["Level-7.1"],"fileTypesAndContributionMap":{"java":{"insertions":55,"deletions":3}}}]},{"date":"2023-08-29","commitResults":[{"hash":"64092ee74984de9cf4b8e1a52b01acb2ed9933ad","isMergeCommit":false,"messageTitle":"Level-7","messageBody":"","tags":["Level-7"],"fileTypesAndContributionMap":{"txt":{"insertions":2,"deletions":0},"java":{"insertions":125,"deletions":60}}}]},{"date":"2023-08-30","commitResults":[{"hash":"63ba5deb617d56ac8348432565f860ed922e97c2","isMergeCommit":false,"messageTitle":"Level-8: change to LocalDate and added to today\u0027s list at intro","messageBody":"","tags":["Level-8"],"fileTypesAndContributionMap":{"txt":{"insertions":2,"deletions":1},"java":{"insertions":58,"deletions":15}}},{"hash":"877ee0a6c9cdf674326f8c3654662d0d5f200a46","isMergeCommit":false,"messageTitle":"A-More-OOP: Adding more abstraction through types, storage, ui and utils class","messageBody":"","tags":["A-MoreOOP"],"fileTypesAndContributionMap":{"java":{"insertions":280,"deletions":184},"bat":{"insertions":1,"deletions":1}}},{"hash":"d2f84241af629451cb67b1f31be8798deeae210f","isMergeCommit":false,"messageTitle":"NOTE: working codegit add .! from Level-7 onwards may be a bit buggy until here","messageBody":"","tags":["A-Packages"],"fileTypesAndContributionMap":{"txt":{"insertions":2,"deletions":3},"java":{"insertions":7,"deletions":8}}}]},{"date":"2023-09-01","commitResults":[{"hash":"a988b982cb5e31dd054d3f2d1e8293f423173b11","isMergeCommit":false,"messageTitle":"A-Gradle: add gradle","messageBody":"","tags":["A-Gradle"],"fileTypesAndContributionMap":{"gradle":{"insertions":2,"deletions":2}}},{"hash":"c257b57eedd3efb94673e9dcc92bacf26a8aed47","isMergeCommit":true,"messageTitle":"Merge pull request #1 from applepiofmyeye/branch-org-packages","messageBody":"Merge A-packages with add-gradle-support","fileTypesAndContributionMap":{}},{"hash":"301ec2a3017fbbc002f4ce8862eca39e123759b0","isMergeCommit":true,"messageTitle":"Merge pull request #2 from applepiofmyeye/branch-Level-7","messageBody":"Branch level 7","fileTypesAndContributionMap":{}},{"hash":"6a703ff2a77978c246d11cbcf4451ecde1d92e9b","isMergeCommit":true,"messageTitle":"Merge pull request #3 from applepiofmyeye/branch-Level-8","messageBody":"Level-8: change to LocalDate and added to today\u0027s list at intro","fileTypesAndContributionMap":{}},{"hash":"623230ec2192cf632c1afa5f44c306b24c085cff","isMergeCommit":true,"messageTitle":"Merge pull request #4 from applepiofmyeye/branch-more-OOP","messageBody":"A-More-OOP: Adding more abstraction through types, storage, ui and ut…","fileTypesAndContributionMap":{}},{"hash":"76681a791f5b2d5abab5cc50f58253bf1b37e463","isMergeCommit":true,"messageTitle":"Merge pull request #5 from applepiofmyeye/branch-org-packages","messageBody":"NOTE: working codegit add .! from Level-7 onwards may be a bit buggy …","fileTypesAndContributionMap":{}}]},{"date":"2023-09-03","commitResults":[{"hash":"9ed77eaf03bd92e4f46f13a93a420095e882232d","isMergeCommit":false,"messageTitle":"A-JUnit: Add JUnit Tests","messageBody":"","fileTypesAndContributionMap":{"txt":{"insertions":12,"deletions":7},"java":{"insertions":133,"deletions":0}}},{"hash":"890c152d8f9b3aba5f33893544973bcf062ece45","isMergeCommit":true,"messageTitle":"Merge pull request #6 from applepiofmyeye/branch-A-JUnit","messageBody":"A-JUnit increment","fileTypesAndContributionMap":{}}]}]},"authorFileTypeContributionMap":{"applepiofmyeye":{"java":678,"md":17,"fxml":0,"sh":1,"bat":1,"gradle":2,"txt":15}},"authorContributionVariance":{"applepiofmyeye":36260.816},"authorDisplayNameMap":{"applepiofmyeye":"CS2103T-W12-2 JOEY..LEYI"}}
