{"authorDailyContributionsMap":{"TyrusLye":[{"date":"2023-08-23","commitResults":[{"hash":"86640144c11f7431c50fc0afc2b48f65f5767f70","isMergeCommit":false,"messageTitle":"Level-0","messageBody":"","tags":["Level-0"],"fileTypesAndContributionMap":{"java":{"insertions":10,"deletions":5}}}]},{"date":"2023-08-24","commitResults":[{"hash":"892b284458060f9cb03faed33c75fc0098ef2501","isMergeCommit":false,"messageTitle":"Level-1","messageBody":"","tags":["Level-1"],"fileTypesAndContributionMap":{"java":{"insertions":21,"deletions":4}}},{"hash":"3f2274998099033a5d4009c04e021d63904640b8","isMergeCommit":false,"messageTitle":"Level-2","messageBody":"","tags":["Level-2"],"fileTypesAndContributionMap":{"java":{"insertions":16,"deletions":5}}},{"hash":"bfe5fea65309fe69ddf92ff458a5b4fa81e9d5f7","isMergeCommit":false,"messageTitle":"Level-3","messageBody":"","tags":["Level-3"],"fileTypesAndContributionMap":{"java":{"insertions":47,"deletions":7}}},{"hash":"12b399ed10f1eee6a413e2f5684377d47194ada8","isMergeCommit":false,"messageTitle":"Level-4","messageBody":"","tags":["Level-4"],"fileTypesAndContributionMap":{"java":{"insertions":62,"deletions":2}}},{"hash":"9a3f089d0b6a010f7d3aa6661b5b59a669600820","isMergeCommit":false,"messageTitle":"A-TextUiTesting","messageBody":"Not gonna lie. it doesnt work and i dont know why\n","tags":["A-TextUiTesting"],"fileTypesAndContributionMap":{"txt":{"insertions":1,"deletions":0},"java":{"insertions":0,"deletions":1},"bat":{"insertions":6,"deletions":2},"sh":{"insertions":5,"deletions":5}}},{"hash":"3f9bc7323625312e4dadac7381e20aa37ceef999","isMergeCommit":false,"messageTitle":"Level-5","messageBody":"","tags":["Level-5"],"fileTypesAndContributionMap":{"java":{"insertions":56,"deletions":43}}},{"hash":"c8920e933d5b6774e484f664133577477b5ec29e","isMergeCommit":false,"messageTitle":"Level-6","messageBody":"","tags":["Level-6"],"fileTypesAndContributionMap":{"java":{"insertions":9,"deletions":0}}}]},{"date":"2023-09-07","commitResults":[{"hash":"937f61cb3514fc5a3f853e83d9383188ae0808ef","isMergeCommit":false,"messageTitle":"it doesnt work and i hate my life","messageBody":"","fileTypesAndContributionMap":{"java":{"insertions":60,"deletions":6}}},{"hash":"f0cc53b08e95f413341d68027053c9c82f81831e","isMergeCommit":false,"messageTitle":"Level-7","messageBody":"","tags":["Level-7"],"fileTypesAndContributionMap":{"txt":{"insertions":2,"deletions":0},"java":{"insertions":92,"deletions":57}}},{"hash":"5310a442958b82095017fe26ab6dab93089571cf","isMergeCommit":false,"messageTitle":"Level-8","messageBody":"","tags":["Level-8"],"fileTypesAndContributionMap":{"txt":{"insertions":1,"deletions":0},"java":{"insertions":31,"deletions":12}}}]},{"date":"2023-09-10","commitResults":[{"hash":"1579d0c96f59dc2b120c8f87e42bd82db40aad3c","isMergeCommit":true,"messageTitle":"Merge branch \u0027add-gradle-support\u0027","messageBody":"","tags":["A-Gradle"],"fileTypesAndContributionMap":{}}]},{"date":"2023-09-11","commitResults":[{"hash":"6ff52fa9cc66789cd02c5d58b9097879c7b3ffbe","isMergeCommit":false,"messageTitle":"Add-gradle","messageBody":"","fileTypesAndContributionMap":{"txt":{"insertions":0,"deletions":1},"java":{"insertions":5,"deletions":5}}}]},{"date":"2023-09-23","commitResults":[{"hash":"22c309f69a5aeb5627567416ae95ae65a4d940d4","isMergeCommit":false,"messageTitle":"A-JavaDoc","messageBody":"","tags":["A-JavaDoc"],"fileTypesAndContributionMap":{"java":{"insertions":36,"deletions":2}}},{"hash":"bc05937f3c27760ffe8b69f0a39afa0c4265de8a","isMergeCommit":false,"messageTitle":"Level-9","messageBody":"","tags":["Level-9"],"fileTypesAndContributionMap":{"gradle":{"insertions":1,"deletions":0},"java":{"insertions":47,"deletions":8}}},{"hash":"918f5c8379487269ef70848774c307b3c4f9c4b6","isMergeCommit":false,"messageTitle":"Update README.md","messageBody":"","fileTypesAndContributionMap":{"md":{"insertions":23,"deletions":20}}},{"hash":"47a247e0445ebb3371f2464368bb914dfc59b9b8","isMergeCommit":false,"messageTitle":"Update README.md","messageBody":"","tags":["A-Jar"],"fileTypesAndContributionMap":{"md":{"insertions":1,"deletions":1}}},{"hash":"ccd2127a129100a7f042c32555d00c980f3f5edb","isMergeCommit":false,"messageTitle":"Just gonna commit this one before I start messing things up too much","messageBody":"","fileTypesAndContributionMap":{"gradle":{"insertions":17,"deletions":1},"fxml":{"insertions":35,"deletions":0},"java":{"insertions":233,"deletions":79}}},{"hash":"724286a8be2d63dc70e1595340761555a7e67158","isMergeCommit":false,"messageTitle":"Level-10","messageBody":"","tags":["Level-10"],"fileTypesAndContributionMap":{"java":{"insertions":19,"deletions":18}}}]},{"date":"2023-09-27","commitResults":[{"hash":"d9e7d80c5126ec87690fcee14859d2415f63dfc9","isMergeCommit":false,"messageTitle":"Just bug fixes honestly","messageBody":"","fileTypesAndContributionMap":{"fxml":{"insertions":5,"deletions":5},"java":{"insertions":33,"deletions":6}}},{"hash":"25866f1d66409d510b4d537edbd5c5c05cb1278c","isMergeCommit":true,"messageTitle":"Merge branch \u0027master\u0027 of https://github.com/TyrusLye/ip","messageBody":"","fileTypesAndContributionMap":{}},{"hash":"56b07505f3b6cae167f9b8fd35eb3907b755c08c","isMergeCommit":false,"messageTitle":"A-UserGuide","messageBody":"","tags":["A-UserGuide","A-Release"],"fileTypesAndContributionMap":{"md":{"insertions":101,"deletions":14}}},{"hash":"0b4d08c07fb9350e0042817c02cd7b18162af5cc","isMergeCommit":false,"messageTitle":"A few small edits and corrections","messageBody":"","fileTypesAndContributionMap":{"md":{"insertions":2,"deletions":2}}}]},{"date":"2023-10-02","commitResults":[{"hash":"72733633fd7681ac1f10f218286e779788f2288c","isMergeCommit":false,"messageTitle":"Deadline and list bug fixes","messageBody":"Fixed problem with Deadline not working and list not going to the next line\n","fileTypesAndContributionMap":{"txt":{"insertions":0,"deletions":2},"fxml":{"insertions":1,"deletions":1},"java":{"insertions":3,"deletions":3}}},{"hash":"2da97b51fbb83f8024fafcfdc40ef809a5d5c2f8","isMergeCommit":false,"messageTitle":"Fixing formatting issues","messageBody":"Fixing some formatting issues with displaying the list of tasks\n","fileTypesAndContributionMap":{"fxml":{"insertions":5,"deletions":5}}}]},{"date":"2023-10-23","commitResults":[{"hash":"54290c6325b7a3c4bdcc80dd79b9c08a83808e96","isMergeCommit":false,"messageTitle":"Adding more OOP","messageBody":"","tags":["A-MoreOOP"],"fileTypesAndContributionMap":{"gradle":{"insertions":2,"deletions":2},"fxml":{"insertions":1,"deletions":1},"java":{"insertions":153,"deletions":159},"bat":{"insertions":1,"deletions":1},"md":{"insertions":11,"deletions":11}}},{"hash":"c0284255ce821ec65d1a898b01f26439bce91749","isMergeCommit":false,"messageTitle":"Adding more OOP","messageBody":"","fileTypesAndContributionMap":{"txt":{"insertions":1,"deletions":1},"java":{"insertions":0,"deletions":4}}},{"hash":"e73f39016dc59d4c0a29097aa98528d14b14c448","isMergeCommit":true,"messageTitle":"Merge pull request #3 from TyrusLye/A-MoreOOP","messageBody":"A more oop","fileTypesAndContributionMap":{}},{"hash":"4d45b43a9c75114cbddaa8ff3a5ad08dbffcc331","isMergeCommit":false,"messageTitle":"A-Storage","messageBody":"","fileTypesAndContributionMap":{"java":{"insertions":97,"deletions":89}}},{"hash":"3c69f79634af213228bb42a1c2d350e36ddf88e8","isMergeCommit":true,"messageTitle":"Merge pull request #4 from TyrusLye/branch-Level-9","messageBody":"A-Storage","fileTypesAndContributionMap":{}},{"hash":"0efd428d4a1f349c9fb036f68fcdbd98e3cf78ee","isMergeCommit":false,"messageTitle":"A-Assertions","messageBody":"","tags":["A-JUnit","A-Assertions"],"fileTypesAndContributionMap":{"gradle":{"insertions":1,"deletions":0},"txt":{"insertions":3,"deletions":4},"java":{"insertions":187,"deletions":0}}},{"hash":"70cbc5fae4193f05629f5e57193fbf601fe94ffb","isMergeCommit":true,"messageTitle":"Merge pull request #5 from TyrusLye/A-Assertions","messageBody":"A-Assertions","fileTypesAndContributionMap":{}}]}]},"authorFileTypeContributionMap":{"TyrusLye":{"java":711,"md":124,"fxml":35,"sh":5,"bat":7,"gradle":19,"txt":4}},"authorContributionVariance":{"TyrusLye":14097.705},"authorDisplayNameMap":{"TyrusLye":"CS2103T-T13-4 TYRU.. QIN"}}
