{"authorDailyContributionsMap":{"jrchoo":[{"date":"2023-08-23","commitResults":[{"hash":"459b89427ad5d4f0c71923718df1ae2c886c5619","isMergeCommit":false,"messageTitle":"initial skeletal version and rename","messageBody":"","tags":["Level-0"],"fileTypesAndContributionMap":{"java":{"insertions":3,"deletions":6}}},{"hash":"7eac7bbc64f5889ce2d4657a3fcb670bad5073dc","isMergeCommit":false,"messageTitle":"getting the bot to echo","messageBody":"","tags":["Level-1"],"fileTypesAndContributionMap":{"java":{"insertions":15,"deletions":1}}}]},{"date":"2023-08-24","commitResults":[{"hash":"acd7eedea50c71501e96c20e247a2915f0ddab05","isMergeCommit":false,"messageTitle":"added ability to store history in a list","messageBody":"","tags":["Level-2"],"fileTypesAndContributionMap":{"java":{"insertions":9,"deletions":2}}},{"hash":"803a54d5de297844b362c1bd7b4732f025a986dd","isMergeCommit":false,"messageTitle":"added a task class with the ability to mark tasks as done","messageBody":"","tags":["Level-3"],"fileTypesAndContributionMap":{"java":{"insertions":41,"deletions":4}}},{"hash":"a65f5454f9bea447686ac17ec882003dab7cf2cc","isMergeCommit":false,"messageTitle":"added 3 classes, todo, deadline and event that extend from task","messageBody":"","tags":["Level-4"],"fileTypesAndContributionMap":{"java":{"insertions":83,"deletions":6}}},{"hash":"8aa228a8f738650372dd3e3077b0d54b518539bb","isMergeCommit":false,"messageTitle":"input and expected output","messageBody":"","tags":["A-TextUiTesting"],"fileTypesAndContributionMap":{"txt":{"insertions":11,"deletions":0}}},{"hash":"6223da900309b489dad21043f6c7bf1ca5de6269","isMergeCommit":false,"messageTitle":"created custom exception classes but unable to implement yet, cuurently able to handle the basic errors","messageBody":"","tags":["Level-5"],"fileTypesAndContributionMap":{"java":{"insertions":68,"deletions":38}}},{"hash":"08df9bb6357af9abdf654d9ca03a52b51c76ac0e","isMergeCommit":false,"messageTitle":"delete functionality","messageBody":"","tags":["Level-6"],"fileTypesAndContributionMap":{"java":{"insertions":11,"deletions":0}}}]},{"date":"2023-09-01","commitResults":[{"hash":"c5188229289c4d3a87c84298f5f880727e368434","isMergeCommit":false,"messageTitle":"Add a way to store data via the java File import","messageBody":"","fileTypesAndContributionMap":{"txt":{"insertions":0,"deletions":0},"java":{"insertions":18,"deletions":0}}}]},{"date":"2023-09-02","commitResults":[{"hash":"8f940309d67e8a7fb02a4ecdda3546d04fd6ef8b","isMergeCommit":false,"messageTitle":"Add read and write capabilties to chatbot","messageBody":"","fileTypesAndContributionMap":{"java":{"insertions":175,"deletions":100}}},{"hash":"0c3d6e8397aad138d46bf322ee9efd0e244954f4","isMergeCommit":false,"messageTitle":"Update chatbot so that file is correctly overwritten at the end","messageBody":"","fileTypesAndContributionMap":{"java":{"insertions":35,"deletions":17}}},{"hash":"9011ffc39c7c29e777e8d37d30e7c0bda14edd45","isMergeCommit":true,"messageTitle":"Merge branch \u0027b1\u0027","messageBody":"","tags":["Level-7"],"fileTypesAndContributionMap":{}},{"hash":"117271de2c783bc55262529d94e1541d12ff8483","isMergeCommit":false,"messageTitle":"Add LocalDateTime in order to store deadlines as date and time","messageBody":"","fileTypesAndContributionMap":{"java":{"insertions":19,"deletions":10}}},{"hash":"43b91916295e0b33669b944448806801a7d81689","isMergeCommit":true,"messageTitle":"Merge branch \u0027branch-Level-8\u0027","messageBody":"","tags":["Level-8"],"fileTypesAndContributionMap":{}}]},{"date":"2023-09-03","commitResults":[{"hash":"d7ad624e469cb0763d6202e2a6be098aa93ac5ec","isMergeCommit":false,"messageTitle":"Add Ui, Storage, TaskList and Parser classes","messageBody":"","fileTypesAndContributionMap":{"java":{"insertions":198,"deletions":0}}},{"hash":"5df4312a2f66ac98c55f24a36d466cd544bdedb3","isMergeCommit":false,"messageTitle":"Separate main method logic into the classes","messageBody":"","fileTypesAndContributionMap":{"java":{"insertions":140,"deletions":172}}},{"hash":"017357f0f0c7ce54b9046c61cee5486b6ed30c2f","isMergeCommit":true,"messageTitle":"Merge branch \u0027branch-A-MoreOOP\u0027","messageBody":"","tags":["A-MoreOOP"],"fileTypesAndContributionMap":{}}]},{"date":"2023-09-04","commitResults":[{"hash":"74cdc8a7f6057a27960efafe8092d01639d00176","isMergeCommit":false,"messageTitle":"Add enums to contain valid commands","messageBody":"","fileTypesAndContributionMap":{"java":{"insertions":26,"deletions":20}}},{"hash":"b4f53978ec1c66c5e9909daddb16cb9feaaa71ea","isMergeCommit":true,"messageTitle":"Merge branch \u0027branch-A-MoreOOP\u0027","messageBody":"","fileTypesAndContributionMap":{}},{"hash":"44137ccdea78073a93568e926d5e05aaa6581a38","isMergeCommit":false,"messageTitle":"Create duke package","messageBody":"","tags":["A-Packages"],"fileTypesAndContributionMap":{"java":{"insertions":471,"deletions":0}}},{"hash":"633477b1eccc04f8e2d0971e91dd3419ae1b08a2","isMergeCommit":true,"messageTitle":"Merge branch \u0027branch-A-Packages\u0027","messageBody":"","fileTypesAndContributionMap":{}},{"hash":"0095b636ff2c55ebdd16aa85f183f26de310a47c","isMergeCommit":true,"messageTitle":"Merge branch \u0027add-gradle-support\u0027","messageBody":"","tags":["A-Gradle"],"fileTypesAndContributionMap":{}},{"hash":"2f039cc92a4f0c6ce7d4f2c03e6aa3c17b897657","isMergeCommit":false,"messageTitle":"Update build.gradle to work correctly","messageBody":"","fileTypesAndContributionMap":{"gradle":{"insertions":1,"deletions":1}}},{"hash":"62e951e82016422a11efa500f877123d8b09a0bf","isMergeCommit":false,"messageTitle":"Add JUnit tests for TaskList and Todo","messageBody":"","tags":["A-JUnit"],"fileTypesAndContributionMap":{"java":{"insertions":84,"deletions":0}}},{"hash":"4c112d5cd4b88b53738e09ecf924355c600da833","isMergeCommit":false,"messageTitle":"Add new constructor for TaskList","messageBody":"","fileTypesAndContributionMap":{"java":{"insertions":5,"deletions":0}}},{"hash":"5b9ce48d3f883e7f81b88d5b9b9a8a75a519ca58","isMergeCommit":true,"messageTitle":"Merge branch \u0027branch-A-JUnit\u0027","messageBody":"","tags":["A-Jar"],"fileTypesAndContributionMap":{}}]},{"date":"2023-09-05","commitResults":[{"hash":"224100a70224429bbf3498ffc30fcabdeb4549e2","isMergeCommit":false,"messageTitle":"Add JavaDoc comments to the code","messageBody":"","fileTypesAndContributionMap":{"java":{"insertions":286,"deletions":2}}},{"hash":"d507fee5eac1e3633b83faba7e196276ecce634a","isMergeCommit":true,"messageTitle":"Merge branch \u0027branch-A-JavaDoc\u0027","messageBody":"","fileTypesAndContributionMap":{}}]},{"date":"2023-09-06","commitResults":[{"hash":"f783bed48d0d22947137fd78c377244f8f412246","isMergeCommit":false,"messageTitle":"Remove duplicate classes","messageBody":"","fileTypesAndContributionMap":{"java":{"insertions":0,"deletions":690}}},{"hash":"5b55f591a8c0d3578e516cc5c4b8710b2c6552d2","isMergeCommit":false,"messageTitle":"Add JavaDoc comments for duke package","messageBody":"","tags":["A-JavaDoc"],"fileTypesAndContributionMap":{"java":{"insertions":183,"deletions":0}}},{"hash":"3fdcb55cff5390687ae9dfb9c32dba74b4cea5ec","isMergeCommit":true,"messageTitle":"Merge branch \u0027branch-A-JavaDoc\u0027","messageBody":"","tags":["A-CodingStandard"],"fileTypesAndContributionMap":{}},{"hash":"a913abaa7a95f24a702427fa8df3c543ed0f018a","isMergeCommit":false,"messageTitle":"Add find functionality to the chatbot","messageBody":"","fileTypesAndContributionMap":{"java":{"insertions":50,"deletions":1}}},{"hash":"a1d18ccc44f595afec2ce2821d563f1012e421e7","isMergeCommit":true,"messageTitle":"Merge branch \u0027branch-Level-9\u0027","messageBody":"","tags":["Level-9"],"fileTypesAndContributionMap":{}}]},{"date":"2023-09-09","commitResults":[{"hash":"4445cf10b2a350494882d20b78f8d06c9ae37299","isMergeCommit":false,"messageTitle":"Add GUI to chatbot","messageBody":"","fileTypesAndContributionMap":{"gradle":{"insertions":16,"deletions":1},"fxml":{"insertions":37,"deletions":0},"java":{"insertions":187,"deletions":24}}},{"hash":"fe382b8a96ad8a58903fa162951797a5f4f5f47e","isMergeCommit":true,"messageTitle":"Merge branch \u0027branch-Level-10\u0027","messageBody":"","tags":["Level-10"],"fileTypesAndContributionMap":{}}]}]},"authorFileTypeContributionMap":{"jrchoo":{"java":1024,"md":0,"fxml":37,"sh":0,"bat":0,"gradle":16,"txt":11}},"authorContributionVariance":{"jrchoo":59776.824},"authorDisplayNameMap":{"jrchoo":"CS2103T-T12-3 CHOO..RONG"}}
