[{"path":"data/duke.txt","fileType":"txt","lines":[{"lineNumber":1,"author":{"gitId":"remuslum"},"content":"[D] [ ] return book (by: Aug 31 2023 4PM)","lastModifiedDate":"2023-08-31"},{"lineNumber":2,"author":{"gitId":"remuslum"},"content":"[E] [ ] project meeting (from: Aug 31 2023 2PM to: Sep 1 2023 1PM)","lastModifiedDate":"2023-08-31"}],"authorContributionMap":{"remuslum":2}},{"path":"src/main/java/duke/Duke.java","fileType":"java","lines":[{"lineNumber":1,"author":{"gitId":"remuslum"},"content":"package duke;","lastModifiedDate":"2023-08-30"},{"lineNumber":2,"author":{"gitId":"remuslum"},"content":"","lastModifiedDate":"2023-08-30"},{"lineNumber":3,"author":{"gitId":"remuslum"},"content":"import duke.command.*;","lastModifiedDate":"2023-08-30"},{"lineNumber":4,"author":{"gitId":"remuslum"},"content":"import java.io.File;","lastModifiedDate":"2023-08-30"},{"lineNumber":5,"author":{"gitId":"remuslum"},"content":"import java.util.ArrayList;","lastModifiedDate":"2023-08-23"},{"lineNumber":6,"author":{"gitId":"remuslum"},"content":"import java.util.Scanner;","lastModifiedDate":"2023-08-23"},{"lineNumber":7,"author":{"gitId":"remuslum"},"content":"","lastModifiedDate":"2023-08-23"},{"lineNumber":8,"author":{"gitId":"-"},"content":"public class Duke {","lastModifiedDate":"2019-07-29"},{"lineNumber":9,"author":{"gitId":"remuslum"},"content":"    private String filePath;","lastModifiedDate":"2023-08-30"},{"lineNumber":10,"author":{"gitId":"remuslum"},"content":"    private Storage storage;","lastModifiedDate":"2023-08-30"},{"lineNumber":11,"author":{"gitId":"remuslum"},"content":"    private TaskList taskList;","lastModifiedDate":"2023-08-30"},{"lineNumber":12,"author":{"gitId":"remuslum"},"content":"    private Ui ui;","lastModifiedDate":"2023-08-30"},{"lineNumber":13,"author":{"gitId":"remuslum"},"content":"","lastModifiedDate":"2023-08-23"},{"lineNumber":14,"author":{"gitId":"remuslum"},"content":"    public Duke (String filePath){","lastModifiedDate":"2023-08-30"},{"lineNumber":15,"author":{"gitId":"remuslum"},"content":"        this.filePath \u003d filePath;","lastModifiedDate":"2023-08-30"},{"lineNumber":16,"author":{"gitId":"remuslum"},"content":"        this.ui \u003d new Ui();","lastModifiedDate":"2023-08-30"},{"lineNumber":17,"author":{"gitId":"remuslum"},"content":"        this.storage \u003d new Storage(filePath);","lastModifiedDate":"2023-08-30"},{"lineNumber":18,"author":{"gitId":"remuslum"},"content":"        try{","lastModifiedDate":"2023-08-28"},{"lineNumber":19,"author":{"gitId":"remuslum"},"content":"            ArrayList\u003cString\u003e taskStringList \u003d this.storage.load();","lastModifiedDate":"2023-08-30"},{"lineNumber":20,"author":{"gitId":"remuslum"},"content":"            this.taskList \u003d new TaskList(taskStringList);","lastModifiedDate":"2023-08-30"},{"lineNumber":21,"author":{"gitId":"remuslum"},"content":"        } catch (DukeException e){","lastModifiedDate":"2023-08-30"},{"lineNumber":22,"author":{"gitId":"remuslum"},"content":"            System.out.println(e.getMessage());","lastModifiedDate":"2023-08-30"},{"lineNumber":23,"author":{"gitId":"remuslum"},"content":"        }","lastModifiedDate":"2023-08-28"},{"lineNumber":24,"author":{"gitId":"remuslum"},"content":"","lastModifiedDate":"2023-08-30"},{"lineNumber":25,"author":{"gitId":"remuslum"},"content":"    }","lastModifiedDate":"2023-08-28"},{"lineNumber":26,"author":{"gitId":"remuslum"},"content":"","lastModifiedDate":"2023-08-28"},{"lineNumber":27,"author":{"gitId":"remuslum"},"content":"    public void run() throws DukeException {","lastModifiedDate":"2023-08-30"},{"lineNumber":28,"author":{"gitId":"remuslum"},"content":"        Parser parser \u003d new Parser();","lastModifiedDate":"2023-08-30"},{"lineNumber":29,"author":{"gitId":"remuslum"},"content":"        ui.showWelcome();","lastModifiedDate":"2023-08-30"},{"lineNumber":30,"author":{"gitId":"remuslum"},"content":"        taskList.load();","lastModifiedDate":"2023-08-30"},{"lineNumber":31,"author":{"gitId":"remuslum"},"content":"        Scanner scanner \u003d new Scanner(System.in);","lastModifiedDate":"2023-08-30"},{"lineNumber":32,"author":{"gitId":"remuslum"},"content":"","lastModifiedDate":"2023-08-30"},{"lineNumber":33,"author":{"gitId":"remuslum"},"content":"        while (true) {","lastModifiedDate":"2023-08-23"},{"lineNumber":34,"author":{"gitId":"remuslum"},"content":"            // If user types bye, goodbye message is printed.","lastModifiedDate":"2023-08-23"},{"lineNumber":35,"author":{"gitId":"remuslum"},"content":"            try {","lastModifiedDate":"2023-08-24"},{"lineNumber":36,"author":{"gitId":"remuslum"},"content":"                String userInput \u003d scanner.nextLine().trim();","lastModifiedDate":"2023-08-30"},{"lineNumber":37,"author":{"gitId":"remuslum"},"content":"                Command c \u003d parser.parse(userInput);","lastModifiedDate":"2023-08-30"},{"lineNumber":38,"author":{"gitId":"remuslum"},"content":"                c.execute(taskList, ui);","lastModifiedDate":"2023-08-30"},{"lineNumber":39,"author":{"gitId":"remuslum"},"content":"                if (c instanceof ExitCommand) {","lastModifiedDate":"2023-08-30"},{"lineNumber":40,"author":{"gitId":"remuslum"},"content":"                    break;","lastModifiedDate":"2023-08-23"},{"lineNumber":41,"author":{"gitId":"remuslum"},"content":"                }","lastModifiedDate":"2023-08-24"},{"lineNumber":42,"author":{"gitId":"remuslum"},"content":"            } catch (DukeException e){","lastModifiedDate":"2023-08-30"},{"lineNumber":43,"author":{"gitId":"remuslum"},"content":"                System.out.println(e.getMessage());","lastModifiedDate":"2023-08-30"},{"lineNumber":44,"author":{"gitId":"remuslum"},"content":"            }","lastModifiedDate":"2023-08-24"},{"lineNumber":45,"author":{"gitId":"remuslum"},"content":"        }","lastModifiedDate":"2023-08-24"},{"lineNumber":46,"author":{"gitId":"remuslum"},"content":"        File file \u003d new File(this.filePath);","lastModifiedDate":"2023-08-30"},{"lineNumber":47,"author":{"gitId":"remuslum"},"content":"        boolean isFileDeleted \u003d file.delete();","lastModifiedDate":"2023-08-30"},{"lineNumber":48,"author":{"gitId":"remuslum"},"content":"        if (isFileDeleted){","lastModifiedDate":"2023-08-30"},{"lineNumber":49,"author":{"gitId":"remuslum"},"content":"            storage.update(this.taskList, this.filePath);","lastModifiedDate":"2023-08-30"},{"lineNumber":50,"author":{"gitId":"remuslum"},"content":"        }","lastModifiedDate":"2023-08-23"},{"lineNumber":51,"author":{"gitId":"remuslum"},"content":"        scanner.close();","lastModifiedDate":"2023-08-30"},{"lineNumber":52,"author":{"gitId":"remuslum"},"content":"    }","lastModifiedDate":"2023-08-24"},{"lineNumber":53,"author":{"gitId":"remuslum"},"content":"","lastModifiedDate":"2023-08-28"},{"lineNumber":54,"author":{"gitId":"remuslum"},"content":"    public static void main(String[] args) throws DukeException {","lastModifiedDate":"2023-08-30"},{"lineNumber":55,"author":{"gitId":"remuslum"},"content":"        new Duke(\"data/duke.txt\").run();","lastModifiedDate":"2023-08-30"},{"lineNumber":56,"author":{"gitId":"-"},"content":"    }","lastModifiedDate":"2019-07-29"},{"lineNumber":57,"author":{"gitId":"-"},"content":"}","lastModifiedDate":"2019-07-29"}],"authorContributionMap":{"-":3,"remuslum":54}},{"path":"src/main/java/duke/DukeException.java","fileType":"java","lines":[{"lineNumber":1,"author":{"gitId":"remuslum"},"content":"package duke;","lastModifiedDate":"2023-08-30"},{"lineNumber":2,"author":{"gitId":"remuslum"},"content":"","lastModifiedDate":"2023-08-30"},{"lineNumber":3,"author":{"gitId":"remuslum"},"content":"public class DukeException extends Exception{","lastModifiedDate":"2023-08-24"},{"lineNumber":4,"author":{"gitId":"remuslum"},"content":"    public DukeException(String message){","lastModifiedDate":"2023-08-24"},{"lineNumber":5,"author":{"gitId":"remuslum"},"content":"        super(message);","lastModifiedDate":"2023-08-24"},{"lineNumber":6,"author":{"gitId":"remuslum"},"content":"    }","lastModifiedDate":"2023-08-24"},{"lineNumber":7,"author":{"gitId":"remuslum"},"content":"}","lastModifiedDate":"2023-08-24"}],"authorContributionMap":{"remuslum":7}},{"path":"src/main/java/duke/Parser.java","fileType":"java","lines":[{"lineNumber":1,"author":{"gitId":"remuslum"},"content":"package duke;","lastModifiedDate":"2023-08-30"},{"lineNumber":2,"author":{"gitId":"remuslum"},"content":"","lastModifiedDate":"2023-08-30"},{"lineNumber":3,"author":{"gitId":"remuslum"},"content":"import duke.command.*;","lastModifiedDate":"2023-08-30"},{"lineNumber":4,"author":{"gitId":"remuslum"},"content":"import duke.messages.ErrorMessages;","lastModifiedDate":"2023-08-30"},{"lineNumber":5,"author":{"gitId":"remuslum"},"content":"import duke.messages.Messages;","lastModifiedDate":"2023-08-30"},{"lineNumber":6,"author":{"gitId":"remuslum"},"content":"import duke.task.*;","lastModifiedDate":"2023-08-30"},{"lineNumber":7,"author":{"gitId":"remuslum"},"content":"import java.time.LocalDateTime;","lastModifiedDate":"2023-08-30"},{"lineNumber":8,"author":{"gitId":"remuslum"},"content":"import java.time.format.DateTimeFormatter;","lastModifiedDate":"2023-08-30"},{"lineNumber":9,"author":{"gitId":"remuslum"},"content":"","lastModifiedDate":"2023-08-30"},{"lineNumber":10,"author":{"gitId":"remuslum"},"content":"public class Parser {","lastModifiedDate":"2023-08-30"},{"lineNumber":11,"author":{"gitId":"remuslum"},"content":"","lastModifiedDate":"2023-08-30"},{"lineNumber":12,"author":{"gitId":"remuslum"},"content":"    public Command parse(String command) throws DukeException {","lastModifiedDate":"2023-08-30"},{"lineNumber":13,"author":{"gitId":"remuslum"},"content":"        if (command.contains(\"bye\")) {","lastModifiedDate":"2023-08-30"},{"lineNumber":14,"author":{"gitId":"remuslum"},"content":"            if (command.length() \u003d\u003d 3){","lastModifiedDate":"2023-08-30"},{"lineNumber":15,"author":{"gitId":"remuslum"},"content":"                return new ExitCommand();","lastModifiedDate":"2023-08-30"},{"lineNumber":16,"author":{"gitId":"remuslum"},"content":"            } else {","lastModifiedDate":"2023-08-30"},{"lineNumber":17,"author":{"gitId":"remuslum"},"content":"                throw new DukeException(ErrorMessages.INVALID_INPUT.getMessage() + \" \u0027bye\u0027 ?\");","lastModifiedDate":"2023-08-30"},{"lineNumber":18,"author":{"gitId":"remuslum"},"content":"            }","lastModifiedDate":"2023-08-30"},{"lineNumber":19,"author":{"gitId":"remuslum"},"content":"        } else if (command.contains(\"list\")){","lastModifiedDate":"2023-08-30"},{"lineNumber":20,"author":{"gitId":"remuslum"},"content":"            if (command.length() \u003d\u003d 4){","lastModifiedDate":"2023-08-30"},{"lineNumber":21,"author":{"gitId":"remuslum"},"content":"                return new ListCommand();","lastModifiedDate":"2023-08-30"},{"lineNumber":22,"author":{"gitId":"remuslum"},"content":"            } else {","lastModifiedDate":"2023-08-30"},{"lineNumber":23,"author":{"gitId":"remuslum"},"content":"                throw new DukeException(ErrorMessages.INVALID_INPUT.getMessage() + \" \u0027list\u0027 ?\");","lastModifiedDate":"2023-08-30"},{"lineNumber":24,"author":{"gitId":"remuslum"},"content":"            }","lastModifiedDate":"2023-08-30"},{"lineNumber":25,"author":{"gitId":"remuslum"},"content":"        } else if (command.contains(\"delete\")) {","lastModifiedDate":"2023-08-30"},{"lineNumber":26,"author":{"gitId":"remuslum"},"content":"            if (command.length() \u003d\u003d 6){","lastModifiedDate":"2023-08-30"},{"lineNumber":27,"author":{"gitId":"remuslum"},"content":"                throw new DukeException(ErrorMessages.MISSING_TASK_NUMBER.getMessage());","lastModifiedDate":"2023-08-30"},{"lineNumber":28,"author":{"gitId":"remuslum"},"content":"            } else {","lastModifiedDate":"2023-08-30"},{"lineNumber":29,"author":{"gitId":"remuslum"},"content":"                return new DeleteCommand(Integer.parseInt(command.substring(7)) - 1);","lastModifiedDate":"2023-08-30"},{"lineNumber":30,"author":{"gitId":"remuslum"},"content":"            }","lastModifiedDate":"2023-08-30"},{"lineNumber":31,"author":{"gitId":"remuslum"},"content":"        } else if (command.contains(\"todo\")) {","lastModifiedDate":"2023-08-30"},{"lineNumber":32,"author":{"gitId":"remuslum"},"content":"            if (command.length() \u003d\u003d 4){","lastModifiedDate":"2023-08-30"},{"lineNumber":33,"author":{"gitId":"remuslum"},"content":"                throw new DukeException(ErrorMessages.EMPTY_DESCRIPTION_HEAD.getMessage() + \"todo\"","lastModifiedDate":"2023-08-30"},{"lineNumber":34,"author":{"gitId":"remuslum"},"content":"                        + ErrorMessages.EMPTY_DESCRIPTION_TAIL.getMessage());","lastModifiedDate":"2023-08-30"},{"lineNumber":35,"author":{"gitId":"remuslum"},"content":"            } else {","lastModifiedDate":"2023-08-30"},{"lineNumber":36,"author":{"gitId":"remuslum"},"content":"                Todo toDoTask \u003d new Todo(command.substring(5));","lastModifiedDate":"2023-08-30"},{"lineNumber":37,"author":{"gitId":"remuslum"},"content":"                return new AddCommand(toDoTask);","lastModifiedDate":"2023-08-30"},{"lineNumber":38,"author":{"gitId":"remuslum"},"content":"            }","lastModifiedDate":"2023-08-30"},{"lineNumber":39,"author":{"gitId":"remuslum"},"content":"        } else if (command.contains(\"deadline\")) {","lastModifiedDate":"2023-08-30"},{"lineNumber":40,"author":{"gitId":"remuslum"},"content":"            if (command.length() \u003d\u003d 8){","lastModifiedDate":"2023-08-30"},{"lineNumber":41,"author":{"gitId":"remuslum"},"content":"                throw new DukeException(ErrorMessages.EMPTY_DESCRIPTION_HEAD.getMessage() +","lastModifiedDate":"2023-08-30"},{"lineNumber":42,"author":{"gitId":"remuslum"},"content":"                        \"deadline\" + ErrorMessages.EMPTY_DESCRIPTION_TAIL.getMessage());","lastModifiedDate":"2023-08-30"},{"lineNumber":43,"author":{"gitId":"remuslum"},"content":"            } else {","lastModifiedDate":"2023-08-30"},{"lineNumber":44,"author":{"gitId":"remuslum"},"content":"                String[] deadlineString \u003d command.substring(9).split(\"/\");","lastModifiedDate":"2023-08-30"},{"lineNumber":45,"author":{"gitId":"remuslum"},"content":"                if (deadlineString.length \u003d\u003d 1) {","lastModifiedDate":"2023-08-30"},{"lineNumber":46,"author":{"gitId":"remuslum"},"content":"                    // Check if deadline is present.","lastModifiedDate":"2023-08-30"},{"lineNumber":47,"author":{"gitId":"remuslum"},"content":"                    throw new DukeException(ErrorMessages.MISSING_DEADLINE.getMessage());","lastModifiedDate":"2023-08-30"},{"lineNumber":48,"author":{"gitId":"remuslum"},"content":"                } else {","lastModifiedDate":"2023-08-30"},{"lineNumber":49,"author":{"gitId":"remuslum"},"content":"                    // Deal with DateTimeParseException","lastModifiedDate":"2023-08-30"},{"lineNumber":50,"author":{"gitId":"remuslum"},"content":"                    DateTimeFormatter formatter \u003d DateTimeFormatter.ofPattern(Messages.DATE_FORMAT.getMessage());","lastModifiedDate":"2023-08-30"},{"lineNumber":51,"author":{"gitId":"remuslum"},"content":"                    LocalDateTime deadlineDate \u003d LocalDateTime.parse(deadlineString[1].substring(3), formatter);","lastModifiedDate":"2023-08-30"},{"lineNumber":52,"author":{"gitId":"remuslum"},"content":"                    Deadline deadlineTask \u003d new Deadline(deadlineString[0].trim(), deadlineDate);","lastModifiedDate":"2023-08-30"},{"lineNumber":53,"author":{"gitId":"remuslum"},"content":"                    return new AddCommand(deadlineTask);","lastModifiedDate":"2023-08-30"},{"lineNumber":54,"author":{"gitId":"remuslum"},"content":"                }","lastModifiedDate":"2023-08-30"},{"lineNumber":55,"author":{"gitId":"remuslum"},"content":"            }","lastModifiedDate":"2023-08-30"},{"lineNumber":56,"author":{"gitId":"remuslum"},"content":"        } else if (command.contains(\"event\")) {","lastModifiedDate":"2023-08-30"},{"lineNumber":57,"author":{"gitId":"remuslum"},"content":"            if (command.length() \u003d\u003d 5) {","lastModifiedDate":"2023-08-30"},{"lineNumber":58,"author":{"gitId":"remuslum"},"content":"                throw new DukeException(ErrorMessages.EMPTY_DESCRIPTION_HEAD.getMessage() + \"event\" + ErrorMessages.EMPTY_DESCRIPTION_TAIL.getMessage());","lastModifiedDate":"2023-08-30"},{"lineNumber":59,"author":{"gitId":"remuslum"},"content":"            } else {","lastModifiedDate":"2023-08-30"},{"lineNumber":60,"author":{"gitId":"remuslum"},"content":"                String[] eventString \u003d command.substring(6).split(\"/\");","lastModifiedDate":"2023-08-30"},{"lineNumber":61,"author":{"gitId":"remuslum"},"content":"                // Check if a start and end time has been provided.","lastModifiedDate":"2023-08-30"},{"lineNumber":62,"author":{"gitId":"remuslum"},"content":"                if (eventString.length \u003c 3) {","lastModifiedDate":"2023-08-30"},{"lineNumber":63,"author":{"gitId":"remuslum"},"content":"                    throw new DukeException(ErrorMessages.MISSING_EVENT_TIMING.getMessage());","lastModifiedDate":"2023-08-30"},{"lineNumber":64,"author":{"gitId":"remuslum"},"content":"                } else if (eventString.length \u003e 3) {","lastModifiedDate":"2023-08-30"},{"lineNumber":65,"author":{"gitId":"remuslum"},"content":"                    throw new DukeException(ErrorMessages.TOO_MANY_EVENT_TIMINGS.getMessage());","lastModifiedDate":"2023-08-30"},{"lineNumber":66,"author":{"gitId":"remuslum"},"content":"                } else {","lastModifiedDate":"2023-08-30"},{"lineNumber":67,"author":{"gitId":"remuslum"},"content":"                    DateTimeFormatter formatter \u003d DateTimeFormatter.ofPattern(Messages.DATE_FORMAT.getMessage());","lastModifiedDate":"2023-08-30"},{"lineNumber":68,"author":{"gitId":"remuslum"},"content":"                    LocalDateTime startDate \u003d LocalDateTime.parse(eventString[1].substring(5).trim(), formatter);","lastModifiedDate":"2023-08-30"},{"lineNumber":69,"author":{"gitId":"remuslum"},"content":"                    LocalDateTime endDate \u003d LocalDateTime.parse(eventString[2].substring(3).trim(), formatter);","lastModifiedDate":"2023-08-30"},{"lineNumber":70,"author":{"gitId":"remuslum"},"content":"                    if (endDate.isBefore(startDate)) {","lastModifiedDate":"2023-08-30"},{"lineNumber":71,"author":{"gitId":"remuslum"},"content":"                        throw new DukeException(ErrorMessages.INVALID_END_DATE.getMessage());","lastModifiedDate":"2023-08-30"},{"lineNumber":72,"author":{"gitId":"remuslum"},"content":"                    } else {","lastModifiedDate":"2023-08-30"},{"lineNumber":73,"author":{"gitId":"remuslum"},"content":"                        Event eventTask \u003d new Event(eventString[0].trim(), startDate, endDate);","lastModifiedDate":"2023-08-30"},{"lineNumber":74,"author":{"gitId":"remuslum"},"content":"                        return new AddCommand(eventTask);","lastModifiedDate":"2023-08-30"},{"lineNumber":75,"author":{"gitId":"remuslum"},"content":"                    }","lastModifiedDate":"2023-08-30"},{"lineNumber":76,"author":{"gitId":"remuslum"},"content":"                }","lastModifiedDate":"2023-08-30"},{"lineNumber":77,"author":{"gitId":"remuslum"},"content":"            }","lastModifiedDate":"2023-08-30"},{"lineNumber":78,"author":{"gitId":"remuslum"},"content":"        } else if (command.contains(\"mark\") \u0026\u0026 !command.contains(\"unmark\")){","lastModifiedDate":"2023-08-30"},{"lineNumber":79,"author":{"gitId":"remuslum"},"content":"            if (command.length() \u003d\u003d 4){","lastModifiedDate":"2023-08-30"},{"lineNumber":80,"author":{"gitId":"remuslum"},"content":"                throw new DukeException(ErrorMessages.MISSING_TASK_NUMBER.getMessage());","lastModifiedDate":"2023-08-30"},{"lineNumber":81,"author":{"gitId":"remuslum"},"content":"            } else {","lastModifiedDate":"2023-08-30"},{"lineNumber":82,"author":{"gitId":"remuslum"},"content":"                int taskNumber \u003d Integer.parseInt(command.substring(5).trim()) - 1;","lastModifiedDate":"2023-08-30"},{"lineNumber":83,"author":{"gitId":"remuslum"},"content":"                return new MarkCommand(taskNumber);","lastModifiedDate":"2023-08-30"},{"lineNumber":84,"author":{"gitId":"remuslum"},"content":"            }","lastModifiedDate":"2023-08-30"},{"lineNumber":85,"author":{"gitId":"remuslum"},"content":"        } else if (command.contains(\"unmark\")){","lastModifiedDate":"2023-08-30"},{"lineNumber":86,"author":{"gitId":"remuslum"},"content":"            if (command.length() \u003d\u003d 6){","lastModifiedDate":"2023-08-30"},{"lineNumber":87,"author":{"gitId":"remuslum"},"content":"                throw new DukeException(ErrorMessages.MISSING_TASK_NUMBER.getMessage());","lastModifiedDate":"2023-08-30"},{"lineNumber":88,"author":{"gitId":"remuslum"},"content":"            } else {","lastModifiedDate":"2023-08-30"},{"lineNumber":89,"author":{"gitId":"remuslum"},"content":"                int taskNumber \u003d Integer.parseInt(command.substring(7).trim()) - 1;","lastModifiedDate":"2023-08-30"},{"lineNumber":90,"author":{"gitId":"remuslum"},"content":"                return new UnmarkCommand(taskNumber);","lastModifiedDate":"2023-08-30"},{"lineNumber":91,"author":{"gitId":"remuslum"},"content":"            }","lastModifiedDate":"2023-08-30"},{"lineNumber":92,"author":{"gitId":"remuslum"},"content":"        }","lastModifiedDate":"2023-08-30"},{"lineNumber":93,"author":{"gitId":"remuslum"},"content":"        else {","lastModifiedDate":"2023-08-30"},{"lineNumber":94,"author":{"gitId":"remuslum"},"content":"            throw new DukeException(ErrorMessages.INCOMPREHENSIBLE_TASK.getMessage());","lastModifiedDate":"2023-08-30"},{"lineNumber":95,"author":{"gitId":"remuslum"},"content":"        }","lastModifiedDate":"2023-08-30"},{"lineNumber":96,"author":{"gitId":"remuslum"},"content":"    }","lastModifiedDate":"2023-08-30"},{"lineNumber":97,"author":{"gitId":"remuslum"},"content":"","lastModifiedDate":"2023-08-30"},{"lineNumber":98,"author":{"gitId":"remuslum"},"content":"","lastModifiedDate":"2023-08-30"},{"lineNumber":99,"author":{"gitId":"remuslum"},"content":"}","lastModifiedDate":"2023-08-30"}],"authorContributionMap":{"remuslum":99}},{"path":"src/main/java/duke/Storage.java","fileType":"java","lines":[{"lineNumber":1,"author":{"gitId":"remuslum"},"content":"package duke;","lastModifiedDate":"2023-08-30"},{"lineNumber":2,"author":{"gitId":"remuslum"},"content":"","lastModifiedDate":"2023-08-30"},{"lineNumber":3,"author":{"gitId":"remuslum"},"content":"import java.io.*;","lastModifiedDate":"2023-08-30"},{"lineNumber":4,"author":{"gitId":"remuslum"},"content":"import java.util.ArrayList;","lastModifiedDate":"2023-08-30"},{"lineNumber":5,"author":{"gitId":"remuslum"},"content":"import duke.task.Task;","lastModifiedDate":"2023-08-30"},{"lineNumber":6,"author":{"gitId":"remuslum"},"content":"","lastModifiedDate":"2023-08-30"},{"lineNumber":7,"author":{"gitId":"remuslum"},"content":"public class Storage {","lastModifiedDate":"2023-08-30"},{"lineNumber":8,"author":{"gitId":"remuslum"},"content":"    protected File file;","lastModifiedDate":"2023-08-30"},{"lineNumber":9,"author":{"gitId":"remuslum"},"content":"    protected String filePath;","lastModifiedDate":"2023-08-30"},{"lineNumber":10,"author":{"gitId":"remuslum"},"content":"","lastModifiedDate":"2023-08-30"},{"lineNumber":11,"author":{"gitId":"remuslum"},"content":"    public Storage(String filePath) {","lastModifiedDate":"2023-08-30"},{"lineNumber":12,"author":{"gitId":"remuslum"},"content":"        this.filePath \u003d filePath;","lastModifiedDate":"2023-08-30"},{"lineNumber":13,"author":{"gitId":"remuslum"},"content":"        this.file \u003d new File(filePath);","lastModifiedDate":"2023-08-30"},{"lineNumber":14,"author":{"gitId":"remuslum"},"content":"    }","lastModifiedDate":"2023-08-30"},{"lineNumber":15,"author":{"gitId":"remuslum"},"content":"","lastModifiedDate":"2023-08-30"},{"lineNumber":16,"author":{"gitId":"remuslum"},"content":"    public ArrayList\u003cString\u003e load() throws DukeException {","lastModifiedDate":"2023-08-30"},{"lineNumber":17,"author":{"gitId":"remuslum"},"content":"        ArrayList\u003cString\u003e taskList \u003d new ArrayList\u003c\u003e();","lastModifiedDate":"2023-08-30"},{"lineNumber":18,"author":{"gitId":"remuslum"},"content":"        try {","lastModifiedDate":"2023-08-30"},{"lineNumber":19,"author":{"gitId":"remuslum"},"content":"            FileReader fileReader \u003d new FileReader(this.filePath);","lastModifiedDate":"2023-08-30"},{"lineNumber":20,"author":{"gitId":"remuslum"},"content":"            BufferedReader bufferedReader \u003d new BufferedReader(fileReader);","lastModifiedDate":"2023-08-30"},{"lineNumber":21,"author":{"gitId":"remuslum"},"content":"            String line;","lastModifiedDate":"2023-08-30"},{"lineNumber":22,"author":{"gitId":"remuslum"},"content":"            while ((line \u003d bufferedReader.readLine()) !\u003d null) {","lastModifiedDate":"2023-08-30"},{"lineNumber":23,"author":{"gitId":"remuslum"},"content":"                taskList.add(line);","lastModifiedDate":"2023-08-30"},{"lineNumber":24,"author":{"gitId":"remuslum"},"content":"            }","lastModifiedDate":"2023-08-30"},{"lineNumber":25,"author":{"gitId":"remuslum"},"content":"            bufferedReader.close();","lastModifiedDate":"2023-08-30"},{"lineNumber":26,"author":{"gitId":"remuslum"},"content":"        } catch (IOException e) {","lastModifiedDate":"2023-08-30"},{"lineNumber":27,"author":{"gitId":"remuslum"},"content":"            throw new DukeException(\"Unable to Load\");","lastModifiedDate":"2023-08-30"},{"lineNumber":28,"author":{"gitId":"remuslum"},"content":"        }","lastModifiedDate":"2023-08-30"},{"lineNumber":29,"author":{"gitId":"remuslum"},"content":"        return taskList;","lastModifiedDate":"2023-08-30"},{"lineNumber":30,"author":{"gitId":"remuslum"},"content":"    }","lastModifiedDate":"2023-08-30"},{"lineNumber":31,"author":{"gitId":"remuslum"},"content":"","lastModifiedDate":"2023-08-30"},{"lineNumber":32,"author":{"gitId":"remuslum"},"content":"    public void update(TaskList taskList, String filePath) throws DukeException {","lastModifiedDate":"2023-08-30"},{"lineNumber":33,"author":{"gitId":"remuslum"},"content":"        try {","lastModifiedDate":"2023-08-30"},{"lineNumber":34,"author":{"gitId":"remuslum"},"content":"            FileWriter fileWriter \u003d new FileWriter(filePath, true);","lastModifiedDate":"2023-08-30"},{"lineNumber":35,"author":{"gitId":"remuslum"},"content":"            for (Task task : taskList.getTaskList()) {","lastModifiedDate":"2023-08-30"},{"lineNumber":36,"author":{"gitId":"remuslum"},"content":"                fileWriter.write(task.toString() + \u0027\\n\u0027);","lastModifiedDate":"2023-08-30"},{"lineNumber":37,"author":{"gitId":"remuslum"},"content":"            }","lastModifiedDate":"2023-08-30"},{"lineNumber":38,"author":{"gitId":"remuslum"},"content":"            fileWriter.close();","lastModifiedDate":"2023-08-30"},{"lineNumber":39,"author":{"gitId":"remuslum"},"content":"        } catch (IOException e) {","lastModifiedDate":"2023-08-30"},{"lineNumber":40,"author":{"gitId":"remuslum"},"content":"            throw new DukeException(\"Unable to locate file.\");","lastModifiedDate":"2023-08-30"},{"lineNumber":41,"author":{"gitId":"remuslum"},"content":"        }","lastModifiedDate":"2023-08-30"},{"lineNumber":42,"author":{"gitId":"remuslum"},"content":"    }","lastModifiedDate":"2023-08-30"},{"lineNumber":43,"author":{"gitId":"remuslum"},"content":"}","lastModifiedDate":"2023-08-30"}],"authorContributionMap":{"remuslum":43}},{"path":"src/main/java/duke/TaskList.java","fileType":"java","lines":[{"lineNumber":1,"author":{"gitId":"remuslum"},"content":"package duke;","lastModifiedDate":"2023-08-30"},{"lineNumber":2,"author":{"gitId":"remuslum"},"content":"","lastModifiedDate":"2023-08-30"},{"lineNumber":3,"author":{"gitId":"remuslum"},"content":"import duke.task.*;","lastModifiedDate":"2023-08-30"},{"lineNumber":4,"author":{"gitId":"remuslum"},"content":"import java.time.LocalDateTime;","lastModifiedDate":"2023-08-30"},{"lineNumber":5,"author":{"gitId":"remuslum"},"content":"import java.time.format.DateTimeFormatter;","lastModifiedDate":"2023-08-30"},{"lineNumber":6,"author":{"gitId":"remuslum"},"content":"import java.util.ArrayList;","lastModifiedDate":"2023-08-30"},{"lineNumber":7,"author":{"gitId":"remuslum"},"content":"","lastModifiedDate":"2023-08-30"},{"lineNumber":8,"author":{"gitId":"remuslum"},"content":"public class TaskList {","lastModifiedDate":"2023-08-30"},{"lineNumber":9,"author":{"gitId":"remuslum"},"content":"    protected ArrayList\u003cTask\u003e taskList;","lastModifiedDate":"2023-08-30"},{"lineNumber":10,"author":{"gitId":"remuslum"},"content":"","lastModifiedDate":"2023-08-30"},{"lineNumber":11,"author":{"gitId":"remuslum"},"content":"    public TaskList(ArrayList\u003cString\u003e tasks){","lastModifiedDate":"2023-08-30"},{"lineNumber":12,"author":{"gitId":"remuslum"},"content":"        this.taskList \u003d new ArrayList\u003c\u003e();","lastModifiedDate":"2023-08-30"},{"lineNumber":13,"author":{"gitId":"remuslum"},"content":"        for (String task: tasks){","lastModifiedDate":"2023-08-30"},{"lineNumber":14,"author":{"gitId":"remuslum"},"content":"            if (task.contains(\"T\")){","lastModifiedDate":"2023-08-30"},{"lineNumber":15,"author":{"gitId":"remuslum"},"content":"                Todo convertedToDoTask \u003d new Todo(task.substring(8));","lastModifiedDate":"2023-08-30"},{"lineNumber":16,"author":{"gitId":"remuslum"},"content":"                this.taskList.add(convertedToDoTask);","lastModifiedDate":"2023-08-30"},{"lineNumber":17,"author":{"gitId":"remuslum"},"content":"            } else if (task.contains(\"D\")){","lastModifiedDate":"2023-08-30"},{"lineNumber":18,"author":{"gitId":"remuslum"},"content":"                String[] deadlineString \u003d task.substring(8).split(\"\\\\(\");","lastModifiedDate":"2023-08-30"},{"lineNumber":19,"author":{"gitId":"remuslum"},"content":"                DateTimeFormatter formatter \u003d DateTimeFormatter.ofPattern(\"MMM d yyyy ha\");","lastModifiedDate":"2023-08-30"},{"lineNumber":20,"author":{"gitId":"remuslum"},"content":"                LocalDateTime deadlineDate \u003d LocalDateTime.parse(deadlineString[1].substring(4, deadlineString[1].length()-1), formatter);","lastModifiedDate":"2023-08-30"},{"lineNumber":21,"author":{"gitId":"remuslum"},"content":"                Deadline deadlineTask \u003d new Deadline(deadlineString[0].trim(), deadlineDate);","lastModifiedDate":"2023-08-30"},{"lineNumber":22,"author":{"gitId":"remuslum"},"content":"                this.taskList.add(deadlineTask);","lastModifiedDate":"2023-08-30"},{"lineNumber":23,"author":{"gitId":"remuslum"},"content":"            } else if (task.contains(\"E\")){","lastModifiedDate":"2023-08-30"},{"lineNumber":24,"author":{"gitId":"remuslum"},"content":"                String[] eventString \u003d task.substring(8).split(\"\\\\(\");","lastModifiedDate":"2023-08-30"},{"lineNumber":25,"author":{"gitId":"remuslum"},"content":"                String[] timelineString \u003d eventString[1].split(\"to:\");","lastModifiedDate":"2023-08-30"},{"lineNumber":26,"author":{"gitId":"remuslum"},"content":"                DateTimeFormatter formatter \u003d DateTimeFormatter.ofPattern(\"MMM d yyyy ha\");","lastModifiedDate":"2023-08-30"},{"lineNumber":27,"author":{"gitId":"remuslum"},"content":"                LocalDateTime startDate \u003d LocalDateTime.parse(timelineString[0].substring(6).trim(), formatter);","lastModifiedDate":"2023-08-30"},{"lineNumber":28,"author":{"gitId":"remuslum"},"content":"                LocalDateTime endDate \u003d LocalDateTime.parse(timelineString[1].substring(0, timelineString[1].length() -1).trim(), formatter);","lastModifiedDate":"2023-08-30"},{"lineNumber":29,"author":{"gitId":"remuslum"},"content":"                Event eventTask \u003d new Event(eventString[0].trim(), startDate, endDate);","lastModifiedDate":"2023-08-30"},{"lineNumber":30,"author":{"gitId":"remuslum"},"content":"                this.taskList.add(eventTask);","lastModifiedDate":"2023-08-30"},{"lineNumber":31,"author":{"gitId":"remuslum"},"content":"            }","lastModifiedDate":"2023-08-30"},{"lineNumber":32,"author":{"gitId":"remuslum"},"content":"        }","lastModifiedDate":"2023-08-30"},{"lineNumber":33,"author":{"gitId":"remuslum"},"content":"    }","lastModifiedDate":"2023-08-30"},{"lineNumber":34,"author":{"gitId":"remuslum"},"content":"","lastModifiedDate":"2023-08-30"},{"lineNumber":35,"author":{"gitId":"remuslum"},"content":"    public void load() {","lastModifiedDate":"2023-08-30"},{"lineNumber":36,"author":{"gitId":"remuslum"},"content":"        for (Task task:this.taskList){","lastModifiedDate":"2023-08-30"},{"lineNumber":37,"author":{"gitId":"remuslum"},"content":"            System.out.println(task.toString());","lastModifiedDate":"2023-08-30"},{"lineNumber":38,"author":{"gitId":"remuslum"},"content":"        }","lastModifiedDate":"2023-08-30"},{"lineNumber":39,"author":{"gitId":"remuslum"},"content":"    }","lastModifiedDate":"2023-08-30"},{"lineNumber":40,"author":{"gitId":"remuslum"},"content":"","lastModifiedDate":"2023-08-30"},{"lineNumber":41,"author":{"gitId":"remuslum"},"content":"    public ArrayList\u003cTask\u003e getTaskList(){","lastModifiedDate":"2023-08-30"},{"lineNumber":42,"author":{"gitId":"remuslum"},"content":"        return this.taskList;","lastModifiedDate":"2023-08-30"},{"lineNumber":43,"author":{"gitId":"remuslum"},"content":"    }","lastModifiedDate":"2023-08-30"},{"lineNumber":44,"author":{"gitId":"remuslum"},"content":"","lastModifiedDate":"2023-08-30"},{"lineNumber":45,"author":{"gitId":"remuslum"},"content":"    public int getLengthOfTaskList(){","lastModifiedDate":"2023-08-30"},{"lineNumber":46,"author":{"gitId":"remuslum"},"content":"        return this.taskList.size();","lastModifiedDate":"2023-08-30"},{"lineNumber":47,"author":{"gitId":"remuslum"},"content":"    }","lastModifiedDate":"2023-08-30"},{"lineNumber":48,"author":{"gitId":"remuslum"},"content":"","lastModifiedDate":"2023-08-30"},{"lineNumber":49,"author":{"gitId":"remuslum"},"content":"    public Task getTask(int taskNumber){","lastModifiedDate":"2023-08-30"},{"lineNumber":50,"author":{"gitId":"remuslum"},"content":"        return this.taskList.get(taskNumber);","lastModifiedDate":"2023-08-30"},{"lineNumber":51,"author":{"gitId":"remuslum"},"content":"    }","lastModifiedDate":"2023-08-30"},{"lineNumber":52,"author":{"gitId":"remuslum"},"content":"","lastModifiedDate":"2023-08-30"},{"lineNumber":53,"author":{"gitId":"remuslum"},"content":"    public void addTask(Task task){","lastModifiedDate":"2023-08-30"},{"lineNumber":54,"author":{"gitId":"remuslum"},"content":"        this.taskList.add(task);","lastModifiedDate":"2023-08-30"},{"lineNumber":55,"author":{"gitId":"remuslum"},"content":"    }","lastModifiedDate":"2023-08-30"},{"lineNumber":56,"author":{"gitId":"remuslum"},"content":"","lastModifiedDate":"2023-08-30"},{"lineNumber":57,"author":{"gitId":"remuslum"},"content":"    public void removeTask(int taskNumber){","lastModifiedDate":"2023-08-30"},{"lineNumber":58,"author":{"gitId":"remuslum"},"content":"        this.taskList.remove(taskNumber);","lastModifiedDate":"2023-08-30"},{"lineNumber":59,"author":{"gitId":"remuslum"},"content":"    }","lastModifiedDate":"2023-08-30"},{"lineNumber":60,"author":{"gitId":"remuslum"},"content":"","lastModifiedDate":"2023-08-30"},{"lineNumber":61,"author":{"gitId":"remuslum"},"content":"","lastModifiedDate":"2023-08-30"},{"lineNumber":62,"author":{"gitId":"remuslum"},"content":"}","lastModifiedDate":"2023-08-30"}],"authorContributionMap":{"remuslum":62}},{"path":"src/main/java/duke/Ui.java","fileType":"java","lines":[{"lineNumber":1,"author":{"gitId":"remuslum"},"content":"package duke;","lastModifiedDate":"2023-08-30"},{"lineNumber":2,"author":{"gitId":"remuslum"},"content":"","lastModifiedDate":"2023-08-30"},{"lineNumber":3,"author":{"gitId":"remuslum"},"content":"import duke.messages.Messages;","lastModifiedDate":"2023-08-30"},{"lineNumber":4,"author":{"gitId":"remuslum"},"content":"","lastModifiedDate":"2023-08-30"},{"lineNumber":5,"author":{"gitId":"remuslum"},"content":"public class Ui {","lastModifiedDate":"2023-08-30"},{"lineNumber":6,"author":{"gitId":"remuslum"},"content":"","lastModifiedDate":"2023-08-30"},{"lineNumber":7,"author":{"gitId":"remuslum"},"content":"    public void showWelcome(){","lastModifiedDate":"2023-08-30"},{"lineNumber":8,"author":{"gitId":"remuslum"},"content":"        // Introduction Message","lastModifiedDate":"2023-08-30"},{"lineNumber":9,"author":{"gitId":"remuslum"},"content":"        System.out.println(Messages.INTRODUCTION.getMessage());","lastModifiedDate":"2023-08-30"},{"lineNumber":10,"author":{"gitId":"remuslum"},"content":"        System.out.println();","lastModifiedDate":"2023-08-30"},{"lineNumber":11,"author":{"gitId":"remuslum"},"content":"    }","lastModifiedDate":"2023-08-30"},{"lineNumber":12,"author":{"gitId":"remuslum"},"content":"","lastModifiedDate":"2023-08-30"},{"lineNumber":13,"author":{"gitId":"remuslum"},"content":"    public void showListMessage(){","lastModifiedDate":"2023-08-30"},{"lineNumber":14,"author":{"gitId":"remuslum"},"content":"        System.out.println(Messages.LIST_COMMAND.getMessage());","lastModifiedDate":"2023-08-30"},{"lineNumber":15,"author":{"gitId":"remuslum"},"content":"    }","lastModifiedDate":"2023-08-30"},{"lineNumber":16,"author":{"gitId":"remuslum"},"content":"","lastModifiedDate":"2023-08-30"},{"lineNumber":17,"author":{"gitId":"remuslum"},"content":"    public void showMarkMessage(){","lastModifiedDate":"2023-08-30"},{"lineNumber":18,"author":{"gitId":"remuslum"},"content":"        System.out.println(Messages.MARK_COMMAND.getMessage());","lastModifiedDate":"2023-08-30"},{"lineNumber":19,"author":{"gitId":"remuslum"},"content":"    }","lastModifiedDate":"2023-08-30"},{"lineNumber":20,"author":{"gitId":"remuslum"},"content":"","lastModifiedDate":"2023-08-30"},{"lineNumber":21,"author":{"gitId":"remuslum"},"content":"    public void showUnmarkMessage(){","lastModifiedDate":"2023-08-30"},{"lineNumber":22,"author":{"gitId":"remuslum"},"content":"        System.out.println(Messages.UNMARK_COMMAND.getMessage());","lastModifiedDate":"2023-08-30"},{"lineNumber":23,"author":{"gitId":"remuslum"},"content":"    }","lastModifiedDate":"2023-08-30"},{"lineNumber":24,"author":{"gitId":"remuslum"},"content":"","lastModifiedDate":"2023-08-30"},{"lineNumber":25,"author":{"gitId":"remuslum"},"content":"    public void showDeletedMessage(){","lastModifiedDate":"2023-08-30"},{"lineNumber":26,"author":{"gitId":"remuslum"},"content":"        System.out.println(Messages.DELETED_COMMAND.getMessage());","lastModifiedDate":"2023-08-30"},{"lineNumber":27,"author":{"gitId":"remuslum"},"content":"    }","lastModifiedDate":"2023-08-30"},{"lineNumber":28,"author":{"gitId":"remuslum"},"content":"","lastModifiedDate":"2023-08-30"},{"lineNumber":29,"author":{"gitId":"remuslum"},"content":"    public void showAddedMessage() {","lastModifiedDate":"2023-08-30"},{"lineNumber":30,"author":{"gitId":"remuslum"},"content":"        System.out.println(Messages.TASK_ADDED.getMessage());","lastModifiedDate":"2023-08-30"},{"lineNumber":31,"author":{"gitId":"remuslum"},"content":"    }","lastModifiedDate":"2023-08-30"},{"lineNumber":32,"author":{"gitId":"remuslum"},"content":"","lastModifiedDate":"2023-08-30"},{"lineNumber":33,"author":{"gitId":"remuslum"},"content":"    public void showTaskListSize(TaskList taskList){","lastModifiedDate":"2023-08-30"},{"lineNumber":34,"author":{"gitId":"remuslum"},"content":"        System.out.println(\"Now you have \" + taskList.getTaskList().size() + \" tasks in the list.\");","lastModifiedDate":"2023-08-30"},{"lineNumber":35,"author":{"gitId":"remuslum"},"content":"    }","lastModifiedDate":"2023-08-30"},{"lineNumber":36,"author":{"gitId":"remuslum"},"content":"}","lastModifiedDate":"2023-08-30"}],"authorContributionMap":{"remuslum":36}},{"path":"src/main/java/duke/command/AddCommand.java","fileType":"java","lines":[{"lineNumber":1,"author":{"gitId":"remuslum"},"content":"package duke.command;","lastModifiedDate":"2023-08-30"},{"lineNumber":2,"author":{"gitId":"remuslum"},"content":"import duke.task.Task;","lastModifiedDate":"2023-08-30"},{"lineNumber":3,"author":{"gitId":"remuslum"},"content":"import duke.TaskList;","lastModifiedDate":"2023-08-30"},{"lineNumber":4,"author":{"gitId":"remuslum"},"content":"import duke.Ui;","lastModifiedDate":"2023-08-30"},{"lineNumber":5,"author":{"gitId":"remuslum"},"content":"","lastModifiedDate":"2023-08-30"},{"lineNumber":6,"author":{"gitId":"remuslum"},"content":"public class AddCommand extends Command {","lastModifiedDate":"2023-08-30"},{"lineNumber":7,"author":{"gitId":"remuslum"},"content":"    protected Task taskToBeAdded ;","lastModifiedDate":"2023-08-30"},{"lineNumber":8,"author":{"gitId":"remuslum"},"content":"","lastModifiedDate":"2023-08-30"},{"lineNumber":9,"author":{"gitId":"remuslum"},"content":"    public AddCommand(Task taskToBeAdded){","lastModifiedDate":"2023-08-30"},{"lineNumber":10,"author":{"gitId":"remuslum"},"content":"        this.taskToBeAdded \u003d taskToBeAdded ;","lastModifiedDate":"2023-08-30"},{"lineNumber":11,"author":{"gitId":"remuslum"},"content":"    }","lastModifiedDate":"2023-08-30"},{"lineNumber":12,"author":{"gitId":"remuslum"},"content":"    public void execute(TaskList taskList, Ui ui){","lastModifiedDate":"2023-08-30"},{"lineNumber":13,"author":{"gitId":"remuslum"},"content":"        taskList.addTask(this.taskToBeAdded);","lastModifiedDate":"2023-08-30"},{"lineNumber":14,"author":{"gitId":"remuslum"},"content":"        ui.showAddedMessage();","lastModifiedDate":"2023-08-30"},{"lineNumber":15,"author":{"gitId":"remuslum"},"content":"        System.out.println(this.taskToBeAdded.toString());","lastModifiedDate":"2023-08-30"},{"lineNumber":16,"author":{"gitId":"remuslum"},"content":"        ui.showTaskListSize(taskList);","lastModifiedDate":"2023-08-30"},{"lineNumber":17,"author":{"gitId":"remuslum"},"content":"    }","lastModifiedDate":"2023-08-30"},{"lineNumber":18,"author":{"gitId":"remuslum"},"content":"","lastModifiedDate":"2023-08-30"},{"lineNumber":19,"author":{"gitId":"remuslum"},"content":"}","lastModifiedDate":"2023-08-30"}],"authorContributionMap":{"remuslum":19}},{"path":"src/main/java/duke/command/Command.java","fileType":"java","lines":[{"lineNumber":1,"author":{"gitId":"remuslum"},"content":"package duke.command;","lastModifiedDate":"2023-08-30"},{"lineNumber":2,"author":{"gitId":"remuslum"},"content":"import duke.TaskList;","lastModifiedDate":"2023-08-30"},{"lineNumber":3,"author":{"gitId":"remuslum"},"content":"import duke.Ui;","lastModifiedDate":"2023-08-30"},{"lineNumber":4,"author":{"gitId":"remuslum"},"content":"import duke.DukeException;","lastModifiedDate":"2023-08-30"},{"lineNumber":5,"author":{"gitId":"remuslum"},"content":"","lastModifiedDate":"2023-08-30"},{"lineNumber":6,"author":{"gitId":"remuslum"},"content":"public abstract class Command {","lastModifiedDate":"2023-08-30"},{"lineNumber":7,"author":{"gitId":"remuslum"},"content":"","lastModifiedDate":"2023-08-30"},{"lineNumber":8,"author":{"gitId":"remuslum"},"content":"    public abstract void execute(TaskList taskList, Ui ui) throws DukeException;","lastModifiedDate":"2023-08-30"},{"lineNumber":9,"author":{"gitId":"remuslum"},"content":"","lastModifiedDate":"2023-08-30"},{"lineNumber":10,"author":{"gitId":"remuslum"},"content":"}","lastModifiedDate":"2023-08-30"}],"authorContributionMap":{"remuslum":10}},{"path":"src/main/java/duke/command/DeleteCommand.java","fileType":"java","lines":[{"lineNumber":1,"author":{"gitId":"remuslum"},"content":"package duke.command;","lastModifiedDate":"2023-08-30"},{"lineNumber":2,"author":{"gitId":"remuslum"},"content":"import duke.TaskList;","lastModifiedDate":"2023-08-30"},{"lineNumber":3,"author":{"gitId":"remuslum"},"content":"import duke.Ui;","lastModifiedDate":"2023-08-30"},{"lineNumber":4,"author":{"gitId":"remuslum"},"content":"import duke.DukeException;","lastModifiedDate":"2023-08-30"},{"lineNumber":5,"author":{"gitId":"remuslum"},"content":"import duke.task.Task;","lastModifiedDate":"2023-08-30"},{"lineNumber":6,"author":{"gitId":"remuslum"},"content":"import duke.messages.ErrorMessages;","lastModifiedDate":"2023-08-30"},{"lineNumber":7,"author":{"gitId":"remuslum"},"content":"","lastModifiedDate":"2023-08-30"},{"lineNumber":8,"author":{"gitId":"remuslum"},"content":"import duke.command.Command;","lastModifiedDate":"2023-08-30"},{"lineNumber":9,"author":{"gitId":"remuslum"},"content":"","lastModifiedDate":"2023-08-30"},{"lineNumber":10,"author":{"gitId":"remuslum"},"content":"public class DeleteCommand extends Command {","lastModifiedDate":"2023-08-30"},{"lineNumber":11,"author":{"gitId":"remuslum"},"content":"    protected int taskNumber;","lastModifiedDate":"2023-08-30"},{"lineNumber":12,"author":{"gitId":"remuslum"},"content":"","lastModifiedDate":"2023-08-30"},{"lineNumber":13,"author":{"gitId":"remuslum"},"content":"    public DeleteCommand(int taskNumber){","lastModifiedDate":"2023-08-30"},{"lineNumber":14,"author":{"gitId":"remuslum"},"content":"        this.taskNumber \u003d taskNumber ;","lastModifiedDate":"2023-08-30"},{"lineNumber":15,"author":{"gitId":"remuslum"},"content":"    }","lastModifiedDate":"2023-08-30"},{"lineNumber":16,"author":{"gitId":"remuslum"},"content":"    public void execute (TaskList taskList, Ui ui) throws DukeException {","lastModifiedDate":"2023-08-30"},{"lineNumber":17,"author":{"gitId":"remuslum"},"content":"        try{","lastModifiedDate":"2023-08-30"},{"lineNumber":18,"author":{"gitId":"remuslum"},"content":"            Task taskToBeDeleted \u003d taskList.getTask(this.taskNumber);","lastModifiedDate":"2023-08-30"},{"lineNumber":19,"author":{"gitId":"remuslum"},"content":"            taskList.removeTask(this.taskNumber);","lastModifiedDate":"2023-08-30"},{"lineNumber":20,"author":{"gitId":"remuslum"},"content":"            ui.showDeletedMessage();","lastModifiedDate":"2023-08-30"},{"lineNumber":21,"author":{"gitId":"remuslum"},"content":"            System.out.println(taskToBeDeleted.toString());","lastModifiedDate":"2023-08-30"},{"lineNumber":22,"author":{"gitId":"remuslum"},"content":"            ui.showTaskListSize(taskList);","lastModifiedDate":"2023-08-30"},{"lineNumber":23,"author":{"gitId":"remuslum"},"content":"        } catch (IndexOutOfBoundsException e){","lastModifiedDate":"2023-08-30"},{"lineNumber":24,"author":{"gitId":"remuslum"},"content":"            // Check if task number is within the size of task list.","lastModifiedDate":"2023-08-30"},{"lineNumber":25,"author":{"gitId":"remuslum"},"content":"            throw new DukeException(ErrorMessages.INVALID_TASK_NUMBER.getMessage());","lastModifiedDate":"2023-08-30"},{"lineNumber":26,"author":{"gitId":"remuslum"},"content":"        }","lastModifiedDate":"2023-08-30"},{"lineNumber":27,"author":{"gitId":"remuslum"},"content":"    }","lastModifiedDate":"2023-08-30"},{"lineNumber":28,"author":{"gitId":"remuslum"},"content":"}","lastModifiedDate":"2023-08-30"}],"authorContributionMap":{"remuslum":28}},{"path":"src/main/java/duke/command/ExitCommand.java","fileType":"java","lines":[{"lineNumber":1,"author":{"gitId":"remuslum"},"content":"package duke.command;","lastModifiedDate":"2023-08-30"},{"lineNumber":2,"author":{"gitId":"remuslum"},"content":"import duke.TaskList;","lastModifiedDate":"2023-08-30"},{"lineNumber":3,"author":{"gitId":"remuslum"},"content":"import duke.Ui;","lastModifiedDate":"2023-08-30"},{"lineNumber":4,"author":{"gitId":"remuslum"},"content":"import duke.messages.Messages;","lastModifiedDate":"2023-08-30"},{"lineNumber":5,"author":{"gitId":"remuslum"},"content":"","lastModifiedDate":"2023-08-30"},{"lineNumber":6,"author":{"gitId":"remuslum"},"content":"import duke.command.Command;","lastModifiedDate":"2023-08-30"},{"lineNumber":7,"author":{"gitId":"remuslum"},"content":"","lastModifiedDate":"2023-08-30"},{"lineNumber":8,"author":{"gitId":"remuslum"},"content":"public class ExitCommand extends Command {","lastModifiedDate":"2023-08-30"},{"lineNumber":9,"author":{"gitId":"remuslum"},"content":"","lastModifiedDate":"2023-08-30"},{"lineNumber":10,"author":{"gitId":"remuslum"},"content":"    public void execute(TaskList taskList, Ui ui){","lastModifiedDate":"2023-08-30"},{"lineNumber":11,"author":{"gitId":"remuslum"},"content":"        System.out.println(Messages.GOODBYE_MESSAGE.getMessage());","lastModifiedDate":"2023-08-30"},{"lineNumber":12,"author":{"gitId":"remuslum"},"content":"    }","lastModifiedDate":"2023-08-30"},{"lineNumber":13,"author":{"gitId":"remuslum"},"content":"}","lastModifiedDate":"2023-08-30"}],"authorContributionMap":{"remuslum":13}},{"path":"src/main/java/duke/command/ListCommand.java","fileType":"java","lines":[{"lineNumber":1,"author":{"gitId":"remuslum"},"content":"package duke.command;","lastModifiedDate":"2023-08-30"},{"lineNumber":2,"author":{"gitId":"remuslum"},"content":"import duke.TaskList;","lastModifiedDate":"2023-08-30"},{"lineNumber":3,"author":{"gitId":"remuslum"},"content":"import duke.Ui;","lastModifiedDate":"2023-08-30"},{"lineNumber":4,"author":{"gitId":"remuslum"},"content":"","lastModifiedDate":"2023-08-30"},{"lineNumber":5,"author":{"gitId":"remuslum"},"content":"import duke.command.Command;","lastModifiedDate":"2023-08-30"},{"lineNumber":6,"author":{"gitId":"remuslum"},"content":"","lastModifiedDate":"2023-08-30"},{"lineNumber":7,"author":{"gitId":"remuslum"},"content":"public class ListCommand extends Command {","lastModifiedDate":"2023-08-30"},{"lineNumber":8,"author":{"gitId":"remuslum"},"content":"","lastModifiedDate":"2023-08-30"},{"lineNumber":9,"author":{"gitId":"remuslum"},"content":"    public void execute(TaskList taskList, Ui ui){","lastModifiedDate":"2023-08-30"},{"lineNumber":10,"author":{"gitId":"remuslum"},"content":"        ui.showListMessage();","lastModifiedDate":"2023-08-30"},{"lineNumber":11,"author":{"gitId":"remuslum"},"content":"        for (int i \u003d 0; i \u003c taskList.getLengthOfTaskList(); i++){","lastModifiedDate":"2023-08-30"},{"lineNumber":12,"author":{"gitId":"remuslum"},"content":"            System.out.println(Integer.toString(i+1) + \".\" + taskList.getTaskList().get(i).toString());","lastModifiedDate":"2023-08-30"},{"lineNumber":13,"author":{"gitId":"remuslum"},"content":"        }","lastModifiedDate":"2023-08-30"},{"lineNumber":14,"author":{"gitId":"remuslum"},"content":"    }","lastModifiedDate":"2023-08-30"},{"lineNumber":15,"author":{"gitId":"remuslum"},"content":"}","lastModifiedDate":"2023-08-30"}],"authorContributionMap":{"remuslum":15}},{"path":"src/main/java/duke/command/MarkCommand.java","fileType":"java","lines":[{"lineNumber":1,"author":{"gitId":"remuslum"},"content":"package duke.command;","lastModifiedDate":"2023-08-30"},{"lineNumber":2,"author":{"gitId":"remuslum"},"content":"import duke.task.Task;","lastModifiedDate":"2023-08-30"},{"lineNumber":3,"author":{"gitId":"remuslum"},"content":"import duke.TaskList;","lastModifiedDate":"2023-08-30"},{"lineNumber":4,"author":{"gitId":"remuslum"},"content":"import duke.Ui;","lastModifiedDate":"2023-08-30"},{"lineNumber":5,"author":{"gitId":"remuslum"},"content":"import duke.DukeException;","lastModifiedDate":"2023-08-30"},{"lineNumber":6,"author":{"gitId":"remuslum"},"content":"import duke.messages.ErrorMessages;","lastModifiedDate":"2023-08-30"},{"lineNumber":7,"author":{"gitId":"remuslum"},"content":"","lastModifiedDate":"2023-08-30"},{"lineNumber":8,"author":{"gitId":"remuslum"},"content":"import duke.command.Command;","lastModifiedDate":"2023-08-30"},{"lineNumber":9,"author":{"gitId":"remuslum"},"content":"","lastModifiedDate":"2023-08-30"},{"lineNumber":10,"author":{"gitId":"remuslum"},"content":"public class MarkCommand extends Command {","lastModifiedDate":"2023-08-30"},{"lineNumber":11,"author":{"gitId":"remuslum"},"content":"    protected int taskNumber;","lastModifiedDate":"2023-08-30"},{"lineNumber":12,"author":{"gitId":"remuslum"},"content":"","lastModifiedDate":"2023-08-30"},{"lineNumber":13,"author":{"gitId":"remuslum"},"content":"    public MarkCommand(int taskNumber){","lastModifiedDate":"2023-08-30"},{"lineNumber":14,"author":{"gitId":"remuslum"},"content":"        this.taskNumber \u003d taskNumber;","lastModifiedDate":"2023-08-30"},{"lineNumber":15,"author":{"gitId":"remuslum"},"content":"    }","lastModifiedDate":"2023-08-30"},{"lineNumber":16,"author":{"gitId":"remuslum"},"content":"","lastModifiedDate":"2023-08-30"},{"lineNumber":17,"author":{"gitId":"remuslum"},"content":"    public void execute(TaskList taskList, Ui ui)throws DukeException {","lastModifiedDate":"2023-08-30"},{"lineNumber":18,"author":{"gitId":"remuslum"},"content":"        try {","lastModifiedDate":"2023-08-30"},{"lineNumber":19,"author":{"gitId":"remuslum"},"content":"            Task taskToBeMarked\u003d taskList.getTask(this.taskNumber);","lastModifiedDate":"2023-08-30"},{"lineNumber":20,"author":{"gitId":"remuslum"},"content":"            if (taskToBeMarked.isTaskCompleted()){","lastModifiedDate":"2023-08-30"},{"lineNumber":21,"author":{"gitId":"remuslum"},"content":"                throw new DukeException(\"Task has already been marked as completed.\");","lastModifiedDate":"2023-08-30"},{"lineNumber":22,"author":{"gitId":"remuslum"},"content":"            }","lastModifiedDate":"2023-08-30"},{"lineNumber":23,"author":{"gitId":"remuslum"},"content":"            else {","lastModifiedDate":"2023-08-30"},{"lineNumber":24,"author":{"gitId":"remuslum"},"content":"                taskToBeMarked.markTaskCompleted();","lastModifiedDate":"2023-08-30"},{"lineNumber":25,"author":{"gitId":"remuslum"},"content":"                ui.showMarkMessage();","lastModifiedDate":"2023-08-30"},{"lineNumber":26,"author":{"gitId":"remuslum"},"content":"                System.out.println(taskToBeMarked.toString());","lastModifiedDate":"2023-08-30"},{"lineNumber":27,"author":{"gitId":"remuslum"},"content":"            }","lastModifiedDate":"2023-08-30"},{"lineNumber":28,"author":{"gitId":"remuslum"},"content":"        } catch (IndexOutOfBoundsException e){","lastModifiedDate":"2023-08-30"},{"lineNumber":29,"author":{"gitId":"remuslum"},"content":"            throw new DukeException(ErrorMessages.INVALID_TASK_NUMBER.getMessage());","lastModifiedDate":"2023-08-30"},{"lineNumber":30,"author":{"gitId":"remuslum"},"content":"        }","lastModifiedDate":"2023-08-30"},{"lineNumber":31,"author":{"gitId":"remuslum"},"content":"","lastModifiedDate":"2023-08-30"},{"lineNumber":32,"author":{"gitId":"remuslum"},"content":"    }","lastModifiedDate":"2023-08-30"},{"lineNumber":33,"author":{"gitId":"remuslum"},"content":"}","lastModifiedDate":"2023-08-30"}],"authorContributionMap":{"remuslum":33}},{"path":"src/main/java/duke/command/UnmarkCommand.java","fileType":"java","lines":[{"lineNumber":1,"author":{"gitId":"remuslum"},"content":"package duke.command;","lastModifiedDate":"2023-08-30"},{"lineNumber":2,"author":{"gitId":"remuslum"},"content":"import duke.TaskList;","lastModifiedDate":"2023-08-30"},{"lineNumber":3,"author":{"gitId":"remuslum"},"content":"import duke.Ui;","lastModifiedDate":"2023-08-30"},{"lineNumber":4,"author":{"gitId":"remuslum"},"content":"import duke.DukeException;","lastModifiedDate":"2023-08-30"},{"lineNumber":5,"author":{"gitId":"remuslum"},"content":"import duke.task.Task;","lastModifiedDate":"2023-08-30"},{"lineNumber":6,"author":{"gitId":"remuslum"},"content":"import duke.messages.ErrorMessages;","lastModifiedDate":"2023-08-30"},{"lineNumber":7,"author":{"gitId":"remuslum"},"content":"","lastModifiedDate":"2023-08-30"},{"lineNumber":8,"author":{"gitId":"remuslum"},"content":"import duke.command.Command;","lastModifiedDate":"2023-08-30"},{"lineNumber":9,"author":{"gitId":"remuslum"},"content":"","lastModifiedDate":"2023-08-30"},{"lineNumber":10,"author":{"gitId":"remuslum"},"content":"public class UnmarkCommand extends Command {","lastModifiedDate":"2023-08-30"},{"lineNumber":11,"author":{"gitId":"remuslum"},"content":"    protected int taskNumber;","lastModifiedDate":"2023-08-30"},{"lineNumber":12,"author":{"gitId":"remuslum"},"content":"","lastModifiedDate":"2023-08-30"},{"lineNumber":13,"author":{"gitId":"remuslum"},"content":"    public UnmarkCommand(int taskNumber){","lastModifiedDate":"2023-08-30"},{"lineNumber":14,"author":{"gitId":"remuslum"},"content":"        this.taskNumber \u003d taskNumber;","lastModifiedDate":"2023-08-30"},{"lineNumber":15,"author":{"gitId":"remuslum"},"content":"    }","lastModifiedDate":"2023-08-30"},{"lineNumber":16,"author":{"gitId":"remuslum"},"content":"","lastModifiedDate":"2023-08-30"},{"lineNumber":17,"author":{"gitId":"remuslum"},"content":"    public void execute(TaskList taskList, Ui ui) throws DukeException {","lastModifiedDate":"2023-08-30"},{"lineNumber":18,"author":{"gitId":"remuslum"},"content":"        try {","lastModifiedDate":"2023-08-30"},{"lineNumber":19,"author":{"gitId":"remuslum"},"content":"            Task taskToBeUnmarked \u003d taskList.getTask(this.taskNumber);","lastModifiedDate":"2023-08-30"},{"lineNumber":20,"author":{"gitId":"remuslum"},"content":"            if (!taskToBeUnmarked.isTaskCompleted()){","lastModifiedDate":"2023-08-30"},{"lineNumber":21,"author":{"gitId":"remuslum"},"content":"                throw new DukeException(\"Task has already been marked as uncompleted.\");","lastModifiedDate":"2023-08-30"},{"lineNumber":22,"author":{"gitId":"remuslum"},"content":"            }","lastModifiedDate":"2023-08-30"},{"lineNumber":23,"author":{"gitId":"remuslum"},"content":"            taskToBeUnmarked.markTaskUncompleted();","lastModifiedDate":"2023-08-30"},{"lineNumber":24,"author":{"gitId":"remuslum"},"content":"            ui.showUnmarkMessage();","lastModifiedDate":"2023-08-30"},{"lineNumber":25,"author":{"gitId":"remuslum"},"content":"            System.out.println(taskToBeUnmarked.toString());","lastModifiedDate":"2023-08-30"},{"lineNumber":26,"author":{"gitId":"remuslum"},"content":"        } catch (IndexOutOfBoundsException e){","lastModifiedDate":"2023-08-30"},{"lineNumber":27,"author":{"gitId":"remuslum"},"content":"            throw new DukeException(ErrorMessages.INVALID_TASK_NUMBER.getMessage());","lastModifiedDate":"2023-08-30"},{"lineNumber":28,"author":{"gitId":"remuslum"},"content":"        }","lastModifiedDate":"2023-08-30"},{"lineNumber":29,"author":{"gitId":"remuslum"},"content":"","lastModifiedDate":"2023-08-30"},{"lineNumber":30,"author":{"gitId":"remuslum"},"content":"    }","lastModifiedDate":"2023-08-30"},{"lineNumber":31,"author":{"gitId":"remuslum"},"content":"}","lastModifiedDate":"2023-08-30"}],"authorContributionMap":{"remuslum":31}},{"path":"src/main/java/duke/messages/ErrorMessages.java","fileType":"java","lines":[{"lineNumber":1,"author":{"gitId":"remuslum"},"content":"package duke.messages;","lastModifiedDate":"2023-08-30"},{"lineNumber":2,"author":{"gitId":"remuslum"},"content":"","lastModifiedDate":"2023-08-30"},{"lineNumber":3,"author":{"gitId":"remuslum"},"content":"public enum ErrorMessages {","lastModifiedDate":"2023-08-30"},{"lineNumber":4,"author":{"gitId":"remuslum"},"content":"    INVALID_INPUT(\"I\u0027m sorry, I don\u0027t understand this command. Did you mean to type \"),","lastModifiedDate":"2023-08-24"},{"lineNumber":5,"author":{"gitId":"remuslum"},"content":"    MISSING_TASK_NUMBER(\"I\u0027m sorry, you seem to have forgotten to enter the task number.\"),","lastModifiedDate":"2023-08-24"},{"lineNumber":6,"author":{"gitId":"remuslum"},"content":"    INVALID_TASK_NUMBER(\"I\u0027m sorry, the task number you have entered a number that exceeds the size of your task list.\"),","lastModifiedDate":"2023-08-24"},{"lineNumber":7,"author":{"gitId":"remuslum"},"content":"    EMPTY_DESCRIPTION_HEAD(\"I\u0027m sorry, the description of a \"),","lastModifiedDate":"2023-08-24"},{"lineNumber":8,"author":{"gitId":"remuslum"},"content":"    EMPTY_DESCRIPTION_TAIL(\" cannot be empty\"),","lastModifiedDate":"2023-08-24"},{"lineNumber":9,"author":{"gitId":"remuslum"},"content":"    INCOMPREHENSIBLE_TASK(\"I\u0027m sorry, I don\u0027t understand this task.\"),","lastModifiedDate":"2023-08-30"},{"lineNumber":10,"author":{"gitId":"remuslum"},"content":"    MISSING_DEADLINE(\"Deadline is not provided. Please indicate your deadline by placing a \u0027/by\u0027 before the deadline.\"),","lastModifiedDate":"2023-08-30"},{"lineNumber":11,"author":{"gitId":"remuslum"},"content":"    MISSING_EVENT_TIMING(\"I\u0027m sorry, you seem to have forgotten to enter a start/end time. \" +","lastModifiedDate":"2023-08-30"},{"lineNumber":12,"author":{"gitId":"remuslum"},"content":"            \"Please indicate the start time starting with /from and the end time starting with /to.\"),","lastModifiedDate":"2023-08-30"},{"lineNumber":13,"author":{"gitId":"remuslum"},"content":"    TOO_MANY_EVENT_TIMINGS(\"I\u0027m sorry, you seem to have entered too many timings.\"),","lastModifiedDate":"2023-08-30"},{"lineNumber":14,"author":{"gitId":"remuslum"},"content":"    INVALID_END_DATE(\"End date cannot be before start date!\");","lastModifiedDate":"2023-08-30"},{"lineNumber":15,"author":{"gitId":"remuslum"},"content":"","lastModifiedDate":"2023-08-24"},{"lineNumber":16,"author":{"gitId":"remuslum"},"content":"    private final String message ;","lastModifiedDate":"2023-08-24"},{"lineNumber":17,"author":{"gitId":"remuslum"},"content":"","lastModifiedDate":"2023-08-24"},{"lineNumber":18,"author":{"gitId":"remuslum"},"content":"    ErrorMessages(String message){","lastModifiedDate":"2023-08-24"},{"lineNumber":19,"author":{"gitId":"remuslum"},"content":"        this.message \u003d message;","lastModifiedDate":"2023-08-24"},{"lineNumber":20,"author":{"gitId":"remuslum"},"content":"    }","lastModifiedDate":"2023-08-24"},{"lineNumber":21,"author":{"gitId":"remuslum"},"content":"","lastModifiedDate":"2023-08-24"},{"lineNumber":22,"author":{"gitId":"remuslum"},"content":"    public String getMessage(){","lastModifiedDate":"2023-08-24"},{"lineNumber":23,"author":{"gitId":"remuslum"},"content":"        return this.message ;","lastModifiedDate":"2023-08-24"},{"lineNumber":24,"author":{"gitId":"remuslum"},"content":"    }","lastModifiedDate":"2023-08-24"},{"lineNumber":25,"author":{"gitId":"remuslum"},"content":"}","lastModifiedDate":"2023-08-24"}],"authorContributionMap":{"remuslum":25}},{"path":"src/main/java/duke/messages/Messages.java","fileType":"java","lines":[{"lineNumber":1,"author":{"gitId":"remuslum"},"content":"package duke.messages;","lastModifiedDate":"2023-08-30"},{"lineNumber":2,"author":{"gitId":"remuslum"},"content":"","lastModifiedDate":"2023-08-30"},{"lineNumber":3,"author":{"gitId":"remuslum"},"content":"public enum Messages {","lastModifiedDate":"2023-08-30"},{"lineNumber":4,"author":{"gitId":"remuslum"},"content":"    INTRODUCTION(\"Hello! I\u0027m Chad. \\n\" + \"What can I do for you?\"),","lastModifiedDate":"2023-08-30"},{"lineNumber":5,"author":{"gitId":"remuslum"},"content":"    LIST_COMMAND(\"Here are the tasks on your list: \"),","lastModifiedDate":"2023-08-30"},{"lineNumber":6,"author":{"gitId":"remuslum"},"content":"    MARK_COMMAND(\"Nice! I\u0027ve marked this task as done:\"),","lastModifiedDate":"2023-08-30"},{"lineNumber":7,"author":{"gitId":"remuslum"},"content":"    UNMARK_COMMAND(\"OK, I\u0027ve marked this task as not done yet.\"),","lastModifiedDate":"2023-08-30"},{"lineNumber":8,"author":{"gitId":"remuslum"},"content":"    DELETED_COMMAND(\"Noted. I\u0027ve removed this task:\"),","lastModifiedDate":"2023-08-30"},{"lineNumber":9,"author":{"gitId":"remuslum"},"content":"    GOODBYE_MESSAGE(\"Bye. Hope to see you again soon!\"),","lastModifiedDate":"2023-08-30"},{"lineNumber":10,"author":{"gitId":"remuslum"},"content":"    TASK_ADDED(\"Got it. I\u0027ve added this task:\"),","lastModifiedDate":"2023-08-30"},{"lineNumber":11,"author":{"gitId":"remuslum"},"content":"    DATE_FORMAT(\"yyyy-MM-dd ha\");","lastModifiedDate":"2023-08-30"},{"lineNumber":12,"author":{"gitId":"remuslum"},"content":"","lastModifiedDate":"2023-08-30"},{"lineNumber":13,"author":{"gitId":"remuslum"},"content":"    private final String MESSAGE;","lastModifiedDate":"2023-08-30"},{"lineNumber":14,"author":{"gitId":"remuslum"},"content":"","lastModifiedDate":"2023-08-30"},{"lineNumber":15,"author":{"gitId":"remuslum"},"content":"    Messages(String message){","lastModifiedDate":"2023-08-30"},{"lineNumber":16,"author":{"gitId":"remuslum"},"content":"        this.MESSAGE \u003d message;","lastModifiedDate":"2023-08-30"},{"lineNumber":17,"author":{"gitId":"remuslum"},"content":"    }","lastModifiedDate":"2023-08-30"},{"lineNumber":18,"author":{"gitId":"remuslum"},"content":"","lastModifiedDate":"2023-08-30"},{"lineNumber":19,"author":{"gitId":"remuslum"},"content":"    public String getMessage(){","lastModifiedDate":"2023-08-30"},{"lineNumber":20,"author":{"gitId":"remuslum"},"content":"        return this.MESSAGE;","lastModifiedDate":"2023-08-30"},{"lineNumber":21,"author":{"gitId":"remuslum"},"content":"    }","lastModifiedDate":"2023-08-30"},{"lineNumber":22,"author":{"gitId":"remuslum"},"content":"}","lastModifiedDate":"2023-08-30"}],"authorContributionMap":{"remuslum":22}},{"path":"src/main/java/duke/task/Deadline.java","fileType":"java","lines":[{"lineNumber":1,"author":{"gitId":"remuslum"},"content":"package duke.task;","lastModifiedDate":"2023-08-30"},{"lineNumber":2,"author":{"gitId":"remuslum"},"content":"","lastModifiedDate":"2023-08-30"},{"lineNumber":3,"author":{"gitId":"remuslum"},"content":"import java.time.LocalDateTime;","lastModifiedDate":"2023-08-28"},{"lineNumber":4,"author":{"gitId":"remuslum"},"content":"import java.time.format.DateTimeFormatter;","lastModifiedDate":"2023-08-28"},{"lineNumber":5,"author":{"gitId":"remuslum"},"content":"","lastModifiedDate":"2023-08-28"},{"lineNumber":6,"author":{"gitId":"remuslum"},"content":"public class Deadline extends Task{","lastModifiedDate":"2023-08-23"},{"lineNumber":7,"author":{"gitId":"remuslum"},"content":"    protected LocalDateTime deadline ;","lastModifiedDate":"2023-08-28"},{"lineNumber":8,"author":{"gitId":"remuslum"},"content":"","lastModifiedDate":"2023-08-23"},{"lineNumber":9,"author":{"gitId":"remuslum"},"content":"    public Deadline(String name, LocalDateTime deadline){","lastModifiedDate":"2023-08-28"},{"lineNumber":10,"author":{"gitId":"remuslum"},"content":"        super(name);","lastModifiedDate":"2023-08-23"},{"lineNumber":11,"author":{"gitId":"remuslum"},"content":"        this.deadline \u003d deadline;","lastModifiedDate":"2023-08-23"},{"lineNumber":12,"author":{"gitId":"remuslum"},"content":"    }","lastModifiedDate":"2023-08-23"},{"lineNumber":13,"author":{"gitId":"remuslum"},"content":"","lastModifiedDate":"2023-08-23"},{"lineNumber":14,"author":{"gitId":"remuslum"},"content":"    // Override toString method","lastModifiedDate":"2023-08-23"},{"lineNumber":15,"author":{"gitId":"remuslum"},"content":"    @Override public String toString(){","lastModifiedDate":"2023-08-23"},{"lineNumber":16,"author":{"gitId":"remuslum"},"content":"        return \"[D] \" + super.toString() + \" (by: \" + deadline.format(DateTimeFormatter.ofPattern(\"MMM d yyyy ha\")) + \")\";","lastModifiedDate":"2023-08-28"},{"lineNumber":17,"author":{"gitId":"remuslum"},"content":"    }","lastModifiedDate":"2023-08-23"},{"lineNumber":18,"author":{"gitId":"remuslum"},"content":"","lastModifiedDate":"2023-08-23"},{"lineNumber":19,"author":{"gitId":"remuslum"},"content":"}","lastModifiedDate":"2023-08-23"}],"authorContributionMap":{"remuslum":19}},{"path":"src/main/java/duke/task/Event.java","fileType":"java","lines":[{"lineNumber":1,"author":{"gitId":"remuslum"},"content":"package duke.task;","lastModifiedDate":"2023-08-30"},{"lineNumber":2,"author":{"gitId":"remuslum"},"content":"","lastModifiedDate":"2023-08-30"},{"lineNumber":3,"author":{"gitId":"remuslum"},"content":"import java.time.LocalDateTime;","lastModifiedDate":"2023-08-28"},{"lineNumber":4,"author":{"gitId":"remuslum"},"content":"import java.time.format.DateTimeFormatter;","lastModifiedDate":"2023-08-28"},{"lineNumber":5,"author":{"gitId":"remuslum"},"content":"","lastModifiedDate":"2023-08-28"},{"lineNumber":6,"author":{"gitId":"remuslum"},"content":"public class Event extends Task {","lastModifiedDate":"2023-08-23"},{"lineNumber":7,"author":{"gitId":"remuslum"},"content":"    protected LocalDateTime start ;","lastModifiedDate":"2023-08-28"},{"lineNumber":8,"author":{"gitId":"remuslum"},"content":"    protected LocalDateTime end ;","lastModifiedDate":"2023-08-28"},{"lineNumber":9,"author":{"gitId":"remuslum"},"content":"","lastModifiedDate":"2023-08-23"},{"lineNumber":10,"author":{"gitId":"remuslum"},"content":"        public Event(String name, LocalDateTime start, LocalDateTime end){","lastModifiedDate":"2023-08-28"},{"lineNumber":11,"author":{"gitId":"remuslum"},"content":"        super(name);","lastModifiedDate":"2023-08-23"},{"lineNumber":12,"author":{"gitId":"remuslum"},"content":"        this.start \u003d start;","lastModifiedDate":"2023-08-23"},{"lineNumber":13,"author":{"gitId":"remuslum"},"content":"        this.end \u003d end;","lastModifiedDate":"2023-08-23"},{"lineNumber":14,"author":{"gitId":"remuslum"},"content":"    }","lastModifiedDate":"2023-08-23"},{"lineNumber":15,"author":{"gitId":"remuslum"},"content":"","lastModifiedDate":"2023-08-23"},{"lineNumber":16,"author":{"gitId":"remuslum"},"content":"    //toString method","lastModifiedDate":"2023-08-23"},{"lineNumber":17,"author":{"gitId":"remuslum"},"content":"    @Override public String toString(){","lastModifiedDate":"2023-08-23"},{"lineNumber":18,"author":{"gitId":"remuslum"},"content":"        return \"[E] \" + super.toString() + \" (from: \" + start.format(DateTimeFormatter.ofPattern(\"MMM d yyyy ha\")) +","lastModifiedDate":"2023-08-28"},{"lineNumber":19,"author":{"gitId":"remuslum"},"content":"                \" to: \" + end.format(DateTimeFormatter.ofPattern(\"MMM d yyyy ha\")) + \")\";","lastModifiedDate":"2023-08-28"},{"lineNumber":20,"author":{"gitId":"remuslum"},"content":"    }","lastModifiedDate":"2023-08-23"},{"lineNumber":21,"author":{"gitId":"remuslum"},"content":"","lastModifiedDate":"2023-08-23"},{"lineNumber":22,"author":{"gitId":"remuslum"},"content":"}","lastModifiedDate":"2023-08-23"}],"authorContributionMap":{"remuslum":22}},{"path":"src/main/java/duke/task/Task.java","fileType":"java","lines":[{"lineNumber":1,"author":{"gitId":"remuslum"},"content":"package duke.task;","lastModifiedDate":"2023-08-30"},{"lineNumber":2,"author":{"gitId":"remuslum"},"content":"","lastModifiedDate":"2023-08-30"},{"lineNumber":3,"author":{"gitId":"remuslum"},"content":"public class Task {","lastModifiedDate":"2023-08-23"},{"lineNumber":4,"author":{"gitId":"remuslum"},"content":"    protected String name ;","lastModifiedDate":"2023-08-23"},{"lineNumber":5,"author":{"gitId":"remuslum"},"content":"    protected boolean status ;","lastModifiedDate":"2023-08-23"},{"lineNumber":6,"author":{"gitId":"remuslum"},"content":"","lastModifiedDate":"2023-08-23"},{"lineNumber":7,"author":{"gitId":"remuslum"},"content":"    //Constructors","lastModifiedDate":"2023-08-23"},{"lineNumber":8,"author":{"gitId":"remuslum"},"content":"    public Task(String name){","lastModifiedDate":"2023-08-23"},{"lineNumber":9,"author":{"gitId":"remuslum"},"content":"        this.name \u003d name ;","lastModifiedDate":"2023-08-23"},{"lineNumber":10,"author":{"gitId":"remuslum"},"content":"        this.status \u003d false;","lastModifiedDate":"2023-08-23"},{"lineNumber":11,"author":{"gitId":"remuslum"},"content":"    }","lastModifiedDate":"2023-08-23"},{"lineNumber":12,"author":{"gitId":"remuslum"},"content":"","lastModifiedDate":"2023-08-23"},{"lineNumber":13,"author":{"gitId":"remuslum"},"content":"    private Task(String name, boolean status){","lastModifiedDate":"2023-08-23"},{"lineNumber":14,"author":{"gitId":"remuslum"},"content":"        this.name \u003d name ;","lastModifiedDate":"2023-08-23"},{"lineNumber":15,"author":{"gitId":"remuslum"},"content":"        this.status \u003d status ;","lastModifiedDate":"2023-08-23"},{"lineNumber":16,"author":{"gitId":"remuslum"},"content":"    }","lastModifiedDate":"2023-08-23"},{"lineNumber":17,"author":{"gitId":"remuslum"},"content":"","lastModifiedDate":"2023-08-23"},{"lineNumber":18,"author":{"gitId":"remuslum"},"content":"    //Getters","lastModifiedDate":"2023-08-23"},{"lineNumber":19,"author":{"gitId":"remuslum"},"content":"    public String getTaskName(){","lastModifiedDate":"2023-08-23"},{"lineNumber":20,"author":{"gitId":"remuslum"},"content":"        return this.name;","lastModifiedDate":"2023-08-23"},{"lineNumber":21,"author":{"gitId":"remuslum"},"content":"    }","lastModifiedDate":"2023-08-23"},{"lineNumber":22,"author":{"gitId":"remuslum"},"content":"    public boolean isTaskCompleted(){","lastModifiedDate":"2023-08-23"},{"lineNumber":23,"author":{"gitId":"remuslum"},"content":"        return this.status;","lastModifiedDate":"2023-08-23"},{"lineNumber":24,"author":{"gitId":"remuslum"},"content":"    }","lastModifiedDate":"2023-08-23"},{"lineNumber":25,"author":{"gitId":"remuslum"},"content":"","lastModifiedDate":"2023-08-23"},{"lineNumber":26,"author":{"gitId":"remuslum"},"content":"    // Setters","lastModifiedDate":"2023-08-23"},{"lineNumber":27,"author":{"gitId":"remuslum"},"content":"    public void markTaskCompleted(){","lastModifiedDate":"2023-08-23"},{"lineNumber":28,"author":{"gitId":"remuslum"},"content":"        this.status \u003d true;","lastModifiedDate":"2023-08-23"},{"lineNumber":29,"author":{"gitId":"remuslum"},"content":"    }","lastModifiedDate":"2023-08-23"},{"lineNumber":30,"author":{"gitId":"remuslum"},"content":"    public void markTaskUncompleted(){","lastModifiedDate":"2023-08-23"},{"lineNumber":31,"author":{"gitId":"remuslum"},"content":"        this.status \u003d false;","lastModifiedDate":"2023-08-23"},{"lineNumber":32,"author":{"gitId":"remuslum"},"content":"    }","lastModifiedDate":"2023-08-23"},{"lineNumber":33,"author":{"gitId":"remuslum"},"content":"","lastModifiedDate":"2023-08-23"},{"lineNumber":34,"author":{"gitId":"remuslum"},"content":"    @Override","lastModifiedDate":"2023-08-23"},{"lineNumber":35,"author":{"gitId":"remuslum"},"content":"    public String toString(){","lastModifiedDate":"2023-08-23"},{"lineNumber":36,"author":{"gitId":"remuslum"},"content":"        if (this.status){","lastModifiedDate":"2023-08-23"},{"lineNumber":37,"author":{"gitId":"remuslum"},"content":"            return \"[X] \" + this.name ;","lastModifiedDate":"2023-08-23"},{"lineNumber":38,"author":{"gitId":"remuslum"},"content":"        } else {","lastModifiedDate":"2023-08-23"},{"lineNumber":39,"author":{"gitId":"remuslum"},"content":"            return \"[ ] \" + this.name ;","lastModifiedDate":"2023-08-23"},{"lineNumber":40,"author":{"gitId":"remuslum"},"content":"        }","lastModifiedDate":"2023-08-23"},{"lineNumber":41,"author":{"gitId":"remuslum"},"content":"    }","lastModifiedDate":"2023-08-23"},{"lineNumber":42,"author":{"gitId":"remuslum"},"content":"}","lastModifiedDate":"2023-08-23"}],"authorContributionMap":{"remuslum":42}},{"path":"src/main/java/duke/task/Todo.java","fileType":"java","lines":[{"lineNumber":1,"author":{"gitId":"remuslum"},"content":"package duke.task;","lastModifiedDate":"2023-08-30"},{"lineNumber":2,"author":{"gitId":"remuslum"},"content":"","lastModifiedDate":"2023-08-30"},{"lineNumber":3,"author":{"gitId":"remuslum"},"content":"public class Todo extends Task {","lastModifiedDate":"2023-08-23"},{"lineNumber":4,"author":{"gitId":"remuslum"},"content":"    public Todo(String name){","lastModifiedDate":"2023-08-23"},{"lineNumber":5,"author":{"gitId":"remuslum"},"content":"        super(name);","lastModifiedDate":"2023-08-23"},{"lineNumber":6,"author":{"gitId":"remuslum"},"content":"    }","lastModifiedDate":"2023-08-23"},{"lineNumber":7,"author":{"gitId":"remuslum"},"content":"","lastModifiedDate":"2023-08-23"},{"lineNumber":8,"author":{"gitId":"remuslum"},"content":"    // Override toString method","lastModifiedDate":"2023-08-23"},{"lineNumber":9,"author":{"gitId":"remuslum"},"content":"    @Override public String toString(){","lastModifiedDate":"2023-08-23"},{"lineNumber":10,"author":{"gitId":"remuslum"},"content":"        return \"[T] \" + super.toString();","lastModifiedDate":"2023-08-23"},{"lineNumber":11,"author":{"gitId":"remuslum"},"content":"    }","lastModifiedDate":"2023-08-23"},{"lineNumber":12,"author":{"gitId":"remuslum"},"content":"}","lastModifiedDate":"2023-08-23"}],"authorContributionMap":{"remuslum":12}},{"path":"src/test/java/DeadlineTest.java","fileType":"java","lines":[{"lineNumber":1,"author":{"gitId":"remuslum"},"content":"import duke.task.Deadline;","lastModifiedDate":"2023-08-31"},{"lineNumber":2,"author":{"gitId":"remuslum"},"content":"import org.junit.jupiter.api.Test;","lastModifiedDate":"2023-08-31"},{"lineNumber":3,"author":{"gitId":"remuslum"},"content":"","lastModifiedDate":"2023-08-31"},{"lineNumber":4,"author":{"gitId":"remuslum"},"content":"import java.time.LocalDateTime;","lastModifiedDate":"2023-08-31"},{"lineNumber":5,"author":{"gitId":"remuslum"},"content":"import java.time.format.DateTimeFormatter;","lastModifiedDate":"2023-08-31"},{"lineNumber":6,"author":{"gitId":"remuslum"},"content":"","lastModifiedDate":"2023-08-31"},{"lineNumber":7,"author":{"gitId":"remuslum"},"content":"import static org.junit.jupiter.api.Assertions.assertEquals;","lastModifiedDate":"2023-08-31"},{"lineNumber":8,"author":{"gitId":"remuslum"},"content":"","lastModifiedDate":"2023-08-31"},{"lineNumber":9,"author":{"gitId":"remuslum"},"content":"public class DeadlineTest {","lastModifiedDate":"2023-08-31"},{"lineNumber":10,"author":{"gitId":"remuslum"},"content":"","lastModifiedDate":"2023-08-31"},{"lineNumber":11,"author":{"gitId":"remuslum"},"content":"    @Test","lastModifiedDate":"2023-08-31"},{"lineNumber":12,"author":{"gitId":"remuslum"},"content":"    public void deadlineStringConversion(){","lastModifiedDate":"2023-08-31"},{"lineNumber":13,"author":{"gitId":"remuslum"},"content":"        LocalDateTime deadlineDate \u003d LocalDateTime.parse(\"2023-08-31 4PM\",DateTimeFormatter.ofPattern(\"yyyy-MM-dd ha\"));","lastModifiedDate":"2023-08-31"},{"lineNumber":14,"author":{"gitId":"remuslum"},"content":"        String deadlineTaskName \u003d \"return book\";","lastModifiedDate":"2023-08-31"},{"lineNumber":15,"author":{"gitId":"remuslum"},"content":"        assertEquals(\"[D] [ ] return book (by: Aug 31 2023 4PM)\", new Deadline(deadlineTaskName, deadlineDate).toString());","lastModifiedDate":"2023-08-31"},{"lineNumber":16,"author":{"gitId":"remuslum"},"content":"    }","lastModifiedDate":"2023-08-31"},{"lineNumber":17,"author":{"gitId":"remuslum"},"content":"}","lastModifiedDate":"2023-08-31"}],"authorContributionMap":{"remuslum":17}},{"path":"src/test/java/EventTest.java","fileType":"java","lines":[{"lineNumber":1,"author":{"gitId":"remuslum"},"content":"import duke.task.Event;","lastModifiedDate":"2023-08-31"},{"lineNumber":2,"author":{"gitId":"remuslum"},"content":"import org.junit.jupiter.api.Test;","lastModifiedDate":"2023-08-31"},{"lineNumber":3,"author":{"gitId":"remuslum"},"content":"import java.time.LocalDateTime;","lastModifiedDate":"2023-08-31"},{"lineNumber":4,"author":{"gitId":"remuslum"},"content":"import java.time.format.DateTimeFormatter;","lastModifiedDate":"2023-08-31"},{"lineNumber":5,"author":{"gitId":"remuslum"},"content":"","lastModifiedDate":"2023-08-31"},{"lineNumber":6,"author":{"gitId":"remuslum"},"content":"import static org.junit.jupiter.api.Assertions.assertEquals;","lastModifiedDate":"2023-08-31"},{"lineNumber":7,"author":{"gitId":"remuslum"},"content":"","lastModifiedDate":"2023-08-31"},{"lineNumber":8,"author":{"gitId":"remuslum"},"content":"public class EventTest {","lastModifiedDate":"2023-08-31"},{"lineNumber":9,"author":{"gitId":"remuslum"},"content":"","lastModifiedDate":"2023-08-31"},{"lineNumber":10,"author":{"gitId":"remuslum"},"content":"    @Test","lastModifiedDate":"2023-08-31"},{"lineNumber":11,"author":{"gitId":"remuslum"},"content":"    public void EventStringConversion(){","lastModifiedDate":"2023-08-31"},{"lineNumber":12,"author":{"gitId":"remuslum"},"content":"        DateTimeFormatter formatter \u003d DateTimeFormatter.ofPattern(\"yyyy-MM-dd ha\");","lastModifiedDate":"2023-08-31"},{"lineNumber":13,"author":{"gitId":"remuslum"},"content":"        LocalDateTime startDate \u003d LocalDateTime.parse(\"2023-08-31 2PM\", formatter);","lastModifiedDate":"2023-08-31"},{"lineNumber":14,"author":{"gitId":"remuslum"},"content":"        LocalDateTime endDate \u003d LocalDateTime.parse(\"2023-09-01 1PM\", formatter);","lastModifiedDate":"2023-08-31"},{"lineNumber":15,"author":{"gitId":"remuslum"},"content":"        String taskName \u003d \"project meeting\";","lastModifiedDate":"2023-08-31"},{"lineNumber":16,"author":{"gitId":"remuslum"},"content":"","lastModifiedDate":"2023-08-31"},{"lineNumber":17,"author":{"gitId":"remuslum"},"content":"        assertEquals(\"[E] [ ] project meeting (from: Aug 31 2023 2PM to: Sep 1 2023 1PM)\", new Event(taskName, startDate, endDate).toString());","lastModifiedDate":"2023-08-31"},{"lineNumber":18,"author":{"gitId":"remuslum"},"content":"    }","lastModifiedDate":"2023-08-31"},{"lineNumber":19,"author":{"gitId":"remuslum"},"content":"}","lastModifiedDate":"2023-08-31"}],"authorContributionMap":{"remuslum":19}},{"path":"src/test/java/TodoTest.java","fileType":"java","lines":[{"lineNumber":1,"author":{"gitId":"remuslum"},"content":"import duke.task.Todo;","lastModifiedDate":"2023-08-31"},{"lineNumber":2,"author":{"gitId":"remuslum"},"content":"import org.junit.jupiter.api.Test;","lastModifiedDate":"2023-08-31"},{"lineNumber":3,"author":{"gitId":"remuslum"},"content":"import static org.junit.jupiter.api.Assertions.assertEquals;","lastModifiedDate":"2023-08-31"},{"lineNumber":4,"author":{"gitId":"remuslum"},"content":"","lastModifiedDate":"2023-08-31"},{"lineNumber":5,"author":{"gitId":"remuslum"},"content":"public class TodoTest {","lastModifiedDate":"2023-08-31"},{"lineNumber":6,"author":{"gitId":"remuslum"},"content":"","lastModifiedDate":"2023-08-31"},{"lineNumber":7,"author":{"gitId":"remuslum"},"content":"    @Test","lastModifiedDate":"2023-08-31"},{"lineNumber":8,"author":{"gitId":"remuslum"},"content":"    public void ToDoStringConversion(){","lastModifiedDate":"2023-08-31"},{"lineNumber":9,"author":{"gitId":"remuslum"},"content":"        String taskName \u003d \"return book\" ;","lastModifiedDate":"2023-08-31"},{"lineNumber":10,"author":{"gitId":"remuslum"},"content":"        assertEquals(\"[T] [ ] return book\", new Todo(taskName).toString());","lastModifiedDate":"2023-08-31"},{"lineNumber":11,"author":{"gitId":"remuslum"},"content":"    }","lastModifiedDate":"2023-08-31"},{"lineNumber":12,"author":{"gitId":"remuslum"},"content":"}","lastModifiedDate":"2023-08-31"}],"authorContributionMap":{"remuslum":12}},{"path":"text-ui-test/input.txt","fileType":"txt","lines":[{"lineNumber":1,"author":{"gitId":"remuslum"},"content":"todo borrow book","lastModifiedDate":"2023-08-24"},{"lineNumber":2,"author":{"gitId":"remuslum"},"content":"deadline return book /by 2023-09-01 4PM","lastModifiedDate":"2023-08-30"},{"lineNumber":3,"author":{"gitId":"remuslum"},"content":"event project meeting /from 2023-09-02 2PM /to 2023-09-03 4PM","lastModifiedDate":"2023-08-30"},{"lineNumber":4,"author":{"gitId":"remuslum"},"content":"bye","lastModifiedDate":"2023-08-25"}],"authorContributionMap":{"remuslum":4}},{"path":"text-ui-test/runtest.sh","fileType":"sh","lines":[{"lineNumber":1,"author":{"gitId":"-"},"content":"#!/usr/bin/env bash","lastModifiedDate":"2020-05-25"},{"lineNumber":2,"author":{"gitId":"-"},"content":"","lastModifiedDate":"2020-05-25"},{"lineNumber":3,"author":{"gitId":"-"},"content":"# create bin directory if it doesn\u0027t exist","lastModifiedDate":"2020-05-25"},{"lineNumber":4,"author":{"gitId":"-"},"content":"if [ ! -d \"../bin\" ]","lastModifiedDate":"2020-05-25"},{"lineNumber":5,"author":{"gitId":"-"},"content":"then","lastModifiedDate":"2020-05-25"},{"lineNumber":6,"author":{"gitId":"-"},"content":"    mkdir ../bin","lastModifiedDate":"2020-05-25"},{"lineNumber":7,"author":{"gitId":"-"},"content":"fi","lastModifiedDate":"2020-05-25"},{"lineNumber":8,"author":{"gitId":"-"},"content":"","lastModifiedDate":"2020-05-25"},{"lineNumber":9,"author":{"gitId":"-"},"content":"# delete output from previous run","lastModifiedDate":"2020-05-25"},{"lineNumber":10,"author":{"gitId":"-"},"content":"if [ -e \"./ACTUAL.TXT\" ]","lastModifiedDate":"2020-05-25"},{"lineNumber":11,"author":{"gitId":"-"},"content":"then","lastModifiedDate":"2020-05-25"},{"lineNumber":12,"author":{"gitId":"-"},"content":"    rm ACTUAL.TXT","lastModifiedDate":"2020-05-25"},{"lineNumber":13,"author":{"gitId":"-"},"content":"fi","lastModifiedDate":"2020-05-25"},{"lineNumber":14,"author":{"gitId":"-"},"content":"","lastModifiedDate":"2020-05-25"},{"lineNumber":15,"author":{"gitId":"-"},"content":"# compile the code into the bin folder, terminates if error occurred","lastModifiedDate":"2020-05-25"},{"lineNumber":16,"author":{"gitId":"-"},"content":"if ! javac -cp ../src/main/java -Xlint:none -d ../bin ../src/main/java/*.java","lastModifiedDate":"2020-08-25"},{"lineNumber":17,"author":{"gitId":"-"},"content":"then","lastModifiedDate":"2020-05-25"},{"lineNumber":18,"author":{"gitId":"-"},"content":"    echo \"********** BUILD FAILURE **********\"","lastModifiedDate":"2020-05-25"},{"lineNumber":19,"author":{"gitId":"-"},"content":"    exit 1","lastModifiedDate":"2020-05-25"},{"lineNumber":20,"author":{"gitId":"-"},"content":"fi","lastModifiedDate":"2020-05-25"},{"lineNumber":21,"author":{"gitId":"-"},"content":"","lastModifiedDate":"2020-05-25"},{"lineNumber":22,"author":{"gitId":"-"},"content":"# run the program, feed commands from input.txt file and redirect the output to the ACTUAL.TXT","lastModifiedDate":"2020-05-25"},{"lineNumber":23,"author":{"gitId":"-"},"content":"java -classpath ../bin Duke \u003c input.txt \u003e ACTUAL.TXT","lastModifiedDate":"2020-05-25"},{"lineNumber":24,"author":{"gitId":"-"},"content":"","lastModifiedDate":"2020-05-25"},{"lineNumber":25,"author":{"gitId":"remuslum"},"content":"diff ACTUAL.TXT EXPECTED.TXT","lastModifiedDate":"2023-08-24"},{"lineNumber":26,"author":{"gitId":"-"},"content":"if [ $? -eq 0 ]","lastModifiedDate":"2020-05-25"},{"lineNumber":27,"author":{"gitId":"-"},"content":"then","lastModifiedDate":"2020-05-25"},{"lineNumber":28,"author":{"gitId":"-"},"content":"    echo \"Test result: PASSED\"","lastModifiedDate":"2020-05-25"},{"lineNumber":29,"author":{"gitId":"-"},"content":"    exit 0","lastModifiedDate":"2020-05-25"},{"lineNumber":30,"author":{"gitId":"-"},"content":"else","lastModifiedDate":"2020-05-25"},{"lineNumber":31,"author":{"gitId":"-"},"content":"    echo \"Test result: FAILED\"","lastModifiedDate":"2020-05-25"},{"lineNumber":32,"author":{"gitId":"-"},"content":"    exit 1","lastModifiedDate":"2020-05-25"},{"lineNumber":33,"author":{"gitId":"-"},"content":"fi","lastModifiedDate":"2020-05-25"}],"authorContributionMap":{"-":32,"remuslum":1}}]
