{"authorDailyContributionsMap":{"remuslum":[{"date":"2023-08-23","commitResults":[{"hash":"e61fab800a7eeefe3885d7eb99ac64921e8d9fb8","isMergeCommit":false,"messageTitle":"Added Rename, Greet and Exit","messageBody":"","tags":["Level-0"],"fileTypesAndContributionMap":{"java":{"insertions":5,"deletions":1}}},{"hash":"e7892094d67cdf40955b069c5f5d552750d326e9","isMergeCommit":false,"messageTitle":"Added Echo","messageBody":"","tags":["Level-1"],"fileTypesAndContributionMap":{"java":{"insertions":23,"deletions":1}}},{"hash":"fc872b475592f92867ae663b77c33ededd852e5d","isMergeCommit":false,"messageTitle":"Added Add, List","messageBody":"","tags":["Level-2"],"fileTypesAndContributionMap":{"java":{"insertions":16,"deletions":4}}},{"hash":"8b9232e8531da03d4a6408fa5bc92fed95e1230c","isMergeCommit":false,"messageTitle":"Added Done and Undone","messageBody":"","tags":["Level-3"],"fileTypesAndContributionMap":{"java":{"insertions":77,"deletions":8}}},{"hash":"192b55aca235969ca6186a9b2f4087649bd63129","isMergeCommit":false,"messageTitle":"Added ToDos, Events, Deadlines","messageBody":"","tags":["Level-4"],"fileTypesAndContributionMap":{"java":{"insertions":103,"deletions":33}}}]},{"date":"2023-08-24","commitResults":[{"hash":"2d28637cdc1aa50f904ad7ec089cc8c9757febdb","isMergeCommit":false,"messageTitle":"Added Automated Text UI testing","messageBody":"","tags":["A-TextUiTesting"],"fileTypesAndContributionMap":{"txt":{"insertions":3,"deletions":0},"java":{"insertions":0,"deletions":1},"sh":{"insertions":1,"deletions":6}}},{"hash":"272d454b84e225dcd1cf035425d9e2a65d2f0c61","isMergeCommit":false,"messageTitle":"Added Error Handling","messageBody":"","tags":["Level-5"],"fileTypesAndContributionMap":{"java":{"insertions":129,"deletions":72}}},{"hash":"53f7954bed4bd69e62540077ec1cc26e9af32223","isMergeCommit":false,"messageTitle":"Added Delete","messageBody":"","tags":["Level-6"],"fileTypesAndContributionMap":{"java":{"insertions":17,"deletions":0}}},{"hash":"a8a6878a9ac6a40baacc6f8cdc5576be9cd84af3","isMergeCommit":false,"messageTitle":"Added enum class for error messages","messageBody":"","tags":["enum","A-Enums"],"fileTypesAndContributionMap":{"java":{"insertions":38,"deletions":18}}}]},{"date":"2023-08-25","commitResults":[{"hash":"8e539cc22d68fce1a99598ffa132de26c6a1f48c","isMergeCommit":false,"messageTitle":"Revert \"Added enum class for error messages\"","messageBody":"This reverts commit a8a6878a9ac6a40baacc6f8cdc5576be9cd84af3.\n","fileTypesAndContributionMap":{"java":{"insertions":18,"deletions":38}}},{"hash":"d6df8ad47baf7476b23e6ec0ef9c1c2dbab03ac5","isMergeCommit":false,"messageTitle":"Added enum class for error messages","messageBody":"","fileTypesAndContributionMap":{"java":{"insertions":38,"deletions":18}}},{"hash":"7a50bc98f9602c53661dcc3d3e4c562c7682ad52","isMergeCommit":false,"messageTitle":"Modified the input and Expected textfiles","messageBody":"","tags":["A-TextUiTesting2"],"fileTypesAndContributionMap":{"txt":{"insertions":2,"deletions":1}}}]},{"date":"2023-08-28","commitResults":[{"hash":"9132acb0f56c333f4648684d2d8cc5ccda5bc9c0","isMergeCommit":false,"messageTitle":"Added duke.txt and save/load methods","messageBody":"","tags":["Level-7"],"fileTypesAndContributionMap":{"txt":{"insertions":3,"deletions":0},"java":{"insertions":46,"deletions":0}}},{"hash":"39815f2e105d0f12cd572eecebb5917c1bf9a26e","isMergeCommit":false,"messageTitle":"Added DateTime Parser","messageBody":"","tags":["Level-8"],"fileTypesAndContributionMap":{"txt":{"insertions":1,"deletions":3},"java":{"insertions":39,"deletions":19}}}]},{"date":"2023-08-30","commitResults":[{"hash":"b6dfd3975eab9d87920e84f6f499290d7c8e385e","isMergeCommit":false,"messageTitle":"Added all necessary Classes","messageBody":"","tags":["A-MoreOOP"],"fileTypesAndContributionMap":{"txt":{"insertions":5,"deletions":3},"java":{"insertions":388,"deletions":222}}},{"hash":"3daa5a7bdcd339d58ddf68a2611b71cd8ab12566","isMergeCommit":true,"messageTitle":"Merge pull request #1 from remuslum/A-MoreOOP","messageBody":"Added all necessary Classes","fileTypesAndContributionMap":{}},{"hash":"2ec78cda7d2d0392fb3a4a10c83f1449cec8c0b9","isMergeCommit":false,"messageTitle":"Added Packages for all classes","messageBody":"","tags":["A-Packages"],"fileTypesAndContributionMap":{"java":{"insertions":108,"deletions":25}}},{"hash":"2c3e5c698e62c1d866c63c738361b5ecbf55d866","isMergeCommit":true,"messageTitle":"Merge pull request #2 from remuslum/packages","messageBody":"Added Packages for all classes","fileTypesAndContributionMap":{}}]},{"date":"2023-08-31","commitResults":[{"hash":"fb78f5d54abe131c8338982f3a1fc60df328481f","isMergeCommit":true,"messageTitle":"Merge branch \u0027master\u0027 into add-gradle-support","messageBody":"","tags":["A-Gradle"],"fileTypesAndContributionMap":{}},{"hash":"e7411787cb6ee8bc8d5a1946d19197ac22e487b5","isMergeCommit":false,"messageTitle":"Added JUnit Test Classes","messageBody":"","tags":["A-JUnit"],"fileTypesAndContributionMap":{"txt":{"insertions":2,"deletions":3},"java":{"insertions":48,"deletions":0}}},{"hash":"4038f8d04b261bd3052e8bb352bfee3fa1a408d3","isMergeCommit":false,"messageTitle":"Added JAR file","messageBody":"","tags":["A-Jar"],"fileTypesAndContributionMap":{"gradle":{"insertions":3,"deletions":0}}},{"hash":"f51fe64d2b1c2148bf148cb58ce76f2c462736f3","isMergeCommit":false,"messageTitle":"Added JavaDoc for all classes","messageBody":"","tags":["A-JavaDoc"],"fileTypesAndContributionMap":{"java":{"insertions":147,"deletions":8}}},{"hash":"1d0a756f949dbbb1b6ab925fa8936b726fd9b634","isMergeCommit":false,"messageTitle":"Applied Coding Standard","messageBody":"","tags":["A-CodingStandard"],"fileTypesAndContributionMap":{"java":{"insertions":0,"deletions":11}}},{"hash":"42f4fe9666092d8ede72c3e5965d3b743655ff98","isMergeCommit":false,"messageTitle":"Added FindCommand","messageBody":"","fileTypesAndContributionMap":{"java":{"insertions":69,"deletions":10}}},{"hash":"3dc1e217099f432e3e434334b0dc82e5259afb68","isMergeCommit":false,"messageTitle":"Added FindCommand","messageBody":"","tags":["Level-9"],"fileTypesAndContributionMap":{"java":{"insertions":69,"deletions":10}}}]},{"date":"2023-09-06","commitResults":[{"hash":"d898ced2b619f0921c1a3f42fdb96f3dc24c5a71","isMergeCommit":false,"messageTitle":"Added CheckStyle and Set Up GUI","messageBody":"","fileTypesAndContributionMap":{"gradle":{"insertions":28,"deletions":2},"fxml":{"insertions":38,"deletions":0},"java":{"insertions":258,"deletions":9}}}]},{"date":"2023-09-07","commitResults":[{"hash":"c9851ba05bee08754382b8252e35e8457b13c079","isMergeCommit":false,"messageTitle":"Modified GUI Code to launch Duke ChatBot","messageBody":"","tags":["Level-10"],"fileTypesAndContributionMap":{"txt":{"insertions":6,"deletions":0},"java":{"insertions":80,"deletions":62}}},{"hash":"fe4a04df216b787af6230bb034a304a82ba86929","isMergeCommit":false,"messageTitle":"Included JUnit Test Cases for add, delete and mark","messageBody":"","tags":["A-JUnit-2"],"fileTypesAndContributionMap":{"java":{"insertions":138,"deletions":2}}},{"hash":"6eac008d16a744d37d633d4ab1d8aad227abd316","isMergeCommit":false,"messageTitle":"Modified code to fit style","messageBody":"","tags":["A-CheckStyle"],"fileTypesAndContributionMap":{"java":{"insertions":96,"deletions":83}}}]},{"date":"2023-09-08","commitResults":[{"hash":"50249f59cb4d6b78b925b6709ec4cb6bf25d4635","isMergeCommit":false,"messageTitle":"Modified the subtraction of index to the individual commands","messageBody":"","tags":["BugFixing"],"fileTypesAndContributionMap":{"java":{"insertions":4,"deletions":4}}},{"hash":"05e1752b2ae37f1f7f0ff1570f04b0610ee99b2d","isMergeCommit":false,"messageTitle":"Added UnmarkCommand JUnit test","messageBody":"","tags":["A-JUnit-3"],"fileTypesAndContributionMap":{"java":{"insertions":69,"deletions":3}}},{"hash":"752321110dc94aea5098977f1ec99bbc1256b1be","isMergeCommit":true,"messageTitle":"Merge branch \u0027branch-jUnit-2\u0027","messageBody":"","fileTypesAndContributionMap":{}}]}]},"authorFileTypeContributionMap":{"remuslum":{"java":1311,"md":0,"fxml":38,"sh":1,"bat":0,"gradle":30,"txt":12}},"authorContributionVariance":{"remuslum":39556.133},"authorDisplayNameMap":{"remuslum":"CS2103-F13-2 LUM ..EMUS"}}
