{"authorDailyContributionsMap":{"teoks0199":[{"date":"2023-08-22","commitResults":[{"hash":"7fcd978460fdbadf9a5786fd0836175cb2f58eea","isMergeCommit":false,"messageTitle":"Rename, Greet, Exit","messageBody":"","tags":["Level-0"],"fileTypesAndContributionMap":{"java":{"insertions":3,"deletions":6}}},{"hash":"00e6337141fba06b2a143057dca5b78dff7c3a43","isMergeCommit":false,"messageTitle":"Echo","messageBody":"","tags":["Level-1"],"fileTypesAndContributionMap":{"java":{"insertions":12,"deletions":3}}},{"hash":"a37d83e55c541aa0a7893bf3cfae8cdfd84acc01","isMergeCommit":false,"messageTitle":"Add, List","messageBody":"","tags":["Level-2"],"fileTypesAndContributionMap":{"java":{"insertions":13,"deletions":3}}},{"hash":"db596f14d0b0a970c9026117b6c99a63c4639063","isMergeCommit":false,"messageTitle":"Mark as Done","messageBody":"","tags":["Level-3"],"fileTypesAndContributionMap":{"java":{"insertions":54,"deletions":7}}},{"hash":"df39d7660a630eb29586ba52fca8d03c9562de9c","isMergeCommit":false,"messageTitle":"ToDos, Events, Deadlines","messageBody":"","tags":["Level-4"],"fileTypesAndContributionMap":{"java":{"insertions":76,"deletions":9}}},{"hash":"98ca946e28e7c425a0186d08b9475af630d4fc88","isMergeCommit":false,"messageTitle":"Automated Text UI Testing","messageBody":"","tags":["A-TextUiTesting"],"fileTypesAndContributionMap":{"txt":{"insertions":7,"deletions":0},"bat":{"insertions":1,"deletions":0}}}]},{"date":"2023-08-23","commitResults":[{"hash":"3e14023cdca5ba973b82439cbea6c11a3bc58b0a","isMergeCommit":false,"messageTitle":"Handle Errors","messageBody":"","tags":["Level-5"],"fileTypesAndContributionMap":{"java":{"insertions":87,"deletions":39}}},{"hash":"7e3a7ffb1769c20f3e88b55920450fa5255a1dbc","isMergeCommit":false,"messageTitle":" Delete","messageBody":"","tags":["Level-6"],"fileTypesAndContributionMap":{"txt":{"insertions":5,"deletions":0},"java":{"insertions":13,"deletions":1}}}]},{"date":"2023-08-29","commitResults":[{"hash":"144ebe41533d82f2dbd7a17b11bbd7b6dd5874be","isMergeCommit":false,"messageTitle":"add javadocs","messageBody":"","fileTypesAndContributionMap":{"java":{"insertions":95,"deletions":1}}},{"hash":"ca363539c5989ef16257266db8518c90203c70c3","isMergeCommit":false,"messageTitle":"Save","messageBody":"","fileTypesAndContributionMap":{"txt":{"insertions":8,"deletions":0},"java":{"insertions":253,"deletions":102}}},{"hash":"f59ea098e647cebdcea41f1656f18422ccacf800","isMergeCommit":false,"messageTitle":"test","messageBody":"","fileTypesAndContributionMap":{"java":{"insertions":0,"deletions":1}}},{"hash":"8fdb94c947485adeed433dae940093d56e1d077b","isMergeCommit":true,"messageTitle":"Merge branch \u0027branch-Level-7\u0027","messageBody":"","tags":["Level-7"],"fileTypesAndContributionMap":{}},{"hash":"637f692f176b97c438462011baf0de9822ad8d48","isMergeCommit":false,"messageTitle":"Dates and Times","messageBody":"","fileTypesAndContributionMap":{"txt":{"insertions":3,"deletions":3},"java":{"insertions":35,"deletions":16}}},{"hash":"e12e7a5a7d24038a886d96047532f503c1291eee","isMergeCommit":true,"messageTitle":"Merge branch \u0027branch-Level-8\u0027","messageBody":"","tags":["Level-8"],"fileTypesAndContributionMap":{}},{"hash":"ad8e6628b47390543fa37e79bbf4da935f7f1705","isMergeCommit":false,"messageTitle":"More OOP","messageBody":"","fileTypesAndContributionMap":{"txt":{"insertions":3,"deletions":1},"java":{"insertions":307,"deletions":228}}},{"hash":"8daa6743b4f2cad1234d29b52051d13146d3a7ae","isMergeCommit":true,"messageTitle":"Merge branch \u0027branch-A-MoreOOP\u0027","messageBody":"","tags":["A-MoreOOP"],"fileTypesAndContributionMap":{}}]},{"date":"2023-08-30","commitResults":[{"hash":"c51a81ebe4297482156ca0826b4b2f03d9d638a6","isMergeCommit":false,"messageTitle":"Add packages","messageBody":"","tags":["A-Packages"],"fileTypesAndContributionMap":{"txt":{"insertions":2,"deletions":0},"java":{"insertions":27,"deletions":10},"bat":{"insertions":1,"deletions":1}}},{"hash":"d86cc29d71b554efb7706abd642a5c71128ca74d","isMergeCommit":false,"messageTitle":"Fix bugs","messageBody":"","fileTypesAndContributionMap":{"txt":{"insertions":1,"deletions":5},"java":{"insertions":2,"deletions":3}}}]},{"date":"2023-08-31","commitResults":[{"hash":"eecc5b8ba56f1ddc351ce0f8989aefc45aa0418f","isMergeCommit":true,"messageTitle":"Merge branch \u0027add-gradle-support\u0027 into branch-A-Gradle","messageBody":"","fileTypesAndContributionMap":{}},{"hash":"e6f882225e52946b11c4da3f3d9bcfb742e3735d","isMergeCommit":false,"messageTitle":"Add gradle","messageBody":"","fileTypesAndContributionMap":{"gradle":{"insertions":1,"deletions":1},"txt":{"insertions":1,"deletions":0},"java":{"insertions":7,"deletions":4}}},{"hash":"1e0ce60092de859929f83723d9b47a23e690fd61","isMergeCommit":false,"messageTitle":"Fix gradlew run application path","messageBody":"","fileTypesAndContributionMap":{"gradle":{"insertions":1,"deletions":1},"txt":{"insertions":2,"deletions":1}}},{"hash":"9141a2a34f866fcb5ebeb8e35ff3fd70b50a323d","isMergeCommit":true,"messageTitle":"Merge branch \u0027branch-A-Gradle\u0027","messageBody":"","tags":["A-Gradle"],"fileTypesAndContributionMap":{}},{"hash":"910ff102f0fe3a4fa765a418b3eae6c13ffcb2fc","isMergeCommit":false,"messageTitle":"Add junit testing","messageBody":"","fileTypesAndContributionMap":{"txt":{"insertions":6,"deletions":3},"java":{"insertions":256,"deletions":1}}},{"hash":"208603f284a85c27d264a5044e122f8d92901a83","isMergeCommit":false,"messageTitle":"Add saved test list for testing","messageBody":"","tags":["A-JUnit"],"fileTypesAndContributionMap":{"txt":{"insertions":2,"deletions":0}}}]},{"date":"2023-09-01","commitResults":[{"hash":"14d82ac396ac9216cdfc4458d66a72a7ee4b7eda","isMergeCommit":false,"messageTitle":"Add Jar","messageBody":"","fileTypesAndContributionMap":{"gradle":{"insertions":2,"deletions":1},"java":{"insertions":1,"deletions":1}}},{"hash":"d08e076d178a068ad7e3366c14b43a4d4a236b44","isMergeCommit":true,"messageTitle":"Merge branch \u0027branch-A-jar\u0027","messageBody":"","tags":["A-Jar"],"fileTypesAndContributionMap":{}},{"hash":"0c651ad1032f4190f844c492508e4c196793e8de","isMergeCommit":false,"messageTitle":"Add javadocs","messageBody":"","fileTypesAndContributionMap":{"java":{"insertions":121,"deletions":0}}},{"hash":"2e255aa51e4fd9a73afc19d51c2585d1c7fe38a9","isMergeCommit":false,"messageTitle":"Fix style errors","messageBody":"","fileTypesAndContributionMap":{"gradle":{"insertions":5,"deletions":0},"java":{"insertions":38,"deletions":38}}},{"hash":"ac044d2d1d5e5b00e4c0808a10db13017feaa9fe","isMergeCommit":false,"messageTitle":"Add find functionality","messageBody":"","fileTypesAndContributionMap":{"txt":{"insertions":4,"deletions":0},"java":{"insertions":30,"deletions":0}}},{"hash":"b1a01c388790832951487e07d2305e18dec1eac9","isMergeCommit":true,"messageTitle":"Merge branch \u0027branch-A-JavaDoc\u0027","messageBody":"","tags":["A-JavaDoc"],"fileTypesAndContributionMap":{}},{"hash":"e8aaa2f748a3bd0b25b7b8050ccd0e2cad7d6291","isMergeCommit":true,"messageTitle":"Merge branch \u0027branch-A-CodingStandard\u0027","messageBody":"","tags":["A-CodingStandard"],"fileTypesAndContributionMap":{}},{"hash":"68e449d25c28fb5449c85f406444393eb46ec8ee","isMergeCommit":true,"messageTitle":"Merge branch \u0027branch-Level-9\u0027","messageBody":"","tags":["Level-9"],"fileTypesAndContributionMap":{}},{"hash":"f45134652b181cb9223e5662b46e9647dae7867b","isMergeCommit":false,"messageTitle":"Fix style","messageBody":"","fileTypesAndContributionMap":{"java":{"insertions":44,"deletions":20}}}]}]},"authorFileTypeContributionMap":{"teoks0199":{"java":993,"md":0,"fxml":0,"sh":0,"bat":2,"gradle":7,"txt":31}},"authorContributionVariance":{"teoks0199":71648.46},"authorDisplayNameMap":{"teoks0199":"CS2103T-W10-4 TEO ..HENG"}}
