{"authorDailyContributionsMap":{"brandon-nam":[{"date":"2023-08-21","commitResults":[{"hash":"1911ac7ab30adaa33d94abe1c1ef153b97a4fc78","isMergeCommit":false,"messageTitle":"Level 0. Rename, Greet, Exit","messageBody":"","tags":["Level-0"],"fileTypesAndContributionMap":{"java":{"insertions":7,"deletions":0}}},{"hash":"7ac613e2209edf44364cf115179d9cff20739c61","isMergeCommit":false,"messageTitle":"Level 1. Echo","messageBody":"","fileTypesAndContributionMap":{"java":{"insertions":16,"deletions":3}}},{"hash":"2d2e4e8067097523f162395af15d98ee0b0131c6","isMergeCommit":false,"messageTitle":"refactor: made functions that receive inputs, check for exit, and echoes.","messageBody":"","tags":["Level-1"],"fileTypesAndContributionMap":{"java":{"insertions":19,"deletions":8}}},{"hash":"ff8c8c7c610784d63c18fd138a35c064f2e42952","isMergeCommit":false,"messageTitle":"feat: Add and List texts","messageBody":"","tags":["Level-2"],"fileTypesAndContributionMap":{"java":{"insertions":16,"deletions":3}}},{"hash":"695094b35e3094650bf2b827c6fa86eb6c6561aa","isMergeCommit":false,"messageTitle":"feat: mark as done","messageBody":"","fileTypesAndContributionMap":{"java":{"insertions":34,"deletions":16}}},{"hash":"90356bdaab5c4bcf935bad53ecae50f1eed3b5bb","isMergeCommit":false,"messageTitle":"chore: new class Task added, and some new static functions","messageBody":"","tags":["Level-3"],"fileTypesAndContributionMap":{"java":{"insertions":28,"deletions":8}}}]},{"date":"2023-08-22","commitResults":[{"hash":"43c3cb5ff4765914ea32fd18d1b5c0e7ae9eeed4","isMergeCommit":false,"messageTitle":"feat: unmark added","messageBody":"","fileTypesAndContributionMap":{"java":{"insertions":14,"deletions":4}}},{"hash":"21e6e154a3cf974acbe23e2f9c0b87e56bbc37fc","isMergeCommit":false,"messageTitle":"Added Deadline, Event, and Todo","messageBody":"","tags":["Level-4"],"fileTypesAndContributionMap":{"java":{"insertions":87,"deletions":15}}},{"hash":"1718300d56bf8e74890786853ff7483c69ceace6","isMergeCommit":false,"messageTitle":"A-TextUiTesting","messageBody":"","fileTypesAndContributionMap":{"txt":{"insertions":1,"deletions":0}}}]},{"date":"2023-08-23","commitResults":[{"hash":"63e7f2789954feac4a86348b032860d7d7fdbf59","isMergeCommit":false,"messageTitle":"A-TextUiTesting Scanner issue resolved","messageBody":"","fileTypesAndContributionMap":{"java":{"insertions":4,"deletions":0}}},{"hash":"d7520c4dad62236eb1d0ca7a73c3dc0bb9e69483","isMergeCommit":false,"messageTitle":"A-TextUiTesting Scanner issue resolved","messageBody":"","tags":["A-TextUiTesting"],"fileTypesAndContributionMap":{"txt":{"insertions":4,"deletions":0},"java":{"insertions":5,"deletions":5}}},{"hash":"8b13d917dda8eed77dca9b2f14972f16d6e1556d","isMergeCommit":false,"messageTitle":"Level-5 Handle Errors","messageBody":"","tags":["Level-5"],"fileTypesAndContributionMap":{"txt":{"insertions":2,"deletions":4},"java":{"insertions":89,"deletions":42}}},{"hash":"1ccf725bf9ce5fc54bf7905ebc29b6b438810f17","isMergeCommit":false,"messageTitle":"Level-6 Delete","messageBody":"","tags":["Level-6"],"fileTypesAndContributionMap":{"java":{"insertions":44,"deletions":20}}}]},{"date":"2023-08-30","commitResults":[{"hash":"40038f6095050f590614fd36ed6a94875faa0b6c","isMergeCommit":false,"messageTitle":"Duke.java: Add saveFile function","messageBody":"","fileTypesAndContributionMap":{"txt":{"insertions":0,"deletions":0},"java":{"insertions":63,"deletions":22}}},{"hash":"7047f9c933a4a1730cd67535436f70f6baeae327","isMergeCommit":false,"messageTitle":"Revert \"Duke.java: Add saveFile function\"","messageBody":"This reverts commit 40038f6095050f590614fd36ed6a94875faa0b6c.\n","fileTypesAndContributionMap":{"txt":{"insertions":0,"deletions":0},"java":{"insertions":22,"deletions":63}}},{"hash":"b8e2cf5c153339ebda313b4f504fa6620502e14f","isMergeCommit":false,"messageTitle":"Duke.java: Add saveFile function","messageBody":"It is a good idea to save the tasks in the local disk, so that user can pull it out whenever they want.\n\nsaveFile function in making the program one step closer to the actual task scheduler.\n","tags":["Level-7"],"fileTypesAndContributionMap":{"java":{"insertions":62,"deletions":22}}},{"hash":"e58e583b8a84c5c59423ff662bebec4e0eb567b8","isMergeCommit":false,"messageTitle":"Add date formatting functionality for deadline","messageBody":"Deadlines need actual dates, and should filter out random texts.\n\nMinor change to accept only a designated date format.\n","tags":["Level-8"],"fileTypesAndContributionMap":{"java":{"insertions":16,"deletions":7}}}]},{"date":"2023-09-04","commitResults":[{"hash":"815895b271a2fe0690e19f808588e0879c61e944","isMergeCommit":false,"messageTitle":"Use OOP to refactor and organize code","messageBody":"OOP is essential in keeping code clean.\nLet\u0027s use OOP to keep it neat.\n- Add Command, Parser, TextUi, TaskList classes.\n","fileTypesAndContributionMap":{"java":{"insertions":560,"deletions":176}}},{"hash":"590ff31e81b3c7f6d9dae78cc30e272178d84ded","isMergeCommit":false,"messageTitle":"Add Storage class","messageBody":"Purpose of OOP is to organize code.\nMake another class for Storage that stores the TaskList data on hard disk.\n","tags":["A-Package","A-MoreOOP"],"fileTypesAndContributionMap":{"java":{"insertions":76,"deletions":60}}}]},{"date":"2023-09-06","commitResults":[{"hash":"2eeb4f82a3f0ab62ff0d7961cb40741dd77f4052","isMergeCommit":false,"messageTitle":"Add checkstyle function in gradle","messageBody":"Checkstyle is a useful function to have in our project.\nConfigure checkstyle in build.gradle to make it work.\n","tags":["A-Gradle"],"fileTypesAndContributionMap":{"gradle":{"insertions":5,"deletions":2}}},{"hash":"14ba1a1050070928d7b2e76ec5533dacf7a548f3","isMergeCommit":true,"messageTitle":"Merge branch \u0027add-gradle-support\u0027","messageBody":"","fileTypesAndContributionMap":{}},{"hash":"62fdc4f92fe2c9c6a34622a81dbe0c478c98e0d0","isMergeCommit":false,"messageTitle":"Edit packaging","messageBody":"Packaging is important in keeping our code clean.\nMove brandon.chatbot to src/main/java directory.\n","tags":["A-Packages"],"fileTypesAndContributionMap":{"gradle":{"insertions":1,"deletions":1},"java":{"insertions":76,"deletions":76}}},{"hash":"9bded68594473e74afeacf6f3540cc49f2f7f195","isMergeCommit":false,"messageTitle":"Add ParseTest class","messageBody":"Parsing incorrect arguments produces UnknownCommand class instance.\nAdd JUnit test to check if missing arguments lead to UnknownCommand.\n","tags":["A-JUnit"],"fileTypesAndContributionMap":{"java":{"insertions":49,"deletions":20}}},{"hash":"d475cdb6e22e43fb7cc54d8ca85c0c7b2dfbadb0","isMergeCommit":false,"messageTitle":"Create a JAR File","messageBody":"Package the app as an executable JAR file so that it can be distributed easily.\n","tags":["A-Jar"],"fileTypesAndContributionMap":{"gradle":{"insertions":1,"deletions":0}}}]},{"date":"2023-09-07","commitResults":[{"hash":"af401eb9c59154a5c93c0b4c7ea9ebf7f6527644","isMergeCommit":false,"messageTitle":"Add JavaDoc comments to non-private classes/methods","messageBody":"Add JavaDoc comments to non-private classes/methods for better understanding of the code.\n","tags":["A-JavaDoc"],"fileTypesAndContributionMap":{"java":{"insertions":191,"deletions":52}}},{"hash":"9f5f7958883ed1d71cd25b5592928b687b49d89d","isMergeCommit":false,"messageTitle":"Fix coding standard violation","messageBody":"Keeping the convention for coding standard is important for readable code.\nFix any coding standard violation in the code.\n","tags":["A-CodingStandard"],"fileTypesAndContributionMap":{"java":{"insertions":50,"deletions":74}}},{"hash":"2f1641eaf40a142d1e0c8116ba7e75700adbebea","isMergeCommit":false,"messageTitle":"Add find by title command","messageBody":"Finding tasks according to their titles can be helpful for users to filter specific relevant tasks.\nAdd FindCommand class and modify Parser class so that the program parses find command.\n","tags":["Level-9"],"fileTypesAndContributionMap":{"java":{"insertions":43,"deletions":24}}},{"hash":"f8d35f56bf55b380bcc2223815a8f3cd9086878e","isMergeCommit":true,"messageTitle":"Merge tag \u0027A-CodingStandard\u0027","messageBody":"# Conflicts:\n#\tsrc/main/java/brandon/chatbot/Duke.java\n#\tsrc/main/java/brandon/chatbot/commands/Command.java\n#\tsrc/main/java/brandon/chatbot/commands/CommandResult.java\n#\tsrc/main/java/brandon/chatbot/parser/Parser.java\n#\tsrc/main/java/brandon/chatbot/tasks/Deadline.java\n","fileTypesAndContributionMap":{}},{"hash":"fd2e4f54ab7bb5dd966342fda8b5e7e19e2e91fa","isMergeCommit":true,"messageTitle":"Merge branch \u0027branch-Level-9\u0027","messageBody":"# Conflicts:\n#\tsrc/main/java/brandon/chatbot/parser/Parser.java\n#\tsrc/main/java/brandon/chatbot/tasks/Event.java\n","fileTypesAndContributionMap":{}},{"hash":"25fb7944624c55a5098a4fb045c660f6018828f7","isMergeCommit":false,"messageTitle":"Configure build.gradle to add jar file","messageBody":"Configure build.gradle to add jar file.\n","fileTypesAndContributionMap":{"gradle":{"insertions":1,"deletions":0},"java":{"insertions":1,"deletions":1}}}]},{"date":"2023-09-09","commitResults":[{"hash":"8ee7ab6ac5ff4d9da11b70b3445ce11528599a3e","isMergeCommit":false,"messageTitle":"Fix checkstyle violations","messageBody":"Checkstyle is a useful gradle plugin to check any style convention violations.\nRun checkstyle and fix any existing convention violation in the code.\n","tags":["A-CheckStyle"],"fileTypesAndContributionMap":{"java":{"insertions":44,"deletions":14}}}]},{"date":"2023-09-10","commitResults":[{"hash":"8273a36ab29e0c6df742f7a88d7648459434e519","isMergeCommit":false,"messageTitle":"Add GUI","messageBody":"Graphic user interface makes the program more accessible to users.\nAdd GUI using JavaFX to make the program better.\n","tags":["Level-10"],"fileTypesAndContributionMap":{"gradle":{"insertions":14,"deletions":0},"fxml":{"insertions":42,"deletions":0},"java":{"insertions":193,"deletions":41}}}]},{"date":"2023-09-11","commitResults":[{"hash":"64ad747baaf7d8726655129dda7705d1450c009b","isMergeCommit":false,"messageTitle":"Add greeting message and HelpCommand class","messageBody":"Users may need to learn how to use the chatbot.\nAdd greeting message with the help of HelpCommand for better user experience.\n","fileTypesAndContributionMap":{"fxml":{"insertions":1,"deletions":1},"java":{"insertions":77,"deletions":159}}}]},{"date":"2023-09-13","commitResults":[{"hash":"de49a5e0e6d47e7bdace9a0ae095a5832a8bd465","isMergeCommit":false,"messageTitle":"Edit JAR Configuration in build.gradle","messageBody":"JAR file lets the user play with the chatbot.\nLet\u0027s edit JAR configuration in  build.gradle file so it creates JAR with JavaFX dependencies.\n","fileTypesAndContributionMap":{"gradle":{"insertions":1,"deletions":1},"java":{"insertions":31,"deletions":15}}},{"hash":"fcf4ea2bfe91c60e520b5a8412884bb435f4b968","isMergeCommit":false,"messageTitle":"Change ekuD image to a more reflective one","messageBody":"ekuD image does not really represent its character right now.\nChange the image to something that is more representative.\n","fileTypesAndContributionMap":{"java":{"insertions":1,"deletions":1}}},{"hash":"5718a6ab065574919bba88f23a32baa5ee03c1c3","isMergeCommit":true,"messageTitle":"Merge tag \u0027A-CheckStyle\u0027","messageBody":"# Conflicts:\n#\tsrc/main/java/brandon/chatbot/storage/Storage.java\n#\tsrc/main/java/brandon/chatbot/tasks/Event.java\n#\tsrc/main/java/brandon/chatbot/ui/TextUi.java\n","tags":["A-CodeQuality"],"fileTypesAndContributionMap":{}}]},{"date":"2023-09-14","commitResults":[{"hash":"50cf83a2096a756872e9c77d169c3bc52ed00160","isMergeCommit":false,"messageTitle":"Add assert tests for better code quality","messageBody":"Assert can be used in many places to gain insights of code behaviors and possible bugs caused by programmers.\nAdd assert tests in various places for better debugging.\n","tags":["A-Assertions"],"fileTypesAndContributionMap":{"java":{"insertions":68,"deletions":141}}}]},{"date":"2023-09-15","commitResults":[{"hash":"ea8cd546d2818b412c2c8977bb9cdccdfd73cf3d","isMergeCommit":false,"messageTitle":"Add tagging ability to tasks","messageBody":"Tagging may come handy with additional features like searching tasks by their tags.\nAdd tagging for better user experience.\n","tags":["A-FullCommitMessage"],"fileTypesAndContributionMap":{"fxml":{"insertions":3,"deletions":1},"java":{"insertions":223,"deletions":93}}},{"hash":"08cca60debf4efa1bcbf30c51ac92770fd5f7e94","isMergeCommit":false,"messageTitle":"Add FindTaskByTagCommand to find tasks by tag","messageBody":"Finding tasks by their tags is a useful feature to have.\nAllow finding tasks with common tags by adding a FindTaskByTagCommand.\n","tags":["BCD-Extension","A-Streams"],"fileTypesAndContributionMap":{"java":{"insertions":245,"deletions":74}}}]},{"date":"2023-09-20","commitResults":[{"hash":"b5e078e2d588919d0c494be3878961f65c735828","isMergeCommit":false,"messageTitle":"Teach the chatbot how to understand dates and times","messageBody":"The deadlines for the deadline tasks should be accepted in a date format.\nTeach the chatbot how to understand certain formats of dates and times.\n","fileTypesAndContributionMap":{"java":{"insertions":18,"deletions":6}}},{"hash":"053aa417db8c0b9e4098930bd271706584940b32","isMergeCommit":true,"messageTitle":"Merge branch \u0027branch-Level-8\u0027","messageBody":"# Conflicts:\n#\tsrc/main/java/Deadline.java\n#\tsrc/main/java/Duke.java\n","fileTypesAndContributionMap":{}},{"hash":"5b473a05a26af04924c36ead8ca2d7bbf2499f70","isMergeCommit":true,"messageTitle":"Merge tag \u0027A-Assertions\u0027","messageBody":"","fileTypesAndContributionMap":{}},{"hash":"54fa1a10715f10e3238d399724500f0e5b0520d1","isMergeCommit":true,"messageTitle":"Merge branch \u0027C-Tagging\u0027","messageBody":"# Conflicts:\n#\tsrc/main/java/brandon/chatbot/Message.java\n#\tsrc/main/java/brandon/chatbot/commands/AddTodoCommand.java\n#\tsrc/main/java/brandon/chatbot/commands/Command.java\n#\tsrc/main/java/brandon/chatbot/commands/FindCommand.java\n#\tsrc/main/java/brandon/chatbot/commands/UnknownCommand.java\n#\tsrc/main/java/brandon/chatbot/commands/taskcommands/AddDeadlineCommand.java\n#\tsrc/main/java/brandon/chatbot/commands/taskcommands/AddEventCommand.java\n#\tsrc/main/java/brandon/chatbot/parser/Parser.java\n#\tsrc/main/java/brandon/chatbot/tasks/Task.java\n#\tsrc/main/java/brandon/chatbot/tasks/Todo.java\n","fileTypesAndContributionMap":{}},{"hash":"2c388950b775e91b4d34655d86a005b4c7cc7903","isMergeCommit":true,"messageTitle":"Merge commit \u0027d475cdb6e22e43fb7cc54d8ca85c0c7b2dfbadb0\u0027","messageBody":"","fileTypesAndContributionMap":{}},{"hash":"d5ced62a86992350f6749b8bfdeb0b0ae9315d05","isMergeCommit":false,"messageTitle":"Make better GUI","messageBody":"A good GUI attracts more users and organizes information for better user experience.\nEdit DialogBox to make it more aesthetic and user-friendly.\n","tags":["A-BetterGui"],"fileTypesAndContributionMap":{"gradle":{"insertions":6,"deletions":0},"fxml":{"insertions":10,"deletions":5},"java":{"insertions":3,"deletions":4}}},{"hash":"7ad122365407ecf134a2298c9dac38961769d97d","isMergeCommit":false,"messageTitle":"Add emojis for detailed personality","messageBody":"Emojis can better represent ekuD\u0027s personality.\nAdd emojis in the messages to better capture ekuD\u0027s personality.\n","tags":["A-Personality"],"fileTypesAndContributionMap":{"java":{"insertions":37,"deletions":95}}},{"hash":"3c2d8bf4bf43db73cb915f7fc359bcc429804f9a","isMergeCommit":false,"messageTitle":"Add More Error Handling","messageBody":"Each error requires unique error feedback to the user for the user to correctly make use of the chatbot.\nAdd special error feedbacks for each error to notice the user what went wrong.\n","tags":["A-MoreErrorHandling"],"fileTypesAndContributionMap":{"java":{"insertions":210,"deletions":176}}},{"hash":"9094f77d458f08fa57c3ce8cf182210e71f0b50a","isMergeCommit":true,"messageTitle":"Merge tag \u0027A-MoreErrorHandling\u0027","messageBody":"","fileTypesAndContributionMap":{}},{"hash":"5ca6b75d31f2cebad45722ab0582e677cfd7d44d","isMergeCommit":true,"messageTitle":"Merge tag \u0027A-Personality\u0027","messageBody":"# Conflicts:\n#\tsrc/main/java/brandon/chatbot/commands/generalcommands/UnknownCommand.java\n#\tsrc/main/java/brandon/chatbot/commands/taskcommands/AddDeadlineCommand.java\n#\tsrc/main/java/brandon/chatbot/commands/taskcommands/AddEventCommand.java\n#\tsrc/main/java/brandon/chatbot/commands/taskcommands/AddTodoCommand.java\n#\tsrc/main/java/brandon/chatbot/commands/taskcommands/FindCommand.java\n#\tsrc/main/java/brandon/chatbot/commands/taskcommands/FindTaskByTagCommand.java\n#\tsrc/main/java/brandon/chatbot/commands/taskcommands/ListCommand.java\n#\tsrc/main/java/brandon/chatbot/tasks/Deadline.java\n#\tsrc/main/java/brandon/chatbot/tasks/Event.java\n#\tsrc/main/java/brandon/chatbot/tasks/Task.java\n","fileTypesAndContributionMap":{}},{"hash":"e63fe7ad08c40611b7da1faf9c04b9d75535edf5","isMergeCommit":true,"messageTitle":"Merge pull request #2 from brandon-nam/A-CI","messageBody":"Create gradle.yml","fileTypesAndContributionMap":{}}]},{"date":"2023-09-21","commitResults":[{"hash":"ae816993bfb057297d939fa88dc9a88a27523c3b","isMergeCommit":false,"messageTitle":"Update README.md","messageBody":"","fileTypesAndContributionMap":{"md":{"insertions":3,"deletions":10}}},{"hash":"487286bfea46c972bc0c6b14eb88073f1d5dfeb5","isMergeCommit":false,"messageTitle":"Update README.md","messageBody":"Update README.md for a user guide.","fileTypesAndContributionMap":{"md":{"insertions":128,"deletions":16}}},{"hash":"ee1c05ca455e39a68c191ae43983130876862f23","isMergeCommit":false,"messageTitle":"Add screenshots to README.md","messageBody":"","fileTypesAndContributionMap":{"md":{"insertions":49,"deletions":35}}},{"hash":"ed67f4e42d189618d3f296772b82f76e4a30d596","isMergeCommit":false,"messageTitle":"Update README.md","messageBody":"","fileTypesAndContributionMap":{"md":{"insertions":150,"deletions":12}}}]}]},"authorFileTypeContributionMap":{"brandon-nam":{"java":1373,"md":283,"fxml":49,"sh":0,"bat":0,"gradle":24,"txt":3}},"authorContributionVariance":{"brandon-nam":45837.14},"authorDisplayNameMap":{"brandon-nam":"CS2103T-T13-4 NAM ..HYUN"}}
