{"authorDailyContributionsMap":{"beatricecst":[{"date":"2023-08-22","commitResults":[{"hash":"8357c1646c25356ababcedc0f5008bab8a4875b3","isMergeCommit":false,"messageTitle":"Level-0","messageBody":"","tags":["Level-0"],"fileTypesAndContributionMap":{"java":{"insertions":3,"deletions":1}}},{"hash":"5a897ac200136d5f3e9e3f3af5f7473f3ad0c276","isMergeCommit":false,"messageTitle":"Level-1","messageBody":"","tags":["Level-1"],"fileTypesAndContributionMap":{"java":{"insertions":17,"deletions":1}}},{"hash":"b645bbdeb4f7a7e245d73964ae1f94fd8c97d416","isMergeCommit":false,"messageTitle":"Level-2","messageBody":"","tags":["Level-2"],"fileTypesAndContributionMap":{"java":{"insertions":33,"deletions":4}}},{"hash":"7aa3fc71bdf09334eea715c75090c77867e0bbb2","isMergeCommit":false,"messageTitle":"Level-3","messageBody":"","tags":["Level-3"],"fileTypesAndContributionMap":{"java":{"insertions":59,"deletions":6}}}]},{"date":"2023-08-23","commitResults":[{"hash":"90366a9d60be9e50fbdb7b27c474633f968e0945","isMergeCommit":false,"messageTitle":"Level-4","messageBody":"","tags":["Level-4"],"fileTypesAndContributionMap":{"java":{"insertions":84,"deletions":13}}}]},{"date":"2023-08-24","commitResults":[{"hash":"d9b6a8a5933569f4e8a2b0ff23494befa210d8ee","isMergeCommit":false,"messageTitle":"Level-5","messageBody":"","tags":["Level-5"],"fileTypesAndContributionMap":{"java":{"insertions":64,"deletions":38}}},{"hash":"0c0db0b6242a8be62d82779793df22c92a504fbc","isMergeCommit":false,"messageTitle":"Level-6","messageBody":"","tags":["Level-6"],"fileTypesAndContributionMap":{"txt":{"insertions":4,"deletions":0},"java":{"insertions":15,"deletions":2}}}]},{"date":"2023-08-26","commitResults":[{"hash":"bc638ed43f6721d19e07efe9c451c6960c4e0ba6","isMergeCommit":false,"messageTitle":"edit some stuff","messageBody":"","fileTypesAndContributionMap":{"java":{"insertions":1,"deletions":1}}}]},{"date":"2023-08-29","commitResults":[{"hash":"070d8d0d76af8bef5f6eb3ff9857a460e6dfe8b9","isMergeCommit":false,"messageTitle":"Level-7","messageBody":"","tags":["Level-7"],"fileTypesAndContributionMap":{"txt":{"insertions":4,"deletions":0},"java":{"insertions":233,"deletions":70}}}]},{"date":"2023-08-30","commitResults":[{"hash":"66c4224aa8a78a8a53ec3b1b8de1bc05d6f435e5","isMergeCommit":false,"messageTitle":"Level-8","messageBody":"","tags":["Level-8"],"fileTypesAndContributionMap":{"txt":{"insertions":3,"deletions":0},"java":{"insertions":58,"deletions":19}}},{"hash":"fa1ec0d8cc79662977223d386a1885520509819f","isMergeCommit":false,"messageTitle":"Level-9","messageBody":"","tags":["Level-9"],"fileTypesAndContributionMap":{"java":{"insertions":11,"deletions":0}}}]},{"date":"2023-08-31","commitResults":[{"hash":"550ac863d146e5a8a18aa41067af2f85556e2d25","isMergeCommit":false,"messageTitle":"A-moreOOP","messageBody":"","tags":["A-moreOOP"],"fileTypesAndContributionMap":{"txt":{"insertions":3,"deletions":2},"java":{"insertions":14,"deletions":35}}},{"hash":"5e5988e1cf3acac36b92214bc0c9dd7811ff68ad","isMergeCommit":false,"messageTitle":"A-Packages","messageBody":"","tags":["A-Packages"],"fileTypesAndContributionMap":{"txt":{"insertions":1,"deletions":0},"java":{"insertions":29,"deletions":1},"bat":{"insertions":1,"deletions":1},"md":{"insertions":2,"deletions":2}}},{"hash":"a9c8bf3800923baad36c38b55903a9a25fb23e17","isMergeCommit":true,"messageTitle":"Merge branch \u0027branch-Level-8\u0027 merge branch level-8 to master","messageBody":"","fileTypesAndContributionMap":{}},{"hash":"723f23881fab473a050e07bd60d1a4caee483324","isMergeCommit":false,"messageTitle":"change access modifier","messageBody":"","fileTypesAndContributionMap":{"java":{"insertions":1,"deletions":1}}},{"hash":"4efea25fba83128e92c594d2fe428b32bdbcf03d","isMergeCommit":true,"messageTitle":"Merge branch \u0027add-gradle-support\u0027 merge add-gradle-support","messageBody":"","fileTypesAndContributionMap":{}},{"hash":"5236256a77e219889c9c2c83231a45266e03065c","isMergeCommit":false,"messageTitle":"Add gradle support","messageBody":"","tags":["A-Gradle"],"fileTypesAndContributionMap":{"gradle":{"insertions":1,"deletions":1},"txt":{"insertions":1,"deletions":0}}}]},{"date":"2023-09-01","commitResults":[{"hash":"e32efd00554694f7ca17343c3c765903171402c4","isMergeCommit":false,"messageTitle":"Add Junit testing","messageBody":"","tags":["A-Jar","A-JUnit"],"fileTypesAndContributionMap":{"java":{"insertions":60,"deletions":0}}},{"hash":"3c9bfe7aee85044551392daedaebb1374794cb23","isMergeCommit":false,"messageTitle":"Add JavaDoc","messageBody":"","tags":["A-JavaDoc"],"fileTypesAndContributionMap":{"java":{"insertions":255,"deletions":14}}},{"hash":"2b4c1d57553a301f6bce23319a060f78fc30f909","isMergeCommit":false,"messageTitle":"Make some small changes","messageBody":"","fileTypesAndContributionMap":{"java":{"insertions":1,"deletions":1}}},{"hash":"3dc2039409c4396a9cec49161f50274650c4783d","isMergeCommit":false,"messageTitle":"Make super small changes","messageBody":"","tags":["A-CodingStandard"],"fileTypesAndContributionMap":{"java":{"insertions":1,"deletions":1}}},{"hash":"fe3138ddf30656dd949f54ecacd5d1a782b445ab","isMergeCommit":false,"messageTitle":"Level-9","messageBody":"","fileTypesAndContributionMap":{"java":{"insertions":13,"deletions":8}}},{"hash":"3979c9572b277d5191d8789c33383aa5859b97c8","isMergeCommit":true,"messageTitle":"Merge branch \u0027branch-Level-9\u0027","messageBody":"","fileTypesAndContributionMap":{}}]},{"date":"2023-09-08","commitResults":[{"hash":"5da72304faec01cb8d1a72e763d1670b68402eef","isMergeCommit":false,"messageTitle":"Complete Level-10","messageBody":"","tags":["Level-10"],"fileTypesAndContributionMap":{"gradle":{"insertions":23,"deletions":1},"txt":{"insertions":1,"deletions":0},"fxml":{"insertions":36,"deletions":0},"java":{"insertions":683,"deletions":200}}}]},{"date":"2023-09-09","commitResults":[{"hash":"989638ef28abb73639c4016cd52c5a6001829290","isMergeCommit":false,"messageTitle":"Make some small changes","messageBody":"","fileTypesAndContributionMap":{"java":{"insertions":1,"deletions":5}}}]},{"date":"2023-09-10","commitResults":[{"hash":"d6cad3e14d3b94010ef9dc7133e231fc94c2e28e","isMergeCommit":false,"messageTitle":"Delete .\\data\\duke.txt","messageBody":"","fileTypesAndContributionMap":{"txt":{"insertions":0,"deletions":1}}}]}]},"authorFileTypeContributionMap":{"beatricecst":{"java":1223,"md":2,"fxml":36,"sh":0,"bat":1,"gradle":23,"txt":14}},"authorContributionVariance":{"beatricecst":40685.152},"authorDisplayNameMap":{"beatricecst":"CS2103T-W10-4 BEAT..TING"}}
