{"authorDailyContributionsMap":{"YeoBohShin":[{"date":"2023-08-20","commitResults":[{"hash":"625970b8b95dd5284346a11be4f10c67f02be3e0","isMergeCommit":false,"messageTitle":"Rename, Greet, Exit","messageBody":"","tags":["Level-0"],"fileTypesAndContributionMap":{"java":{"insertions":11,"deletions":6}}},{"hash":"9db3807fe3e9c15f50c3a8a341e7ed14f62d7ed6","isMergeCommit":false,"messageTitle":"Echo","messageBody":"","tags":["Level-1"],"fileTypesAndContributionMap":{"java":{"insertions":21,"deletions":1}}}]},{"date":"2023-08-21","commitResults":[{"hash":"0da65806e8166ca452f483919cb2ba5a5a18792d","isMergeCommit":false,"messageTitle":"Add, List","messageBody":"","tags":["Level-2"],"fileTypesAndContributionMap":{"java":{"insertions":20,"deletions":1}}},{"hash":"005a43518f294311e3f34c33b2bfd3cf1eea378e","isMergeCommit":false,"messageTitle":"Mark as Done","messageBody":"","tags":["Level-3"],"fileTypesAndContributionMap":{"java":{"insertions":49,"deletions":6}}},{"hash":"99e98e79478cba7ae504e3721660fc049c3f4455","isMergeCommit":false,"messageTitle":"ToDos, Events, Deadlines","messageBody":"","tags":["Level-4"],"fileTypesAndContributionMap":{"java":{"insertions":76,"deletions":2}}},{"hash":"7d647d9c5265230b96be182017a8c3641a8e24eb","isMergeCommit":false,"messageTitle":"Automated Text UI Testing","messageBody":"","tags":["A-TextUiTesting"],"fileTypesAndContributionMap":{"txt":{"insertions":8,"deletions":0},"java":{"insertions":2,"deletions":0},"sh":{"insertions":1,"deletions":1}}},{"hash":"1bf20828f0794e9cfd8badf3b8fa3b10aa0c5df3","isMergeCommit":false,"messageTitle":"Handle Errors","messageBody":"","tags":["Level-5"],"fileTypesAndContributionMap":{"java":{"insertions":57,"deletions":37}}},{"hash":"e3e52ac7387d85cbf862b088c9401a517a4f0248","isMergeCommit":false,"messageTitle":"Delete","messageBody":"","tags":["Level-6"],"fileTypesAndContributionMap":{"java":{"insertions":15,"deletions":0}}}]},{"date":"2023-08-22","commitResults":[{"hash":"63f2ba45324b89ba2e49dedad731e11ef3d32b54","isMergeCommit":false,"messageTitle":"Added documentations","messageBody":"","fileTypesAndContributionMap":{"java":{"insertions":87,"deletions":21}}}]},{"date":"2023-08-30","commitResults":[{"hash":"6a702c83636882ef41924ac0a5c65e5ab163dafe","isMergeCommit":false,"messageTitle":"Save","messageBody":"","tags":["Level-7"],"fileTypesAndContributionMap":{"txt":{"insertions":6,"deletions":0},"java":{"insertions":247,"deletions":100}}},{"hash":"59120cec2cda5782bb99345760521a579cccd035","isMergeCommit":false,"messageTitle":"Banish data.txt","messageBody":"","fileTypesAndContributionMap":{"txt":{"insertions":0,"deletions":6}}},{"hash":"a7d2ced1f75672c2c8cf07d1dd16f18f018c269d","isMergeCommit":false,"messageTitle":"Add dates","messageBody":"","tags":["Level-8"],"fileTypesAndContributionMap":{"java":{"insertions":40,"deletions":13}}}]},{"date":"2023-08-31","commitResults":[{"hash":"2aa6bfe8db074bde3674da5665f33e2447dd121a","isMergeCommit":false,"messageTitle":"Use More OOP","messageBody":"","tags":["A-MoreOOP"],"fileTypesAndContributionMap":{"java":{"insertions":293,"deletions":226}}},{"hash":"4ea9f1895c9efa4bf942722c023ea5696e1b2b5f","isMergeCommit":false,"messageTitle":"Organize into Package","messageBody":"","tags":["A-Packages"],"fileTypesAndContributionMap":{"java":{"insertions":32,"deletions":5}}},{"hash":"697727509b1ab4daec9e3a20c5d081902e30810a","isMergeCommit":true,"messageTitle":"Merge branch \u0027add-gradle-support\u0027","messageBody":"","tags":["branch-A-Gradle"],"fileTypesAndContributionMap":{}},{"hash":"766b7d660a7ee4dfdc43f1072a5eab992db47b5a","isMergeCommit":false,"messageTitle":"Use Gradle","messageBody":"","tags":["A-Gradle"],"fileTypesAndContributionMap":{"txt":{"insertions":0,"deletions":0},"java":{"insertions":8,"deletions":2},"sh":{"insertions":0,"deletions":0}}}]},{"date":"2023-09-01","commitResults":[{"hash":"871c247d89dccca3fc68563331a839e5bdb2c751","isMergeCommit":false,"messageTitle":"Add JUnit Tests","messageBody":"","tags":["A-JUnit"],"fileTypesAndContributionMap":{"java":{"insertions":46,"deletions":0}}},{"hash":"2ee49d409f0750714d57fd357ade519adf5056ed","isMergeCommit":false,"messageTitle":"Create a JAR File","messageBody":"","tags":["A-Jar"],"fileTypesAndContributionMap":{"gradle":{"insertions":1,"deletions":1}}}]},{"date":"2023-09-02","commitResults":[{"hash":"14aeff538c3797404c57266edf444b959fe1c189","isMergeCommit":false,"messageTitle":"Add Find","messageBody":"","tags":["Level-9"],"fileTypesAndContributionMap":{"java":{"insertions":11,"deletions":0}}},{"hash":"1cd77fd537703fe3111a3f0cd973a8c7f4a2d4d0","isMergeCommit":false,"messageTitle":"Add javadocs","messageBody":"","tags":["A-JavaDoc"],"fileTypesAndContributionMap":{"java":{"insertions":53,"deletions":5}}},{"hash":"0588d64f60903b48e354db6c8764b1e488fb433b","isMergeCommit":false,"messageTitle":"Follow codingstandards","messageBody":"","tags":["A-CodingStandard"],"fileTypesAndContributionMap":{"java":{"insertions":18,"deletions":11}}},{"hash":"e563530e4c3d0c203bad2a1176a1c36ca7fce063","isMergeCommit":true,"messageTitle":"Merge branch \u0027branch-javadocs\u0027","messageBody":"","fileTypesAndContributionMap":{}},{"hash":"4e961d9379b5ff21493063c35f2d37c76d0eb516","isMergeCommit":true,"messageTitle":"Merge branch \u0027branch-level-9\u0027","messageBody":"","fileTypesAndContributionMap":{}},{"hash":"f4fcdd55145ffb51a5ebc20e28855d48f29691e5","isMergeCommit":false,"messageTitle":"Add javadoc","messageBody":"","fileTypesAndContributionMap":{"java":{"insertions":4,"deletions":0}}}]},{"date":"2023-09-06","commitResults":[{"hash":"1ee1ac09a22f3a6dd1593d622ccd55378ebb4caa","isMergeCommit":false,"messageTitle":"Add checkstyle","messageBody":"","tags":["A-CheckStyle"],"fileTypesAndContributionMap":{"gradle":{"insertions":5,"deletions":0},"java":{"insertions":73,"deletions":46}}}]},{"date":"2023-09-07","commitResults":[{"hash":"fe862c95c7ab70dec35ff25ec002aa1ee20694c0","isMergeCommit":false,"messageTitle":"Add GUI","messageBody":"","tags":["Level-10"],"fileTypesAndContributionMap":{"gradle":{"insertions":14,"deletions":0},"fxml":{"insertions":38,"deletions":0},"java":{"insertions":249,"deletions":105}}},{"hash":"8cd8b39105a2b53fdfd8c2025f98b8d70868a291","isMergeCommit":true,"messageTitle":"Merge branch \u0027branch-GUI\u0027","messageBody":"","fileTypesAndContributionMap":{}}]}]},"authorFileTypeContributionMap":{"YeoBohShin":{"java":829,"md":0,"fxml":38,"sh":1,"bat":0,"gradle":20,"txt":8}},"authorContributionVariance":{"YeoBohShin":26943.38},"authorDisplayNameMap":{"YeoBohShin":"CS2103T-T11-1 YEO ..SHIN"}}
