{"authorDailyContributionsMap":{"thienmy0":[{"date":"2023-08-23","commitResults":[{"hash":"b65eb2f445606d9c0627f4f0752c8dcf93b2a08f","isMergeCommit":false,"messageTitle":"Level 0","messageBody":"","tags":["Level-0"],"fileTypesAndContributionMap":{"java":{"insertions":12,"deletions":10},"bat":{"insertions":1,"deletions":1},"md":{"insertions":2,"deletions":2}}},{"hash":"c742a4bf1c973cd90d205f8ab319bbdda04f6ed2","isMergeCommit":false,"messageTitle":"Level 1","messageBody":"","tags":["Level-1"],"fileTypesAndContributionMap":{"java":{"insertions":15,"deletions":6}}},{"hash":"003cdc15cf717852d30316f8cc7f4ea572027bd3","isMergeCommit":false,"messageTitle":"Level 2","messageBody":"","tags":["Level-2"],"fileTypesAndContributionMap":{"java":{"insertions":9,"deletions":1}}},{"hash":"9cf340a78a8d640475f10519e925a94618a010ed","isMergeCommit":false,"messageTitle":"Level 3","messageBody":"","tags":["Level-3"],"fileTypesAndContributionMap":{"java":{"insertions":48,"deletions":3}}},{"hash":"d3498deb523a9375bc37cbe2b35394f55de0a1ef","isMergeCommit":false,"messageTitle":"Level 4","messageBody":"","tags":["Level-4"],"fileTypesAndContributionMap":{"java":{"insertions":138,"deletions":18}}}]},{"date":"2023-08-24","commitResults":[{"hash":"cf09626a2535d268d558abe9636e9bfb46dc199d","isMergeCommit":false,"messageTitle":"Text Ui Testing","messageBody":"","tags":["A-TextUiTesting"],"fileTypesAndContributionMap":{"txt":{"insertions":5,"deletions":0},"java":{"insertions":1,"deletions":1}}},{"hash":"c4afe9be9d5c15b8546abd01a3d9c81524b07fac","isMergeCommit":false,"messageTitle":"Level 5","messageBody":"","tags":["Level-5"],"fileTypesAndContributionMap":{"java":{"insertions":49,"deletions":8}}},{"hash":"fd55d9583647f90b0cb698abe2993877da947267","isMergeCommit":false,"messageTitle":"Level 6","messageBody":"","tags":["Level-6"],"fileTypesAndContributionMap":{"java":{"insertions":110,"deletions":5}}}]},{"date":"2023-08-31","commitResults":[{"hash":"bd4b68a23c5bee4d6bb5ed4885473472b60ff83f","isMergeCommit":false,"messageTitle":"Level 7. Save","messageBody":"","fileTypesAndContributionMap":{"java":{"insertions":167,"deletions":2}}},{"hash":"ea318162c8531c68701c6203fdb903889b0c1ac4","isMergeCommit":true,"messageTitle":"Merge pull request #1 from thienmy0/branch-Level-7","messageBody":"Level 7. Save","tags":["Level-7"],"fileTypesAndContributionMap":{}},{"hash":"6bdd09c8050f936afe766eb052e02791ff5c8e3d","isMergeCommit":false,"messageTitle":"Level 8. Dates and Times","messageBody":"","fileTypesAndContributionMap":{"java":{"insertions":28,"deletions":14}}},{"hash":"267a46dcf7cec9e666b362b54e5145bf00313ac2","isMergeCommit":true,"messageTitle":"Merge pull request #2 from thienmy0/branch-Level-8","messageBody":"Level 8. Dates and Times","tags":["Level-8"],"fileTypesAndContributionMap":{}}]},{"date":"2023-09-01","commitResults":[{"hash":"06f91dd5e631bf02de95c60465ed0b14af95d95c","isMergeCommit":false,"messageTitle":"MoreOOP","messageBody":"","tags":["A-MoreOOP"],"fileTypesAndContributionMap":{"java":{"insertions":402,"deletions":287}}},{"hash":"dcde52227256b3a5deecc44ab06f116a61e50780","isMergeCommit":false,"messageTitle":"A-Packages","messageBody":"","tags":["A-Packages"],"fileTypesAndContributionMap":{"java":{"insertions":20,"deletions":12}}},{"hash":"78daf9d61523c9d9dcd2870ff8526ad1360f0121","isMergeCommit":true,"messageTitle":"Merge pull request #3 from thienmy0/add-gradle-support","messageBody":"Add gradle support","fileTypesAndContributionMap":{}},{"hash":"d4eef79a7d02a5093bc12b834bc9e8bc4eed99f1","isMergeCommit":false,"messageTitle":"Set up Gradle","messageBody":"","tags":["A-Gradle"],"fileTypesAndContributionMap":{"gradle":{"insertions":2,"deletions":1}}},{"hash":"af44cd28e6255064a0e5a9764578273796ac6a3d","isMergeCommit":false,"messageTitle":"JUnit Tests","messageBody":"","tags":["A-Jar","A-JUnit"],"fileTypesAndContributionMap":{"txt":{"insertions":3,"deletions":0},"java":{"insertions":75,"deletions":0}}},{"hash":"1dc516b1a7c60a6f1c1910099e28418f2a16c752","isMergeCommit":false,"messageTitle":"Javadoc","messageBody":"","fileTypesAndContributionMap":{"java":{"insertions":98,"deletions":2}}},{"hash":"c32d0ce7da25af20e6430fe5b9534d133e4649bb","isMergeCommit":false,"messageTitle":"Coding Standard","messageBody":"","fileTypesAndContributionMap":{"java":{"insertions":5,"deletions":5}}},{"hash":"b3b35cf79be40bc4bdf6f51c71aad8ec7fa34267","isMergeCommit":false,"messageTitle":"Level 9. Find","messageBody":"","fileTypesAndContributionMap":{"java":{"insertions":54,"deletions":0}}},{"hash":"fb1d0081e9e3cff64ec60305c7ab1425724a83d9","isMergeCommit":true,"messageTitle":"Merge pull request #4 from thienmy0/branch-A-JavaDoc","messageBody":"Javadoc","tags":["A-JavaDoc"],"fileTypesAndContributionMap":{}},{"hash":"a23512856bd49306b5e8fb6cce57df92386d755c","isMergeCommit":true,"messageTitle":"Merge branch \u0027master\u0027 into branch-A-CodingStandard","messageBody":"","fileTypesAndContributionMap":{}},{"hash":"d8b846674a3145fbbc909a84c8c8d33708db45f2","isMergeCommit":true,"messageTitle":"Merge pull request #5 from thienmy0/branch-A-CodingStandard","messageBody":"Coding Standard","tags":["A-CodingStandard"],"fileTypesAndContributionMap":{}},{"hash":"4d3b7415f3be5155000bd1e04e22bbd072c8928e","isMergeCommit":true,"messageTitle":"Merge pull request #6 from thienmy0/branch-Level-9","messageBody":"Level 9. Find","tags":["Level-9"],"fileTypesAndContributionMap":{}},{"hash":"284ef2bf4c8d3e0f311e40f7a6ffff35d9a3af38","isMergeCommit":false,"messageTitle":"Update Ui.java","messageBody":"","fileTypesAndContributionMap":{"java":{"insertions":1,"deletions":0}}}]},{"date":"2023-09-07","commitResults":[{"hash":"154fd3c25fbe27a819d9be3e1ea861a8f12453ab","isMergeCommit":false,"messageTitle":"Checkstyle","messageBody":"","fileTypesAndContributionMap":{"gradle":{"insertions":4,"deletions":0}}},{"hash":"b3abdf130ae23518511b41f3d722db87dfb5d150","isMergeCommit":true,"messageTitle":"Merge pull request #7 from thienmy0/branch-A-CheckStyle","messageBody":"Checkstyle","tags":["A-CheckStyle"],"fileTypesAndContributionMap":{}}]},{"date":"2023-09-08","commitResults":[{"hash":"ec2ce29c0c81ec3554915a305d045b83bfb8434d","isMergeCommit":false,"messageTitle":"GUI Addition 1","messageBody":"","fileTypesAndContributionMap":{"gradle":{"insertions":23,"deletions":1},"fxml":{"insertions":35,"deletions":0},"java":{"insertions":346,"deletions":14}}},{"hash":"1d321118dd70eb80a6b6e9a1bfb04d791adcc89c","isMergeCommit":false,"messageTitle":"Fix GUI Implementations \u0026 Improvements","messageBody":"","fileTypesAndContributionMap":{"fxml":{"insertions":0,"deletions":0},"java":{"insertions":160,"deletions":221}}},{"hash":"1a7a1eaf1964377c3e24ebffd3d7700f7143996c","isMergeCommit":true,"messageTitle":"Merge pull request #8 from thienmy0/branch-Level-10","messageBody":"Level 10","tags":["Level-10"],"fileTypesAndContributionMap":{}}]}]},"authorFileTypeContributionMap":{"thienmy0":{"java":1141,"md":2,"fxml":35,"sh":0,"bat":1,"gradle":26,"txt":8}},"authorContributionVariance":{"thienmy0":66121.87},"authorDisplayNameMap":{"thienmy0":"CS2103T-T14-2 LEE ..N MY"}}
