[{"path":"data/monke.txt","fileType":"txt","lines":[{"lineNumber":1,"author":{"gitId":"jingjie88"},"content":"T | 0 | kms","lastModifiedDate":"2023-08-29"},{"lineNumber":2,"author":{"gitId":"jingjie88"},"content":"D | 1 | finish iP | 9pm","lastModifiedDate":"2023-08-29"},{"lineNumber":3,"author":{"gitId":"jingjie88"},"content":"E | 0 | project meeting | tomorrow 1pm | 3pm","lastModifiedDate":"2023-08-29"},{"lineNumber":4,"author":{"gitId":"jingjie88"},"content":"D | 0 | finish iP again | next week","lastModifiedDate":"2023-08-29"}],"authorContributionMap":{"jingjie88":4}},{"path":"src/main/java/Deadline.java","fileType":"java","lines":[{"lineNumber":1,"author":{"gitId":"jingjie88"},"content":"public class Deadline extends Task {","lastModifiedDate":"2023-08-23"},{"lineNumber":2,"author":{"gitId":"jingjie88"},"content":"    private String date;","lastModifiedDate":"2023-08-23"},{"lineNumber":3,"author":{"gitId":"jingjie88"},"content":"    public Deadline(String description, String date) {","lastModifiedDate":"2023-08-23"},{"lineNumber":4,"author":{"gitId":"jingjie88"},"content":"        super(description);","lastModifiedDate":"2023-08-23"},{"lineNumber":5,"author":{"gitId":"jingjie88"},"content":"        this.date \u003d date;","lastModifiedDate":"2023-08-23"},{"lineNumber":6,"author":{"gitId":"jingjie88"},"content":"    }","lastModifiedDate":"2023-08-23"},{"lineNumber":7,"author":{"gitId":"jingjie88"},"content":"","lastModifiedDate":"2023-08-23"},{"lineNumber":8,"author":{"gitId":"jingjie88"},"content":"    @Override","lastModifiedDate":"2023-08-23"},{"lineNumber":9,"author":{"gitId":"jingjie88"},"content":"    public String toString() {","lastModifiedDate":"2023-08-23"},{"lineNumber":10,"author":{"gitId":"jingjie88"},"content":"        return String.format(\"[D]%s (by: %s)\", super.toString(), this.date);","lastModifiedDate":"2023-08-23"},{"lineNumber":11,"author":{"gitId":"jingjie88"},"content":"    }","lastModifiedDate":"2023-08-23"},{"lineNumber":12,"author":{"gitId":"jingjie88"},"content":"","lastModifiedDate":"2023-08-29"},{"lineNumber":13,"author":{"gitId":"jingjie88"},"content":"    @Override","lastModifiedDate":"2023-08-29"},{"lineNumber":14,"author":{"gitId":"jingjie88"},"content":"    public String formatData() {","lastModifiedDate":"2023-08-29"},{"lineNumber":15,"author":{"gitId":"jingjie88"},"content":"        return String.format(\"D | %d | %s | %s\\n\", this.isDone ? 1 : 0, this.description, this.date);","lastModifiedDate":"2023-08-29"},{"lineNumber":16,"author":{"gitId":"jingjie88"},"content":"    }","lastModifiedDate":"2023-08-29"},{"lineNumber":17,"author":{"gitId":"jingjie88"},"content":"}","lastModifiedDate":"2023-08-23"}],"authorContributionMap":{"jingjie88":17}},{"path":"src/main/java/Event.java","fileType":"java","lines":[{"lineNumber":1,"author":{"gitId":"jingjie88"},"content":"public class Event extends Task {","lastModifiedDate":"2023-08-23"},{"lineNumber":2,"author":{"gitId":"jingjie88"},"content":"    private String start;","lastModifiedDate":"2023-08-23"},{"lineNumber":3,"author":{"gitId":"jingjie88"},"content":"    private String end;","lastModifiedDate":"2023-08-23"},{"lineNumber":4,"author":{"gitId":"jingjie88"},"content":"    public Event(String description, String start, String end) {","lastModifiedDate":"2023-08-23"},{"lineNumber":5,"author":{"gitId":"jingjie88"},"content":"        super(description);","lastModifiedDate":"2023-08-23"},{"lineNumber":6,"author":{"gitId":"jingjie88"},"content":"        this.start \u003d start;","lastModifiedDate":"2023-08-23"},{"lineNumber":7,"author":{"gitId":"jingjie88"},"content":"        this.end \u003d end;","lastModifiedDate":"2023-08-23"},{"lineNumber":8,"author":{"gitId":"jingjie88"},"content":"    }","lastModifiedDate":"2023-08-23"},{"lineNumber":9,"author":{"gitId":"jingjie88"},"content":"","lastModifiedDate":"2023-08-23"},{"lineNumber":10,"author":{"gitId":"jingjie88"},"content":"    @Override","lastModifiedDate":"2023-08-23"},{"lineNumber":11,"author":{"gitId":"jingjie88"},"content":"    public String toString() {","lastModifiedDate":"2023-08-23"},{"lineNumber":12,"author":{"gitId":"jingjie88"},"content":"        return String.format(\"[E]%s (from: %s to: %s)\", super.toString(), this.start, this.end);","lastModifiedDate":"2023-08-23"},{"lineNumber":13,"author":{"gitId":"jingjie88"},"content":"    }","lastModifiedDate":"2023-08-23"},{"lineNumber":14,"author":{"gitId":"jingjie88"},"content":"","lastModifiedDate":"2023-08-29"},{"lineNumber":15,"author":{"gitId":"jingjie88"},"content":"    @Override","lastModifiedDate":"2023-08-29"},{"lineNumber":16,"author":{"gitId":"jingjie88"},"content":"    public String formatData() {","lastModifiedDate":"2023-08-29"},{"lineNumber":17,"author":{"gitId":"jingjie88"},"content":"        return String.format(\"E | %d | %s | %s | %s\\n\", this.isDone ? 1 : 0, this.description, this.start, this.end);","lastModifiedDate":"2023-08-29"},{"lineNumber":18,"author":{"gitId":"jingjie88"},"content":"    }","lastModifiedDate":"2023-08-29"},{"lineNumber":19,"author":{"gitId":"jingjie88"},"content":"}","lastModifiedDate":"2023-08-23"}],"authorContributionMap":{"jingjie88":19}},{"path":"src/main/java/Monke.java","fileType":"java","lines":[{"lineNumber":1,"author":{"gitId":"jingjie88"},"content":"import java.io.File;","lastModifiedDate":"2023-08-29"},{"lineNumber":2,"author":{"gitId":"jingjie88"},"content":"import java.io.FileNotFoundException;","lastModifiedDate":"2023-08-29"},{"lineNumber":3,"author":{"gitId":"jingjie88"},"content":"import java.io.FileWriter;","lastModifiedDate":"2023-08-29"},{"lineNumber":4,"author":{"gitId":"jingjie88"},"content":"import java.io.IOException;","lastModifiedDate":"2023-08-29"},{"lineNumber":5,"author":{"gitId":"jingjie88"},"content":"import java.util.ArrayList;","lastModifiedDate":"2023-08-24"},{"lineNumber":6,"author":{"gitId":"jingjie88"},"content":"import java.util.List;","lastModifiedDate":"2023-08-29"},{"lineNumber":7,"author":{"gitId":"jingjie88"},"content":"import java.util.Scanner;","lastModifiedDate":"2023-08-23"},{"lineNumber":8,"author":{"gitId":"jingjie88"},"content":"","lastModifiedDate":"2023-08-23"},{"lineNumber":9,"author":{"gitId":"jingjie88"},"content":"public class Monke {","lastModifiedDate":"2023-08-23"},{"lineNumber":10,"author":{"gitId":"jingjie88"},"content":"    private enum Command {","lastModifiedDate":"2023-08-24"},{"lineNumber":11,"author":{"gitId":"jingjie88"},"content":"        LIST,","lastModifiedDate":"2023-08-24"},{"lineNumber":12,"author":{"gitId":"jingjie88"},"content":"        MARK,","lastModifiedDate":"2023-08-24"},{"lineNumber":13,"author":{"gitId":"jingjie88"},"content":"        UNMARK,","lastModifiedDate":"2023-08-24"},{"lineNumber":14,"author":{"gitId":"jingjie88"},"content":"        TODO,","lastModifiedDate":"2023-08-24"},{"lineNumber":15,"author":{"gitId":"jingjie88"},"content":"        DEADLINE,","lastModifiedDate":"2023-08-24"},{"lineNumber":16,"author":{"gitId":"jingjie88"},"content":"        EVENT,","lastModifiedDate":"2023-08-24"},{"lineNumber":17,"author":{"gitId":"jingjie88"},"content":"        DELETE","lastModifiedDate":"2023-08-24"},{"lineNumber":18,"author":{"gitId":"jingjie88"},"content":"    }","lastModifiedDate":"2023-08-24"},{"lineNumber":19,"author":{"gitId":"jingjie88"},"content":"","lastModifiedDate":"2023-08-24"},{"lineNumber":20,"author":{"gitId":"jingjie88"},"content":"    private static String dataPath \u003d \"./data/monke.txt\";","lastModifiedDate":"2023-08-29"},{"lineNumber":21,"author":{"gitId":"jingjie88"},"content":"","lastModifiedDate":"2023-08-29"},{"lineNumber":22,"author":{"gitId":"jingjie88"},"content":"    private static ArrayList\u003cTask\u003e list \u003d new ArrayList\u003c\u003e();","lastModifiedDate":"2023-08-24"},{"lineNumber":23,"author":{"gitId":"jingjie88"},"content":"","lastModifiedDate":"2023-08-23"},{"lineNumber":24,"author":{"gitId":"jingjie88"},"content":"    public static void speak(String msg) {","lastModifiedDate":"2023-08-23"},{"lineNumber":25,"author":{"gitId":"jingjie88"},"content":"        System.out.println(\"\\t\" + msg);","lastModifiedDate":"2023-08-23"},{"lineNumber":26,"author":{"gitId":"jingjie88"},"content":"    }","lastModifiedDate":"2023-08-23"},{"lineNumber":27,"author":{"gitId":"jingjie88"},"content":"    public static void greet() {","lastModifiedDate":"2023-08-23"},{"lineNumber":28,"author":{"gitId":"jingjie88"},"content":"        Monke.speak(\"Hello, I\u0027m Monke. OOGA BOOGA!\");","lastModifiedDate":"2023-08-23"},{"lineNumber":29,"author":{"gitId":"jingjie88"},"content":"        Monke.speak(\"What can I do for you?\");","lastModifiedDate":"2023-08-23"},{"lineNumber":30,"author":{"gitId":"jingjie88"},"content":"        Monke.printHorizontalLine();","lastModifiedDate":"2023-08-23"},{"lineNumber":31,"author":{"gitId":"jingjie88"},"content":"    }","lastModifiedDate":"2023-08-23"},{"lineNumber":32,"author":{"gitId":"jingjie88"},"content":"","lastModifiedDate":"2023-08-23"},{"lineNumber":33,"author":{"gitId":"jingjie88"},"content":"    public static void exit() {","lastModifiedDate":"2023-08-23"},{"lineNumber":34,"author":{"gitId":"jingjie88"},"content":"        Monke.speak(\"Bye. Hope to see you again soon! OOGA BOOGA!\");","lastModifiedDate":"2023-08-23"},{"lineNumber":35,"author":{"gitId":"jingjie88"},"content":"        Monke.printHorizontalLine();","lastModifiedDate":"2023-08-23"},{"lineNumber":36,"author":{"gitId":"jingjie88"},"content":"    }","lastModifiedDate":"2023-08-23"},{"lineNumber":37,"author":{"gitId":"jingjie88"},"content":"","lastModifiedDate":"2023-08-23"},{"lineNumber":38,"author":{"gitId":"jingjie88"},"content":"    public static void printHorizontalLine() {","lastModifiedDate":"2023-08-23"},{"lineNumber":39,"author":{"gitId":"jingjie88"},"content":"        for (int i \u003d 0; i \u003c 100; i++) {","lastModifiedDate":"2023-08-23"},{"lineNumber":40,"author":{"gitId":"jingjie88"},"content":"            System.out.print(\"_\");","lastModifiedDate":"2023-08-23"},{"lineNumber":41,"author":{"gitId":"jingjie88"},"content":"        }","lastModifiedDate":"2023-08-23"},{"lineNumber":42,"author":{"gitId":"jingjie88"},"content":"        System.out.println();","lastModifiedDate":"2023-08-23"},{"lineNumber":43,"author":{"gitId":"jingjie88"},"content":"    }","lastModifiedDate":"2023-08-23"},{"lineNumber":44,"author":{"gitId":"jingjie88"},"content":"","lastModifiedDate":"2023-08-23"},{"lineNumber":45,"author":{"gitId":"jingjie88"},"content":"    public static void execute(String command, String args) throws MonkeException, IOException {","lastModifiedDate":"2023-08-29"},{"lineNumber":46,"author":{"gitId":"jingjie88"},"content":"        Command cmd;","lastModifiedDate":"2023-08-24"},{"lineNumber":47,"author":{"gitId":"jingjie88"},"content":"        try {","lastModifiedDate":"2023-08-24"},{"lineNumber":48,"author":{"gitId":"jingjie88"},"content":"            cmd \u003d Command.valueOf(command.toUpperCase());","lastModifiedDate":"2023-08-24"},{"lineNumber":49,"author":{"gitId":"jingjie88"},"content":"        } catch (IllegalArgumentException e) {","lastModifiedDate":"2023-08-24"},{"lineNumber":50,"author":{"gitId":"jingjie88"},"content":"            throw new MonkeException(\"OOGA??!! I\u0027m sorry, but I don\u0027t know what that means :-(\");","lastModifiedDate":"2023-08-24"},{"lineNumber":51,"author":{"gitId":"jingjie88"},"content":"        }","lastModifiedDate":"2023-08-24"},{"lineNumber":52,"author":{"gitId":"jingjie88"},"content":"        switch (cmd) {","lastModifiedDate":"2023-08-24"},{"lineNumber":53,"author":{"gitId":"jingjie88"},"content":"            case LIST: {","lastModifiedDate":"2023-08-24"},{"lineNumber":54,"author":{"gitId":"jingjie88"},"content":"                Monke.displayList();","lastModifiedDate":"2023-08-23"},{"lineNumber":55,"author":{"gitId":"jingjie88"},"content":"                break;","lastModifiedDate":"2023-08-23"},{"lineNumber":56,"author":{"gitId":"jingjie88"},"content":"            }","lastModifiedDate":"2023-08-23"},{"lineNumber":57,"author":{"gitId":"jingjie88"},"content":"            case MARK: {","lastModifiedDate":"2023-08-24"},{"lineNumber":58,"author":{"gitId":"jingjie88"},"content":"                int n \u003d Monke.getListNumber(args);","lastModifiedDate":"2023-08-23"},{"lineNumber":59,"author":{"gitId":"jingjie88"},"content":"                Task task \u003d Monke.list.get(n - 1);","lastModifiedDate":"2023-08-24"},{"lineNumber":60,"author":{"gitId":"jingjie88"},"content":"                task.mark();","lastModifiedDate":"2023-08-23"},{"lineNumber":61,"author":{"gitId":"jingjie88"},"content":"                Monke.saveData(dataPath);","lastModifiedDate":"2023-08-29"},{"lineNumber":62,"author":{"gitId":"jingjie88"},"content":"                Monke.speak(\"Ooga booga! I\u0027ve marked this task as done:\");","lastModifiedDate":"2023-08-23"},{"lineNumber":63,"author":{"gitId":"jingjie88"},"content":"                Monke.speak(\"\\t\" + task);","lastModifiedDate":"2023-08-23"},{"lineNumber":64,"author":{"gitId":"jingjie88"},"content":"                break;","lastModifiedDate":"2023-08-23"},{"lineNumber":65,"author":{"gitId":"jingjie88"},"content":"            }","lastModifiedDate":"2023-08-23"},{"lineNumber":66,"author":{"gitId":"jingjie88"},"content":"            case UNMARK: {","lastModifiedDate":"2023-08-24"},{"lineNumber":67,"author":{"gitId":"jingjie88"},"content":"                int n \u003d Monke.getListNumber(args);","lastModifiedDate":"2023-08-23"},{"lineNumber":68,"author":{"gitId":"jingjie88"},"content":"                Task task \u003d Monke.list.get(n - 1);","lastModifiedDate":"2023-08-24"},{"lineNumber":69,"author":{"gitId":"jingjie88"},"content":"                task.unmark();","lastModifiedDate":"2023-08-23"},{"lineNumber":70,"author":{"gitId":"jingjie88"},"content":"                Monke.saveData(dataPath);","lastModifiedDate":"2023-08-29"},{"lineNumber":71,"author":{"gitId":"jingjie88"},"content":"                Monke.speak(\"Ooga booga! I\u0027ve marked this task as done:\");","lastModifiedDate":"2023-08-23"},{"lineNumber":72,"author":{"gitId":"jingjie88"},"content":"                Monke.speak(\"\\t\" + task);","lastModifiedDate":"2023-08-23"},{"lineNumber":73,"author":{"gitId":"jingjie88"},"content":"                break;","lastModifiedDate":"2023-08-23"},{"lineNumber":74,"author":{"gitId":"jingjie88"},"content":"            }","lastModifiedDate":"2023-08-23"},{"lineNumber":75,"author":{"gitId":"jingjie88"},"content":"            case TODO: {","lastModifiedDate":"2023-08-24"},{"lineNumber":76,"author":{"gitId":"jingjie88"},"content":"                Todo todo \u003d Monke.getTodo(args);","lastModifiedDate":"2023-08-23"},{"lineNumber":77,"author":{"gitId":"jingjie88"},"content":"                Monke.addToList(todo);","lastModifiedDate":"2023-08-23"},{"lineNumber":78,"author":{"gitId":"jingjie88"},"content":"                break;","lastModifiedDate":"2023-08-23"},{"lineNumber":79,"author":{"gitId":"jingjie88"},"content":"            }","lastModifiedDate":"2023-08-23"},{"lineNumber":80,"author":{"gitId":"jingjie88"},"content":"            case DEADLINE: {","lastModifiedDate":"2023-08-24"},{"lineNumber":81,"author":{"gitId":"jingjie88"},"content":"                Deadline deadline \u003d Monke.getDeadline(args);","lastModifiedDate":"2023-08-23"},{"lineNumber":82,"author":{"gitId":"jingjie88"},"content":"                Monke.addToList(deadline);","lastModifiedDate":"2023-08-23"},{"lineNumber":83,"author":{"gitId":"jingjie88"},"content":"                break;","lastModifiedDate":"2023-08-23"},{"lineNumber":84,"author":{"gitId":"jingjie88"},"content":"            }","lastModifiedDate":"2023-08-23"},{"lineNumber":85,"author":{"gitId":"jingjie88"},"content":"            case EVENT: {","lastModifiedDate":"2023-08-24"},{"lineNumber":86,"author":{"gitId":"jingjie88"},"content":"                Event event \u003d Monke.getEvent(args);","lastModifiedDate":"2023-08-23"},{"lineNumber":87,"author":{"gitId":"jingjie88"},"content":"                Monke.addToList(event);","lastModifiedDate":"2023-08-23"},{"lineNumber":88,"author":{"gitId":"jingjie88"},"content":"                break;","lastModifiedDate":"2023-08-23"},{"lineNumber":89,"author":{"gitId":"jingjie88"},"content":"            }","lastModifiedDate":"2023-08-23"},{"lineNumber":90,"author":{"gitId":"jingjie88"},"content":"            case DELETE: {","lastModifiedDate":"2023-08-24"},{"lineNumber":91,"author":{"gitId":"jingjie88"},"content":"                int n \u003d getListNumber(args);","lastModifiedDate":"2023-08-24"},{"lineNumber":92,"author":{"gitId":"jingjie88"},"content":"                Monke.deleteFromList(n);","lastModifiedDate":"2023-08-24"},{"lineNumber":93,"author":{"gitId":"jingjie88"},"content":"                break;","lastModifiedDate":"2023-08-24"},{"lineNumber":94,"author":{"gitId":"jingjie88"},"content":"            }","lastModifiedDate":"2023-08-24"},{"lineNumber":95,"author":{"gitId":"jingjie88"},"content":"            default: {","lastModifiedDate":"2023-08-23"},{"lineNumber":96,"author":{"gitId":"jingjie88"},"content":"                throw new MonkeException(\"OOGA??!! I\u0027m sorry, but I don\u0027t know what that means :-(\");","lastModifiedDate":"2023-08-23"},{"lineNumber":97,"author":{"gitId":"jingjie88"},"content":"            }","lastModifiedDate":"2023-08-23"},{"lineNumber":98,"author":{"gitId":"jingjie88"},"content":"        }","lastModifiedDate":"2023-08-23"},{"lineNumber":99,"author":{"gitId":"jingjie88"},"content":"    }","lastModifiedDate":"2023-08-23"},{"lineNumber":100,"author":{"gitId":"jingjie88"},"content":"","lastModifiedDate":"2023-08-23"},{"lineNumber":101,"author":{"gitId":"jingjie88"},"content":"    public static int getListNumber(String args) throws MonkeException {","lastModifiedDate":"2023-08-23"},{"lineNumber":102,"author":{"gitId":"jingjie88"},"content":"        try {","lastModifiedDate":"2023-08-23"},{"lineNumber":103,"author":{"gitId":"jingjie88"},"content":"            int n \u003d Integer.parseInt(args);","lastModifiedDate":"2023-08-23"},{"lineNumber":104,"author":{"gitId":"jingjie88"},"content":"            if (n \u003e Monke.list.size()) {","lastModifiedDate":"2023-08-24"},{"lineNumber":105,"author":{"gitId":"jingjie88"},"content":"                throw new MonkeException(\"OOGA BOOGA!! Your number is out of range. :(\");","lastModifiedDate":"2023-08-23"},{"lineNumber":106,"author":{"gitId":"jingjie88"},"content":"            }","lastModifiedDate":"2023-08-23"},{"lineNumber":107,"author":{"gitId":"jingjie88"},"content":"            return n;","lastModifiedDate":"2023-08-23"},{"lineNumber":108,"author":{"gitId":"jingjie88"},"content":"        } catch (NumberFormatException e) {","lastModifiedDate":"2023-08-23"},{"lineNumber":109,"author":{"gitId":"jingjie88"},"content":"            throw new MonkeException(\"OOGA BOOGA!! You must provide a number from the list. :(\");","lastModifiedDate":"2023-08-23"},{"lineNumber":110,"author":{"gitId":"jingjie88"},"content":"        }","lastModifiedDate":"2023-08-23"},{"lineNumber":111,"author":{"gitId":"jingjie88"},"content":"    }","lastModifiedDate":"2023-08-23"},{"lineNumber":112,"author":{"gitId":"jingjie88"},"content":"","lastModifiedDate":"2023-08-23"},{"lineNumber":113,"author":{"gitId":"jingjie88"},"content":"    public static Todo getTodo(String args) throws MonkeException {","lastModifiedDate":"2023-08-23"},{"lineNumber":114,"author":{"gitId":"jingjie88"},"content":"        if (args.isBlank()) {","lastModifiedDate":"2023-08-24"},{"lineNumber":115,"author":{"gitId":"jingjie88"},"content":"            throw new MonkeException(\"OOGA BOOGA!! The description of a todo cannot be empty.\");","lastModifiedDate":"2023-08-23"},{"lineNumber":116,"author":{"gitId":"jingjie88"},"content":"        }","lastModifiedDate":"2023-08-23"},{"lineNumber":117,"author":{"gitId":"jingjie88"},"content":"        return new Todo(args);","lastModifiedDate":"2023-08-23"},{"lineNumber":118,"author":{"gitId":"jingjie88"},"content":"    }","lastModifiedDate":"2023-08-23"},{"lineNumber":119,"author":{"gitId":"jingjie88"},"content":"","lastModifiedDate":"2023-08-23"},{"lineNumber":120,"author":{"gitId":"jingjie88"},"content":"    public static Deadline getDeadline(String args) throws MonkeException {","lastModifiedDate":"2023-08-23"},{"lineNumber":121,"author":{"gitId":"jingjie88"},"content":"        String[] tmp \u003d args.split(\" /by \", 2);","lastModifiedDate":"2023-08-24"},{"lineNumber":122,"author":{"gitId":"jingjie88"},"content":"        if (tmp.length \u003c 2 || tmp[0].isBlank() || tmp[1].isBlank()) {","lastModifiedDate":"2023-08-24"},{"lineNumber":123,"author":{"gitId":"jingjie88"},"content":"            throw new MonkeException(\"You must format your deadline like this:\\n\" +","lastModifiedDate":"2023-08-23"},{"lineNumber":124,"author":{"gitId":"jingjie88"},"content":"                    \"\\t\\tdeadline \u003ctask\u003e /by \u003cdeadline\u003e\");","lastModifiedDate":"2023-08-23"},{"lineNumber":125,"author":{"gitId":"jingjie88"},"content":"        }","lastModifiedDate":"2023-08-23"},{"lineNumber":126,"author":{"gitId":"jingjie88"},"content":"        String description \u003d tmp[0];","lastModifiedDate":"2023-08-23"},{"lineNumber":127,"author":{"gitId":"jingjie88"},"content":"        String date \u003d tmp[1];","lastModifiedDate":"2023-08-23"},{"lineNumber":128,"author":{"gitId":"jingjie88"},"content":"        return new Deadline(description, date);","lastModifiedDate":"2023-08-23"},{"lineNumber":129,"author":{"gitId":"jingjie88"},"content":"    }","lastModifiedDate":"2023-08-23"},{"lineNumber":130,"author":{"gitId":"jingjie88"},"content":"","lastModifiedDate":"2023-08-23"},{"lineNumber":131,"author":{"gitId":"jingjie88"},"content":"    public static Event getEvent(String args) throws MonkeException {","lastModifiedDate":"2023-08-23"},{"lineNumber":132,"author":{"gitId":"jingjie88"},"content":"        String[] tmp \u003d args.split(\" /from \", 2);","lastModifiedDate":"2023-08-24"},{"lineNumber":133,"author":{"gitId":"jingjie88"},"content":"        String description \u003d tmp[0];","lastModifiedDate":"2023-08-24"},{"lineNumber":134,"author":{"gitId":"jingjie88"},"content":"        if (tmp.length \u003c 2 || tmp[0].isBlank() || tmp[1].isBlank()) {","lastModifiedDate":"2023-08-24"},{"lineNumber":135,"author":{"gitId":"jingjie88"},"content":"            throw new MonkeException(\"You must format your event like this:\\n\" +","lastModifiedDate":"2023-08-23"},{"lineNumber":136,"author":{"gitId":"jingjie88"},"content":"                    \"\\t\\tdeadline \u003ctask\u003e /from \u003cstart time\u003e /to \u003cend time\u003e\");","lastModifiedDate":"2023-08-23"},{"lineNumber":137,"author":{"gitId":"jingjie88"},"content":"        }","lastModifiedDate":"2023-08-23"},{"lineNumber":138,"author":{"gitId":"jingjie88"},"content":"        String[] tmp2 \u003d tmp[1].split(\" /to \", 2);","lastModifiedDate":"2023-08-23"},{"lineNumber":139,"author":{"gitId":"jingjie88"},"content":"        if (tmp2.length \u003c 2 || tmp2[0].isBlank() || tmp2[1].isBlank()) {","lastModifiedDate":"2023-08-24"},{"lineNumber":140,"author":{"gitId":"jingjie88"},"content":"            throw new MonkeException(\"You must format your event like this:\\n\" +","lastModifiedDate":"2023-08-24"},{"lineNumber":141,"author":{"gitId":"jingjie88"},"content":"                    \"\\t\\tdeadline \u003ctask\u003e /from \u003cstart time\u003e /to \u003cend time\u003e\");","lastModifiedDate":"2023-08-24"},{"lineNumber":142,"author":{"gitId":"jingjie88"},"content":"        }","lastModifiedDate":"2023-08-24"},{"lineNumber":143,"author":{"gitId":"jingjie88"},"content":"        String start \u003d tmp2[0];","lastModifiedDate":"2023-08-23"},{"lineNumber":144,"author":{"gitId":"jingjie88"},"content":"        String end \u003d tmp2[1];","lastModifiedDate":"2023-08-23"},{"lineNumber":145,"author":{"gitId":"jingjie88"},"content":"        return new Event(description, start, end);","lastModifiedDate":"2023-08-23"},{"lineNumber":146,"author":{"gitId":"jingjie88"},"content":"    }","lastModifiedDate":"2023-08-23"},{"lineNumber":147,"author":{"gitId":"jingjie88"},"content":"","lastModifiedDate":"2023-08-23"},{"lineNumber":148,"author":{"gitId":"jingjie88"},"content":"    public static void addToList(Task task) throws MonkeException, IOException {","lastModifiedDate":"2023-08-29"},{"lineNumber":149,"author":{"gitId":"jingjie88"},"content":"        Monke.speak(\"Got it. I\u0027ve added this task:\");","lastModifiedDate":"2023-08-23"},{"lineNumber":150,"author":{"gitId":"jingjie88"},"content":"        Monke.speak(\"\\t\" + task);","lastModifiedDate":"2023-08-23"},{"lineNumber":151,"author":{"gitId":"jingjie88"},"content":"        Monke.list.add(task);","lastModifiedDate":"2023-08-24"},{"lineNumber":152,"author":{"gitId":"jingjie88"},"content":"        Monke.saveData(dataPath);","lastModifiedDate":"2023-08-29"},{"lineNumber":153,"author":{"gitId":"jingjie88"},"content":"        Monke.speak(\"Now you have \" + Monke.list.size() + \" tasks in the list.\");","lastModifiedDate":"2023-08-24"},{"lineNumber":154,"author":{"gitId":"jingjie88"},"content":"    }","lastModifiedDate":"2023-08-24"},{"lineNumber":155,"author":{"gitId":"jingjie88"},"content":"public static void deleteFromList(int n) throws MonkeException, IOException {","lastModifiedDate":"2023-08-29"},{"lineNumber":156,"author":{"gitId":"jingjie88"},"content":"        Task task \u003d Monke.list.get(n - 1);","lastModifiedDate":"2023-08-24"},{"lineNumber":157,"author":{"gitId":"jingjie88"},"content":"        if (n \u003c\u003d 0 || n \u003e Monke.list.size()) {","lastModifiedDate":"2023-08-29"},{"lineNumber":158,"author":{"gitId":"jingjie88"},"content":"            throw new MonkeException(\"Choose a number from the list!!\");","lastModifiedDate":"2023-08-29"},{"lineNumber":159,"author":{"gitId":"jingjie88"},"content":"        }","lastModifiedDate":"2023-08-29"},{"lineNumber":160,"author":{"gitId":"jingjie88"},"content":"        Monke.speak(\"Noted. I\u0027ve removed this task:\");","lastModifiedDate":"2023-08-24"},{"lineNumber":161,"author":{"gitId":"jingjie88"},"content":"        Monke.speak(\"\\t\" + task);","lastModifiedDate":"2023-08-24"},{"lineNumber":162,"author":{"gitId":"jingjie88"},"content":"        Monke.list.remove(n - 1);","lastModifiedDate":"2023-08-24"},{"lineNumber":163,"author":{"gitId":"jingjie88"},"content":"        Monke.saveData(dataPath);","lastModifiedDate":"2023-08-29"},{"lineNumber":164,"author":{"gitId":"jingjie88"},"content":"        Monke.speak(\"Now you have \" + Monke.list.size() + \" tasks in the list.\");","lastModifiedDate":"2023-08-24"},{"lineNumber":165,"author":{"gitId":"jingjie88"},"content":"    }","lastModifiedDate":"2023-08-23"},{"lineNumber":166,"author":{"gitId":"jingjie88"},"content":"","lastModifiedDate":"2023-08-23"},{"lineNumber":167,"author":{"gitId":"jingjie88"},"content":"    public static void displayList() {","lastModifiedDate":"2023-08-23"},{"lineNumber":168,"author":{"gitId":"jingjie88"},"content":"        for (int i \u003d 0; i \u003c Monke.list.size(); i++) {","lastModifiedDate":"2023-08-24"},{"lineNumber":169,"author":{"gitId":"jingjie88"},"content":"            Monke.speak((i + 1) + \". \" + Monke.list.get(i));","lastModifiedDate":"2023-08-24"},{"lineNumber":170,"author":{"gitId":"jingjie88"},"content":"        }","lastModifiedDate":"2023-08-23"},{"lineNumber":171,"author":{"gitId":"jingjie88"},"content":"    }","lastModifiedDate":"2023-08-23"},{"lineNumber":172,"author":{"gitId":"jingjie88"},"content":"","lastModifiedDate":"2023-08-23"},{"lineNumber":173,"author":{"gitId":"jingjie88"},"content":"    public static \u003cT\u003e void loadFileToList(String filepath, List\u003cT\u003e lst) throws FileNotFoundException {","lastModifiedDate":"2023-08-29"},{"lineNumber":174,"author":{"gitId":"jingjie88"},"content":"        File f \u003d new File(filepath);","lastModifiedDate":"2023-08-29"},{"lineNumber":175,"author":{"gitId":"jingjie88"},"content":"        Scanner s \u003d new Scanner(f);","lastModifiedDate":"2023-08-29"},{"lineNumber":176,"author":{"gitId":"jingjie88"},"content":"        while (s.hasNext()) {","lastModifiedDate":"2023-08-29"},{"lineNumber":177,"author":{"gitId":"jingjie88"},"content":"            try {","lastModifiedDate":"2023-08-29"},{"lineNumber":178,"author":{"gitId":"jingjie88"},"content":"                Task task \u003d parseTaskData(s.nextLine());","lastModifiedDate":"2023-08-29"},{"lineNumber":179,"author":{"gitId":"jingjie88"},"content":"                Monke.list.add(task);","lastModifiedDate":"2023-08-29"},{"lineNumber":180,"author":{"gitId":"jingjie88"},"content":"            } catch (MonkeException e) {","lastModifiedDate":"2023-08-29"},{"lineNumber":181,"author":{"gitId":"jingjie88"},"content":"                Monke.speak(e.getMessage());","lastModifiedDate":"2023-08-29"},{"lineNumber":182,"author":{"gitId":"jingjie88"},"content":"            }","lastModifiedDate":"2023-08-29"},{"lineNumber":183,"author":{"gitId":"jingjie88"},"content":"        }","lastModifiedDate":"2023-08-29"},{"lineNumber":184,"author":{"gitId":"jingjie88"},"content":"    }","lastModifiedDate":"2023-08-29"},{"lineNumber":185,"author":{"gitId":"jingjie88"},"content":"","lastModifiedDate":"2023-08-29"},{"lineNumber":186,"author":{"gitId":"jingjie88"},"content":"    public static Task parseTaskData(String data) throws MonkeException {","lastModifiedDate":"2023-08-29"},{"lineNumber":187,"author":{"gitId":"jingjie88"},"content":"        String[] tmp \u003d data.split(\" \\\\| \");","lastModifiedDate":"2023-08-29"},{"lineNumber":188,"author":{"gitId":"jingjie88"},"content":"        String taskType \u003d tmp[0];","lastModifiedDate":"2023-08-29"},{"lineNumber":189,"author":{"gitId":"jingjie88"},"content":"        String isDone \u003d tmp[1];","lastModifiedDate":"2023-08-29"},{"lineNumber":190,"author":{"gitId":"jingjie88"},"content":"        String description \u003d tmp[2];","lastModifiedDate":"2023-08-29"},{"lineNumber":191,"author":{"gitId":"jingjie88"},"content":"        Task task;","lastModifiedDate":"2023-08-29"},{"lineNumber":192,"author":{"gitId":"jingjie88"},"content":"        switch (taskType) {","lastModifiedDate":"2023-08-29"},{"lineNumber":193,"author":{"gitId":"jingjie88"},"content":"        case \"T\":","lastModifiedDate":"2023-08-29"},{"lineNumber":194,"author":{"gitId":"jingjie88"},"content":"            task \u003d new Todo(description);","lastModifiedDate":"2023-08-29"},{"lineNumber":195,"author":{"gitId":"jingjie88"},"content":"            break;","lastModifiedDate":"2023-08-29"},{"lineNumber":196,"author":{"gitId":"jingjie88"},"content":"        case \"D\":","lastModifiedDate":"2023-08-29"},{"lineNumber":197,"author":{"gitId":"jingjie88"},"content":"            String date \u003d tmp[3];","lastModifiedDate":"2023-08-29"},{"lineNumber":198,"author":{"gitId":"jingjie88"},"content":"            task \u003d new Deadline(description, date);","lastModifiedDate":"2023-08-29"},{"lineNumber":199,"author":{"gitId":"jingjie88"},"content":"            break;","lastModifiedDate":"2023-08-29"},{"lineNumber":200,"author":{"gitId":"jingjie88"},"content":"        case \"E\":","lastModifiedDate":"2023-08-29"},{"lineNumber":201,"author":{"gitId":"jingjie88"},"content":"            String start \u003d tmp[3];","lastModifiedDate":"2023-08-29"},{"lineNumber":202,"author":{"gitId":"jingjie88"},"content":"            String end \u003d tmp[4];","lastModifiedDate":"2023-08-29"},{"lineNumber":203,"author":{"gitId":"jingjie88"},"content":"            task \u003d new Event(description, start, end);","lastModifiedDate":"2023-08-29"},{"lineNumber":204,"author":{"gitId":"jingjie88"},"content":"            break;","lastModifiedDate":"2023-08-29"},{"lineNumber":205,"author":{"gitId":"jingjie88"},"content":"        default:","lastModifiedDate":"2023-08-29"},{"lineNumber":206,"author":{"gitId":"jingjie88"},"content":"            throw new MonkeException(\"Invalid file data\");","lastModifiedDate":"2023-08-29"},{"lineNumber":207,"author":{"gitId":"jingjie88"},"content":"        }","lastModifiedDate":"2023-08-29"},{"lineNumber":208,"author":{"gitId":"jingjie88"},"content":"        if (isDone.equals(\"1\")) {","lastModifiedDate":"2023-08-29"},{"lineNumber":209,"author":{"gitId":"jingjie88"},"content":"            task.mark();","lastModifiedDate":"2023-08-29"},{"lineNumber":210,"author":{"gitId":"jingjie88"},"content":"        }","lastModifiedDate":"2023-08-29"},{"lineNumber":211,"author":{"gitId":"jingjie88"},"content":"        return task;","lastModifiedDate":"2023-08-29"},{"lineNumber":212,"author":{"gitId":"jingjie88"},"content":"    }","lastModifiedDate":"2023-08-29"},{"lineNumber":213,"author":{"gitId":"jingjie88"},"content":"","lastModifiedDate":"2023-08-29"},{"lineNumber":214,"author":{"gitId":"jingjie88"},"content":"    public static void saveData(String filepath) throws IOException {","lastModifiedDate":"2023-08-29"},{"lineNumber":215,"author":{"gitId":"jingjie88"},"content":"        FileWriter fw \u003d new FileWriter(filepath);","lastModifiedDate":"2023-08-29"},{"lineNumber":216,"author":{"gitId":"jingjie88"},"content":"        StringBuilder textToAdd \u003d new StringBuilder();","lastModifiedDate":"2023-08-29"},{"lineNumber":217,"author":{"gitId":"jingjie88"},"content":"        for (Task task: Monke.list) {","lastModifiedDate":"2023-08-29"},{"lineNumber":218,"author":{"gitId":"jingjie88"},"content":"            textToAdd.append(task.formatData());","lastModifiedDate":"2023-08-29"},{"lineNumber":219,"author":{"gitId":"jingjie88"},"content":"        }","lastModifiedDate":"2023-08-29"},{"lineNumber":220,"author":{"gitId":"jingjie88"},"content":"        fw.write(textToAdd.toString());","lastModifiedDate":"2023-08-29"},{"lineNumber":221,"author":{"gitId":"jingjie88"},"content":"        fw.close();","lastModifiedDate":"2023-08-29"},{"lineNumber":222,"author":{"gitId":"jingjie88"},"content":"    }","lastModifiedDate":"2023-08-29"},{"lineNumber":223,"author":{"gitId":"jingjie88"},"content":"","lastModifiedDate":"2023-08-29"},{"lineNumber":224,"author":{"gitId":"jingjie88"},"content":"    public static void main(String[] args) {","lastModifiedDate":"2023-08-23"},{"lineNumber":225,"author":{"gitId":"jingjie88"},"content":"        Monke.printHorizontalLine();","lastModifiedDate":"2023-08-23"},{"lineNumber":226,"author":{"gitId":"jingjie88"},"content":"        Monke.greet();","lastModifiedDate":"2023-08-23"},{"lineNumber":227,"author":{"gitId":"jingjie88"},"content":"        try {","lastModifiedDate":"2023-08-29"},{"lineNumber":228,"author":{"gitId":"jingjie88"},"content":"            Monke.loadFileToList(dataPath, Monke.list);","lastModifiedDate":"2023-08-29"},{"lineNumber":229,"author":{"gitId":"jingjie88"},"content":"        } catch (IOException e) {","lastModifiedDate":"2023-08-29"},{"lineNumber":230,"author":{"gitId":"jingjie88"},"content":"            File f \u003d new File(dataPath);","lastModifiedDate":"2023-08-29"},{"lineNumber":231,"author":{"gitId":"jingjie88"},"content":"        }","lastModifiedDate":"2023-08-29"},{"lineNumber":232,"author":{"gitId":"jingjie88"},"content":"","lastModifiedDate":"2023-08-24"},{"lineNumber":233,"author":{"gitId":"jingjie88"},"content":"        Scanner sc \u003d new Scanner(System.in);","lastModifiedDate":"2023-08-24"},{"lineNumber":234,"author":{"gitId":"jingjie88"},"content":"        while (true) {","lastModifiedDate":"2023-08-24"},{"lineNumber":235,"author":{"gitId":"jingjie88"},"content":"            String input \u003d sc.nextLine();","lastModifiedDate":"2023-08-24"},{"lineNumber":236,"author":{"gitId":"jingjie88"},"content":"            String[] temp \u003d input.split(\" \", 2);","lastModifiedDate":"2023-08-24"},{"lineNumber":237,"author":{"gitId":"jingjie88"},"content":"            String command \u003d temp[0];","lastModifiedDate":"2023-08-24"},{"lineNumber":238,"author":{"gitId":"jingjie88"},"content":"            String commandArgs \u003d temp.length \u003e 1 ? temp[1] : \"\";","lastModifiedDate":"2023-08-24"},{"lineNumber":239,"author":{"gitId":"jingjie88"},"content":"            Monke.printHorizontalLine();","lastModifiedDate":"2023-08-24"},{"lineNumber":240,"author":{"gitId":"jingjie88"},"content":"","lastModifiedDate":"2023-08-24"},{"lineNumber":241,"author":{"gitId":"jingjie88"},"content":"            if (command.equals(\"bye\")) {","lastModifiedDate":"2023-08-24"},{"lineNumber":242,"author":{"gitId":"jingjie88"},"content":"                break;","lastModifiedDate":"2023-08-24"},{"lineNumber":243,"author":{"gitId":"jingjie88"},"content":"            }","lastModifiedDate":"2023-08-24"},{"lineNumber":244,"author":{"gitId":"jingjie88"},"content":"","lastModifiedDate":"2023-08-24"},{"lineNumber":245,"author":{"gitId":"jingjie88"},"content":"            try {","lastModifiedDate":"2023-08-24"},{"lineNumber":246,"author":{"gitId":"jingjie88"},"content":"                Monke.execute(command, commandArgs);","lastModifiedDate":"2023-08-24"},{"lineNumber":247,"author":{"gitId":"jingjie88"},"content":"            } catch (MonkeException e) {","lastModifiedDate":"2023-08-24"},{"lineNumber":248,"author":{"gitId":"jingjie88"},"content":"                Monke.speak(e.getMessage());","lastModifiedDate":"2023-08-24"},{"lineNumber":249,"author":{"gitId":"jingjie88"},"content":"            } catch (IOException e) {","lastModifiedDate":"2023-08-29"},{"lineNumber":250,"author":{"gitId":"jingjie88"},"content":"                Monke.speak(e.getMessage());","lastModifiedDate":"2023-08-29"},{"lineNumber":251,"author":{"gitId":"jingjie88"},"content":"                break;","lastModifiedDate":"2023-08-29"},{"lineNumber":252,"author":{"gitId":"jingjie88"},"content":"            }","lastModifiedDate":"2023-08-24"},{"lineNumber":253,"author":{"gitId":"jingjie88"},"content":"","lastModifiedDate":"2023-08-24"},{"lineNumber":254,"author":{"gitId":"jingjie88"},"content":"            Monke.printHorizontalLine();","lastModifiedDate":"2023-08-24"},{"lineNumber":255,"author":{"gitId":"jingjie88"},"content":"        }","lastModifiedDate":"2023-08-24"},{"lineNumber":256,"author":{"gitId":"jingjie88"},"content":"        sc.close();","lastModifiedDate":"2023-08-24"},{"lineNumber":257,"author":{"gitId":"jingjie88"},"content":"","lastModifiedDate":"2023-08-24"},{"lineNumber":258,"author":{"gitId":"jingjie88"},"content":"        Monke.exit();","lastModifiedDate":"2023-08-23"},{"lineNumber":259,"author":{"gitId":"jingjie88"},"content":"    }","lastModifiedDate":"2023-08-23"},{"lineNumber":260,"author":{"gitId":"jingjie88"},"content":"}","lastModifiedDate":"2023-08-23"}],"authorContributionMap":{"jingjie88":260}},{"path":"src/main/java/MonkeException.java","fileType":"java","lines":[{"lineNumber":1,"author":{"gitId":"jingjie88"},"content":"public class MonkeException extends Exception {","lastModifiedDate":"2023-08-23"},{"lineNumber":2,"author":{"gitId":"jingjie88"},"content":"    public MonkeException(String message) {","lastModifiedDate":"2023-08-23"},{"lineNumber":3,"author":{"gitId":"jingjie88"},"content":"        super(message);","lastModifiedDate":"2023-08-23"},{"lineNumber":4,"author":{"gitId":"jingjie88"},"content":"    }","lastModifiedDate":"2023-08-23"},{"lineNumber":5,"author":{"gitId":"jingjie88"},"content":"}","lastModifiedDate":"2023-08-23"}],"authorContributionMap":{"jingjie88":5}},{"path":"src/main/java/Task.java","fileType":"java","lines":[{"lineNumber":1,"author":{"gitId":"jingjie88"},"content":"public abstract class Task {","lastModifiedDate":"2023-08-29"},{"lineNumber":2,"author":{"gitId":"jingjie88"},"content":"    protected String description;","lastModifiedDate":"2023-08-23"},{"lineNumber":3,"author":{"gitId":"jingjie88"},"content":"    protected boolean isDone;","lastModifiedDate":"2023-08-23"},{"lineNumber":4,"author":{"gitId":"jingjie88"},"content":"","lastModifiedDate":"2023-08-23"},{"lineNumber":5,"author":{"gitId":"jingjie88"},"content":"    public Task(String description) {","lastModifiedDate":"2023-08-23"},{"lineNumber":6,"author":{"gitId":"jingjie88"},"content":"        this.description \u003d description;","lastModifiedDate":"2023-08-23"},{"lineNumber":7,"author":{"gitId":"jingjie88"},"content":"        this.isDone \u003d false;","lastModifiedDate":"2023-08-23"},{"lineNumber":8,"author":{"gitId":"jingjie88"},"content":"    }","lastModifiedDate":"2023-08-23"},{"lineNumber":9,"author":{"gitId":"jingjie88"},"content":"","lastModifiedDate":"2023-08-23"},{"lineNumber":10,"author":{"gitId":"jingjie88"},"content":"    public String getStatusIcon() {","lastModifiedDate":"2023-08-23"},{"lineNumber":11,"author":{"gitId":"jingjie88"},"content":"        return (isDone ? \"X\" : \" \");","lastModifiedDate":"2023-08-23"},{"lineNumber":12,"author":{"gitId":"jingjie88"},"content":"    }","lastModifiedDate":"2023-08-23"},{"lineNumber":13,"author":{"gitId":"jingjie88"},"content":"","lastModifiedDate":"2023-08-23"},{"lineNumber":14,"author":{"gitId":"jingjie88"},"content":"    public void mark() {","lastModifiedDate":"2023-08-23"},{"lineNumber":15,"author":{"gitId":"jingjie88"},"content":"        this.isDone \u003d true;","lastModifiedDate":"2023-08-23"},{"lineNumber":16,"author":{"gitId":"jingjie88"},"content":"    }","lastModifiedDate":"2023-08-23"},{"lineNumber":17,"author":{"gitId":"jingjie88"},"content":"","lastModifiedDate":"2023-08-23"},{"lineNumber":18,"author":{"gitId":"jingjie88"},"content":"    public void unmark() {","lastModifiedDate":"2023-08-23"},{"lineNumber":19,"author":{"gitId":"jingjie88"},"content":"        this.isDone \u003d false;","lastModifiedDate":"2023-08-23"},{"lineNumber":20,"author":{"gitId":"jingjie88"},"content":"    }","lastModifiedDate":"2023-08-23"},{"lineNumber":21,"author":{"gitId":"jingjie88"},"content":"","lastModifiedDate":"2023-08-23"},{"lineNumber":22,"author":{"gitId":"jingjie88"},"content":"    @Override","lastModifiedDate":"2023-08-23"},{"lineNumber":23,"author":{"gitId":"jingjie88"},"content":"    public String toString() {","lastModifiedDate":"2023-08-23"},{"lineNumber":24,"author":{"gitId":"jingjie88"},"content":"        return String.format(\"[%s] %s\", getStatusIcon(), this.description);","lastModifiedDate":"2023-08-23"},{"lineNumber":25,"author":{"gitId":"jingjie88"},"content":"    }","lastModifiedDate":"2023-08-23"},{"lineNumber":26,"author":{"gitId":"jingjie88"},"content":"","lastModifiedDate":"2023-08-29"},{"lineNumber":27,"author":{"gitId":"jingjie88"},"content":"    public abstract String formatData();","lastModifiedDate":"2023-08-29"},{"lineNumber":28,"author":{"gitId":"jingjie88"},"content":"}","lastModifiedDate":"2023-08-23"}],"authorContributionMap":{"jingjie88":28}},{"path":"src/main/java/Todo.java","fileType":"java","lines":[{"lineNumber":1,"author":{"gitId":"jingjie88"},"content":"public class Todo extends Task {","lastModifiedDate":"2023-08-23"},{"lineNumber":2,"author":{"gitId":"jingjie88"},"content":"    public Todo(String description) {","lastModifiedDate":"2023-08-23"},{"lineNumber":3,"author":{"gitId":"jingjie88"},"content":"        super(description);","lastModifiedDate":"2023-08-23"},{"lineNumber":4,"author":{"gitId":"jingjie88"},"content":"    }","lastModifiedDate":"2023-08-23"},{"lineNumber":5,"author":{"gitId":"jingjie88"},"content":"","lastModifiedDate":"2023-08-23"},{"lineNumber":6,"author":{"gitId":"jingjie88"},"content":"    @Override","lastModifiedDate":"2023-08-23"},{"lineNumber":7,"author":{"gitId":"jingjie88"},"content":"    public String toString() {","lastModifiedDate":"2023-08-23"},{"lineNumber":8,"author":{"gitId":"jingjie88"},"content":"        return \"[T]\" + super.toString();","lastModifiedDate":"2023-08-23"},{"lineNumber":9,"author":{"gitId":"jingjie88"},"content":"    }","lastModifiedDate":"2023-08-23"},{"lineNumber":10,"author":{"gitId":"jingjie88"},"content":"","lastModifiedDate":"2023-08-29"},{"lineNumber":11,"author":{"gitId":"jingjie88"},"content":"    @Override","lastModifiedDate":"2023-08-29"},{"lineNumber":12,"author":{"gitId":"jingjie88"},"content":"    public String formatData() {","lastModifiedDate":"2023-08-29"},{"lineNumber":13,"author":{"gitId":"jingjie88"},"content":"        return String.format(\"T | %d | %s\\n\", this.isDone ? 1 : 0, this.description);","lastModifiedDate":"2023-08-29"},{"lineNumber":14,"author":{"gitId":"jingjie88"},"content":"    }","lastModifiedDate":"2023-08-29"},{"lineNumber":15,"author":{"gitId":"jingjie88"},"content":"}","lastModifiedDate":"2023-08-23"}],"authorContributionMap":{"jingjie88":15}},{"path":"text-ui-test/input.txt","fileType":"txt","lines":[{"lineNumber":1,"author":{"gitId":"jingjie88"},"content":"todo read book","lastModifiedDate":"2023-08-23"},{"lineNumber":2,"author":{"gitId":"jingjie88"},"content":"deadline finish project /by August 23rd","lastModifiedDate":"2023-08-23"},{"lineNumber":3,"author":{"gitId":"jingjie88"},"content":"event project meeting /from June 6th 3pm /to 5pm","lastModifiedDate":"2023-08-23"},{"lineNumber":4,"author":{"gitId":"jingjie88"},"content":"list","lastModifiedDate":"2023-08-23"},{"lineNumber":5,"author":{"gitId":"jingjie88"},"content":"deadline return book /by Sunday","lastModifiedDate":"2023-08-23"},{"lineNumber":6,"author":{"gitId":"jingjie88"},"content":"event study /from Monday 9am /to 10am","lastModifiedDate":"2023-08-23"},{"lineNumber":7,"author":{"gitId":"jingjie88"},"content":"mark 2","lastModifiedDate":"2023-08-23"},{"lineNumber":8,"author":{"gitId":"jingjie88"},"content":"list","lastModifiedDate":"2023-08-23"},{"lineNumber":9,"author":{"gitId":"jingjie88"},"content":"mark 3","lastModifiedDate":"2023-08-23"},{"lineNumber":10,"author":{"gitId":"jingjie88"},"content":"list","lastModifiedDate":"2023-08-23"},{"lineNumber":11,"author":{"gitId":"jingjie88"},"content":"unmark 2","lastModifiedDate":"2023-08-23"},{"lineNumber":12,"author":{"gitId":"jingjie88"},"content":"list","lastModifiedDate":"2023-08-23"},{"lineNumber":13,"author":{"gitId":"jingjie88"},"content":"unmark 3","lastModifiedDate":"2023-08-23"},{"lineNumber":14,"author":{"gitId":"jingjie88"},"content":"list","lastModifiedDate":"2023-08-23"},{"lineNumber":15,"author":{"gitId":"jingjie88"},"content":"mark","lastModifiedDate":"2023-08-23"},{"lineNumber":16,"author":{"gitId":"jingjie88"},"content":"unmark","lastModifiedDate":"2023-08-23"},{"lineNumber":17,"author":{"gitId":"jingjie88"},"content":"mark 10","lastModifiedDate":"2023-08-23"},{"lineNumber":18,"author":{"gitId":"jingjie88"},"content":"todo","lastModifiedDate":"2023-08-23"},{"lineNumber":19,"author":{"gitId":"jingjie88"},"content":"deadline","lastModifiedDate":"2023-08-23"},{"lineNumber":20,"author":{"gitId":"jingjie88"},"content":"event","lastModifiedDate":"2023-08-23"},{"lineNumber":21,"author":{"gitId":"jingjie88"},"content":"deadline do something","lastModifiedDate":"2023-08-23"},{"lineNumber":22,"author":{"gitId":"jingjie88"},"content":"event do something","lastModifiedDate":"2023-08-23"},{"lineNumber":23,"author":{"gitId":"jingjie88"},"content":"event do something /from 2pm","lastModifiedDate":"2023-08-23"},{"lineNumber":24,"author":{"gitId":"jingjie88"},"content":"delete 1","lastModifiedDate":"2023-08-24"},{"lineNumber":25,"author":{"gitId":"jingjie88"},"content":"delete 4","lastModifiedDate":"2023-08-24"},{"lineNumber":26,"author":{"gitId":"jingjie88"},"content":"delete 2","lastModifiedDate":"2023-08-24"},{"lineNumber":27,"author":{"gitId":"jingjie88"},"content":"delete 10","lastModifiedDate":"2023-08-24"},{"lineNumber":28,"author":{"gitId":"jingjie88"},"content":"delete not a number","lastModifiedDate":"2023-08-24"},{"lineNumber":29,"author":{"gitId":"jingjie88"},"content":"event do something /from /to","lastModifiedDate":"2023-08-24"},{"lineNumber":30,"author":{"gitId":"jingjie88"},"content":"event do something /from /to 2pm","lastModifiedDate":"2023-08-24"},{"lineNumber":31,"author":{"gitId":"jingjie88"},"content":"event do something /from 2pm /to","lastModifiedDate":"2023-08-24"},{"lineNumber":32,"author":{"gitId":"jingjie88"},"content":"event do some","lastModifiedDate":"2023-08-24"},{"lineNumber":33,"author":{"gitId":"jingjie88"},"content":"deadline do something /by","lastModifiedDate":"2023-08-24"},{"lineNumber":34,"author":{"gitId":"jingjie88"},"content":"deadline /by do something","lastModifiedDate":"2023-08-24"},{"lineNumber":35,"author":{"gitId":"jingjie88"},"content":"todo","lastModifiedDate":"2023-08-24"},{"lineNumber":36,"author":{"gitId":"jingjie88"},"content":"event do something   /from    /to","lastModifiedDate":"2023-08-24"},{"lineNumber":37,"author":{"gitId":"jingjie88"},"content":"deadline do something2 /by","lastModifiedDate":"2023-08-24"},{"lineNumber":38,"author":{"gitId":"jingjie88"},"content":"deadline     /by 4pm","lastModifiedDate":"2023-08-24"},{"lineNumber":39,"author":{"gitId":"jingjie88"},"content":"event       /from 2pm /to 3pm","lastModifiedDate":"2023-08-24"},{"lineNumber":40,"author":{"gitId":"jingjie88"},"content":"event study/from2pm/to3pm","lastModifiedDate":"2023-08-24"},{"lineNumber":41,"author":{"gitId":"jingjie88"},"content":"deadline submit assignment/by 3pm","lastModifiedDate":"2023-08-24"},{"lineNumber":42,"author":{"gitId":"jingjie88"},"content":"bye","lastModifiedDate":"2023-08-23"}],"authorContributionMap":{"jingjie88":42}},{"path":"text-ui-test/runtest.sh","fileType":"sh","lines":[{"lineNumber":1,"author":{"gitId":"-"},"content":"#!/usr/bin/env bash","lastModifiedDate":"2020-05-25"},{"lineNumber":2,"author":{"gitId":"-"},"content":"","lastModifiedDate":"2020-05-25"},{"lineNumber":3,"author":{"gitId":"-"},"content":"# create bin directory if it doesn\u0027t exist","lastModifiedDate":"2020-05-25"},{"lineNumber":4,"author":{"gitId":"-"},"content":"if [ ! -d \"../bin\" ]","lastModifiedDate":"2020-05-25"},{"lineNumber":5,"author":{"gitId":"-"},"content":"then","lastModifiedDate":"2020-05-25"},{"lineNumber":6,"author":{"gitId":"-"},"content":"    mkdir ../bin","lastModifiedDate":"2020-05-25"},{"lineNumber":7,"author":{"gitId":"-"},"content":"fi","lastModifiedDate":"2020-05-25"},{"lineNumber":8,"author":{"gitId":"-"},"content":"","lastModifiedDate":"2020-05-25"},{"lineNumber":9,"author":{"gitId":"-"},"content":"# delete output from previous run","lastModifiedDate":"2020-05-25"},{"lineNumber":10,"author":{"gitId":"-"},"content":"if [ -e \"./ACTUAL.TXT\" ]","lastModifiedDate":"2020-05-25"},{"lineNumber":11,"author":{"gitId":"-"},"content":"then","lastModifiedDate":"2020-05-25"},{"lineNumber":12,"author":{"gitId":"-"},"content":"    rm ACTUAL.TXT","lastModifiedDate":"2020-05-25"},{"lineNumber":13,"author":{"gitId":"-"},"content":"fi","lastModifiedDate":"2020-05-25"},{"lineNumber":14,"author":{"gitId":"-"},"content":"","lastModifiedDate":"2020-05-25"},{"lineNumber":15,"author":{"gitId":"-"},"content":"# compile the code into the bin folder, terminates if error occurred","lastModifiedDate":"2020-05-25"},{"lineNumber":16,"author":{"gitId":"-"},"content":"if ! javac -cp ../src/main/java -Xlint:none -d ../bin ../src/main/java/*.java","lastModifiedDate":"2020-08-25"},{"lineNumber":17,"author":{"gitId":"-"},"content":"then","lastModifiedDate":"2020-05-25"},{"lineNumber":18,"author":{"gitId":"-"},"content":"    echo \"********** BUILD FAILURE **********\"","lastModifiedDate":"2020-05-25"},{"lineNumber":19,"author":{"gitId":"-"},"content":"    exit 1","lastModifiedDate":"2020-05-25"},{"lineNumber":20,"author":{"gitId":"-"},"content":"fi","lastModifiedDate":"2020-05-25"},{"lineNumber":21,"author":{"gitId":"-"},"content":"","lastModifiedDate":"2020-05-25"},{"lineNumber":22,"author":{"gitId":"-"},"content":"# run the program, feed commands from input.txt file and redirect the output to the ACTUAL.TXT","lastModifiedDate":"2020-05-25"},{"lineNumber":23,"author":{"gitId":"jingjie88"},"content":"java -classpath ../bin Monke \u003c input.txt \u003e ACTUAL.TXT","lastModifiedDate":"2023-08-23"},{"lineNumber":24,"author":{"gitId":"-"},"content":"","lastModifiedDate":"2020-05-25"},{"lineNumber":25,"author":{"gitId":"-"},"content":"# convert to UNIX format","lastModifiedDate":"2020-05-25"},{"lineNumber":26,"author":{"gitId":"-"},"content":"cp EXPECTED.TXT EXPECTED-UNIX.TXT","lastModifiedDate":"2020-05-25"},{"lineNumber":27,"author":{"gitId":"-"},"content":"dos2unix ACTUAL.TXT EXPECTED-UNIX.TXT","lastModifiedDate":"2020-05-25"},{"lineNumber":28,"author":{"gitId":"-"},"content":"","lastModifiedDate":"2020-05-25"},{"lineNumber":29,"author":{"gitId":"-"},"content":"# compare the output to the expected output","lastModifiedDate":"2020-05-25"},{"lineNumber":30,"author":{"gitId":"-"},"content":"diff ACTUAL.TXT EXPECTED-UNIX.TXT","lastModifiedDate":"2020-05-25"},{"lineNumber":31,"author":{"gitId":"-"},"content":"if [ $? -eq 0 ]","lastModifiedDate":"2020-05-25"},{"lineNumber":32,"author":{"gitId":"-"},"content":"then","lastModifiedDate":"2020-05-25"},{"lineNumber":33,"author":{"gitId":"-"},"content":"    echo \"Test result: PASSED\"","lastModifiedDate":"2020-05-25"},{"lineNumber":34,"author":{"gitId":"-"},"content":"    exit 0","lastModifiedDate":"2020-05-25"},{"lineNumber":35,"author":{"gitId":"-"},"content":"else","lastModifiedDate":"2020-05-25"},{"lineNumber":36,"author":{"gitId":"-"},"content":"    echo \"Test result: FAILED\"","lastModifiedDate":"2020-05-25"},{"lineNumber":37,"author":{"gitId":"-"},"content":"    exit 1","lastModifiedDate":"2020-05-25"},{"lineNumber":38,"author":{"gitId":"-"},"content":"fi","lastModifiedDate":"2020-05-25"}],"authorContributionMap":{"jingjie88":1,"-":37}}]
