{"authorDailyContributionsMap":{"tiongMax":[{"date":"2023-08-23","commitResults":[{"hash":"ce9378f7040c171e89c686f3b3095137bb62edd5","isMergeCommit":false,"messageTitle":"Attempt on level 0.","messageBody":"","tags":["Level-0"],"fileTypesAndContributionMap":{"java":{"insertions":9,"deletions":0}}},{"hash":"6e2942cb4409951f169e39e4f05f494cc8ae8f74","isMergeCommit":false,"messageTitle":"Attempt on level 1.","messageBody":"","tags":["Level-1"],"fileTypesAndContributionMap":{"java":{"insertions":35,"deletions":4}}},{"hash":"2118599ea2009d12338abe6f0e6cbf81b2fb4477","isMergeCommit":false,"messageTitle":"Attempt on level 2.","messageBody":"","tags":["Level-2"],"fileTypesAndContributionMap":{"java":{"insertions":24,"deletions":4}}}]},{"date":"2023-08-24","commitResults":[{"hash":"3e0959f7d6893d2b8e1b2e8fa84958251fc306fd","isMergeCommit":false,"messageTitle":"Attempt on level 3.","messageBody":"","fileTypesAndContributionMap":{"java":{"insertions":39,"deletions":3}}},{"hash":"24ba7c1cad011455db2c8c5318a94794d3b33d52","isMergeCommit":false,"messageTitle":"Attempt on level 3.","messageBody":"","fileTypesAndContributionMap":{"java":{"insertions":30,"deletions":1}}},{"hash":"711fcda234c5081c2bef580e78453ba8896b3b93","isMergeCommit":false,"messageTitle":"Attempt on level 3.","messageBody":"","tags":["Level-3"],"fileTypesAndContributionMap":{"java":{"insertions":1,"deletions":1}}},{"hash":"a31e76443d07da91dc52a7c855f7544033857162","isMergeCommit":false,"messageTitle":"Attempt on level 4.","messageBody":"","tags":["Level-4"],"fileTypesAndContributionMap":{"java":{"insertions":110,"deletions":22}}},{"hash":"544ea3893784cf595690f5f847ae965c01030ffe","isMergeCommit":false,"messageTitle":"Attempt on level 5.","messageBody":"","tags":["Level-5"],"fileTypesAndContributionMap":{"java":{"insertions":155,"deletions":32}}},{"hash":"1c461c37fb5f545e30e3434209e0be662a2a2f86","isMergeCommit":false,"messageTitle":"Attempt on level 6.","messageBody":"","tags":["Level-6"],"fileTypesAndContributionMap":{"java":{"insertions":20,"deletions":2}}},{"hash":"6362ef268310814ab5e859c44342dca8509cf9e1","isMergeCommit":false,"messageTitle":"Attempt to test the program by comparing input and output file.","messageBody":"","tags":["A-TextUiTesting"],"fileTypesAndContributionMap":{"txt":{"insertions":11,"deletions":0}}}]},{"date":"2023-08-30","commitResults":[{"hash":"6cdddb84030910967bac957298fcc0ecd8483e10","isMergeCommit":false,"messageTitle":"Revamp the previous code","messageBody":"","fileTypesAndContributionMap":{"java":{"insertions":52,"deletions":74}}}]},{"date":"2023-08-31","commitResults":[{"hash":"a47fb3caa848950b687b264de744f68bf5672b25","isMergeCommit":false,"messageTitle":"Add save functional on hard disk for task","messageBody":"","fileTypesAndContributionMap":{"txt":{"insertions":3,"deletions":0},"java":{"insertions":99,"deletions":11}}},{"hash":"910bf4b7987c306ac7a917dec0d29ea3ca5524dc","isMergeCommit":true,"messageTitle":"Merge branch \u0027branch-Level-7\u0027","messageBody":"","tags":["Level-7"],"fileTypesAndContributionMap":{}}]},{"date":"2023-09-01","commitResults":[{"hash":"25d004b786c73291341dfa855d913b8f66e755f9","isMergeCommit":false,"messageTitle":"Add date time feature for duke","messageBody":"","fileTypesAndContributionMap":{"txt":{"insertions":7,"deletions":3},"java":{"insertions":110,"deletions":20}}},{"hash":"db00a3b35c00747056875a549a7a40a1bc4103db","isMergeCommit":true,"messageTitle":"Merge branch \u0027branch-Level-8\u0027","messageBody":"","tags":["Level-8"],"fileTypesAndContributionMap":{}},{"hash":"b5dceb3f10fd8eb0e87e2ca0eebccc6019d3b457","isMergeCommit":false,"messageTitle":"Organise the code into a more OOP way","messageBody":"","fileTypesAndContributionMap":{"txt":{"insertions":8,"deletions":3},"java":{"insertions":447,"deletions":321}}},{"hash":"7098450de6c8c94f9142d44ae2b8207d23a7294d","isMergeCommit":true,"messageTitle":"Merge branch \u0027branch-A-MoreOOP\u0027","messageBody":"","tags":["A-MoreOOP"],"fileTypesAndContributionMap":{}},{"hash":"f174ac3a7b7e45d0fa12e8badb8e6fd4d7b9c12f","isMergeCommit":false,"messageTitle":"Organise the files into packages","messageBody":"","fileTypesAndContributionMap":{"java":{"insertions":75,"deletions":4}}},{"hash":"df2579e89642e3c31a3402e17ee357968fd20ca2","isMergeCommit":true,"messageTitle":"Merge branch \u0027branch-A-Packages\u0027","messageBody":"","tags":["A-Packages"],"fileTypesAndContributionMap":{}},{"hash":"688a6469673ab16d46420ca27820afe334649b13","isMergeCommit":true,"messageTitle":"Merge branch \u0027add-gradle-support\u0027 of https://github.com/tiongMax/ip into A-Gradle","messageBody":"","fileTypesAndContributionMap":{}},{"hash":"e0cc1a036e4cb51c861fcd477dfd9b0d4b1a4bf8","isMergeCommit":false,"messageTitle":"Setup gradle","messageBody":"","fileTypesAndContributionMap":{"gradle":{"insertions":1,"deletions":1},"java":{"insertions":0,"deletions":7}}},{"hash":"189be9839d50eb64cf809d286296d715fc9879f1","isMergeCommit":true,"messageTitle":"Merge branch \u0027branch-A-Gradle\u0027","messageBody":"","tags":["A-Gradle"],"fileTypesAndContributionMap":{}},{"hash":"5825eada573a4501c71ea98aef23873b5ca66345","isMergeCommit":false,"messageTitle":"Add JUnit to test certain class and respective methods","messageBody":"","fileTypesAndContributionMap":{"java":{"insertions":71,"deletions":0}}},{"hash":"29736fffa83bd0b3fc7f8f3b55969086278c4fdf","isMergeCommit":true,"messageTitle":"Merge branch \u0027branch-A-JUnit\u0027","messageBody":"","tags":["A-Jar","A-JUnit"],"fileTypesAndContributionMap":{}},{"hash":"2286792e0128c0ae1be2d06962cb179ed20f477e","isMergeCommit":false,"messageTitle":"Add javaDoc for all classes and methods","messageBody":"","fileTypesAndContributionMap":{"java":{"insertions":358,"deletions":11}}},{"hash":"9e2484e1a328fca4804c2f6cf3332090a04348f1","isMergeCommit":true,"messageTitle":"Merge branch \u0027branch-A-JavaDoc\u0027","messageBody":"","tags":["A-JavaDoc"],"fileTypesAndContributionMap":{}},{"hash":"c758d456e8188a37aa4380b591f83b5fec88865a","isMergeCommit":true,"messageTitle":"Merge branch \u0027master\u0027 into branch-A-CodingStandard","messageBody":"","fileTypesAndContributionMap":{}},{"hash":"7eca24faeaa5070acd32008a9a976f6e459edb6e","isMergeCommit":false,"messageTitle":"Fix code according to the Java coding standard","messageBody":"","fileTypesAndContributionMap":{"java":{"insertions":13,"deletions":12}}},{"hash":"2a62393fa54acaf2a05fc9d328b26dcc713d67a0","isMergeCommit":true,"messageTitle":"Merge branch \u0027branch-A-CodingStandard\u0027","messageBody":"","tags":["A-CodingStandard"],"fileTypesAndContributionMap":{}},{"hash":"5d62d697ce1595e046940a703182a8faf6805617","isMergeCommit":false,"messageTitle":"Add search for keyword functionality","messageBody":"","fileTypesAndContributionMap":{"java":{"insertions":33,"deletions":3}}},{"hash":"1172543af59be9d4d51151dca5f3400835af79cd","isMergeCommit":true,"messageTitle":"Merge branch \u0027branch-Level-9\u0027","messageBody":"","tags":["Level-9"],"fileTypesAndContributionMap":{}}]},{"date":"2023-09-07","commitResults":[{"hash":"f297a2b9a65f89ffe41630bc63c169116b5a3974","isMergeCommit":false,"messageTitle":"Setup for Level-10","messageBody":"","fileTypesAndContributionMap":{"gradle":{"insertions":15,"deletions":0},"txt":{"insertions":1,"deletions":0},"java":{"insertions":16,"deletions":1}}}]},{"date":"2023-09-08","commitResults":[{"hash":"88b4672ad224a5aa9672de940b79bcc170e5a47f","isMergeCommit":false,"messageTitle":"Add GUI for Duke bot.","messageBody":"","fileTypesAndContributionMap":{"gradle":{"insertions":1,"deletions":1},"txt":{"insertions":3,"deletions":1},"fxml":{"insertions":35,"deletions":0},"java":{"insertions":335,"deletions":180}}},{"hash":"c8066db8d17a288d3d932a60e17614d6c708f771","isMergeCommit":true,"messageTitle":"Merge branch \u0027branch-Level-10\u0027","messageBody":"","tags":["Level-10"],"fileTypesAndContributionMap":{}}]},{"date":"2023-09-12","commitResults":[{"hash":"bcceb8a62d4c31ed0043134625a5e9333790091f","isMergeCommit":false,"messageTitle":"Refactor the command into different classes","messageBody":"","fileTypesAndContributionMap":{"txt":{"insertions":1,"deletions":0},"fxml":{"insertions":8,"deletions":3},"java":{"insertions":370,"deletions":307}}},{"hash":"2364627f16623930a783025fc064b20fdd771746","isMergeCommit":true,"messageTitle":"Merge branch \u0027branch-A-CodeQuality\u0027","messageBody":"","fileTypesAndContributionMap":{}}]},{"date":"2023-09-13","commitResults":[{"hash":"e5ddf29f1b855d9159595a8fef3ea09e6ee4f20e","isMergeCommit":false,"messageTitle":"Fix bugs for command and apply assertions","messageBody":"Fix the code wrong command with correct keyword included will lead to\nunexpected outcome and add assertion statements to suitable spot.\n\nRestructure and make changes to the guard clause.\n","fileTypesAndContributionMap":{"gradle":{"insertions":2,"deletions":0},"txt":{"insertions":1,"deletions":16},"java":{"insertions":38,"deletions":38}}},{"hash":"cbdf29a7dbe7b455e11c4b70340cd38389b3752d","isMergeCommit":true,"messageTitle":"Merge pull request #1 from tiongMax/branch-A-Assertions","messageBody":"Fix bugs for command and apply assertions","tags":["A-Assertions"],"fileTypesAndContributionMap":{}},{"hash":"ec7b0378d7f6cb48216a07619481834cb6ebae90","isMergeCommit":false,"messageTitle":"Improve code quality by removing redundant codes.","messageBody":"","fileTypesAndContributionMap":{"java":{"insertions":13,"deletions":22}}},{"hash":"b3dda454f4032250cf5815bf23c0af10d3867a55","isMergeCommit":true,"messageTitle":"Merge pull request #2 from tiongMax/branch-A-CodeQuality","messageBody":"Improve code quality by removing redundant codes and rename.","tags":["A-CodeQuality"],"fileTypesAndContributionMap":{}}]},{"date":"2023-09-14","commitResults":[{"hash":"d5565a51ea6fc2cdca89cc538305f29027491e3e","isMergeCommit":false,"messageTitle":"Add sort command to the bot.","messageBody":"New command class Sort Command is added to handle the sort command to\nsort the tasks in the task list alphabetically or reverse.\nComparator is used to assist the sorting of the tasks according to their\ndescription.\n","tags":["A-FullCommitMessage"],"fileTypesAndContributionMap":{"txt":{"insertions":3,"deletions":1},"java":{"insertions":63,"deletions":7}}},{"hash":"c9dd7482db80a1079e355ce4d5ea238cbe176ce0","isMergeCommit":true,"messageTitle":"Merge pull request #3 from tiongMax/branch-BCD-Extension","messageBody":"Add sort command to the bot.","tags":["BCD-Extension"],"fileTypesAndContributionMap":{}}]}]},"authorFileTypeContributionMap":{"tiongMax":{"java":1438,"md":0,"fxml":40,"sh":0,"bat":0,"gradle":18,"txt":14}},"authorContributionVariance":{"tiongMax":100025.46},"authorDisplayNameMap":{"tiongMax":"CS2103T-T14-4 TION..HENG"}}
