{"authorDailyContributionsMap":{"et-irl":[{"date":"2023-08-21","commitResults":[{"hash":"f68bff492afddf69ddc11a940215b492c90b9d72","isMergeCommit":false,"messageTitle":"Rename chatbot and make initial skeletion","messageBody":"","tags":["Level-0"],"fileTypesAndContributionMap":{"java":{"insertions":11,"deletions":6}}},{"hash":"487992491afee162ad34394e90c73612a2e94fd1","isMergeCommit":false,"messageTitle":"Add echo feature and bye to quit","messageBody":"","tags":["Level-1"],"fileTypesAndContributionMap":{"java":{"insertions":13,"deletions":0}}},{"hash":"dccd90ec6a761537910015ca3eedbc08e600e9c3","isMergeCommit":false,"messageTitle":"Add ability to store text entered by user \u0026 list","messageBody":"","tags":["Level-2"],"fileTypesAndContributionMap":{"java":{"insertions":54,"deletions":6}}},{"hash":"4e935f1bf80dde0030776ef4a4bd76fbd28552cd","isMergeCommit":false,"messageTitle":"Add ability to mark tasks as done","messageBody":"","tags":["Level-3"],"fileTypesAndContributionMap":{"java":{"insertions":85,"deletions":10}}},{"hash":"ec83cf4c9f6b4b4bccbe68907ae60f6c4576c075","isMergeCommit":false,"messageTitle":"Bump gradle and lib version","messageBody":"","fileTypesAndContributionMap":{"gradle":{"insertions":5,"deletions":4}}},{"hash":"07714a5c5034a4f04f5c8503f79889f282a3f0f9","isMergeCommit":false,"messageTitle":"Add support for tracking ToDos, Deadlines and Events","messageBody":"","tags":["Level-4"],"fileTypesAndContributionMap":{"java":{"insertions":82,"deletions":10}}},{"hash":"ba2eadd6a5cc84346335706e9067867a3e3c3202","isMergeCommit":false,"messageTitle":"Semi-automate the testing of chatbot","messageBody":"","tags":["A-TextUiTesting"],"fileTypesAndContributionMap":{"txt":{"insertions":10,"deletions":0},"java":{"insertions":1,"deletions":1}}},{"hash":"72ecd1857acf3b9be19e3018d3b1281319abff12","isMergeCommit":false,"messageTitle":"Add error handling to the chatbot","messageBody":"","tags":["Level-5"],"fileTypesAndContributionMap":{"java":{"insertions":49,"deletions":17}}},{"hash":"1d82310791d28990b18a5afa66a2e90217a43310","isMergeCommit":false,"messageTitle":"Add support for deleting tasks from the list","messageBody":"","tags":["Level-6"],"fileTypesAndContributionMap":{"java":{"insertions":27,"deletions":3}}},{"hash":"6732dad999695a7c8f00843b738f56fe881bd920","isMergeCommit":false,"messageTitle":"Add documentation","messageBody":"","fileTypesAndContributionMap":{"java":{"insertions":169,"deletions":4}}},{"hash":"8dca766486a83cb5b75f357d38a6de4b260ae5c9","isMergeCommit":false,"messageTitle":"Add more comprehensive tests","messageBody":"","fileTypesAndContributionMap":{"txt":{"insertions":13,"deletions":0}}}]}]},"authorFileTypeContributionMap":{"et-irl":{"java":440,"md":0,"fxml":0,"sh":0,"bat":0,"gradle":0,"txt":23}},"authorContributionVariance":{"et-irl":63075.0},"authorDisplayNameMap":{"et-irl":"TAN ..NEST"}}
