[{"path":"src/main/java/Deadline.java","fileType":"java","lines":[{"lineNumber":1,"author":{"gitId":"andrechuakj"},"content":"public class Deadline extends Task {","lastModifiedDate":"2023-08-24"},{"lineNumber":2,"author":{"gitId":"andrechuakj"},"content":"","lastModifiedDate":"2023-08-24"},{"lineNumber":3,"author":{"gitId":"andrechuakj"},"content":"    protected String by;","lastModifiedDate":"2023-08-24"},{"lineNumber":4,"author":{"gitId":"andrechuakj"},"content":"","lastModifiedDate":"2023-08-24"},{"lineNumber":5,"author":{"gitId":"andrechuakj"},"content":"    public Deadline(String description, String by) {","lastModifiedDate":"2023-08-24"},{"lineNumber":6,"author":{"gitId":"andrechuakj"},"content":"        super(description);","lastModifiedDate":"2023-08-24"},{"lineNumber":7,"author":{"gitId":"andrechuakj"},"content":"        this.by \u003d by;","lastModifiedDate":"2023-08-24"},{"lineNumber":8,"author":{"gitId":"andrechuakj"},"content":"    }","lastModifiedDate":"2023-08-24"},{"lineNumber":9,"author":{"gitId":"andrechuakj"},"content":"","lastModifiedDate":"2023-08-24"},{"lineNumber":10,"author":{"gitId":"andrechuakj"},"content":"    @Override","lastModifiedDate":"2023-08-24"},{"lineNumber":11,"author":{"gitId":"andrechuakj"},"content":"    public String toString() {","lastModifiedDate":"2023-08-24"},{"lineNumber":12,"author":{"gitId":"andrechuakj"},"content":"        return \"[D]\" + super.toString() + \" (by: \" + by + \")\";","lastModifiedDate":"2023-08-24"},{"lineNumber":13,"author":{"gitId":"andrechuakj"},"content":"    }","lastModifiedDate":"2023-08-24"},{"lineNumber":14,"author":{"gitId":"andrechuakj"},"content":"}","lastModifiedDate":"2023-08-24"}],"authorContributionMap":{"andrechuakj":14}},{"path":"src/main/java/Duke.java","fileType":"java","lines":[{"lineNumber":1,"author":{"gitId":"andrechuakj"},"content":"import java.util.Scanner;","lastModifiedDate":"2023-08-23"},{"lineNumber":2,"author":{"gitId":"andrechuakj"},"content":"import java.util.ArrayList;","lastModifiedDate":"2023-08-24"},{"lineNumber":3,"author":{"gitId":"andrechuakj"},"content":"","lastModifiedDate":"2023-08-24"},{"lineNumber":4,"author":{"gitId":"andrechuakj"},"content":"","lastModifiedDate":"2023-08-24"},{"lineNumber":5,"author":{"gitId":"-"},"content":"public class Duke {","lastModifiedDate":"2019-07-29"},{"lineNumber":6,"author":{"gitId":"-"},"content":"    public static void main(String[] args) {","lastModifiedDate":"2019-07-29"},{"lineNumber":7,"author":{"gitId":"andrechuakj"},"content":"        String line \u003d \"──────────────────────────────────────────────────────────────────────────\";","lastModifiedDate":"2023-08-24"},{"lineNumber":8,"author":{"gitId":"andrechuakj"},"content":"        String logo \u003d \" _____   __                 _____ _           _   _           _  ___\\n\"","lastModifiedDate":"2023-08-24"},{"lineNumber":9,"author":{"gitId":"andrechuakj"},"content":"                + \"|  _\\\\ \\\\ / /                /  __ \\\\ |         | | | |         | ||_  |\\n\"","lastModifiedDate":"2023-08-24"},{"lineNumber":10,"author":{"gitId":"andrechuakj"},"content":"                + \"| |  \\\\ V /___  _   _ _ __  | /  \\\\/ |__   __ _| |_| |__   ___ | |_ | |\\n\"","lastModifiedDate":"2023-08-24"},{"lineNumber":11,"author":{"gitId":"andrechuakj"},"content":"                + \"| |   \\\\ // _ \\\\| | | | \u0027__| | |   | \u0027_ \\\\ / _` | __| \u0027_ \\\\ / _ \\\\| __|| |\\n\"","lastModifiedDate":"2023-08-24"},{"lineNumber":12,"author":{"gitId":"andrechuakj"},"content":"                + \"| |   | | (_) | |_| | |    | \\\\__/\\\\ | | | (_| | |_| |_) | (_) | |_ | |\\n\"","lastModifiedDate":"2023-08-24"},{"lineNumber":13,"author":{"gitId":"andrechuakj"},"content":"                + \"| |_  \\\\_/\\\\___/ \\\\__,_|_|     \\\\____/_| |_|\\\\__,_|\\\\__|_.__/ \\\\___/ \\\\__|| |\\n\"","lastModifiedDate":"2023-08-24"},{"lineNumber":14,"author":{"gitId":"andrechuakj"},"content":"                + \"|___|                                                           |___|\\n\";","lastModifiedDate":"2023-08-23"},{"lineNumber":15,"author":{"gitId":"andrechuakj"},"content":"","lastModifiedDate":"2023-08-23"},{"lineNumber":16,"author":{"gitId":"andrechuakj"},"content":"        String greet \u003d line","lastModifiedDate":"2023-08-24"},{"lineNumber":17,"author":{"gitId":"andrechuakj"},"content":"                + \"\\n\"","lastModifiedDate":"2023-08-24"},{"lineNumber":18,"author":{"gitId":"andrechuakj"},"content":"                + \"Hello! I\u0027m\\n\"","lastModifiedDate":"2023-08-24"},{"lineNumber":19,"author":{"gitId":"andrechuakj"},"content":"                + logo","lastModifiedDate":"2023-08-23"},{"lineNumber":20,"author":{"gitId":"andrechuakj"},"content":"                + \"What can I do for you?\\n\"","lastModifiedDate":"2023-08-23"},{"lineNumber":21,"author":{"gitId":"andrechuakj"},"content":"                + line","lastModifiedDate":"2023-08-24"},{"lineNumber":22,"author":{"gitId":"andrechuakj"},"content":"                + \"\\n\";","lastModifiedDate":"2023-08-24"},{"lineNumber":23,"author":{"gitId":"andrechuakj"},"content":"        System.out.println(greet);","lastModifiedDate":"2023-08-23"},{"lineNumber":24,"author":{"gitId":"andrechuakj"},"content":"        Scanner input \u003d new Scanner(System.in);","lastModifiedDate":"2023-08-23"},{"lineNumber":25,"author":{"gitId":"andrechuakj"},"content":"","lastModifiedDate":"2023-08-23"},{"lineNumber":26,"author":{"gitId":"andrechuakj"},"content":"        ArrayList\u003cTask\u003e list \u003d new ArrayList\u003c\u003e();","lastModifiedDate":"2023-08-24"},{"lineNumber":27,"author":{"gitId":"andrechuakj"},"content":"        boolean end \u003d false;","lastModifiedDate":"2023-08-24"},{"lineNumber":28,"author":{"gitId":"andrechuakj"},"content":"        while (!end) {","lastModifiedDate":"2023-08-24"},{"lineNumber":29,"author":{"gitId":"andrechuakj"},"content":"            try {","lastModifiedDate":"2023-08-24"},{"lineNumber":30,"author":{"gitId":"andrechuakj"},"content":"                String userInput \u003d input.nextLine();","lastModifiedDate":"2023-08-23"},{"lineNumber":31,"author":{"gitId":"andrechuakj"},"content":"","lastModifiedDate":"2023-08-24"},{"lineNumber":32,"author":{"gitId":"andrechuakj"},"content":"                int spaceIndex \u003d userInput.indexOf(\" \");","lastModifiedDate":"2023-08-24"},{"lineNumber":33,"author":{"gitId":"andrechuakj"},"content":"                if (spaceIndex \u003d\u003d -1) {","lastModifiedDate":"2023-08-24"},{"lineNumber":34,"author":{"gitId":"andrechuakj"},"content":"                    switch (userInput) {","lastModifiedDate":"2023-08-24"},{"lineNumber":35,"author":{"gitId":"andrechuakj"},"content":"                        case \"list\":","lastModifiedDate":"2023-08-24"},{"lineNumber":36,"author":{"gitId":"andrechuakj"},"content":"                            System.out.println(line);","lastModifiedDate":"2023-08-24"},{"lineNumber":37,"author":{"gitId":"andrechuakj"},"content":"                            for (int i \u003d 0; i \u003c list.size(); i++) {","lastModifiedDate":"2023-08-24"},{"lineNumber":38,"author":{"gitId":"andrechuakj"},"content":"                                System.out.println(Integer.toString(i + 1)","lastModifiedDate":"2023-08-24"},{"lineNumber":39,"author":{"gitId":"andrechuakj"},"content":"                                        + \". \"","lastModifiedDate":"2023-08-24"},{"lineNumber":40,"author":{"gitId":"andrechuakj"},"content":"                                        + list.get(i));","lastModifiedDate":"2023-08-24"},{"lineNumber":41,"author":{"gitId":"andrechuakj"},"content":"                            }","lastModifiedDate":"2023-08-24"},{"lineNumber":42,"author":{"gitId":"andrechuakj"},"content":"                            System.out.println(line + \"\\n\");","lastModifiedDate":"2023-08-24"},{"lineNumber":43,"author":{"gitId":"andrechuakj"},"content":"                            break;","lastModifiedDate":"2023-08-24"},{"lineNumber":44,"author":{"gitId":"andrechuakj"},"content":"                        case \"bye\":","lastModifiedDate":"2023-08-24"},{"lineNumber":45,"author":{"gitId":"andrechuakj"},"content":"                            end \u003d true;","lastModifiedDate":"2023-08-24"},{"lineNumber":46,"author":{"gitId":"andrechuakj"},"content":"                            break;","lastModifiedDate":"2023-08-24"},{"lineNumber":47,"author":{"gitId":"andrechuakj"},"content":"                        case \"todo\":","lastModifiedDate":"2023-08-24"},{"lineNumber":48,"author":{"gitId":"andrechuakj"},"content":"                            throw new DukeException(\"☹ OOPS!!! The description of a todo cannot be empty.\");","lastModifiedDate":"2023-08-24"},{"lineNumber":49,"author":{"gitId":"andrechuakj"},"content":"                        case \"event\":","lastModifiedDate":"2023-08-24"},{"lineNumber":50,"author":{"gitId":"andrechuakj"},"content":"                            throw new DukeException(\"☹ OOPS!!! The description of an event cannot be empty.\");","lastModifiedDate":"2023-08-24"},{"lineNumber":51,"author":{"gitId":"andrechuakj"},"content":"                        case \"deadline\":","lastModifiedDate":"2023-08-24"},{"lineNumber":52,"author":{"gitId":"andrechuakj"},"content":"                            throw new DukeException(\"☹ OOPS!!! The description of a deadline cannot be empty.\");","lastModifiedDate":"2023-08-24"},{"lineNumber":53,"author":{"gitId":"andrechuakj"},"content":"                        default:","lastModifiedDate":"2023-08-24"},{"lineNumber":54,"author":{"gitId":"andrechuakj"},"content":"                            throw new DukeException(\"☹ OOPS!!! I\u0027m sorry, but I don\u0027t know what that means :-(\");","lastModifiedDate":"2023-08-24"},{"lineNumber":55,"author":{"gitId":"andrechuakj"},"content":"                    }","lastModifiedDate":"2023-08-24"},{"lineNumber":56,"author":{"gitId":"andrechuakj"},"content":"                } else {","lastModifiedDate":"2023-08-24"},{"lineNumber":57,"author":{"gitId":"andrechuakj"},"content":"                    switch (userInput.substring(0, spaceIndex)) {","lastModifiedDate":"2023-08-24"},{"lineNumber":58,"author":{"gitId":"andrechuakj"},"content":"                        case \"todo\":","lastModifiedDate":"2023-08-24"},{"lineNumber":59,"author":{"gitId":"andrechuakj"},"content":"                            String todoDesc \u003d userInput.substring(spaceIndex + 1);","lastModifiedDate":"2023-08-24"},{"lineNumber":60,"author":{"gitId":"andrechuakj"},"content":"                            if (todoDesc.isEmpty()) {","lastModifiedDate":"2023-08-24"},{"lineNumber":61,"author":{"gitId":"andrechuakj"},"content":"                                throw new DukeException(\"☹ OOPS!!! The description of a todo cannot be empty.\");","lastModifiedDate":"2023-08-24"},{"lineNumber":62,"author":{"gitId":"andrechuakj"},"content":"                            }","lastModifiedDate":"2023-08-24"},{"lineNumber":63,"author":{"gitId":"andrechuakj"},"content":"                            list.add(new Todo(todoDesc));","lastModifiedDate":"2023-08-24"},{"lineNumber":64,"author":{"gitId":"andrechuakj"},"content":"                            System.out.println(line","lastModifiedDate":"2023-08-24"},{"lineNumber":65,"author":{"gitId":"andrechuakj"},"content":"                                    + \"\\n\"","lastModifiedDate":"2023-08-24"},{"lineNumber":66,"author":{"gitId":"andrechuakj"},"content":"                                    + \"Got it. I\u0027ve added this task:\\n\"","lastModifiedDate":"2023-08-24"},{"lineNumber":67,"author":{"gitId":"andrechuakj"},"content":"                                    + list.get(list.size() - 1)","lastModifiedDate":"2023-08-24"},{"lineNumber":68,"author":{"gitId":"andrechuakj"},"content":"                                    + \"\\n\"","lastModifiedDate":"2023-08-24"},{"lineNumber":69,"author":{"gitId":"andrechuakj"},"content":"                                    + \"Now you have \" + list.size() + \" tasks in the list.\\n\"","lastModifiedDate":"2023-08-24"},{"lineNumber":70,"author":{"gitId":"andrechuakj"},"content":"                                    + line","lastModifiedDate":"2023-08-24"},{"lineNumber":71,"author":{"gitId":"andrechuakj"},"content":"                                    + \"\\n\");","lastModifiedDate":"2023-08-24"},{"lineNumber":72,"author":{"gitId":"andrechuakj"},"content":"                            break;","lastModifiedDate":"2023-08-24"},{"lineNumber":73,"author":{"gitId":"andrechuakj"},"content":"                        case \"event\":","lastModifiedDate":"2023-08-24"},{"lineNumber":74,"author":{"gitId":"andrechuakj"},"content":"                            int fromIndex \u003d userInput.indexOf(\"/from\");","lastModifiedDate":"2023-08-24"},{"lineNumber":75,"author":{"gitId":"andrechuakj"},"content":"                            int toIndex \u003d userInput.indexOf(\"/to\");","lastModifiedDate":"2023-08-24"},{"lineNumber":76,"author":{"gitId":"andrechuakj"},"content":"                            String eventDesc \u003d userInput.substring(spaceIndex + 1, fromIndex - 1);","lastModifiedDate":"2023-08-24"},{"lineNumber":77,"author":{"gitId":"andrechuakj"},"content":"                            if (eventDesc.isEmpty()) {","lastModifiedDate":"2023-08-24"},{"lineNumber":78,"author":{"gitId":"andrechuakj"},"content":"                                throw new DukeException(\"☹ OOPS!!! The description of an event cannot be empty.\");","lastModifiedDate":"2023-08-24"},{"lineNumber":79,"author":{"gitId":"andrechuakj"},"content":"                            }","lastModifiedDate":"2023-08-24"},{"lineNumber":80,"author":{"gitId":"andrechuakj"},"content":"                            String from \u003d userInput.substring(fromIndex + 6, toIndex - 1);","lastModifiedDate":"2023-08-24"},{"lineNumber":81,"author":{"gitId":"andrechuakj"},"content":"                            String to \u003d userInput.substring(toIndex + 4);","lastModifiedDate":"2023-08-24"},{"lineNumber":82,"author":{"gitId":"andrechuakj"},"content":"                            list.add(new Event(eventDesc, from, to));","lastModifiedDate":"2023-08-24"},{"lineNumber":83,"author":{"gitId":"andrechuakj"},"content":"                            System.out.println(line","lastModifiedDate":"2023-08-24"},{"lineNumber":84,"author":{"gitId":"andrechuakj"},"content":"                                    + \"\\n\"","lastModifiedDate":"2023-08-24"},{"lineNumber":85,"author":{"gitId":"andrechuakj"},"content":"                                    + \"Got it. I\u0027ve added this task:\\n\"","lastModifiedDate":"2023-08-24"},{"lineNumber":86,"author":{"gitId":"andrechuakj"},"content":"                                    + list.get(list.size() - 1)","lastModifiedDate":"2023-08-24"},{"lineNumber":87,"author":{"gitId":"andrechuakj"},"content":"                                    + \"\\n\"","lastModifiedDate":"2023-08-24"},{"lineNumber":88,"author":{"gitId":"andrechuakj"},"content":"                                    + \"Now you have \" + list.size() + \" tasks in the list.\\n\"","lastModifiedDate":"2023-08-24"},{"lineNumber":89,"author":{"gitId":"andrechuakj"},"content":"                                    + line","lastModifiedDate":"2023-08-24"},{"lineNumber":90,"author":{"gitId":"andrechuakj"},"content":"                                    + \"\\n\");","lastModifiedDate":"2023-08-24"},{"lineNumber":91,"author":{"gitId":"andrechuakj"},"content":"                            break;","lastModifiedDate":"2023-08-24"},{"lineNumber":92,"author":{"gitId":"andrechuakj"},"content":"                        case \"deadline\":","lastModifiedDate":"2023-08-24"},{"lineNumber":93,"author":{"gitId":"andrechuakj"},"content":"                            int byIndex \u003d userInput.indexOf(\"/by\");","lastModifiedDate":"2023-08-24"},{"lineNumber":94,"author":{"gitId":"andrechuakj"},"content":"                            String deadlineDesc \u003d userInput.substring(spaceIndex + 1, byIndex - 1);","lastModifiedDate":"2023-08-24"},{"lineNumber":95,"author":{"gitId":"andrechuakj"},"content":"                            if (deadlineDesc.isEmpty()) {","lastModifiedDate":"2023-08-24"},{"lineNumber":96,"author":{"gitId":"andrechuakj"},"content":"                                throw new DukeException(\"☹ OOPS!!! The description of a deadline cannot be empty.\");","lastModifiedDate":"2023-08-24"},{"lineNumber":97,"author":{"gitId":"andrechuakj"},"content":"                            }","lastModifiedDate":"2023-08-24"},{"lineNumber":98,"author":{"gitId":"andrechuakj"},"content":"                            String by \u003d userInput.substring(byIndex + 4);","lastModifiedDate":"2023-08-24"},{"lineNumber":99,"author":{"gitId":"andrechuakj"},"content":"                            list.add(new Deadline(deadlineDesc, by));","lastModifiedDate":"2023-08-24"},{"lineNumber":100,"author":{"gitId":"andrechuakj"},"content":"                            System.out.println(line","lastModifiedDate":"2023-08-24"},{"lineNumber":101,"author":{"gitId":"andrechuakj"},"content":"                                    + \"\\n\"","lastModifiedDate":"2023-08-24"},{"lineNumber":102,"author":{"gitId":"andrechuakj"},"content":"                                    + \"Got it. I\u0027ve added this task:\\n\"","lastModifiedDate":"2023-08-24"},{"lineNumber":103,"author":{"gitId":"andrechuakj"},"content":"                                    + list.get(list.size() - 1)","lastModifiedDate":"2023-08-24"},{"lineNumber":104,"author":{"gitId":"andrechuakj"},"content":"                                    + \"\\n\"","lastModifiedDate":"2023-08-24"},{"lineNumber":105,"author":{"gitId":"andrechuakj"},"content":"                                    + \"Now you have \" + list.size() + \" tasks in the list.\\n\"","lastModifiedDate":"2023-08-24"},{"lineNumber":106,"author":{"gitId":"andrechuakj"},"content":"                                    + line","lastModifiedDate":"2023-08-24"},{"lineNumber":107,"author":{"gitId":"andrechuakj"},"content":"                                    + \"\\n\");","lastModifiedDate":"2023-08-24"},{"lineNumber":108,"author":{"gitId":"andrechuakj"},"content":"                            break;","lastModifiedDate":"2023-08-24"},{"lineNumber":109,"author":{"gitId":"andrechuakj"},"content":"                        case \"mark\":","lastModifiedDate":"2023-08-24"},{"lineNumber":110,"author":{"gitId":"andrechuakj"},"content":"                            int i \u003d Integer.parseInt(userInput.split(\" \", 2)[1]);","lastModifiedDate":"2023-08-24"},{"lineNumber":111,"author":{"gitId":"andrechuakj"},"content":"                            list.get(i - 1).markAsDone();","lastModifiedDate":"2023-08-24"},{"lineNumber":112,"author":{"gitId":"andrechuakj"},"content":"                            System.out.println(line","lastModifiedDate":"2023-08-24"},{"lineNumber":113,"author":{"gitId":"andrechuakj"},"content":"                                    + \"\\n\"","lastModifiedDate":"2023-08-24"},{"lineNumber":114,"author":{"gitId":"andrechuakj"},"content":"                                    + \"Nice! I\u0027ve marked this task as done:\\n\"","lastModifiedDate":"2023-08-24"},{"lineNumber":115,"author":{"gitId":"andrechuakj"},"content":"                                    + list.get(i - 1)","lastModifiedDate":"2023-08-24"},{"lineNumber":116,"author":{"gitId":"andrechuakj"},"content":"                                    + \"\\n\"","lastModifiedDate":"2023-08-24"},{"lineNumber":117,"author":{"gitId":"andrechuakj"},"content":"                                    + line","lastModifiedDate":"2023-08-24"},{"lineNumber":118,"author":{"gitId":"andrechuakj"},"content":"                                    + \"\\n\");","lastModifiedDate":"2023-08-24"},{"lineNumber":119,"author":{"gitId":"andrechuakj"},"content":"                            break;","lastModifiedDate":"2023-08-24"},{"lineNumber":120,"author":{"gitId":"andrechuakj"},"content":"                        case \"unmark\":","lastModifiedDate":"2023-08-24"},{"lineNumber":121,"author":{"gitId":"andrechuakj"},"content":"                            int j \u003d Integer.parseInt(userInput.split(\" \", 2)[1]);","lastModifiedDate":"2023-08-24"},{"lineNumber":122,"author":{"gitId":"andrechuakj"},"content":"                            list.get(j - 1).markAsNotDone();","lastModifiedDate":"2023-08-24"},{"lineNumber":123,"author":{"gitId":"andrechuakj"},"content":"                            System.out.println(line + \"\\n\"","lastModifiedDate":"2023-08-24"},{"lineNumber":124,"author":{"gitId":"andrechuakj"},"content":"                                    + \"OK, I\u0027ve marked this task as not done yet:\\n\"","lastModifiedDate":"2023-08-24"},{"lineNumber":125,"author":{"gitId":"andrechuakj"},"content":"                                    + list.get(j - 1)","lastModifiedDate":"2023-08-24"},{"lineNumber":126,"author":{"gitId":"andrechuakj"},"content":"                                    + \"\\n\"","lastModifiedDate":"2023-08-24"},{"lineNumber":127,"author":{"gitId":"andrechuakj"},"content":"                                    + line);","lastModifiedDate":"2023-08-24"},{"lineNumber":128,"author":{"gitId":"andrechuakj"},"content":"                            break;","lastModifiedDate":"2023-08-23"},{"lineNumber":129,"author":{"gitId":"andrechuakj"},"content":"                        case \"delete\":","lastModifiedDate":"2023-08-24"},{"lineNumber":130,"author":{"gitId":"andrechuakj"},"content":"                            int k \u003d Integer.parseInt(userInput.split(\" \", 2)[1]);","lastModifiedDate":"2023-08-24"},{"lineNumber":131,"author":{"gitId":"andrechuakj"},"content":"                            Task deletedTask \u003d list.get(k - 1);","lastModifiedDate":"2023-08-24"},{"lineNumber":132,"author":{"gitId":"andrechuakj"},"content":"                            list.remove(k - 1);","lastModifiedDate":"2023-08-24"},{"lineNumber":133,"author":{"gitId":"andrechuakj"},"content":"                            System.out.println(line + \"\\n\"","lastModifiedDate":"2023-08-24"},{"lineNumber":134,"author":{"gitId":"andrechuakj"},"content":"                                    + \"Noted. I\u0027ve removed this task:\\n\"","lastModifiedDate":"2023-08-24"},{"lineNumber":135,"author":{"gitId":"andrechuakj"},"content":"                                    + deletedTask","lastModifiedDate":"2023-08-24"},{"lineNumber":136,"author":{"gitId":"andrechuakj"},"content":"                                    + \"\\n\"","lastModifiedDate":"2023-08-24"},{"lineNumber":137,"author":{"gitId":"andrechuakj"},"content":"                                    + \"Now you have \" + list.size() + \" tasks in the list.\\n\"","lastModifiedDate":"2023-08-24"},{"lineNumber":138,"author":{"gitId":"andrechuakj"},"content":"                                    + line","lastModifiedDate":"2023-08-24"},{"lineNumber":139,"author":{"gitId":"andrechuakj"},"content":"                                    + \"\\n\");","lastModifiedDate":"2023-08-24"},{"lineNumber":140,"author":{"gitId":"andrechuakj"},"content":"","lastModifiedDate":"2023-08-24"},{"lineNumber":141,"author":{"gitId":"andrechuakj"},"content":"                            break;","lastModifiedDate":"2023-08-24"},{"lineNumber":142,"author":{"gitId":"andrechuakj"},"content":"                        default:","lastModifiedDate":"2023-08-24"},{"lineNumber":143,"author":{"gitId":"andrechuakj"},"content":"                            throw new DukeException(\"☹ OOPS!!! I\u0027m sorry, but I don\u0027t know what that means :-(\");","lastModifiedDate":"2023-08-24"},{"lineNumber":144,"author":{"gitId":"andrechuakj"},"content":"                    }","lastModifiedDate":"2023-08-23"},{"lineNumber":145,"author":{"gitId":"andrechuakj"},"content":"                }","lastModifiedDate":"2023-08-23"},{"lineNumber":146,"author":{"gitId":"andrechuakj"},"content":"            } catch (DukeException e) {","lastModifiedDate":"2023-08-24"},{"lineNumber":147,"author":{"gitId":"andrechuakj"},"content":"                System.out.println(line + \"\\n\" + e.getMessage() + \"\\n\" + line + \"\\n\");","lastModifiedDate":"2023-08-24"},{"lineNumber":148,"author":{"gitId":"andrechuakj"},"content":"","lastModifiedDate":"2023-08-24"},{"lineNumber":149,"author":{"gitId":"andrechuakj"},"content":"            }","lastModifiedDate":"2023-08-24"},{"lineNumber":150,"author":{"gitId":"andrechuakj"},"content":"","lastModifiedDate":"2023-08-24"},{"lineNumber":151,"author":{"gitId":"andrechuakj"},"content":"","lastModifiedDate":"2023-08-24"},{"lineNumber":152,"author":{"gitId":"andrechuakj"},"content":"","lastModifiedDate":"2023-08-24"},{"lineNumber":153,"author":{"gitId":"andrechuakj"},"content":"        }","lastModifiedDate":"2023-08-23"},{"lineNumber":154,"author":{"gitId":"andrechuakj"},"content":"","lastModifiedDate":"2023-08-23"},{"lineNumber":155,"author":{"gitId":"andrechuakj"},"content":"        String sendOff \u003d line","lastModifiedDate":"2023-08-23"},{"lineNumber":156,"author":{"gitId":"andrechuakj"},"content":"                + \"\\n\"","lastModifiedDate":"2023-08-24"},{"lineNumber":157,"author":{"gitId":"andrechuakj"},"content":"                + \"Bye. Hope to see you again soon!\\n\"","lastModifiedDate":"2023-08-23"},{"lineNumber":158,"author":{"gitId":"andrechuakj"},"content":"                + line","lastModifiedDate":"2023-08-24"},{"lineNumber":159,"author":{"gitId":"andrechuakj"},"content":"                + \"\\n\";","lastModifiedDate":"2023-08-24"},{"lineNumber":160,"author":{"gitId":"andrechuakj"},"content":"        System.out.println(sendOff);","lastModifiedDate":"2023-08-23"},{"lineNumber":161,"author":{"gitId":"-"},"content":"    }","lastModifiedDate":"2019-07-29"},{"lineNumber":162,"author":{"gitId":"-"},"content":"}","lastModifiedDate":"2019-07-29"}],"authorContributionMap":{"andrechuakj":158,"-":4}},{"path":"src/main/java/DukeException.java","fileType":"java","lines":[{"lineNumber":1,"author":{"gitId":"andrechuakj"},"content":"public class DukeException extends Exception {","lastModifiedDate":"2023-08-24"},{"lineNumber":2,"author":{"gitId":"andrechuakj"},"content":"    public DukeException(String message) {","lastModifiedDate":"2023-08-24"},{"lineNumber":3,"author":{"gitId":"andrechuakj"},"content":"        super(message);","lastModifiedDate":"2023-08-24"},{"lineNumber":4,"author":{"gitId":"andrechuakj"},"content":"    }","lastModifiedDate":"2023-08-24"},{"lineNumber":5,"author":{"gitId":"andrechuakj"},"content":"","lastModifiedDate":"2023-08-24"},{"lineNumber":6,"author":{"gitId":"andrechuakj"},"content":"}","lastModifiedDate":"2023-08-24"}],"authorContributionMap":{"andrechuakj":6}},{"path":"src/main/java/Event.java","fileType":"java","lines":[{"lineNumber":1,"author":{"gitId":"andrechuakj"},"content":"public class Event extends Task {","lastModifiedDate":"2023-08-24"},{"lineNumber":2,"author":{"gitId":"andrechuakj"},"content":"","lastModifiedDate":"2023-08-24"},{"lineNumber":3,"author":{"gitId":"andrechuakj"},"content":"    protected String from;","lastModifiedDate":"2023-08-24"},{"lineNumber":4,"author":{"gitId":"andrechuakj"},"content":"    protected String to;","lastModifiedDate":"2023-08-24"},{"lineNumber":5,"author":{"gitId":"andrechuakj"},"content":"","lastModifiedDate":"2023-08-24"},{"lineNumber":6,"author":{"gitId":"andrechuakj"},"content":"    public Event(String description, String from, String to) {","lastModifiedDate":"2023-08-24"},{"lineNumber":7,"author":{"gitId":"andrechuakj"},"content":"        super(description);","lastModifiedDate":"2023-08-24"},{"lineNumber":8,"author":{"gitId":"andrechuakj"},"content":"        this.from \u003d from;","lastModifiedDate":"2023-08-24"},{"lineNumber":9,"author":{"gitId":"andrechuakj"},"content":"        this.to \u003d to;","lastModifiedDate":"2023-08-24"},{"lineNumber":10,"author":{"gitId":"andrechuakj"},"content":"    }","lastModifiedDate":"2023-08-24"},{"lineNumber":11,"author":{"gitId":"andrechuakj"},"content":"","lastModifiedDate":"2023-08-24"},{"lineNumber":12,"author":{"gitId":"andrechuakj"},"content":"    @Override","lastModifiedDate":"2023-08-24"},{"lineNumber":13,"author":{"gitId":"andrechuakj"},"content":"    public String toString() {","lastModifiedDate":"2023-08-24"},{"lineNumber":14,"author":{"gitId":"andrechuakj"},"content":"        return \"[E]\" + super.toString()","lastModifiedDate":"2023-08-24"},{"lineNumber":15,"author":{"gitId":"andrechuakj"},"content":"                + \" (from: \" + this.from","lastModifiedDate":"2023-08-24"},{"lineNumber":16,"author":{"gitId":"andrechuakj"},"content":"                + \" to: \" + this.to + \")\";","lastModifiedDate":"2023-08-24"},{"lineNumber":17,"author":{"gitId":"andrechuakj"},"content":"    }","lastModifiedDate":"2023-08-24"},{"lineNumber":18,"author":{"gitId":"andrechuakj"},"content":"}","lastModifiedDate":"2023-08-24"}],"authorContributionMap":{"andrechuakj":18}},{"path":"src/main/java/Task.java","fileType":"java","lines":[{"lineNumber":1,"author":{"gitId":"andrechuakj"},"content":"public class Task {","lastModifiedDate":"2023-08-24"},{"lineNumber":2,"author":{"gitId":"andrechuakj"},"content":"    protected String description;","lastModifiedDate":"2023-08-24"},{"lineNumber":3,"author":{"gitId":"andrechuakj"},"content":"    protected boolean isDone;","lastModifiedDate":"2023-08-24"},{"lineNumber":4,"author":{"gitId":"andrechuakj"},"content":"","lastModifiedDate":"2023-08-24"},{"lineNumber":5,"author":{"gitId":"andrechuakj"},"content":"    /**","lastModifiedDate":"2023-08-24"},{"lineNumber":6,"author":{"gitId":"andrechuakj"},"content":"     * Constructor for a Task","lastModifiedDate":"2023-08-24"},{"lineNumber":7,"author":{"gitId":"andrechuakj"},"content":"     *","lastModifiedDate":"2023-08-24"},{"lineNumber":8,"author":{"gitId":"andrechuakj"},"content":"     * @param description","lastModifiedDate":"2023-08-24"},{"lineNumber":9,"author":{"gitId":"andrechuakj"},"content":"     */","lastModifiedDate":"2023-08-24"},{"lineNumber":10,"author":{"gitId":"andrechuakj"},"content":"    public Task(String description) {","lastModifiedDate":"2023-08-24"},{"lineNumber":11,"author":{"gitId":"andrechuakj"},"content":"        this.description \u003d description;","lastModifiedDate":"2023-08-24"},{"lineNumber":12,"author":{"gitId":"andrechuakj"},"content":"        this.isDone \u003d false;","lastModifiedDate":"2023-08-24"},{"lineNumber":13,"author":{"gitId":"andrechuakj"},"content":"    }","lastModifiedDate":"2023-08-24"},{"lineNumber":14,"author":{"gitId":"andrechuakj"},"content":"","lastModifiedDate":"2023-08-24"},{"lineNumber":15,"author":{"gitId":"andrechuakj"},"content":"    /**","lastModifiedDate":"2023-08-24"},{"lineNumber":16,"author":{"gitId":"andrechuakj"},"content":"     * Retrieves status icon of the task","lastModifiedDate":"2023-08-24"},{"lineNumber":17,"author":{"gitId":"andrechuakj"},"content":"     *","lastModifiedDate":"2023-08-24"},{"lineNumber":18,"author":{"gitId":"andrechuakj"},"content":"     * @return X if done, \" \" if not done","lastModifiedDate":"2023-08-24"},{"lineNumber":19,"author":{"gitId":"andrechuakj"},"content":"     */","lastModifiedDate":"2023-08-24"},{"lineNumber":20,"author":{"gitId":"andrechuakj"},"content":"    public String getStatusIcon() {","lastModifiedDate":"2023-08-24"},{"lineNumber":21,"author":{"gitId":"andrechuakj"},"content":"        return (isDone ? \"X\" : \" \"); // mark done task with X","lastModifiedDate":"2023-08-24"},{"lineNumber":22,"author":{"gitId":"andrechuakj"},"content":"    }","lastModifiedDate":"2023-08-24"},{"lineNumber":23,"author":{"gitId":"andrechuakj"},"content":"","lastModifiedDate":"2023-08-24"},{"lineNumber":24,"author":{"gitId":"andrechuakj"},"content":"    /**","lastModifiedDate":"2023-08-24"},{"lineNumber":25,"author":{"gitId":"andrechuakj"},"content":"     * Marks task as done","lastModifiedDate":"2023-08-24"},{"lineNumber":26,"author":{"gitId":"andrechuakj"},"content":"     */","lastModifiedDate":"2023-08-24"},{"lineNumber":27,"author":{"gitId":"andrechuakj"},"content":"    public void markAsDone() {","lastModifiedDate":"2023-08-24"},{"lineNumber":28,"author":{"gitId":"andrechuakj"},"content":"        this.isDone \u003d true;","lastModifiedDate":"2023-08-24"},{"lineNumber":29,"author":{"gitId":"andrechuakj"},"content":"        return;","lastModifiedDate":"2023-08-24"},{"lineNumber":30,"author":{"gitId":"andrechuakj"},"content":"    }","lastModifiedDate":"2023-08-24"},{"lineNumber":31,"author":{"gitId":"andrechuakj"},"content":"","lastModifiedDate":"2023-08-24"},{"lineNumber":32,"author":{"gitId":"andrechuakj"},"content":"    /**","lastModifiedDate":"2023-08-24"},{"lineNumber":33,"author":{"gitId":"andrechuakj"},"content":"     * Marks task as not done","lastModifiedDate":"2023-08-24"},{"lineNumber":34,"author":{"gitId":"andrechuakj"},"content":"     */","lastModifiedDate":"2023-08-24"},{"lineNumber":35,"author":{"gitId":"andrechuakj"},"content":"    public void markAsNotDone() {","lastModifiedDate":"2023-08-24"},{"lineNumber":36,"author":{"gitId":"andrechuakj"},"content":"        this.isDone \u003d false;","lastModifiedDate":"2023-08-24"},{"lineNumber":37,"author":{"gitId":"andrechuakj"},"content":"        return;","lastModifiedDate":"2023-08-24"},{"lineNumber":38,"author":{"gitId":"andrechuakj"},"content":"    }","lastModifiedDate":"2023-08-24"},{"lineNumber":39,"author":{"gitId":"andrechuakj"},"content":"","lastModifiedDate":"2023-08-24"},{"lineNumber":40,"author":{"gitId":"andrechuakj"},"content":"    /**","lastModifiedDate":"2023-08-24"},{"lineNumber":41,"author":{"gitId":"andrechuakj"},"content":"     * Returns string representation of task","lastModifiedDate":"2023-08-24"},{"lineNumber":42,"author":{"gitId":"andrechuakj"},"content":"     *","lastModifiedDate":"2023-08-24"},{"lineNumber":43,"author":{"gitId":"andrechuakj"},"content":"     * @return String representation of task","lastModifiedDate":"2023-08-24"},{"lineNumber":44,"author":{"gitId":"andrechuakj"},"content":"     */","lastModifiedDate":"2023-08-24"},{"lineNumber":45,"author":{"gitId":"andrechuakj"},"content":"    @Override","lastModifiedDate":"2023-08-24"},{"lineNumber":46,"author":{"gitId":"andrechuakj"},"content":"    public String toString() {","lastModifiedDate":"2023-08-24"},{"lineNumber":47,"author":{"gitId":"andrechuakj"},"content":"        return \"[\" + this.getStatusIcon() + \"] \" + this.description;","lastModifiedDate":"2023-08-24"},{"lineNumber":48,"author":{"gitId":"andrechuakj"},"content":"    }","lastModifiedDate":"2023-08-24"},{"lineNumber":49,"author":{"gitId":"andrechuakj"},"content":"}","lastModifiedDate":"2023-08-24"}],"authorContributionMap":{"andrechuakj":49}},{"path":"src/main/java/Todo.java","fileType":"java","lines":[{"lineNumber":1,"author":{"gitId":"andrechuakj"},"content":"public class Todo extends Task {","lastModifiedDate":"2023-08-24"},{"lineNumber":2,"author":{"gitId":"andrechuakj"},"content":"","lastModifiedDate":"2023-08-24"},{"lineNumber":3,"author":{"gitId":"andrechuakj"},"content":"    public Todo(String description) {","lastModifiedDate":"2023-08-24"},{"lineNumber":4,"author":{"gitId":"andrechuakj"},"content":"        super(description);","lastModifiedDate":"2023-08-24"},{"lineNumber":5,"author":{"gitId":"andrechuakj"},"content":"    }","lastModifiedDate":"2023-08-24"},{"lineNumber":6,"author":{"gitId":"andrechuakj"},"content":"","lastModifiedDate":"2023-08-24"},{"lineNumber":7,"author":{"gitId":"andrechuakj"},"content":"    @Override","lastModifiedDate":"2023-08-24"},{"lineNumber":8,"author":{"gitId":"andrechuakj"},"content":"    public String toString() {","lastModifiedDate":"2023-08-24"},{"lineNumber":9,"author":{"gitId":"andrechuakj"},"content":"        return \"[T]\" + super.toString();","lastModifiedDate":"2023-08-24"},{"lineNumber":10,"author":{"gitId":"andrechuakj"},"content":"    }","lastModifiedDate":"2023-08-24"},{"lineNumber":11,"author":{"gitId":"andrechuakj"},"content":"}","lastModifiedDate":"2023-08-24"}],"authorContributionMap":{"andrechuakj":11}},{"path":"text-ui-test/input.txt","fileType":"txt","lines":[{"lineNumber":1,"author":{"gitId":"andrechuakj"},"content":"deadline return book /by Sunday","lastModifiedDate":"2023-08-24"},{"lineNumber":2,"author":{"gitId":"andrechuakj"},"content":"todo borrow book","lastModifiedDate":"2023-08-24"},{"lineNumber":3,"author":{"gitId":"andrechuakj"},"content":"event project meeting /from Mon 2pm /to 4pm","lastModifiedDate":"2023-08-24"},{"lineNumber":4,"author":{"gitId":"andrechuakj"},"content":"list","lastModifiedDate":"2023-08-24"},{"lineNumber":5,"author":{"gitId":"andrechuakj"},"content":"mark 1","lastModifiedDate":"2023-08-24"},{"lineNumber":6,"author":{"gitId":"andrechuakj"},"content":"mark 2","lastModifiedDate":"2023-08-24"},{"lineNumber":7,"author":{"gitId":"andrechuakj"},"content":"unmark 2","lastModifiedDate":"2023-08-24"},{"lineNumber":8,"author":{"gitId":"andrechuakj"},"content":"list","lastModifiedDate":"2023-08-24"},{"lineNumber":9,"author":{"gitId":"andrechuakj"},"content":"bye","lastModifiedDate":"2023-08-24"}],"authorContributionMap":{"andrechuakj":9}}]
