{"authorDailyContributionsMap":{"supermii2":[{"date":"2023-08-21","commitResults":[{"hash":"c932e3f8a9eaf9477d59d203a78ceec73df45ed0","isMergeCommit":false,"messageTitle":"Completed Level 0. Renamed chatbot and created skeletal version.","messageBody":"","tags":["Level-0"],"fileTypesAndContributionMap":{"java":{"insertions":18,"deletions":10}}},{"hash":"404a6409308f2ad73d65bf2a869b2aea19a2f35b","isMergeCommit":false,"messageTitle":"Level 1. Added bye command to terminate programme, and echo functionality to repeat any unknown command.","messageBody":"","tags":["Level-1"],"fileTypesAndContributionMap":{"java":{"insertions":124,"deletions":10}}},{"hash":"8438935200edbaa62aeb32566969520268a5672d","isMergeCommit":false,"messageTitle":"Level 2. Added ability to add tasks to task list and print all added tasks.","messageBody":"","tags":["Level-2"],"fileTypesAndContributionMap":{"java":{"insertions":35,"deletions":3}}},{"hash":"f93f7e6e36f181bfbcf96dd5f02990ada163c4c3","isMergeCommit":false,"messageTitle":"Level 3. Added the ability to mark and unmark tasks as completed.","messageBody":"","tags":["Level-3"],"fileTypesAndContributionMap":{"java":{"insertions":66,"deletions":6}}}]},{"date":"2023-08-22","commitResults":[{"hash":"55eef06796bca687420c696badf3083985c47542","isMergeCommit":false,"messageTitle":"Level 4. Added deadline, event, and todo functionality. Removed ability to add task besides the 3 mentioned. Removed echo function.","messageBody":"","tags":["Level-4"],"fileTypesAndContributionMap":{"java":{"insertions":89,"deletions":33}}},{"hash":"77225ef156284aede8af3433eb2fcdcd6b323663","isMergeCommit":false,"messageTitle":"Removed TODO tag as the task was already completed.","messageBody":"","fileTypesAndContributionMap":{"java":{"insertions":0,"deletions":1}}},{"hash":"ff786e957c7e7993969e4ad1c3998bd9e7067e8c","isMergeCommit":false,"messageTitle":"A-TextUiTesting. Added exception for parser and set up automated testing.","messageBody":"","tags":["A-TextUiTesting"],"fileTypesAndContributionMap":{"txt":{"insertions":4,"deletions":0},"java":{"insertions":5,"deletions":2}}},{"hash":"aaf3408b7dfc4fa72db4d32946c622ed74258ac5","isMergeCommit":false,"messageTitle":"Level-5. Handle Errors.","messageBody":"Added error handling for bad inputs for Task Creation and Task Marking.\nSeparated commands from Invoker for ease of reading and employed more OOP concepts.\n","tags":["Level-5","A-Exceptions"],"fileTypesAndContributionMap":{"txt":{"insertions":0,"deletions":4},"java":{"insertions":187,"deletions":149},"bat":{"insertions":3,"deletions":1}}},{"hash":"928574f84121063c1c1cc94eaa04ac212bd889a8","isMergeCommit":false,"messageTitle":"Level-6. Added delete function and completed javadocs for all classes.","messageBody":"","tags":["Level-6","A-Enums","A-Collections"],"fileTypesAndContributionMap":{"java":{"insertions":234,"deletions":47}}}]},{"date":"2023-08-27","commitResults":[{"hash":"306c5581b9fdc0697d7d5f1650fe6aa8919b2d59","isMergeCommit":false,"messageTitle":"Add javadocs and fix formatting","messageBody":"","fileTypesAndContributionMap":{"java":{"insertions":12,"deletions":0}}}]},{"date":"2023-08-28","commitResults":[{"hash":"87af88b865f67109f4d01301ae004211383fdbcc","isMergeCommit":false,"messageTitle":"Level-7. Add save and load functionality","messageBody":"","tags":["Level-7"],"fileTypesAndContributionMap":{"java":{"insertions":123,"deletions":22}}},{"hash":"8bcb44593816a7de7e8a8a626735d6c52f605751","isMergeCommit":false,"messageTitle":"Add javadocs for SaveCorruptionException","messageBody":"","fileTypesAndContributionMap":{"java":{"insertions":6,"deletions":0}}},{"hash":"c70cbeb83a87b23e97b7a57a048f3d651d6ab603","isMergeCommit":true,"messageTitle":"Merge branch \u0027branch-Level-7\u0027","messageBody":"","fileTypesAndContributionMap":{}},{"hash":"a60958efc0beb5df63e3529f91d2160d11cbdc4f","isMergeCommit":false,"messageTitle":"Change Deadline and Event to handle LocalDate","messageBody":"","fileTypesAndContributionMap":{"java":{"insertions":22,"deletions":7}}},{"hash":"a2cfcb59e9c73a2c0ae986681331b52e01557512","isMergeCommit":false,"messageTitle":"Add filtered list search","messageBody":"","fileTypesAndContributionMap":{"java":{"insertions":68,"deletions":12}}},{"hash":"021f3ed8a2fb0d586a2d82b56a37eb393c8bbce9","isMergeCommit":false,"messageTitle":"Change gitignore permissions","messageBody":"","tags":["Level-8"],"fileTypesAndContributionMap":{"java":{"insertions":8,"deletions":10}}},{"hash":"d256b2b65c2040716e310207749ceac2106da41d","isMergeCommit":false,"messageTitle":"Make Rock non-static, ui and add reset tasklist","messageBody":"","tags":["A-MoreOOP"],"fileTypesAndContributionMap":{"java":{"insertions":198,"deletions":161}}},{"hash":"9326c7160d865ee714fa64d607ac1e36e2ec06d2","isMergeCommit":false,"messageTitle":"Fix RockException","messageBody":"","fileTypesAndContributionMap":{"java":{"insertions":2,"deletions":2}}},{"hash":"8c6f2f05447846a1db6335d5c91f47242f0fa63f","isMergeCommit":false,"messageTitle":"Fix Exception name","messageBody":"","fileTypesAndContributionMap":{"java":{"insertions":5,"deletions":3}}}]},{"date":"2023-08-30","commitResults":[{"hash":"cce5a484848e1835f98a403aeb25edb174cb24c0","isMergeCommit":false,"messageTitle":"Repackage files and fix issue with loading save","messageBody":"","fileTypesAndContributionMap":{"java":{"insertions":116,"deletions":35}}},{"hash":"8993ed628e4f2361dfeeb2c32199d67c8d2608ad","isMergeCommit":true,"messageTitle":"Merge branch \u0027A-Packages\u0027","messageBody":"","tags":["A-Packages"],"fileTypesAndContributionMap":{}},{"hash":"7358c00279b1257296c3cb46cf44009c781fdeb1","isMergeCommit":false,"messageTitle":"Adjust gradle options","messageBody":"","fileTypesAndContributionMap":{"gradle":{"insertions":2,"deletions":1}}},{"hash":"715e76b4407acbded93d993fc23a8b6257c83d86","isMergeCommit":true,"messageTitle":"Merge branch \u0027add-gradle-support\u0027","messageBody":"","tags":["A-Gradle"],"fileTypesAndContributionMap":{}}]},{"date":"2023-08-31","commitResults":[{"hash":"246b7661a1de7e41cafd17e3d3c3b29d8b10fd10","isMergeCommit":false,"messageTitle":"Add JUnit Test Cases","messageBody":"","tags":["A-JUnit"],"fileTypesAndContributionMap":{"gradle":{"insertions":10,"deletions":1},"java":{"insertions":42,"deletions":0}}},{"hash":"efb6ef6179400c023aa5714092d5192f645e9e04","isMergeCommit":false,"messageTitle":"Fix gradle config","messageBody":"","fileTypesAndContributionMap":{"gradle":{"insertions":3,"deletions":2}}},{"hash":"872c37ebd16a77faa693af5a8d3c57d4432fa850","isMergeCommit":false,"messageTitle":"Add JavaDocs to all files","messageBody":"","tags":["A-JavaDoc"],"fileTypesAndContributionMap":{"java":{"insertions":112,"deletions":5}}},{"hash":"aa170cb755c5b935e9ca60f1cc59056662852381","isMergeCommit":false,"messageTitle":"Reformat code to coding standards","messageBody":"","tags":["A-CodingStandard"],"fileTypesAndContributionMap":{"java":{"insertions":204,"deletions":152}}}]},{"date":"2023-09-01","commitResults":[{"hash":"3db90c0085ce41780eada154fd7f4983db6879c4","isMergeCommit":false,"messageTitle":"Level-9. Add find command","messageBody":"","tags":["Level-9"],"fileTypesAndContributionMap":{"java":{"insertions":32,"deletions":0}}},{"hash":"01130370701955110bee061771a3fc4439970c9d","isMergeCommit":true,"messageTitle":"Merge tag \u0027A-JavaDoc\u0027","messageBody":"","fileTypesAndContributionMap":{}},{"hash":"d8158a8a1c0a044b0ce33bef36d38aa08918eb40","isMergeCommit":true,"messageTitle":"Merge tag \u0027A-CodingStandard\u0027","messageBody":"# Conflicts:\n#\tsrc/main/java/commands/Command.java\n#\tsrc/main/java/commands/CommandBye.java\n#\tsrc/main/java/commands/CommandReset.java\n#\tsrc/main/java/commands/CommandTaskMark.java\n#\tsrc/main/java/io/Ui.java\n#\tsrc/main/java/storage/Storage.java\n#\tsrc/main/java/tasks/TaskTodo.java\n","fileTypesAndContributionMap":{}},{"hash":"1fcc06016178451583b8e2c9e4e726818bd4a480","isMergeCommit":true,"messageTitle":"Merge branch \u0027branch-Level-9\u0027","messageBody":"# Conflicts:\n#\tdata/tasks.ser\n#\tsrc/main/java/commands/Commands.java\n#\tsrc/main/java/tasks/Task.java\n","fileTypesAndContributionMap":{}}]},{"date":"2023-09-04","commitResults":[{"hash":"5091e1bda3000779af5973b6da7affb02b1a6314","isMergeCommit":false,"messageTitle":"Decouple saving function from client","messageBody":"","fileTypesAndContributionMap":{"java":{"insertions":10,"deletions":42}}},{"hash":"e7fb445afdd4ed11830a7efbdd29aca3b608dde8","isMergeCommit":false,"messageTitle":"Decouple Ui, Storage and TaskList from other interactions","messageBody":"","fileTypesAndContributionMap":{"java":{"insertions":115,"deletions":104}}},{"hash":"cb625a0c3e6a29f9146f874efee350940392888d","isMergeCommit":false,"messageTitle":"Rewrite to fit style guide","messageBody":"","fileTypesAndContributionMap":{"java":{"insertions":33,"deletions":42}}},{"hash":"e1cd39ecfa08418d32bf1de11bafd42b78fc2fa9","isMergeCommit":false,"messageTitle":"Add javadocs","messageBody":"","tags":["A-Jar"],"fileTypesAndContributionMap":{"java":{"insertions":124,"deletions":18}}}]},{"date":"2023-09-05","commitResults":[{"hash":"bd1fc1c2ccdc338f9fbbcfd3504070862bde8ad4","isMergeCommit":false,"messageTitle":"Delete text-ui-test directory","messageBody":"","fileTypesAndContributionMap":{"bat":{"insertions":0,"deletions":23},"sh":{"insertions":0,"deletions":38}}},{"hash":"51a1e71ee764c8d2938017daca79cf730d8e3432","isMergeCommit":false,"messageTitle":"Delete build.gradle","messageBody":"","fileTypesAndContributionMap":{"gradle":{"insertions":0,"deletions":53}}},{"hash":"24f118db9307dc69e9e82090ef4e234bbadf6664","isMergeCommit":false,"messageTitle":"Amend gitignore","messageBody":"","fileTypesAndContributionMap":{"java":{"insertions":1,"deletions":1}}},{"hash":"2ba5643ac886190e0a5b4450a2e8500f34d6f244","isMergeCommit":true,"messageTitle":"Merge remote-tracking branch \u0027origin/master\u0027","messageBody":"","fileTypesAndContributionMap":{}}]}]},"authorFileTypeContributionMap":{"supermii2":{"java":1141,"md":0,"fxml":0,"sh":0,"bat":0,"gradle":0,"txt":0}},"authorContributionVariance":{"supermii2":60626.99},"authorDisplayNameMap":{"supermii2":"CS2103T-F12-3 ALVI..S NG"}}
