[{"path":"src/data/memory.txt","fileType":"txt","lines":[{"lineNumber":1,"author":{"gitId":"oeggy03"},"content":"Todo,fish,false","lastModifiedDate":"2023-09-01"},{"lineNumber":2,"author":{"gitId":"oeggy03"},"content":"Deadline,fish,false,1pm","lastModifiedDate":"2023-09-01"}],"authorContributionMap":{"oeggy03":2}},{"path":"src/main/java/Deadline.java","fileType":"java","lines":[{"lineNumber":1,"author":{"gitId":"oeggy03"},"content":"public class Deadline extends Task {","lastModifiedDate":"2023-08-27"},{"lineNumber":2,"author":{"gitId":"oeggy03"},"content":"    String endTime;","lastModifiedDate":"2023-08-27"},{"lineNumber":3,"author":{"gitId":"oeggy03"},"content":"    public Deadline(String name, Boolean marked, String endTime) {","lastModifiedDate":"2023-09-01"},{"lineNumber":4,"author":{"gitId":"oeggy03"},"content":"        super(name, marked);","lastModifiedDate":"2023-09-01"},{"lineNumber":5,"author":{"gitId":"oeggy03"},"content":"        this.endTime \u003d endTime;","lastModifiedDate":"2023-08-27"},{"lineNumber":6,"author":{"gitId":"oeggy03"},"content":"    }","lastModifiedDate":"2023-08-27"},{"lineNumber":7,"author":{"gitId":"oeggy03"},"content":"","lastModifiedDate":"2023-08-27"},{"lineNumber":8,"author":{"gitId":"oeggy03"},"content":"    @Override","lastModifiedDate":"2023-09-01"},{"lineNumber":9,"author":{"gitId":"oeggy03"},"content":"    public String getType() {","lastModifiedDate":"2023-09-01"},{"lineNumber":10,"author":{"gitId":"oeggy03"},"content":"        return \"Deadline\";","lastModifiedDate":"2023-09-01"},{"lineNumber":11,"author":{"gitId":"oeggy03"},"content":"    }","lastModifiedDate":"2023-09-01"},{"lineNumber":12,"author":{"gitId":"oeggy03"},"content":"","lastModifiedDate":"2023-09-01"},{"lineNumber":13,"author":{"gitId":"oeggy03"},"content":"    @Override","lastModifiedDate":"2023-09-01"},{"lineNumber":14,"author":{"gitId":"oeggy03"},"content":"    public String getTaskDetails() {","lastModifiedDate":"2023-09-01"},{"lineNumber":15,"author":{"gitId":"oeggy03"},"content":"        return \"Deadline,\" + this.name + \",\" + this.isMarked + \",\" + this.endTime;","lastModifiedDate":"2023-09-01"},{"lineNumber":16,"author":{"gitId":"oeggy03"},"content":"    }","lastModifiedDate":"2023-09-01"},{"lineNumber":17,"author":{"gitId":"oeggy03"},"content":"","lastModifiedDate":"2023-09-01"},{"lineNumber":18,"author":{"gitId":"oeggy03"},"content":"    @Override","lastModifiedDate":"2023-08-27"},{"lineNumber":19,"author":{"gitId":"oeggy03"},"content":"    public String toString() {","lastModifiedDate":"2023-08-27"},{"lineNumber":20,"author":{"gitId":"oeggy03"},"content":"        if (this.isMarked) {","lastModifiedDate":"2023-09-01"},{"lineNumber":21,"author":{"gitId":"oeggy03"},"content":"            return \"[D][X] \" + this.name +","lastModifiedDate":"2023-08-27"},{"lineNumber":22,"author":{"gitId":"oeggy03"},"content":"                    \" (by: \" + this.endTime + \")\";","lastModifiedDate":"2023-08-27"},{"lineNumber":23,"author":{"gitId":"oeggy03"},"content":"        }","lastModifiedDate":"2023-08-27"},{"lineNumber":24,"author":{"gitId":"oeggy03"},"content":"","lastModifiedDate":"2023-08-27"},{"lineNumber":25,"author":{"gitId":"oeggy03"},"content":"        return \"[D][ ] \" + this.name +","lastModifiedDate":"2023-08-27"},{"lineNumber":26,"author":{"gitId":"oeggy03"},"content":"                \" (by: \" + this.endTime + \")\";","lastModifiedDate":"2023-08-27"},{"lineNumber":27,"author":{"gitId":"oeggy03"},"content":"    }","lastModifiedDate":"2023-08-27"},{"lineNumber":28,"author":{"gitId":"oeggy03"},"content":"}","lastModifiedDate":"2023-08-27"}],"authorContributionMap":{"oeggy03":28}},{"path":"src/main/java/Duke.java","fileType":"java","lines":[{"lineNumber":1,"author":{"gitId":"oeggy03"},"content":"import java.util.ArrayList;","lastModifiedDate":"2023-08-27"},{"lineNumber":2,"author":{"gitId":"oeggy03"},"content":"import java.util.Objects;","lastModifiedDate":"2023-08-25"},{"lineNumber":3,"author":{"gitId":"oeggy03"},"content":"import java.util.Scanner;","lastModifiedDate":"2023-08-25"},{"lineNumber":4,"author":{"gitId":"oeggy03"},"content":"","lastModifiedDate":"2023-08-25"},{"lineNumber":5,"author":{"gitId":"-"},"content":"public class Duke {","lastModifiedDate":"2019-07-29"},{"lineNumber":6,"author":{"gitId":"-"},"content":"    public static void main(String[] args) {","lastModifiedDate":"2019-07-29"},{"lineNumber":7,"author":{"gitId":"oeggy03"},"content":"        TaskArray tasks \u003d new TaskArray(\"src/data/memory.txt\");","lastModifiedDate":"2023-09-01"},{"lineNumber":8,"author":{"gitId":"oeggy03"},"content":"        int taskCount \u003d 0;","lastModifiedDate":"2023-08-25"},{"lineNumber":9,"author":{"gitId":"oeggy03"},"content":"","lastModifiedDate":"2023-08-25"},{"lineNumber":10,"author":{"gitId":"oeggy03"},"content":"        String introduction \u003d \"____________________________________________________________\\n\" +","lastModifiedDate":"2023-08-25"},{"lineNumber":11,"author":{"gitId":"oeggy03"},"content":"                \" Hello! I\u0027m eggbot\\n\" +","lastModifiedDate":"2023-08-24"},{"lineNumber":12,"author":{"gitId":"oeggy03"},"content":"                \" Please add a task!\\n\\n\" +","lastModifiedDate":"2023-08-25"},{"lineNumber":13,"author":{"gitId":"oeggy03"},"content":"                \" To add a ToDo task, type \u0027todo [Task]\u0027\\n\" +","lastModifiedDate":"2023-08-27"},{"lineNumber":14,"author":{"gitId":"oeggy03"},"content":"                \" To add a Deadline task, type \u0027deadline [Task /Deadline]\u0027\\n\" +","lastModifiedDate":"2023-08-27"},{"lineNumber":15,"author":{"gitId":"oeggy03"},"content":"                \" To add an Event task, type \u0027event [Task /Start Date/End Date]\u0027\\n\" +","lastModifiedDate":"2023-08-27"},{"lineNumber":16,"author":{"gitId":"oeggy03"},"content":"                \" To view tasks, type \u0027list\u0027 \\n\" +","lastModifiedDate":"2023-08-25"},{"lineNumber":17,"author":{"gitId":"oeggy03"},"content":"                \" To mark a task as \u0027done\u0027, type \u0027mark [index]\u0027 \\n\" +","lastModifiedDate":"2023-08-26"},{"lineNumber":18,"author":{"gitId":"oeggy03"},"content":"                \" To mark a task as \u0027undone\u0027, type \u0027unmark [index]\u0027 \\n\" +","lastModifiedDate":"2023-08-26"},{"lineNumber":19,"author":{"gitId":"oeggy03"},"content":"                \" To delete a task, type \u0027delete [index]\u0027 \\n\" +","lastModifiedDate":"2023-08-27"},{"lineNumber":20,"author":{"gitId":"oeggy03"},"content":"                \" To exit, type \u0027bye\u0027 \\n\" +","lastModifiedDate":"2023-08-25"},{"lineNumber":21,"author":{"gitId":"oeggy03"},"content":"                \"____________________________________________________________\\n\";","lastModifiedDate":"2023-08-25"},{"lineNumber":22,"author":{"gitId":"oeggy03"},"content":"","lastModifiedDate":"2023-08-25"},{"lineNumber":23,"author":{"gitId":"oeggy03"},"content":"        System.out.println(introduction);","lastModifiedDate":"2023-08-25"},{"lineNumber":24,"author":{"gitId":"oeggy03"},"content":"        Scanner scanner \u003d new Scanner(System.in);","lastModifiedDate":"2023-08-25"},{"lineNumber":25,"author":{"gitId":"oeggy03"},"content":"","lastModifiedDate":"2023-08-25"},{"lineNumber":26,"author":{"gitId":"oeggy03"},"content":"        while (true) {","lastModifiedDate":"2023-08-25"},{"lineNumber":27,"author":{"gitId":"oeggy03"},"content":"            System.out.println(\"Please add a task, or type list to show tasks.\");","lastModifiedDate":"2023-08-25"},{"lineNumber":28,"author":{"gitId":"oeggy03"},"content":"","lastModifiedDate":"2023-08-25"},{"lineNumber":29,"author":{"gitId":"oeggy03"},"content":"            String input \u003d scanner.nextLine().strip();  // Read input","lastModifiedDate":"2023-08-26"},{"lineNumber":30,"author":{"gitId":"oeggy03"},"content":"","lastModifiedDate":"2023-08-25"},{"lineNumber":31,"author":{"gitId":"oeggy03"},"content":"            if (Objects.equals(input, \"bye\")) {","lastModifiedDate":"2023-08-25"},{"lineNumber":32,"author":{"gitId":"oeggy03"},"content":"                String output \u003d \"____________________________________________________________\\n\" +","lastModifiedDate":"2023-08-25"},{"lineNumber":33,"author":{"gitId":"oeggy03"},"content":"                        \"Bye. Hope to see you again soon! \\n\" +","lastModifiedDate":"2023-08-24"},{"lineNumber":34,"author":{"gitId":"oeggy03"},"content":"                        \"____________________________________________________________\\n\";","lastModifiedDate":"2023-08-24"},{"lineNumber":35,"author":{"gitId":"oeggy03"},"content":"","lastModifiedDate":"2023-08-25"},{"lineNumber":36,"author":{"gitId":"oeggy03"},"content":"                System.out.println(output);","lastModifiedDate":"2023-08-25"},{"lineNumber":37,"author":{"gitId":"oeggy03"},"content":"                break;","lastModifiedDate":"2023-08-25"},{"lineNumber":38,"author":{"gitId":"oeggy03"},"content":"            } else if (Objects.equals(input, \"list\")) {","lastModifiedDate":"2023-08-25"},{"lineNumber":39,"author":{"gitId":"oeggy03"},"content":"","lastModifiedDate":"2023-08-25"},{"lineNumber":40,"author":{"gitId":"oeggy03"},"content":"                if (taskCount \u003d\u003d 0) {","lastModifiedDate":"2023-08-25"},{"lineNumber":41,"author":{"gitId":"oeggy03"},"content":"                    System.out.println(\"____________________________________________________________\\n\");","lastModifiedDate":"2023-08-26"},{"lineNumber":42,"author":{"gitId":"oeggy03"},"content":"                    System.out.println(\"You have no tasks!\");","lastModifiedDate":"2023-08-25"},{"lineNumber":43,"author":{"gitId":"oeggy03"},"content":"                    System.out.println(\"____________________________________________________________\\n\");","lastModifiedDate":"2023-08-26"},{"lineNumber":44,"author":{"gitId":"oeggy03"},"content":"","lastModifiedDate":"2023-08-25"},{"lineNumber":45,"author":{"gitId":"oeggy03"},"content":"                    continue;","lastModifiedDate":"2023-08-25"},{"lineNumber":46,"author":{"gitId":"oeggy03"},"content":"                }","lastModifiedDate":"2023-08-25"},{"lineNumber":47,"author":{"gitId":"oeggy03"},"content":"                ","lastModifiedDate":"2023-08-26"},{"lineNumber":48,"author":{"gitId":"oeggy03"},"content":"                String output \u003d \"____________________________________________________________\\n\" +","lastModifiedDate":"2023-08-25"},{"lineNumber":49,"author":{"gitId":"oeggy03"},"content":"                        \"Your tasks: \\n\";","lastModifiedDate":"2023-08-25"},{"lineNumber":50,"author":{"gitId":"oeggy03"},"content":"","lastModifiedDate":"2023-08-25"},{"lineNumber":51,"author":{"gitId":"oeggy03"},"content":"//                System.out.println(output);","lastModifiedDate":"2023-09-01"},{"lineNumber":52,"author":{"gitId":"oeggy03"},"content":"//","lastModifiedDate":"2023-09-01"},{"lineNumber":53,"author":{"gitId":"oeggy03"},"content":"//                for (int i \u003d 0; i \u003c taskCount; i++) {","lastModifiedDate":"2023-09-01"},{"lineNumber":54,"author":{"gitId":"oeggy03"},"content":"//                    String entryOutput \u003d (i + 1) + \". \" + tasks.get(i);","lastModifiedDate":"2023-09-01"},{"lineNumber":55,"author":{"gitId":"oeggy03"},"content":"//                    if (tasks.get(i).isDone()) {","lastModifiedDate":"2023-09-01"},{"lineNumber":56,"author":{"gitId":"oeggy03"},"content":"//                        entryOutput \u003d (i + 1) + \". \" + tasks.get(i);","lastModifiedDate":"2023-09-01"},{"lineNumber":57,"author":{"gitId":"oeggy03"},"content":"//                    }","lastModifiedDate":"2023-09-01"},{"lineNumber":58,"author":{"gitId":"oeggy03"},"content":"//                    System.out.println(entryOutput);","lastModifiedDate":"2023-09-01"},{"lineNumber":59,"author":{"gitId":"oeggy03"},"content":"//                }","lastModifiedDate":"2023-09-01"},{"lineNumber":60,"author":{"gitId":"oeggy03"},"content":"                tasks.displayTasks();","lastModifiedDate":"2023-09-01"},{"lineNumber":61,"author":{"gitId":"oeggy03"},"content":"","lastModifiedDate":"2023-08-26"},{"lineNumber":62,"author":{"gitId":"oeggy03"},"content":"                System.out.println(\"____________________________________________________________\\n\");","lastModifiedDate":"2023-08-26"},{"lineNumber":63,"author":{"gitId":"oeggy03"},"content":"","lastModifiedDate":"2023-08-26"},{"lineNumber":64,"author":{"gitId":"oeggy03"},"content":"            } else if (input.startsWith(\"mark\")) {","lastModifiedDate":"2023-08-26"},{"lineNumber":65,"author":{"gitId":"oeggy03"},"content":"                if (input.equals(\"mark\")) {","lastModifiedDate":"2023-08-26"},{"lineNumber":66,"author":{"gitId":"oeggy03"},"content":"                    System.out.println(\"____________________________________________________________\\n\");","lastModifiedDate":"2023-08-26"},{"lineNumber":67,"author":{"gitId":"oeggy03"},"content":"                    System.out.println(\"You cannot mark an empty task!\");","lastModifiedDate":"2023-08-26"},{"lineNumber":68,"author":{"gitId":"oeggy03"},"content":"                    System.out.println(\"____________________________________________________________\\n\");","lastModifiedDate":"2023-08-26"},{"lineNumber":69,"author":{"gitId":"oeggy03"},"content":"","lastModifiedDate":"2023-08-26"},{"lineNumber":70,"author":{"gitId":"oeggy03"},"content":"                    continue;","lastModifiedDate":"2023-08-26"},{"lineNumber":71,"author":{"gitId":"oeggy03"},"content":"                }","lastModifiedDate":"2023-08-26"},{"lineNumber":72,"author":{"gitId":"oeggy03"},"content":"                int index \u003d Integer.parseInt(input.substring(input.length() - 1)) - 1;","lastModifiedDate":"2023-08-26"},{"lineNumber":73,"author":{"gitId":"oeggy03"},"content":"","lastModifiedDate":"2023-08-26"},{"lineNumber":74,"author":{"gitId":"oeggy03"},"content":"                if (index \u003e\u003d taskCount || index \u003c 0) {","lastModifiedDate":"2023-08-27"},{"lineNumber":75,"author":{"gitId":"oeggy03"},"content":"                    System.out.println(\"____________________________________________________________\\n\");","lastModifiedDate":"2023-08-26"},{"lineNumber":76,"author":{"gitId":"oeggy03"},"content":"                    System.out.println(\"Task \" + (index + 1) + \" not found!\");","lastModifiedDate":"2023-08-26"},{"lineNumber":77,"author":{"gitId":"oeggy03"},"content":"                    System.out.println(\"____________________________________________________________\\n\");","lastModifiedDate":"2023-08-26"},{"lineNumber":78,"author":{"gitId":"oeggy03"},"content":"","lastModifiedDate":"2023-08-26"},{"lineNumber":79,"author":{"gitId":"oeggy03"},"content":"                    continue;","lastModifiedDate":"2023-08-26"},{"lineNumber":80,"author":{"gitId":"oeggy03"},"content":"                }","lastModifiedDate":"2023-08-25"},{"lineNumber":81,"author":{"gitId":"oeggy03"},"content":"","lastModifiedDate":"2023-08-27"},{"lineNumber":82,"author":{"gitId":"oeggy03"},"content":"                tasks.get(index).markAsDone();","lastModifiedDate":"2023-08-27"},{"lineNumber":83,"author":{"gitId":"oeggy03"},"content":"","lastModifiedDate":"2023-08-25"},{"lineNumber":84,"author":{"gitId":"oeggy03"},"content":"                String output \u003d \"Nice! I\u0027ve marked this task as done: \\n\" +","lastModifiedDate":"2023-08-26"},{"lineNumber":85,"author":{"gitId":"oeggy03"},"content":"                        tasks.get(index);","lastModifiedDate":"2023-08-27"},{"lineNumber":86,"author":{"gitId":"oeggy03"},"content":"","lastModifiedDate":"2023-08-26"},{"lineNumber":87,"author":{"gitId":"oeggy03"},"content":"                System.out.println(\"____________________________________________________________\\n\");","lastModifiedDate":"2023-08-26"},{"lineNumber":88,"author":{"gitId":"oeggy03"},"content":"                System.out.println(output);","lastModifiedDate":"2023-08-26"},{"lineNumber":89,"author":{"gitId":"oeggy03"},"content":"                System.out.println(\"____________________________________________________________\\n\");","lastModifiedDate":"2023-08-26"},{"lineNumber":90,"author":{"gitId":"oeggy03"},"content":"","lastModifiedDate":"2023-08-26"},{"lineNumber":91,"author":{"gitId":"oeggy03"},"content":"            } else if (input.startsWith(\"unmark\")) {","lastModifiedDate":"2023-08-26"},{"lineNumber":92,"author":{"gitId":"oeggy03"},"content":"                if (input.equals(\"unmark\")) {","lastModifiedDate":"2023-08-26"},{"lineNumber":93,"author":{"gitId":"oeggy03"},"content":"                    System.out.println(\"____________________________________________________________\\n\");","lastModifiedDate":"2023-08-26"},{"lineNumber":94,"author":{"gitId":"oeggy03"},"content":"                    System.out.println(\"You cannot unmark an empty task!\");","lastModifiedDate":"2023-08-26"},{"lineNumber":95,"author":{"gitId":"oeggy03"},"content":"                    System.out.println(\"____________________________________________________________\\n\");","lastModifiedDate":"2023-08-26"},{"lineNumber":96,"author":{"gitId":"oeggy03"},"content":"","lastModifiedDate":"2023-08-26"},{"lineNumber":97,"author":{"gitId":"oeggy03"},"content":"                    continue;","lastModifiedDate":"2023-08-26"},{"lineNumber":98,"author":{"gitId":"oeggy03"},"content":"                }","lastModifiedDate":"2023-08-26"},{"lineNumber":99,"author":{"gitId":"oeggy03"},"content":"","lastModifiedDate":"2023-08-26"},{"lineNumber":100,"author":{"gitId":"oeggy03"},"content":"                int index \u003d Integer.parseInt(input.substring(input.length() - 1)) - 1;","lastModifiedDate":"2023-08-26"},{"lineNumber":101,"author":{"gitId":"oeggy03"},"content":"","lastModifiedDate":"2023-08-26"},{"lineNumber":102,"author":{"gitId":"oeggy03"},"content":"                if (index \u003e\u003d taskCount) {","lastModifiedDate":"2023-08-26"},{"lineNumber":103,"author":{"gitId":"oeggy03"},"content":"                    System.out.println(\"____________________________________________________________\\n\");","lastModifiedDate":"2023-08-26"},{"lineNumber":104,"author":{"gitId":"oeggy03"},"content":"                    System.out.println(\"Task \" + (index + 1) + \" not found!\");","lastModifiedDate":"2023-08-26"},{"lineNumber":105,"author":{"gitId":"oeggy03"},"content":"                    System.out.println(\"____________________________________________________________\\n\");","lastModifiedDate":"2023-08-25"},{"lineNumber":106,"author":{"gitId":"oeggy03"},"content":"","lastModifiedDate":"2023-08-25"},{"lineNumber":107,"author":{"gitId":"oeggy03"},"content":"                    continue;","lastModifiedDate":"2023-08-25"},{"lineNumber":108,"author":{"gitId":"oeggy03"},"content":"                }","lastModifiedDate":"2023-08-25"},{"lineNumber":109,"author":{"gitId":"oeggy03"},"content":"","lastModifiedDate":"2023-08-27"},{"lineNumber":110,"author":{"gitId":"oeggy03"},"content":"                tasks.get(index).markAsUndone();","lastModifiedDate":"2023-08-27"},{"lineNumber":111,"author":{"gitId":"oeggy03"},"content":"","lastModifiedDate":"2023-08-26"},{"lineNumber":112,"author":{"gitId":"oeggy03"},"content":"                String output \u003d \"OK, I\u0027ve marked this task as not done yet: \\n\" +","lastModifiedDate":"2023-08-26"},{"lineNumber":113,"author":{"gitId":"oeggy03"},"content":"                        tasks.get(index);","lastModifiedDate":"2023-08-27"},{"lineNumber":114,"author":{"gitId":"oeggy03"},"content":"","lastModifiedDate":"2023-08-25"},{"lineNumber":115,"author":{"gitId":"oeggy03"},"content":"                System.out.println(\"____________________________________________________________\\n\");","lastModifiedDate":"2023-08-26"},{"lineNumber":116,"author":{"gitId":"oeggy03"},"content":"                System.out.println(output);","lastModifiedDate":"2023-08-26"},{"lineNumber":117,"author":{"gitId":"oeggy03"},"content":"                System.out.println(\"____________________________________________________________\\n\");","lastModifiedDate":"2023-08-26"},{"lineNumber":118,"author":{"gitId":"oeggy03"},"content":"            } else if (input.startsWith(\"todo\")) {","lastModifiedDate":"2023-08-27"},{"lineNumber":119,"author":{"gitId":"oeggy03"},"content":"                if (input.equals(\"todo\")) {","lastModifiedDate":"2023-08-27"},{"lineNumber":120,"author":{"gitId":"oeggy03"},"content":"                    System.out.println(\"____________________________________________________________\\n\");","lastModifiedDate":"2023-08-27"},{"lineNumber":121,"author":{"gitId":"oeggy03"},"content":"                    System.out.println(\"You cannot add an empty \u0027ToDo\u0027 task!\");","lastModifiedDate":"2023-08-27"},{"lineNumber":122,"author":{"gitId":"oeggy03"},"content":"                    System.out.println(\"____________________________________________________________\\n\");","lastModifiedDate":"2023-08-27"},{"lineNumber":123,"author":{"gitId":"oeggy03"},"content":"","lastModifiedDate":"2023-08-27"},{"lineNumber":124,"author":{"gitId":"oeggy03"},"content":"                    continue;","lastModifiedDate":"2023-08-27"},{"lineNumber":125,"author":{"gitId":"oeggy03"},"content":"                }","lastModifiedDate":"2023-08-27"},{"lineNumber":126,"author":{"gitId":"oeggy03"},"content":"","lastModifiedDate":"2023-08-27"},{"lineNumber":127,"author":{"gitId":"oeggy03"},"content":"                String taskName \u003d input.substring(4).strip();","lastModifiedDate":"2023-08-27"},{"lineNumber":128,"author":{"gitId":"oeggy03"},"content":"                tasks.addTask(new ToDo(taskName, false));","lastModifiedDate":"2023-09-01"},{"lineNumber":129,"author":{"gitId":"oeggy03"},"content":"                taskCount +\u003d 1;","lastModifiedDate":"2023-08-27"},{"lineNumber":130,"author":{"gitId":"oeggy03"},"content":"","lastModifiedDate":"2023-08-27"},{"lineNumber":131,"author":{"gitId":"oeggy03"},"content":"                String output \u003d \"____________________________________________________________\\n\" +","lastModifiedDate":"2023-08-27"},{"lineNumber":132,"author":{"gitId":"oeggy03"},"content":"                        \"Got it, I\u0027ve added this task: \\n\" +","lastModifiedDate":"2023-08-27"},{"lineNumber":133,"author":{"gitId":"oeggy03"},"content":"                        tasks.get(taskCount - 1) + \"\\n\" +","lastModifiedDate":"2023-08-27"},{"lineNumber":134,"author":{"gitId":"oeggy03"},"content":"                        \"You now have \" + taskCount + \" tasks in the list. \\n\" +","lastModifiedDate":"2023-08-27"},{"lineNumber":135,"author":{"gitId":"oeggy03"},"content":"                        \"____________________________________________________________\\n\";","lastModifiedDate":"2023-08-27"},{"lineNumber":136,"author":{"gitId":"oeggy03"},"content":"","lastModifiedDate":"2023-08-27"},{"lineNumber":137,"author":{"gitId":"oeggy03"},"content":"                System.out.println(output);","lastModifiedDate":"2023-08-27"},{"lineNumber":138,"author":{"gitId":"oeggy03"},"content":"","lastModifiedDate":"2023-08-27"},{"lineNumber":139,"author":{"gitId":"oeggy03"},"content":"            } else if (input.startsWith(\"deadline\")) {","lastModifiedDate":"2023-08-27"},{"lineNumber":140,"author":{"gitId":"oeggy03"},"content":"                if (input.equals(\"deadline\")) {","lastModifiedDate":"2023-08-27"},{"lineNumber":141,"author":{"gitId":"oeggy03"},"content":"                    System.out.println(\"____________________________________________________________\\n\");","lastModifiedDate":"2023-08-27"},{"lineNumber":142,"author":{"gitId":"oeggy03"},"content":"                    System.out.println(\"You cannot add an empty \u0027Deadline\u0027 task!\");","lastModifiedDate":"2023-08-27"},{"lineNumber":143,"author":{"gitId":"oeggy03"},"content":"                    System.out.println(\"____________________________________________________________\\n\");","lastModifiedDate":"2023-08-27"},{"lineNumber":144,"author":{"gitId":"oeggy03"},"content":"","lastModifiedDate":"2023-08-27"},{"lineNumber":145,"author":{"gitId":"oeggy03"},"content":"                    continue;","lastModifiedDate":"2023-08-27"},{"lineNumber":146,"author":{"gitId":"oeggy03"},"content":"                }","lastModifiedDate":"2023-08-27"},{"lineNumber":147,"author":{"gitId":"oeggy03"},"content":"","lastModifiedDate":"2023-08-27"},{"lineNumber":148,"author":{"gitId":"oeggy03"},"content":"                try {","lastModifiedDate":"2023-08-27"},{"lineNumber":149,"author":{"gitId":"oeggy03"},"content":"                    String task \u003d input.substring(8).strip();","lastModifiedDate":"2023-08-27"},{"lineNumber":150,"author":{"gitId":"oeggy03"},"content":"                    String[] taskArr \u003d task.split(\"/\", 2);","lastModifiedDate":"2023-08-27"},{"lineNumber":151,"author":{"gitId":"oeggy03"},"content":"","lastModifiedDate":"2023-08-27"},{"lineNumber":152,"author":{"gitId":"oeggy03"},"content":"                    if (taskArr.length !\u003d 2) {","lastModifiedDate":"2023-08-27"},{"lineNumber":153,"author":{"gitId":"oeggy03"},"content":"                        String errorStr \u003d \"\\nFormat for Deadline task incorrect!\\n\" +","lastModifiedDate":"2023-08-27"},{"lineNumber":154,"author":{"gitId":"oeggy03"},"content":"                                \"Expected 2 parts (Task name \u0026 deadline) in input, got \" + taskArr.length;","lastModifiedDate":"2023-08-27"},{"lineNumber":155,"author":{"gitId":"oeggy03"},"content":"                        throw new DukeInvalidFormatException(errorStr);","lastModifiedDate":"2023-08-27"},{"lineNumber":156,"author":{"gitId":"oeggy03"},"content":"                    }","lastModifiedDate":"2023-08-27"},{"lineNumber":157,"author":{"gitId":"oeggy03"},"content":"","lastModifiedDate":"2023-08-27"},{"lineNumber":158,"author":{"gitId":"oeggy03"},"content":"                    tasks.addTask(new Deadline(taskArr[0].strip(), false, taskArr[1].strip()));","lastModifiedDate":"2023-09-01"},{"lineNumber":159,"author":{"gitId":"oeggy03"},"content":"                    taskCount +\u003d 1;","lastModifiedDate":"2023-08-27"},{"lineNumber":160,"author":{"gitId":"oeggy03"},"content":"","lastModifiedDate":"2023-08-27"},{"lineNumber":161,"author":{"gitId":"oeggy03"},"content":"                } catch (DukeInvalidFormatException e) {","lastModifiedDate":"2023-08-27"},{"lineNumber":162,"author":{"gitId":"oeggy03"},"content":"                    String errorString \u003d \"____________________________________________________________\\n\" +","lastModifiedDate":"2023-08-27"},{"lineNumber":163,"author":{"gitId":"oeggy03"},"content":"                            \"Something went wrong! Please format the task properly and add it again. \\n\" +","lastModifiedDate":"2023-08-27"},{"lineNumber":164,"author":{"gitId":"oeggy03"},"content":"                            \"Error: \" + e + \"\\n\" +","lastModifiedDate":"2023-08-27"},{"lineNumber":165,"author":{"gitId":"oeggy03"},"content":"                            \"____________________________________________________________\\n\";","lastModifiedDate":"2023-08-27"},{"lineNumber":166,"author":{"gitId":"oeggy03"},"content":"","lastModifiedDate":"2023-08-27"},{"lineNumber":167,"author":{"gitId":"oeggy03"},"content":"                    System.out.println(errorString);","lastModifiedDate":"2023-08-27"},{"lineNumber":168,"author":{"gitId":"oeggy03"},"content":"                    continue;","lastModifiedDate":"2023-08-27"},{"lineNumber":169,"author":{"gitId":"oeggy03"},"content":"                }","lastModifiedDate":"2023-08-27"},{"lineNumber":170,"author":{"gitId":"oeggy03"},"content":"","lastModifiedDate":"2023-08-27"},{"lineNumber":171,"author":{"gitId":"oeggy03"},"content":"                String output \u003d \"____________________________________________________________\\n\" +","lastModifiedDate":"2023-08-27"},{"lineNumber":172,"author":{"gitId":"oeggy03"},"content":"                        \"Got it, I\u0027ve added this task: \\n\" +","lastModifiedDate":"2023-08-27"},{"lineNumber":173,"author":{"gitId":"oeggy03"},"content":"                        tasks.get(taskCount - 1) + \"\\n\" +","lastModifiedDate":"2023-08-27"},{"lineNumber":174,"author":{"gitId":"oeggy03"},"content":"                        \"You now have \" + taskCount + \" tasks in the list. \\n\" +","lastModifiedDate":"2023-08-27"},{"lineNumber":175,"author":{"gitId":"oeggy03"},"content":"                        \"____________________________________________________________\\n\";","lastModifiedDate":"2023-08-27"},{"lineNumber":176,"author":{"gitId":"oeggy03"},"content":"","lastModifiedDate":"2023-08-27"},{"lineNumber":177,"author":{"gitId":"oeggy03"},"content":"                System.out.println(output);","lastModifiedDate":"2023-08-27"},{"lineNumber":178,"author":{"gitId":"oeggy03"},"content":"","lastModifiedDate":"2023-08-27"},{"lineNumber":179,"author":{"gitId":"oeggy03"},"content":"            } else if (input.startsWith(\"event\")) {","lastModifiedDate":"2023-08-27"},{"lineNumber":180,"author":{"gitId":"oeggy03"},"content":"                if (input.equals(\"event\")) {","lastModifiedDate":"2023-08-27"},{"lineNumber":181,"author":{"gitId":"oeggy03"},"content":"                    System.out.println(\"____________________________________________________________\\n\");","lastModifiedDate":"2023-08-27"},{"lineNumber":182,"author":{"gitId":"oeggy03"},"content":"                    System.out.println(\"You cannot add an empty \u0027Event\u0027 task!\");","lastModifiedDate":"2023-08-27"},{"lineNumber":183,"author":{"gitId":"oeggy03"},"content":"                    System.out.println(\"____________________________________________________________\\n\");","lastModifiedDate":"2023-08-27"},{"lineNumber":184,"author":{"gitId":"oeggy03"},"content":"","lastModifiedDate":"2023-08-27"},{"lineNumber":185,"author":{"gitId":"oeggy03"},"content":"                    continue;","lastModifiedDate":"2023-08-27"},{"lineNumber":186,"author":{"gitId":"oeggy03"},"content":"                }","lastModifiedDate":"2023-08-27"},{"lineNumber":187,"author":{"gitId":"oeggy03"},"content":"","lastModifiedDate":"2023-08-27"},{"lineNumber":188,"author":{"gitId":"oeggy03"},"content":"                try {","lastModifiedDate":"2023-08-27"},{"lineNumber":189,"author":{"gitId":"oeggy03"},"content":"                    String task \u003d input.substring(5).strip();","lastModifiedDate":"2023-08-27"},{"lineNumber":190,"author":{"gitId":"oeggy03"},"content":"                    String[] taskArr \u003d task.split(\"/\", 3);","lastModifiedDate":"2023-08-27"},{"lineNumber":191,"author":{"gitId":"oeggy03"},"content":"","lastModifiedDate":"2023-08-27"},{"lineNumber":192,"author":{"gitId":"oeggy03"},"content":"                    if (taskArr.length !\u003d 3) {","lastModifiedDate":"2023-08-27"},{"lineNumber":193,"author":{"gitId":"oeggy03"},"content":"                        String errorStr \u003d \"\\nFormat for Event task incorrect!\\n\" +","lastModifiedDate":"2023-08-27"},{"lineNumber":194,"author":{"gitId":"oeggy03"},"content":"                                \"Expected 3 parts (Task name, start \u0026 end time) in input, got \" + taskArr.length;","lastModifiedDate":"2023-08-27"},{"lineNumber":195,"author":{"gitId":"oeggy03"},"content":"                        throw new DukeInvalidFormatException(errorStr);","lastModifiedDate":"2023-08-27"},{"lineNumber":196,"author":{"gitId":"oeggy03"},"content":"                    }","lastModifiedDate":"2023-08-27"},{"lineNumber":197,"author":{"gitId":"oeggy03"},"content":"","lastModifiedDate":"2023-08-27"},{"lineNumber":198,"author":{"gitId":"oeggy03"},"content":"                    tasks.addTask(new Event(taskArr[0].strip(), false, taskArr[1].strip(), taskArr[2].strip()));","lastModifiedDate":"2023-09-01"},{"lineNumber":199,"author":{"gitId":"oeggy03"},"content":"                    taskCount +\u003d 1;","lastModifiedDate":"2023-08-25"},{"lineNumber":200,"author":{"gitId":"oeggy03"},"content":"                } catch (DukeInvalidFormatException e) {","lastModifiedDate":"2023-08-27"},{"lineNumber":201,"author":{"gitId":"oeggy03"},"content":"                    String errorString \u003d \"____________________________________________________________\\n\" +","lastModifiedDate":"2023-08-27"},{"lineNumber":202,"author":{"gitId":"oeggy03"},"content":"                            \"Something went wrong! Please format the task properly and add it again. \\n\\n\" +","lastModifiedDate":"2023-08-27"},{"lineNumber":203,"author":{"gitId":"oeggy03"},"content":"                            \"Error: \" + e + \"\\n\" +","lastModifiedDate":"2023-08-27"},{"lineNumber":204,"author":{"gitId":"oeggy03"},"content":"                            \"____________________________________________________________\\n\";","lastModifiedDate":"2023-08-27"},{"lineNumber":205,"author":{"gitId":"oeggy03"},"content":"","lastModifiedDate":"2023-08-27"},{"lineNumber":206,"author":{"gitId":"oeggy03"},"content":"                    System.out.println(errorString);","lastModifiedDate":"2023-08-27"},{"lineNumber":207,"author":{"gitId":"oeggy03"},"content":"                    continue;","lastModifiedDate":"2023-08-27"},{"lineNumber":208,"author":{"gitId":"oeggy03"},"content":"                }","lastModifiedDate":"2023-08-27"},{"lineNumber":209,"author":{"gitId":"oeggy03"},"content":"","lastModifiedDate":"2023-08-25"},{"lineNumber":210,"author":{"gitId":"oeggy03"},"content":"                String output \u003d \"____________________________________________________________\\n\" +","lastModifiedDate":"2023-08-25"},{"lineNumber":211,"author":{"gitId":"oeggy03"},"content":"                        \"Got it, I\u0027ve added this task: \\n\" +","lastModifiedDate":"2023-08-27"},{"lineNumber":212,"author":{"gitId":"oeggy03"},"content":"                        tasks.get(taskCount - 1) + \"\\n\" +","lastModifiedDate":"2023-08-27"},{"lineNumber":213,"author":{"gitId":"oeggy03"},"content":"                        \"You now have \" + taskCount + \" tasks in the list. \\n\" +","lastModifiedDate":"2023-08-27"},{"lineNumber":214,"author":{"gitId":"oeggy03"},"content":"                        \"____________________________________________________________\\n\";","lastModifiedDate":"2023-08-27"},{"lineNumber":215,"author":{"gitId":"oeggy03"},"content":"","lastModifiedDate":"2023-08-27"},{"lineNumber":216,"author":{"gitId":"oeggy03"},"content":"                System.out.println(output);","lastModifiedDate":"2023-08-27"},{"lineNumber":217,"author":{"gitId":"oeggy03"},"content":"","lastModifiedDate":"2023-08-27"},{"lineNumber":218,"author":{"gitId":"oeggy03"},"content":"            } else if (input.startsWith(\"delete\")) {","lastModifiedDate":"2023-08-27"},{"lineNumber":219,"author":{"gitId":"oeggy03"},"content":"                if (input.equals(\"delete\")) {","lastModifiedDate":"2023-08-27"},{"lineNumber":220,"author":{"gitId":"oeggy03"},"content":"                    System.out.println(\"____________________________________________________________\\n\");","lastModifiedDate":"2023-08-27"},{"lineNumber":221,"author":{"gitId":"oeggy03"},"content":"                    System.out.println(\"Please specify a task to delete!\");","lastModifiedDate":"2023-08-27"},{"lineNumber":222,"author":{"gitId":"oeggy03"},"content":"                    System.out.println(\"____________________________________________________________\\n\");","lastModifiedDate":"2023-08-27"},{"lineNumber":223,"author":{"gitId":"oeggy03"},"content":"","lastModifiedDate":"2023-08-27"},{"lineNumber":224,"author":{"gitId":"oeggy03"},"content":"                    continue;","lastModifiedDate":"2023-08-27"},{"lineNumber":225,"author":{"gitId":"oeggy03"},"content":"                }","lastModifiedDate":"2023-08-27"},{"lineNumber":226,"author":{"gitId":"oeggy03"},"content":"","lastModifiedDate":"2023-08-27"},{"lineNumber":227,"author":{"gitId":"oeggy03"},"content":"                try {","lastModifiedDate":"2023-08-27"},{"lineNumber":228,"author":{"gitId":"oeggy03"},"content":"                    int index \u003d Integer.parseInt(input.substring(6).strip()) - 1;","lastModifiedDate":"2023-08-27"},{"lineNumber":229,"author":{"gitId":"oeggy03"},"content":"","lastModifiedDate":"2023-08-27"},{"lineNumber":230,"author":{"gitId":"oeggy03"},"content":"                    if (index \u003e\u003d taskCount) {","lastModifiedDate":"2023-08-27"},{"lineNumber":231,"author":{"gitId":"oeggy03"},"content":"                        System.out.println(\"____________________________________________________________\\n\");","lastModifiedDate":"2023-08-27"},{"lineNumber":232,"author":{"gitId":"oeggy03"},"content":"                        System.out.println(\"Task \" + (index + 1) + \" not found!\");","lastModifiedDate":"2023-08-27"},{"lineNumber":233,"author":{"gitId":"oeggy03"},"content":"                        System.out.println(\"____________________________________________________________\\n\");","lastModifiedDate":"2023-08-27"},{"lineNumber":234,"author":{"gitId":"oeggy03"},"content":"","lastModifiedDate":"2023-08-27"},{"lineNumber":235,"author":{"gitId":"oeggy03"},"content":"                        continue;","lastModifiedDate":"2023-08-27"},{"lineNumber":236,"author":{"gitId":"oeggy03"},"content":"                    }","lastModifiedDate":"2023-08-27"},{"lineNumber":237,"author":{"gitId":"oeggy03"},"content":"","lastModifiedDate":"2023-08-27"},{"lineNumber":238,"author":{"gitId":"oeggy03"},"content":"                    String output \u003d \"____________________________________________________________\\n\" +","lastModifiedDate":"2023-08-27"},{"lineNumber":239,"author":{"gitId":"oeggy03"},"content":"                            \"Noted, I\u0027ve removed this task: \\n\" +","lastModifiedDate":"2023-08-27"},{"lineNumber":240,"author":{"gitId":"oeggy03"},"content":"                            tasks.get(index) + \"\\n\" +","lastModifiedDate":"2023-08-27"},{"lineNumber":241,"author":{"gitId":"oeggy03"},"content":"                            \"You now have \" + (taskCount - 1) + \" tasks in the list. \\n\" +","lastModifiedDate":"2023-08-27"},{"lineNumber":242,"author":{"gitId":"oeggy03"},"content":"                            \"____________________________________________________________\\n\";","lastModifiedDate":"2023-08-27"},{"lineNumber":243,"author":{"gitId":"oeggy03"},"content":"","lastModifiedDate":"2023-08-27"},{"lineNumber":244,"author":{"gitId":"oeggy03"},"content":"                    System.out.println(output);","lastModifiedDate":"2023-08-27"},{"lineNumber":245,"author":{"gitId":"oeggy03"},"content":"","lastModifiedDate":"2023-08-27"},{"lineNumber":246,"author":{"gitId":"oeggy03"},"content":"                    tasks.deleteTask(index);","lastModifiedDate":"2023-09-01"},{"lineNumber":247,"author":{"gitId":"oeggy03"},"content":"                    taskCount -\u003d 1;","lastModifiedDate":"2023-08-27"},{"lineNumber":248,"author":{"gitId":"oeggy03"},"content":"","lastModifiedDate":"2023-08-27"},{"lineNumber":249,"author":{"gitId":"oeggy03"},"content":"                } catch (java.lang.NumberFormatException e) {","lastModifiedDate":"2023-08-27"},{"lineNumber":250,"author":{"gitId":"oeggy03"},"content":"                    String errorString \u003d \"____________________________________________________________\\n\" +","lastModifiedDate":"2023-08-27"},{"lineNumber":251,"author":{"gitId":"oeggy03"},"content":"                            \"Something went wrong! Please make sure you are deleting a valid task. \\n\\n\" +","lastModifiedDate":"2023-08-27"},{"lineNumber":252,"author":{"gitId":"oeggy03"},"content":"                            \"Error: \" + e + \"\\n\" +","lastModifiedDate":"2023-08-27"},{"lineNumber":253,"author":{"gitId":"oeggy03"},"content":"                            \"____________________________________________________________\\n\";","lastModifiedDate":"2023-08-27"},{"lineNumber":254,"author":{"gitId":"oeggy03"},"content":"","lastModifiedDate":"2023-08-27"},{"lineNumber":255,"author":{"gitId":"oeggy03"},"content":"                    System.out.println(errorString);","lastModifiedDate":"2023-08-27"},{"lineNumber":256,"author":{"gitId":"oeggy03"},"content":"                }","lastModifiedDate":"2023-08-27"},{"lineNumber":257,"author":{"gitId":"oeggy03"},"content":"","lastModifiedDate":"2023-08-27"},{"lineNumber":258,"author":{"gitId":"oeggy03"},"content":"            } else {","lastModifiedDate":"2023-08-27"},{"lineNumber":259,"author":{"gitId":"oeggy03"},"content":"                String output \u003d \"____________________________________________________________\\n\" +","lastModifiedDate":"2023-08-27"},{"lineNumber":260,"author":{"gitId":"oeggy03"},"content":"                        \"Not a valid command! \\n\" +","lastModifiedDate":"2023-08-27"},{"lineNumber":261,"author":{"gitId":"oeggy03"},"content":"                        \"____________________________________________________________\\n\";","lastModifiedDate":"2023-08-25"},{"lineNumber":262,"author":{"gitId":"oeggy03"},"content":"","lastModifiedDate":"2023-08-25"},{"lineNumber":263,"author":{"gitId":"oeggy03"},"content":"                System.out.println(output);","lastModifiedDate":"2023-08-25"},{"lineNumber":264,"author":{"gitId":"oeggy03"},"content":"            }","lastModifiedDate":"2023-08-25"},{"lineNumber":265,"author":{"gitId":"oeggy03"},"content":"        }","lastModifiedDate":"2023-08-26"},{"lineNumber":266,"author":{"gitId":"oeggy03"},"content":"","lastModifiedDate":"2023-08-25"},{"lineNumber":267,"author":{"gitId":"-"},"content":"    }","lastModifiedDate":"2019-07-29"},{"lineNumber":268,"author":{"gitId":"-"},"content":"}","lastModifiedDate":"2019-07-29"}],"authorContributionMap":{"-":4,"oeggy03":264}},{"path":"src/main/java/DukeCorruptedDataException.java","fileType":"java","lines":[{"lineNumber":1,"author":{"gitId":"oeggy03"},"content":"public class DukeCorruptedDataException extends Exception{","lastModifiedDate":"2023-09-01"},{"lineNumber":2,"author":{"gitId":"oeggy03"},"content":"","lastModifiedDate":"2023-09-01"},{"lineNumber":3,"author":{"gitId":"oeggy03"},"content":"    public DukeCorruptedDataException(String errorString) {","lastModifiedDate":"2023-09-01"},{"lineNumber":4,"author":{"gitId":"oeggy03"},"content":"        super(errorString);","lastModifiedDate":"2023-09-01"},{"lineNumber":5,"author":{"gitId":"oeggy03"},"content":"    }","lastModifiedDate":"2023-09-01"},{"lineNumber":6,"author":{"gitId":"oeggy03"},"content":"}","lastModifiedDate":"2023-09-01"}],"authorContributionMap":{"oeggy03":6}},{"path":"src/main/java/DukeInvalidFormatException.java","fileType":"java","lines":[{"lineNumber":1,"author":{"gitId":"oeggy03"},"content":"public class DukeInvalidFormatException extends Exception{","lastModifiedDate":"2023-08-27"},{"lineNumber":2,"author":{"gitId":"oeggy03"},"content":"    public DukeInvalidFormatException(String errorString) {","lastModifiedDate":"2023-08-27"},{"lineNumber":3,"author":{"gitId":"oeggy03"},"content":"        super(errorString);","lastModifiedDate":"2023-08-27"},{"lineNumber":4,"author":{"gitId":"oeggy03"},"content":"    }","lastModifiedDate":"2023-08-27"},{"lineNumber":5,"author":{"gitId":"oeggy03"},"content":"}","lastModifiedDate":"2023-08-27"}],"authorContributionMap":{"oeggy03":5}},{"path":"src/main/java/DukeInvalidIndexException.java","fileType":"java","lines":[{"lineNumber":1,"author":{"gitId":"oeggy03"},"content":"public class DukeInvalidIndexException extends Exception{","lastModifiedDate":"2023-08-27"},{"lineNumber":2,"author":{"gitId":"oeggy03"},"content":"    public DukeInvalidIndexException(String errorString) {","lastModifiedDate":"2023-08-27"},{"lineNumber":3,"author":{"gitId":"oeggy03"},"content":"        super(errorString);","lastModifiedDate":"2023-08-27"},{"lineNumber":4,"author":{"gitId":"oeggy03"},"content":"    }","lastModifiedDate":"2023-08-27"},{"lineNumber":5,"author":{"gitId":"oeggy03"},"content":"}","lastModifiedDate":"2023-08-27"}],"authorContributionMap":{"oeggy03":5}},{"path":"src/main/java/Event.java","fileType":"java","lines":[{"lineNumber":1,"author":{"gitId":"oeggy03"},"content":"public class Event extends Task {","lastModifiedDate":"2023-08-27"},{"lineNumber":2,"author":{"gitId":"oeggy03"},"content":"    String startTime;","lastModifiedDate":"2023-08-27"},{"lineNumber":3,"author":{"gitId":"oeggy03"},"content":"    String endTime;","lastModifiedDate":"2023-08-27"},{"lineNumber":4,"author":{"gitId":"oeggy03"},"content":"    public Event(String name, Boolean marked, String startTime, String endTime) {","lastModifiedDate":"2023-09-01"},{"lineNumber":5,"author":{"gitId":"oeggy03"},"content":"        super(name, marked);","lastModifiedDate":"2023-09-01"},{"lineNumber":6,"author":{"gitId":"oeggy03"},"content":"        this.startTime \u003d startTime;","lastModifiedDate":"2023-08-27"},{"lineNumber":7,"author":{"gitId":"oeggy03"},"content":"        this.endTime \u003d endTime;","lastModifiedDate":"2023-08-27"},{"lineNumber":8,"author":{"gitId":"oeggy03"},"content":"    }","lastModifiedDate":"2023-08-27"},{"lineNumber":9,"author":{"gitId":"oeggy03"},"content":"","lastModifiedDate":"2023-08-27"},{"lineNumber":10,"author":{"gitId":"oeggy03"},"content":"    @Override","lastModifiedDate":"2023-09-01"},{"lineNumber":11,"author":{"gitId":"oeggy03"},"content":"    public String getType() {","lastModifiedDate":"2023-09-01"},{"lineNumber":12,"author":{"gitId":"oeggy03"},"content":"        return \"Event\";","lastModifiedDate":"2023-09-01"},{"lineNumber":13,"author":{"gitId":"oeggy03"},"content":"    }","lastModifiedDate":"2023-09-01"},{"lineNumber":14,"author":{"gitId":"oeggy03"},"content":"","lastModifiedDate":"2023-09-01"},{"lineNumber":15,"author":{"gitId":"oeggy03"},"content":"    @Override","lastModifiedDate":"2023-09-01"},{"lineNumber":16,"author":{"gitId":"oeggy03"},"content":"    public String getTaskDetails() {","lastModifiedDate":"2023-09-01"},{"lineNumber":17,"author":{"gitId":"oeggy03"},"content":"        return \"Event,\" + this.name + \",\" + this.isMarked + \",\" + this.startTime + \",\" + this.endTime;","lastModifiedDate":"2023-09-01"},{"lineNumber":18,"author":{"gitId":"oeggy03"},"content":"    }","lastModifiedDate":"2023-09-01"},{"lineNumber":19,"author":{"gitId":"oeggy03"},"content":"","lastModifiedDate":"2023-09-01"},{"lineNumber":20,"author":{"gitId":"oeggy03"},"content":"    @Override","lastModifiedDate":"2023-08-27"},{"lineNumber":21,"author":{"gitId":"oeggy03"},"content":"    public String toString() {","lastModifiedDate":"2023-08-27"},{"lineNumber":22,"author":{"gitId":"oeggy03"},"content":"        if (this.isMarked) {","lastModifiedDate":"2023-09-01"},{"lineNumber":23,"author":{"gitId":"oeggy03"},"content":"            return \"[E][X] \" + this.name +","lastModifiedDate":"2023-08-27"},{"lineNumber":24,"author":{"gitId":"oeggy03"},"content":"                    \" (from: \" + this.startTime + \" to: \" + this.endTime + \")\";","lastModifiedDate":"2023-08-27"},{"lineNumber":25,"author":{"gitId":"oeggy03"},"content":"        }","lastModifiedDate":"2023-08-27"},{"lineNumber":26,"author":{"gitId":"oeggy03"},"content":"","lastModifiedDate":"2023-08-27"},{"lineNumber":27,"author":{"gitId":"oeggy03"},"content":"        return \"[E][ ] \" + this.name +","lastModifiedDate":"2023-08-27"},{"lineNumber":28,"author":{"gitId":"oeggy03"},"content":"                \" (from: \" + this.startTime + \" to: \" + this.endTime + \")\";","lastModifiedDate":"2023-08-27"},{"lineNumber":29,"author":{"gitId":"oeggy03"},"content":"    }","lastModifiedDate":"2023-08-27"},{"lineNumber":30,"author":{"gitId":"oeggy03"},"content":"}","lastModifiedDate":"2023-08-27"}],"authorContributionMap":{"oeggy03":30}},{"path":"src/main/java/Task.java","fileType":"java","lines":[{"lineNumber":1,"author":{"gitId":"oeggy03"},"content":"public class Task {","lastModifiedDate":"2023-08-27"},{"lineNumber":2,"author":{"gitId":"oeggy03"},"content":"    Boolean isMarked;","lastModifiedDate":"2023-09-01"},{"lineNumber":3,"author":{"gitId":"oeggy03"},"content":"    String name;","lastModifiedDate":"2023-08-27"},{"lineNumber":4,"author":{"gitId":"oeggy03"},"content":"","lastModifiedDate":"2023-08-27"},{"lineNumber":5,"author":{"gitId":"oeggy03"},"content":"    public Task(String name, Boolean marked) {","lastModifiedDate":"2023-09-01"},{"lineNumber":6,"author":{"gitId":"oeggy03"},"content":"        this.name \u003d name;","lastModifiedDate":"2023-08-27"},{"lineNumber":7,"author":{"gitId":"oeggy03"},"content":"        this.isMarked \u003d marked;","lastModifiedDate":"2023-09-01"},{"lineNumber":8,"author":{"gitId":"oeggy03"},"content":"    }","lastModifiedDate":"2023-08-27"},{"lineNumber":9,"author":{"gitId":"oeggy03"},"content":"    public Boolean isDone() {","lastModifiedDate":"2023-08-27"},{"lineNumber":10,"author":{"gitId":"oeggy03"},"content":"        return this.isMarked;","lastModifiedDate":"2023-09-01"},{"lineNumber":11,"author":{"gitId":"oeggy03"},"content":"    }","lastModifiedDate":"2023-08-27"},{"lineNumber":12,"author":{"gitId":"oeggy03"},"content":"","lastModifiedDate":"2023-08-27"},{"lineNumber":13,"author":{"gitId":"oeggy03"},"content":"    public void markAsDone() {","lastModifiedDate":"2023-08-27"},{"lineNumber":14,"author":{"gitId":"oeggy03"},"content":"        this.isMarked \u003d true;","lastModifiedDate":"2023-09-01"},{"lineNumber":15,"author":{"gitId":"oeggy03"},"content":"    }","lastModifiedDate":"2023-08-27"},{"lineNumber":16,"author":{"gitId":"oeggy03"},"content":"","lastModifiedDate":"2023-08-27"},{"lineNumber":17,"author":{"gitId":"oeggy03"},"content":"    public void markAsUndone() {","lastModifiedDate":"2023-08-27"},{"lineNumber":18,"author":{"gitId":"oeggy03"},"content":"        this.isMarked \u003d false;","lastModifiedDate":"2023-09-01"},{"lineNumber":19,"author":{"gitId":"oeggy03"},"content":"    }","lastModifiedDate":"2023-09-01"},{"lineNumber":20,"author":{"gitId":"oeggy03"},"content":"","lastModifiedDate":"2023-09-01"},{"lineNumber":21,"author":{"gitId":"oeggy03"},"content":"    public String getName() { return this.name; }","lastModifiedDate":"2023-09-01"},{"lineNumber":22,"author":{"gitId":"oeggy03"},"content":"","lastModifiedDate":"2023-09-01"},{"lineNumber":23,"author":{"gitId":"oeggy03"},"content":"    public String getType() { return \"Task\"; }","lastModifiedDate":"2023-09-01"},{"lineNumber":24,"author":{"gitId":"oeggy03"},"content":"","lastModifiedDate":"2023-09-01"},{"lineNumber":25,"author":{"gitId":"oeggy03"},"content":"    public Boolean getIsMarked() { return this.isMarked; }","lastModifiedDate":"2023-09-01"},{"lineNumber":26,"author":{"gitId":"oeggy03"},"content":"","lastModifiedDate":"2023-09-01"},{"lineNumber":27,"author":{"gitId":"oeggy03"},"content":"    public String getTaskDetails() {","lastModifiedDate":"2023-09-01"},{"lineNumber":28,"author":{"gitId":"oeggy03"},"content":"        return \"Task,\" + this.name + \",\" + this.isMarked;","lastModifiedDate":"2023-09-01"},{"lineNumber":29,"author":{"gitId":"oeggy03"},"content":"    }","lastModifiedDate":"2023-08-27"},{"lineNumber":30,"author":{"gitId":"oeggy03"},"content":"","lastModifiedDate":"2023-08-27"},{"lineNumber":31,"author":{"gitId":"oeggy03"},"content":"    public String toString() {","lastModifiedDate":"2023-08-27"},{"lineNumber":32,"author":{"gitId":"oeggy03"},"content":"        if (this.isMarked) {","lastModifiedDate":"2023-09-01"},{"lineNumber":33,"author":{"gitId":"oeggy03"},"content":"            return \"[X] \" + this.name;","lastModifiedDate":"2023-08-27"},{"lineNumber":34,"author":{"gitId":"oeggy03"},"content":"        }","lastModifiedDate":"2023-08-27"},{"lineNumber":35,"author":{"gitId":"oeggy03"},"content":"","lastModifiedDate":"2023-08-27"},{"lineNumber":36,"author":{"gitId":"oeggy03"},"content":"        return \"[ ] \" + this.name;","lastModifiedDate":"2023-08-27"},{"lineNumber":37,"author":{"gitId":"oeggy03"},"content":"    }","lastModifiedDate":"2023-08-27"},{"lineNumber":38,"author":{"gitId":"oeggy03"},"content":"}","lastModifiedDate":"2023-08-27"}],"authorContributionMap":{"oeggy03":38}},{"path":"src/main/java/TaskArray.java","fileType":"java","lines":[{"lineNumber":1,"author":{"gitId":"oeggy03"},"content":"import java.io.*;","lastModifiedDate":"2023-09-01"},{"lineNumber":2,"author":{"gitId":"oeggy03"},"content":"import java.util.ArrayList;","lastModifiedDate":"2023-09-01"},{"lineNumber":3,"author":{"gitId":"oeggy03"},"content":"import java.util.Objects;","lastModifiedDate":"2023-09-01"},{"lineNumber":4,"author":{"gitId":"oeggy03"},"content":"","lastModifiedDate":"2023-09-01"},{"lineNumber":5,"author":{"gitId":"oeggy03"},"content":"public class TaskArray extends ArrayList\u003cTask\u003e {","lastModifiedDate":"2023-09-01"},{"lineNumber":6,"author":{"gitId":"oeggy03"},"content":"    private String filePath;","lastModifiedDate":"2023-09-01"},{"lineNumber":7,"author":{"gitId":"oeggy03"},"content":"","lastModifiedDate":"2023-09-01"},{"lineNumber":8,"author":{"gitId":"oeggy03"},"content":"    public TaskArray(String filePath) {","lastModifiedDate":"2023-09-01"},{"lineNumber":9,"author":{"gitId":"oeggy03"},"content":"        this.filePath \u003d filePath;","lastModifiedDate":"2023-09-01"},{"lineNumber":10,"author":{"gitId":"oeggy03"},"content":"        // Load tasks from file in the constructor","lastModifiedDate":"2023-09-01"},{"lineNumber":11,"author":{"gitId":"oeggy03"},"content":"        loadTasksFromFile();","lastModifiedDate":"2023-09-01"},{"lineNumber":12,"author":{"gitId":"oeggy03"},"content":"    }","lastModifiedDate":"2023-09-01"},{"lineNumber":13,"author":{"gitId":"oeggy03"},"content":"","lastModifiedDate":"2023-09-01"},{"lineNumber":14,"author":{"gitId":"oeggy03"},"content":"    public void addTask(Task task) {","lastModifiedDate":"2023-09-01"},{"lineNumber":15,"author":{"gitId":"oeggy03"},"content":"        this.add(task);","lastModifiedDate":"2023-09-01"},{"lineNumber":16,"author":{"gitId":"oeggy03"},"content":"        // Save tasks to file whenever the list changes","lastModifiedDate":"2023-09-01"},{"lineNumber":17,"author":{"gitId":"oeggy03"},"content":"        saveTasksToFile();","lastModifiedDate":"2023-09-01"},{"lineNumber":18,"author":{"gitId":"oeggy03"},"content":"    }","lastModifiedDate":"2023-09-01"},{"lineNumber":19,"author":{"gitId":"oeggy03"},"content":"","lastModifiedDate":"2023-09-01"},{"lineNumber":20,"author":{"gitId":"oeggy03"},"content":"    public void deleteTask(int index) {","lastModifiedDate":"2023-09-01"},{"lineNumber":21,"author":{"gitId":"oeggy03"},"content":"        this.remove(index);","lastModifiedDate":"2023-09-01"},{"lineNumber":22,"author":{"gitId":"oeggy03"},"content":"        // Save tasks to file whenever the list changes","lastModifiedDate":"2023-09-01"},{"lineNumber":23,"author":{"gitId":"oeggy03"},"content":"        saveTasksToFile();","lastModifiedDate":"2023-09-01"},{"lineNumber":24,"author":{"gitId":"oeggy03"},"content":"    }","lastModifiedDate":"2023-09-01"},{"lineNumber":25,"author":{"gitId":"oeggy03"},"content":"","lastModifiedDate":"2023-09-01"},{"lineNumber":26,"author":{"gitId":"oeggy03"},"content":"    public void modifyTask(int index, Task modifiedTask) {","lastModifiedDate":"2023-09-01"},{"lineNumber":27,"author":{"gitId":"oeggy03"},"content":"        set(index, modifiedTask);","lastModifiedDate":"2023-09-01"},{"lineNumber":28,"author":{"gitId":"oeggy03"},"content":"        // Save tasks to file whenever the list changes","lastModifiedDate":"2023-09-01"},{"lineNumber":29,"author":{"gitId":"oeggy03"},"content":"        saveTasksToFile();","lastModifiedDate":"2023-09-01"},{"lineNumber":30,"author":{"gitId":"oeggy03"},"content":"    }","lastModifiedDate":"2023-09-01"},{"lineNumber":31,"author":{"gitId":"oeggy03"},"content":"","lastModifiedDate":"2023-09-01"},{"lineNumber":32,"author":{"gitId":"oeggy03"},"content":"    public void displayTasks() {","lastModifiedDate":"2023-09-01"},{"lineNumber":33,"author":{"gitId":"oeggy03"},"content":"        // Display the list of tasks","lastModifiedDate":"2023-09-01"},{"lineNumber":34,"author":{"gitId":"oeggy03"},"content":"        for (Task task : this) {","lastModifiedDate":"2023-09-01"},{"lineNumber":35,"author":{"gitId":"oeggy03"},"content":"            System.out.println(task);","lastModifiedDate":"2023-09-01"},{"lineNumber":36,"author":{"gitId":"oeggy03"},"content":"        }","lastModifiedDate":"2023-09-01"},{"lineNumber":37,"author":{"gitId":"oeggy03"},"content":"    }","lastModifiedDate":"2023-09-01"},{"lineNumber":38,"author":{"gitId":"oeggy03"},"content":"","lastModifiedDate":"2023-09-01"},{"lineNumber":39,"author":{"gitId":"oeggy03"},"content":"    private void loadTasksFromFile() {","lastModifiedDate":"2023-09-01"},{"lineNumber":40,"author":{"gitId":"oeggy03"},"content":"        try (BufferedReader reader \u003d new BufferedReader(new FileReader(this.filePath))) {","lastModifiedDate":"2023-09-01"},{"lineNumber":41,"author":{"gitId":"oeggy03"},"content":"            String line;","lastModifiedDate":"2023-09-01"},{"lineNumber":42,"author":{"gitId":"oeggy03"},"content":"            while ((line \u003d reader.readLine()) !\u003d null) {","lastModifiedDate":"2023-09-01"},{"lineNumber":43,"author":{"gitId":"oeggy03"},"content":"                // Create Task from each line and add them to the list","lastModifiedDate":"2023-09-01"},{"lineNumber":44,"author":{"gitId":"oeggy03"},"content":"                String[] parts \u003d line.split(\",\");","lastModifiedDate":"2023-09-01"},{"lineNumber":45,"author":{"gitId":"oeggy03"},"content":"                boolean isMarked \u003d Objects.equals(parts[2], \"true\");","lastModifiedDate":"2023-09-01"},{"lineNumber":46,"author":{"gitId":"oeggy03"},"content":"","lastModifiedDate":"2023-09-01"},{"lineNumber":47,"author":{"gitId":"oeggy03"},"content":"                if (Objects.equals(parts[0], \"Todo\")) {","lastModifiedDate":"2023-09-01"},{"lineNumber":48,"author":{"gitId":"oeggy03"},"content":"                    this.add(new ToDo(parts[1], isMarked));","lastModifiedDate":"2023-09-01"},{"lineNumber":49,"author":{"gitId":"oeggy03"},"content":"                } else if (Objects.equals(parts[0], \"Deadline\")) {","lastModifiedDate":"2023-09-01"},{"lineNumber":50,"author":{"gitId":"oeggy03"},"content":"                    this.add(new Deadline(parts[1], isMarked, parts[3]));","lastModifiedDate":"2023-09-01"},{"lineNumber":51,"author":{"gitId":"oeggy03"},"content":"                } else if (Objects.equals(parts[0], \"Event\")) {","lastModifiedDate":"2023-09-01"},{"lineNumber":52,"author":{"gitId":"oeggy03"},"content":"                    this.add(new Event(parts[1], isMarked, parts[3], parts[4]));","lastModifiedDate":"2023-09-01"},{"lineNumber":53,"author":{"gitId":"oeggy03"},"content":"                } else {","lastModifiedDate":"2023-09-01"},{"lineNumber":54,"author":{"gitId":"oeggy03"},"content":"                    throw new DukeCorruptedDataException(\"Error: task is invalid. Failed to load data from file.\");","lastModifiedDate":"2023-09-01"},{"lineNumber":55,"author":{"gitId":"oeggy03"},"content":"                }","lastModifiedDate":"2023-09-01"},{"lineNumber":56,"author":{"gitId":"oeggy03"},"content":"            }","lastModifiedDate":"2023-09-01"},{"lineNumber":57,"author":{"gitId":"oeggy03"},"content":"        } catch (IOException e) {","lastModifiedDate":"2023-09-01"},{"lineNumber":58,"author":{"gitId":"oeggy03"},"content":"            System.err.println(\"Error loading tasks from file: \" + e.getMessage());","lastModifiedDate":"2023-09-01"},{"lineNumber":59,"author":{"gitId":"oeggy03"},"content":"        } catch (DukeCorruptedDataException e) {","lastModifiedDate":"2023-09-01"},{"lineNumber":60,"author":{"gitId":"oeggy03"},"content":"            System.err.println(e);","lastModifiedDate":"2023-09-01"},{"lineNumber":61,"author":{"gitId":"oeggy03"},"content":"        }","lastModifiedDate":"2023-09-01"},{"lineNumber":62,"author":{"gitId":"oeggy03"},"content":"    }","lastModifiedDate":"2023-09-01"},{"lineNumber":63,"author":{"gitId":"oeggy03"},"content":"","lastModifiedDate":"2023-09-01"},{"lineNumber":64,"author":{"gitId":"oeggy03"},"content":"    private void saveTasksToFile() {","lastModifiedDate":"2023-09-01"},{"lineNumber":65,"author":{"gitId":"oeggy03"},"content":"        try (BufferedWriter writer \u003d new BufferedWriter(new FileWriter(this.filePath))) {","lastModifiedDate":"2023-09-01"},{"lineNumber":66,"author":{"gitId":"oeggy03"},"content":"            for (Task task : this) {","lastModifiedDate":"2023-09-01"},{"lineNumber":67,"author":{"gitId":"oeggy03"},"content":"                // Format and write each task to the file","lastModifiedDate":"2023-09-01"},{"lineNumber":68,"author":{"gitId":"oeggy03"},"content":"                writer.write(task.getTaskDetails());","lastModifiedDate":"2023-09-01"},{"lineNumber":69,"author":{"gitId":"oeggy03"},"content":"                writer.newLine();","lastModifiedDate":"2023-09-01"},{"lineNumber":70,"author":{"gitId":"oeggy03"},"content":"            }","lastModifiedDate":"2023-09-01"},{"lineNumber":71,"author":{"gitId":"oeggy03"},"content":"        } catch (IOException e) {","lastModifiedDate":"2023-09-01"},{"lineNumber":72,"author":{"gitId":"oeggy03"},"content":"            System.err.println(\"Error saving tasks to file: \" + e.getMessage());","lastModifiedDate":"2023-09-01"},{"lineNumber":73,"author":{"gitId":"oeggy03"},"content":"        }","lastModifiedDate":"2023-09-01"},{"lineNumber":74,"author":{"gitId":"oeggy03"},"content":"    }","lastModifiedDate":"2023-09-01"},{"lineNumber":75,"author":{"gitId":"oeggy03"},"content":"}","lastModifiedDate":"2023-09-01"}],"authorContributionMap":{"oeggy03":75}},{"path":"src/main/java/ToDo.java","fileType":"java","lines":[{"lineNumber":1,"author":{"gitId":"oeggy03"},"content":"public class ToDo extends Task {","lastModifiedDate":"2023-08-27"},{"lineNumber":2,"author":{"gitId":"oeggy03"},"content":"    public ToDo(String name, Boolean marked) {","lastModifiedDate":"2023-09-01"},{"lineNumber":3,"author":{"gitId":"oeggy03"},"content":"        super(name, marked);","lastModifiedDate":"2023-09-01"},{"lineNumber":4,"author":{"gitId":"oeggy03"},"content":"    }","lastModifiedDate":"2023-09-01"},{"lineNumber":5,"author":{"gitId":"oeggy03"},"content":"","lastModifiedDate":"2023-09-01"},{"lineNumber":6,"author":{"gitId":"oeggy03"},"content":"    @Override","lastModifiedDate":"2023-09-01"},{"lineNumber":7,"author":{"gitId":"oeggy03"},"content":"    public String getType() {","lastModifiedDate":"2023-09-01"},{"lineNumber":8,"author":{"gitId":"oeggy03"},"content":"        return \"Todo\";","lastModifiedDate":"2023-09-01"},{"lineNumber":9,"author":{"gitId":"oeggy03"},"content":"    }","lastModifiedDate":"2023-09-01"},{"lineNumber":10,"author":{"gitId":"oeggy03"},"content":"","lastModifiedDate":"2023-09-01"},{"lineNumber":11,"author":{"gitId":"oeggy03"},"content":"    @Override","lastModifiedDate":"2023-09-01"},{"lineNumber":12,"author":{"gitId":"oeggy03"},"content":"    public String getTaskDetails() {","lastModifiedDate":"2023-09-01"},{"lineNumber":13,"author":{"gitId":"oeggy03"},"content":"        return \"Todo,\" + this.name + \",\" + this.isMarked;","lastModifiedDate":"2023-09-01"},{"lineNumber":14,"author":{"gitId":"oeggy03"},"content":"    }","lastModifiedDate":"2023-08-27"},{"lineNumber":15,"author":{"gitId":"oeggy03"},"content":"","lastModifiedDate":"2023-08-27"},{"lineNumber":16,"author":{"gitId":"oeggy03"},"content":"    @Override","lastModifiedDate":"2023-08-27"},{"lineNumber":17,"author":{"gitId":"oeggy03"},"content":"    public String toString() {","lastModifiedDate":"2023-08-27"},{"lineNumber":18,"author":{"gitId":"oeggy03"},"content":"        if (this.isMarked) {","lastModifiedDate":"2023-09-01"},{"lineNumber":19,"author":{"gitId":"oeggy03"},"content":"            return \"[T][X] \" + this.name;","lastModifiedDate":"2023-08-27"},{"lineNumber":20,"author":{"gitId":"oeggy03"},"content":"        }","lastModifiedDate":"2023-08-27"},{"lineNumber":21,"author":{"gitId":"oeggy03"},"content":"","lastModifiedDate":"2023-08-27"},{"lineNumber":22,"author":{"gitId":"oeggy03"},"content":"        return \"[T][ ] \" + this.name;","lastModifiedDate":"2023-08-27"},{"lineNumber":23,"author":{"gitId":"oeggy03"},"content":"    }","lastModifiedDate":"2023-08-27"},{"lineNumber":24,"author":{"gitId":"oeggy03"},"content":"}","lastModifiedDate":"2023-08-27"}],"authorContributionMap":{"oeggy03":24}},{"path":"text-ui-test/input.txt","fileType":"txt","lines":[{"lineNumber":1,"author":{"gitId":"oeggy03"},"content":"todo hello","lastModifiedDate":"2023-08-27"},{"lineNumber":2,"author":{"gitId":"oeggy03"},"content":"event Graduation /    Monday 2pm  / Tuesday 3pm","lastModifiedDate":"2023-08-27"},{"lineNumber":3,"author":{"gitId":"oeggy03"},"content":"deadline Finish EGGBOT / tmr 3pm","lastModifiedDate":"2023-08-27"},{"lineNumber":4,"author":{"gitId":"oeggy03"},"content":"list","lastModifiedDate":"2023-08-27"},{"lineNumber":5,"author":{"gitId":"oeggy03"},"content":"mark 3","lastModifiedDate":"2023-08-27"},{"lineNumber":6,"author":{"gitId":"oeggy03"},"content":"unmark 3","lastModifiedDate":"2023-08-27"},{"lineNumber":7,"author":{"gitId":"oeggy03"},"content":"event Swim/6pm","lastModifiedDate":"2023-08-27"},{"lineNumber":8,"author":{"gitId":"oeggy03"},"content":"delete 2","lastModifiedDate":"2023-08-27"}],"authorContributionMap":{"oeggy03":8}},{"path":"text-ui-test/runtest.bat","fileType":"bat","lines":[{"lineNumber":1,"author":{"gitId":"-"},"content":"@ECHO OFF","lastModifiedDate":"2020-05-25"},{"lineNumber":2,"author":{"gitId":"-"},"content":"","lastModifiedDate":"2020-05-25"},{"lineNumber":3,"author":{"gitId":"-"},"content":"REM create bin directory if it doesn\u0027t exist","lastModifiedDate":"2020-05-25"},{"lineNumber":4,"author":{"gitId":"-"},"content":"if not exist ..\\bin mkdir ..\\bin","lastModifiedDate":"2020-05-25"},{"lineNumber":5,"author":{"gitId":"-"},"content":"","lastModifiedDate":"2020-05-25"},{"lineNumber":6,"author":{"gitId":"-"},"content":"REM delete output from previous run","lastModifiedDate":"2020-05-25"},{"lineNumber":7,"author":{"gitId":"oeggy03"},"content":"del ACTUAL.TXT","lastModifiedDate":"2023-08-27"},{"lineNumber":8,"author":{"gitId":"-"},"content":"","lastModifiedDate":"2020-05-25"},{"lineNumber":9,"author":{"gitId":"-"},"content":"REM compile the code into the bin folder","lastModifiedDate":"2020-05-25"},{"lineNumber":10,"author":{"gitId":"-"},"content":"javac  -cp ..\\src\\main\\java -Xlint:none -d ..\\bin ..\\src\\main\\java\\*.java","lastModifiedDate":"2020-08-25"},{"lineNumber":11,"author":{"gitId":"-"},"content":"IF ERRORLEVEL 1 (","lastModifiedDate":"2020-05-25"},{"lineNumber":12,"author":{"gitId":"-"},"content":"    echo ********** BUILD FAILURE **********","lastModifiedDate":"2020-05-25"},{"lineNumber":13,"author":{"gitId":"-"},"content":"    exit /b 1","lastModifiedDate":"2020-05-25"},{"lineNumber":14,"author":{"gitId":"-"},"content":")","lastModifiedDate":"2020-05-25"},{"lineNumber":15,"author":{"gitId":"-"},"content":"REM no error here, errorlevel \u003d\u003d 0","lastModifiedDate":"2020-05-25"},{"lineNumber":16,"author":{"gitId":"-"},"content":"","lastModifiedDate":"2020-05-25"},{"lineNumber":17,"author":{"gitId":"-"},"content":"REM run the program, feed commands from input.txt file and redirect the output to the ACTUAL.TXT","lastModifiedDate":"2020-05-25"},{"lineNumber":18,"author":{"gitId":"-"},"content":"java -classpath ..\\bin Duke \u003c input.txt \u003e ACTUAL.TXT","lastModifiedDate":"2020-05-25"},{"lineNumber":19,"author":{"gitId":"-"},"content":"","lastModifiedDate":"2020-05-25"},{"lineNumber":20,"author":{"gitId":"-"},"content":"REM compare the output to the expected output","lastModifiedDate":"2020-05-25"},{"lineNumber":21,"author":{"gitId":"-"},"content":"FC ACTUAL.TXT EXPECTED.TXT","lastModifiedDate":"2020-05-25"}],"authorContributionMap":{"-":20,"oeggy03":1}}]
