[{"path":"build.gradle","fileType":"gradle","lines":[{"lineNumber":1,"author":{"gitId":"-"},"content":"plugins {","lastModifiedDate":"2020-05-25"},{"lineNumber":2,"author":{"gitId":"-"},"content":"    id \u0027java\u0027","lastModifiedDate":"2020-05-25"},{"lineNumber":3,"author":{"gitId":"-"},"content":"    id \u0027application\u0027","lastModifiedDate":"2020-05-25"},{"lineNumber":4,"author":{"gitId":"-"},"content":"    id \u0027com.github.johnrengelman.shadow\u0027 version \u00277.1.2\u0027","lastModifiedDate":"2023-08-05"},{"lineNumber":5,"author":{"gitId":"-"},"content":"}","lastModifiedDate":"2020-05-25"},{"lineNumber":6,"author":{"gitId":"-"},"content":"","lastModifiedDate":"2020-05-25"},{"lineNumber":7,"author":{"gitId":"-"},"content":"repositories {","lastModifiedDate":"2020-05-25"},{"lineNumber":8,"author":{"gitId":"-"},"content":"    mavenCentral()","lastModifiedDate":"2020-05-25"},{"lineNumber":9,"author":{"gitId":"-"},"content":"}","lastModifiedDate":"2020-05-25"},{"lineNumber":10,"author":{"gitId":"-"},"content":"","lastModifiedDate":"2020-05-25"},{"lineNumber":11,"author":{"gitId":"-"},"content":"dependencies {","lastModifiedDate":"2020-05-25"},{"lineNumber":12,"author":{"gitId":"-"},"content":"    testImplementation group: \u0027org.junit.jupiter\u0027, name: \u0027junit-jupiter-api\u0027, version: \u00275.10.0\u0027","lastModifiedDate":"2023-08-05"},{"lineNumber":13,"author":{"gitId":"-"},"content":"    testRuntimeOnly group: \u0027org.junit.jupiter\u0027, name: \u0027junit-jupiter-engine\u0027, version: \u00275.10.0\u0027","lastModifiedDate":"2023-08-05"},{"lineNumber":14,"author":{"gitId":"-"},"content":"}","lastModifiedDate":"2020-05-25"},{"lineNumber":15,"author":{"gitId":"-"},"content":"","lastModifiedDate":"2020-05-25"},{"lineNumber":16,"author":{"gitId":"-"},"content":"test {","lastModifiedDate":"2020-05-25"},{"lineNumber":17,"author":{"gitId":"-"},"content":"    useJUnitPlatform()","lastModifiedDate":"2020-05-25"},{"lineNumber":18,"author":{"gitId":"-"},"content":"","lastModifiedDate":"2020-05-25"},{"lineNumber":19,"author":{"gitId":"-"},"content":"    testLogging {","lastModifiedDate":"2020-05-25"},{"lineNumber":20,"author":{"gitId":"-"},"content":"        events \"passed\", \"skipped\", \"failed\"","lastModifiedDate":"2020-05-25"},{"lineNumber":21,"author":{"gitId":"-"},"content":"","lastModifiedDate":"2020-05-25"},{"lineNumber":22,"author":{"gitId":"-"},"content":"        showExceptions true","lastModifiedDate":"2020-05-25"},{"lineNumber":23,"author":{"gitId":"-"},"content":"        exceptionFormat \"full\"","lastModifiedDate":"2020-05-25"},{"lineNumber":24,"author":{"gitId":"-"},"content":"        showCauses true","lastModifiedDate":"2020-05-25"},{"lineNumber":25,"author":{"gitId":"-"},"content":"        showStackTraces true","lastModifiedDate":"2020-05-25"},{"lineNumber":26,"author":{"gitId":"-"},"content":"        showStandardStreams \u003d false","lastModifiedDate":"2020-05-25"},{"lineNumber":27,"author":{"gitId":"-"},"content":"    }","lastModifiedDate":"2020-05-25"},{"lineNumber":28,"author":{"gitId":"-"},"content":"}","lastModifiedDate":"2020-05-25"},{"lineNumber":29,"author":{"gitId":"-"},"content":"","lastModifiedDate":"2020-05-25"},{"lineNumber":30,"author":{"gitId":"-"},"content":"application {","lastModifiedDate":"2020-05-25"},{"lineNumber":31,"author":{"gitId":"peiran18"},"content":"    mainClass.set(\"potato.Potato\")","lastModifiedDate":"2023-09-08"},{"lineNumber":32,"author":{"gitId":"-"},"content":"}","lastModifiedDate":"2020-05-25"},{"lineNumber":33,"author":{"gitId":"-"},"content":"","lastModifiedDate":"2020-05-25"},{"lineNumber":34,"author":{"gitId":"-"},"content":"shadowJar {","lastModifiedDate":"2020-05-25"},{"lineNumber":35,"author":{"gitId":"-"},"content":"    archiveBaseName \u003d \"duke\"","lastModifiedDate":"2020-05-25"},{"lineNumber":36,"author":{"gitId":"-"},"content":"    archiveClassifier \u003d null","lastModifiedDate":"2020-05-25"},{"lineNumber":37,"author":{"gitId":"-"},"content":"    dependsOn(\"distZip\", \"distTar\")","lastModifiedDate":"2023-08-05"},{"lineNumber":38,"author":{"gitId":"-"},"content":"}","lastModifiedDate":"2020-05-25"},{"lineNumber":39,"author":{"gitId":"-"},"content":"","lastModifiedDate":"2020-05-25"},{"lineNumber":40,"author":{"gitId":"-"},"content":"run{","lastModifiedDate":"2020-05-25"},{"lineNumber":41,"author":{"gitId":"-"},"content":"    standardInput \u003d System.in","lastModifiedDate":"2020-05-25"},{"lineNumber":42,"author":{"gitId":"-"},"content":"}","lastModifiedDate":"2020-05-25"}],"authorContributionMap":{"peiran18":1,"-":41}},{"path":"src/main/java/potato/DateTime.java","fileType":"java","lines":[{"lineNumber":1,"author":{"gitId":"peiran18"},"content":"package potato;","lastModifiedDate":"2023-09-07"},{"lineNumber":2,"author":{"gitId":"peiran18"},"content":"","lastModifiedDate":"2023-09-07"},{"lineNumber":3,"author":{"gitId":"peiran18"},"content":"import java.time.LocalDate;","lastModifiedDate":"2023-09-04"},{"lineNumber":4,"author":{"gitId":"peiran18"},"content":"import java.time.format.DateTimeFormatter;","lastModifiedDate":"2023-09-04"},{"lineNumber":5,"author":{"gitId":"peiran18"},"content":"public class DateTime {","lastModifiedDate":"2023-09-04"},{"lineNumber":6,"author":{"gitId":"peiran18"},"content":"    private LocalDate date;","lastModifiedDate":"2023-09-04"},{"lineNumber":7,"author":{"gitId":"peiran18"},"content":"    private String savedDate;","lastModifiedDate":"2023-09-06"},{"lineNumber":8,"author":{"gitId":"peiran18"},"content":"","lastModifiedDate":"2023-09-04"},{"lineNumber":9,"author":{"gitId":"peiran18"},"content":"    public DateTime(String date) {","lastModifiedDate":"2023-09-04"},{"lineNumber":10,"author":{"gitId":"peiran18"},"content":"        this.savedDate \u003d date;","lastModifiedDate":"2023-09-06"},{"lineNumber":11,"author":{"gitId":"peiran18"},"content":"        this.date \u003d LocalDate.parse(date);","lastModifiedDate":"2023-09-04"},{"lineNumber":12,"author":{"gitId":"peiran18"},"content":"    }","lastModifiedDate":"2023-09-04"},{"lineNumber":13,"author":{"gitId":"peiran18"},"content":"","lastModifiedDate":"2023-09-04"},{"lineNumber":14,"author":{"gitId":"peiran18"},"content":"    public String getDate() {","lastModifiedDate":"2023-09-04"},{"lineNumber":15,"author":{"gitId":"peiran18"},"content":"        return date.format(DateTimeFormatter.ofPattern(\"MMM d yyyy\"));","lastModifiedDate":"2023-09-04"},{"lineNumber":16,"author":{"gitId":"peiran18"},"content":"    }","lastModifiedDate":"2023-09-04"},{"lineNumber":17,"author":{"gitId":"peiran18"},"content":"","lastModifiedDate":"2023-09-06"},{"lineNumber":18,"author":{"gitId":"peiran18"},"content":"    public String getSavedDate() {","lastModifiedDate":"2023-09-06"},{"lineNumber":19,"author":{"gitId":"peiran18"},"content":"        return savedDate;","lastModifiedDate":"2023-09-06"},{"lineNumber":20,"author":{"gitId":"peiran18"},"content":"    }","lastModifiedDate":"2023-09-06"},{"lineNumber":21,"author":{"gitId":"peiran18"},"content":"}","lastModifiedDate":"2023-09-04"}],"authorContributionMap":{"peiran18":21}},{"path":"src/main/java/potato/Parser.java","fileType":"java","lines":[{"lineNumber":1,"author":{"gitId":"peiran18"},"content":"package potato;","lastModifiedDate":"2023-09-07"},{"lineNumber":2,"author":{"gitId":"peiran18"},"content":"","lastModifiedDate":"2023-09-07"},{"lineNumber":3,"author":{"gitId":"peiran18"},"content":"import potato.command.*;","lastModifiedDate":"2023-09-07"},{"lineNumber":4,"author":{"gitId":"peiran18"},"content":"public class Parser {","lastModifiedDate":"2023-09-06"},{"lineNumber":5,"author":{"gitId":"peiran18"},"content":"    public static Command parse(String input) {","lastModifiedDate":"2023-09-06"},{"lineNumber":6,"author":{"gitId":"peiran18"},"content":"        if (input.equals(\"bye\")) {","lastModifiedDate":"2023-09-06"},{"lineNumber":7,"author":{"gitId":"peiran18"},"content":"            return new ExitCommand(input);","lastModifiedDate":"2023-09-06"},{"lineNumber":8,"author":{"gitId":"peiran18"},"content":"","lastModifiedDate":"2023-09-06"},{"lineNumber":9,"author":{"gitId":"peiran18"},"content":"        } else if (input.startsWith(\"mark \")) {","lastModifiedDate":"2023-09-06"},{"lineNumber":10,"author":{"gitId":"peiran18"},"content":"            return new MarkCommand(input);","lastModifiedDate":"2023-09-06"},{"lineNumber":11,"author":{"gitId":"peiran18"},"content":"","lastModifiedDate":"2023-09-06"},{"lineNumber":12,"author":{"gitId":"peiran18"},"content":"        } else if (input.startsWith(\"unmark \")) {","lastModifiedDate":"2023-09-06"},{"lineNumber":13,"author":{"gitId":"peiran18"},"content":"            return new UnmarkCommand(input);","lastModifiedDate":"2023-09-06"},{"lineNumber":14,"author":{"gitId":"peiran18"},"content":"","lastModifiedDate":"2023-09-06"},{"lineNumber":15,"author":{"gitId":"peiran18"},"content":"        } else if (input.startsWith(\"delete \")) {","lastModifiedDate":"2023-09-06"},{"lineNumber":16,"author":{"gitId":"peiran18"},"content":"            return new DeleteCommand(input);","lastModifiedDate":"2023-09-06"},{"lineNumber":17,"author":{"gitId":"peiran18"},"content":"","lastModifiedDate":"2023-09-06"},{"lineNumber":18,"author":{"gitId":"peiran18"},"content":"        } else if (input.equals(\"list\")) {","lastModifiedDate":"2023-09-06"},{"lineNumber":19,"author":{"gitId":"peiran18"},"content":"            return new ListCommand();","lastModifiedDate":"2023-09-06"},{"lineNumber":20,"author":{"gitId":"peiran18"},"content":"","lastModifiedDate":"2023-09-06"},{"lineNumber":21,"author":{"gitId":"peiran18"},"content":"        } else {","lastModifiedDate":"2023-09-06"},{"lineNumber":22,"author":{"gitId":"peiran18"},"content":"            return new AddCommand(input);","lastModifiedDate":"2023-09-06"},{"lineNumber":23,"author":{"gitId":"peiran18"},"content":"        }","lastModifiedDate":"2023-09-06"},{"lineNumber":24,"author":{"gitId":"peiran18"},"content":"    }","lastModifiedDate":"2023-09-06"},{"lineNumber":25,"author":{"gitId":"peiran18"},"content":"}","lastModifiedDate":"2023-09-06"}],"authorContributionMap":{"peiran18":25}},{"path":"src/main/java/potato/Potato.java","fileType":"java","lines":[{"lineNumber":1,"author":{"gitId":"peiran18"},"content":"package potato;","lastModifiedDate":"2023-09-07"},{"lineNumber":2,"author":{"gitId":"peiran18"},"content":"","lastModifiedDate":"2023-09-07"},{"lineNumber":3,"author":{"gitId":"peiran18"},"content":"import potato.command.*;","lastModifiedDate":"2023-09-07"},{"lineNumber":4,"author":{"gitId":"peiran18"},"content":"import java.io.IOException;","lastModifiedDate":"2023-09-04"},{"lineNumber":5,"author":{"gitId":"peiran18"},"content":"","lastModifiedDate":"2023-08-24"},{"lineNumber":6,"author":{"gitId":"peiran18"},"content":"public class Potato {","lastModifiedDate":"2023-08-23"},{"lineNumber":7,"author":{"gitId":"peiran18"},"content":"    private static String LINE \u003d \"-----------------------------------------\\n\";","lastModifiedDate":"2023-09-04"},{"lineNumber":8,"author":{"gitId":"peiran18"},"content":"    private Storage storage;","lastModifiedDate":"2023-09-06"},{"lineNumber":9,"author":{"gitId":"peiran18"},"content":"    private TaskList tasks;","lastModifiedDate":"2023-09-06"},{"lineNumber":10,"author":{"gitId":"peiran18"},"content":"    private Ui ui;","lastModifiedDate":"2023-09-06"},{"lineNumber":11,"author":{"gitId":"peiran18"},"content":"","lastModifiedDate":"2023-09-04"},{"lineNumber":12,"author":{"gitId":"peiran18"},"content":"    public Potato(String txt) {","lastModifiedDate":"2023-09-06"},{"lineNumber":13,"author":{"gitId":"peiran18"},"content":"        storage \u003d new Storage(txt);","lastModifiedDate":"2023-09-06"},{"lineNumber":14,"author":{"gitId":"peiran18"},"content":"        ui \u003d new Ui();","lastModifiedDate":"2023-09-06"},{"lineNumber":15,"author":{"gitId":"peiran18"},"content":"        try {","lastModifiedDate":"2023-09-04"},{"lineNumber":16,"author":{"gitId":"peiran18"},"content":"            tasks \u003d new TaskList(storage.loadTask());","lastModifiedDate":"2023-09-06"},{"lineNumber":17,"author":{"gitId":"peiran18"},"content":"            System.out.println(\"here\u0027s the saved list\");","lastModifiedDate":"2023-09-04"},{"lineNumber":18,"author":{"gitId":"peiran18"},"content":"        } catch (IOException e) {","lastModifiedDate":"2023-09-04"},{"lineNumber":19,"author":{"gitId":"peiran18"},"content":"            System.out.println(\"No saved list\");","lastModifiedDate":"2023-09-04"},{"lineNumber":20,"author":{"gitId":"peiran18"},"content":"            ui.showLoadingError();","lastModifiedDate":"2023-09-06"},{"lineNumber":21,"author":{"gitId":"peiran18"},"content":"            tasks \u003d new TaskList();","lastModifiedDate":"2023-09-06"},{"lineNumber":22,"author":{"gitId":"peiran18"},"content":"        }","lastModifiedDate":"2023-09-04"},{"lineNumber":23,"author":{"gitId":"peiran18"},"content":"    }","lastModifiedDate":"2023-09-04"},{"lineNumber":24,"author":{"gitId":"peiran18"},"content":"","lastModifiedDate":"2023-08-24"},{"lineNumber":25,"author":{"gitId":"peiran18"},"content":"    public void run() {","lastModifiedDate":"2023-09-06"},{"lineNumber":26,"author":{"gitId":"peiran18"},"content":"        ui.showWelcome();","lastModifiedDate":"2023-09-06"},{"lineNumber":27,"author":{"gitId":"peiran18"},"content":"        boolean isExit \u003d false;","lastModifiedDate":"2023-09-06"},{"lineNumber":28,"author":{"gitId":"peiran18"},"content":"        ui.showLine();","lastModifiedDate":"2023-09-07"},{"lineNumber":29,"author":{"gitId":"peiran18"},"content":"        while (!isExit) {","lastModifiedDate":"2023-09-06"},{"lineNumber":30,"author":{"gitId":"peiran18"},"content":"            try {","lastModifiedDate":"2023-09-06"},{"lineNumber":31,"author":{"gitId":"peiran18"},"content":"                String fullCommand \u003d ui.readCommand();","lastModifiedDate":"2023-09-06"},{"lineNumber":32,"author":{"gitId":"peiran18"},"content":"                ui.showLine();","lastModifiedDate":"2023-09-06"},{"lineNumber":33,"author":{"gitId":"peiran18"},"content":"                Command c \u003d Parser.parse(fullCommand);","lastModifiedDate":"2023-09-06"},{"lineNumber":34,"author":{"gitId":"peiran18"},"content":"                c.execute(tasks, ui, storage);","lastModifiedDate":"2023-09-06"},{"lineNumber":35,"author":{"gitId":"peiran18"},"content":"                isExit \u003d c.isExit();","lastModifiedDate":"2023-09-06"},{"lineNumber":36,"author":{"gitId":"peiran18"},"content":"            } catch (IOException e) {","lastModifiedDate":"2023-09-06"},{"lineNumber":37,"author":{"gitId":"peiran18"},"content":"                throw new RuntimeException(e);","lastModifiedDate":"2023-09-06"},{"lineNumber":38,"author":{"gitId":"peiran18"},"content":"            } finally {","lastModifiedDate":"2023-09-06"},{"lineNumber":39,"author":{"gitId":"peiran18"},"content":"                ui.showLine();","lastModifiedDate":"2023-09-06"},{"lineNumber":40,"author":{"gitId":"peiran18"},"content":"            }","lastModifiedDate":"2023-09-04"},{"lineNumber":41,"author":{"gitId":"peiran18"},"content":"        }","lastModifiedDate":"2023-09-04"},{"lineNumber":42,"author":{"gitId":"peiran18"},"content":"    }","lastModifiedDate":"2023-09-04"},{"lineNumber":43,"author":{"gitId":"peiran18"},"content":"","lastModifiedDate":"2023-09-04"},{"lineNumber":44,"author":{"gitId":"peiran18"},"content":"    public static void main(String[] args) {","lastModifiedDate":"2023-09-06"},{"lineNumber":45,"author":{"gitId":"peiran18"},"content":"        new Potato(\"./Potato.txt\").run();","lastModifiedDate":"2023-09-06"},{"lineNumber":46,"author":{"gitId":"peiran18"},"content":"    }","lastModifiedDate":"2023-08-23"},{"lineNumber":47,"author":{"gitId":"peiran18"},"content":"}","lastModifiedDate":"2023-08-23"}],"authorContributionMap":{"peiran18":47}},{"path":"src/main/java/potato/PotatoException.java","fileType":"java","lines":[{"lineNumber":1,"author":{"gitId":"peiran18"},"content":"package potato;","lastModifiedDate":"2023-09-07"},{"lineNumber":2,"author":{"gitId":"peiran18"},"content":"","lastModifiedDate":"2023-09-07"},{"lineNumber":3,"author":{"gitId":"peiran18"},"content":"public class PotatoException extends Throwable {","lastModifiedDate":"2023-08-24"},{"lineNumber":4,"author":{"gitId":"peiran18"},"content":"    protected String message;","lastModifiedDate":"2023-08-24"},{"lineNumber":5,"author":{"gitId":"peiran18"},"content":"    public PotatoException(String message) {","lastModifiedDate":"2023-08-24"},{"lineNumber":6,"author":{"gitId":"peiran18"},"content":"        System.out.println(message);","lastModifiedDate":"2023-08-24"},{"lineNumber":7,"author":{"gitId":"peiran18"},"content":"    }","lastModifiedDate":"2023-08-24"},{"lineNumber":8,"author":{"gitId":"peiran18"},"content":"}","lastModifiedDate":"2023-08-24"}],"authorContributionMap":{"peiran18":8}},{"path":"src/main/java/potato/Storage.java","fileType":"java","lines":[{"lineNumber":1,"author":{"gitId":"peiran18"},"content":"package potato;","lastModifiedDate":"2023-09-07"},{"lineNumber":2,"author":{"gitId":"peiran18"},"content":"","lastModifiedDate":"2023-09-07"},{"lineNumber":3,"author":{"gitId":"peiran18"},"content":"import potato.task.*;","lastModifiedDate":"2023-09-07"},{"lineNumber":4,"author":{"gitId":"peiran18"},"content":"import java.io.File;","lastModifiedDate":"2023-09-04"},{"lineNumber":5,"author":{"gitId":"peiran18"},"content":"import java.io.FileWriter;","lastModifiedDate":"2023-09-04"},{"lineNumber":6,"author":{"gitId":"peiran18"},"content":"import java.io.IOException;","lastModifiedDate":"2023-09-04"},{"lineNumber":7,"author":{"gitId":"peiran18"},"content":"import java.util.ArrayList;","lastModifiedDate":"2023-09-04"},{"lineNumber":8,"author":{"gitId":"peiran18"},"content":"import java.util.Scanner;","lastModifiedDate":"2023-09-04"},{"lineNumber":9,"author":{"gitId":"peiran18"},"content":"","lastModifiedDate":"2023-09-04"},{"lineNumber":10,"author":{"gitId":"peiran18"},"content":"public class Storage {","lastModifiedDate":"2023-09-04"},{"lineNumber":11,"author":{"gitId":"peiran18"},"content":"    private String path;","lastModifiedDate":"2023-09-04"},{"lineNumber":12,"author":{"gitId":"peiran18"},"content":"","lastModifiedDate":"2023-09-04"},{"lineNumber":13,"author":{"gitId":"peiran18"},"content":"    public Storage(String txt) {","lastModifiedDate":"2023-09-04"},{"lineNumber":14,"author":{"gitId":"peiran18"},"content":"        path \u003d txt;","lastModifiedDate":"2023-09-04"},{"lineNumber":15,"author":{"gitId":"peiran18"},"content":"    }","lastModifiedDate":"2023-09-04"},{"lineNumber":16,"author":{"gitId":"peiran18"},"content":"","lastModifiedDate":"2023-09-04"},{"lineNumber":17,"author":{"gitId":"peiran18"},"content":"    public void saveTask(ArrayList\u003cTask\u003e tasks) throws IOException {","lastModifiedDate":"2023-09-04"},{"lineNumber":18,"author":{"gitId":"peiran18"},"content":"        FileWriter writer \u003d new FileWriter(path);","lastModifiedDate":"2023-09-04"},{"lineNumber":19,"author":{"gitId":"peiran18"},"content":"        for (Task t : tasks) {","lastModifiedDate":"2023-09-04"},{"lineNumber":20,"author":{"gitId":"peiran18"},"content":"            writer.write(t.toSave() + \"\\n\");","lastModifiedDate":"2023-09-06"},{"lineNumber":21,"author":{"gitId":"peiran18"},"content":"        }","lastModifiedDate":"2023-09-04"},{"lineNumber":22,"author":{"gitId":"peiran18"},"content":"        writer.close();","lastModifiedDate":"2023-09-04"},{"lineNumber":23,"author":{"gitId":"peiran18"},"content":"    }","lastModifiedDate":"2023-09-04"},{"lineNumber":24,"author":{"gitId":"peiran18"},"content":"","lastModifiedDate":"2023-09-04"},{"lineNumber":25,"author":{"gitId":"peiran18"},"content":"    public ArrayList\u003cTask\u003e loadTask() throws IOException {","lastModifiedDate":"2023-09-04"},{"lineNumber":26,"author":{"gitId":"peiran18"},"content":"        ArrayList\u003cTask\u003e tasks \u003d new ArrayList\u003c\u003e();","lastModifiedDate":"2023-09-04"},{"lineNumber":27,"author":{"gitId":"peiran18"},"content":"        File file \u003d new File(path);","lastModifiedDate":"2023-09-04"},{"lineNumber":28,"author":{"gitId":"peiran18"},"content":"","lastModifiedDate":"2023-09-04"},{"lineNumber":29,"author":{"gitId":"peiran18"},"content":"        if (file.exists()) {","lastModifiedDate":"2023-09-04"},{"lineNumber":30,"author":{"gitId":"peiran18"},"content":"            try {","lastModifiedDate":"2023-09-04"},{"lineNumber":31,"author":{"gitId":"peiran18"},"content":"                Scanner scanner \u003d new Scanner(file);","lastModifiedDate":"2023-09-04"},{"lineNumber":32,"author":{"gitId":"peiran18"},"content":"                while (scanner.hasNextLine()) {","lastModifiedDate":"2023-09-04"},{"lineNumber":33,"author":{"gitId":"peiran18"},"content":"                    tasks.add(Task.savedParse(scanner.nextLine()));","lastModifiedDate":"2023-09-04"},{"lineNumber":34,"author":{"gitId":"peiran18"},"content":"                }","lastModifiedDate":"2023-09-04"},{"lineNumber":35,"author":{"gitId":"peiran18"},"content":"                scanner.close();","lastModifiedDate":"2023-09-04"},{"lineNumber":36,"author":{"gitId":"peiran18"},"content":"            } catch (IOException e) {","lastModifiedDate":"2023-09-04"},{"lineNumber":37,"author":{"gitId":"peiran18"},"content":"                // e.printStackTrace();","lastModifiedDate":"2023-09-04"},{"lineNumber":38,"author":{"gitId":"peiran18"},"content":"                System.out.println(\"no file\");","lastModifiedDate":"2023-09-04"},{"lineNumber":39,"author":{"gitId":"peiran18"},"content":"            }","lastModifiedDate":"2023-09-04"},{"lineNumber":40,"author":{"gitId":"peiran18"},"content":"        }","lastModifiedDate":"2023-09-04"},{"lineNumber":41,"author":{"gitId":"peiran18"},"content":"        return tasks;","lastModifiedDate":"2023-09-04"},{"lineNumber":42,"author":{"gitId":"peiran18"},"content":"    }","lastModifiedDate":"2023-09-04"},{"lineNumber":43,"author":{"gitId":"peiran18"},"content":"}","lastModifiedDate":"2023-09-04"}],"authorContributionMap":{"peiran18":43}},{"path":"src/main/java/potato/TaskList.java","fileType":"java","lines":[{"lineNumber":1,"author":{"gitId":"peiran18"},"content":"package potato;","lastModifiedDate":"2023-09-07"},{"lineNumber":2,"author":{"gitId":"peiran18"},"content":"","lastModifiedDate":"2023-09-07"},{"lineNumber":3,"author":{"gitId":"peiran18"},"content":"import potato.task.*;","lastModifiedDate":"2023-09-07"},{"lineNumber":4,"author":{"gitId":"peiran18"},"content":"import java.io.IOException;","lastModifiedDate":"2023-09-06"},{"lineNumber":5,"author":{"gitId":"peiran18"},"content":"import java.util.ArrayList;","lastModifiedDate":"2023-09-06"},{"lineNumber":6,"author":{"gitId":"peiran18"},"content":"","lastModifiedDate":"2023-09-06"},{"lineNumber":7,"author":{"gitId":"peiran18"},"content":"public class TaskList {","lastModifiedDate":"2023-09-06"},{"lineNumber":8,"author":{"gitId":"peiran18"},"content":"    private static String LINE \u003d \"-----------------------------------------\\n\";","lastModifiedDate":"2023-09-06"},{"lineNumber":9,"author":{"gitId":"peiran18"},"content":"    private static ArrayList\u003cTask\u003e tasks;","lastModifiedDate":"2023-09-06"},{"lineNumber":10,"author":{"gitId":"peiran18"},"content":"    public TaskList() {","lastModifiedDate":"2023-09-06"},{"lineNumber":11,"author":{"gitId":"peiran18"},"content":"        tasks \u003d new ArrayList\u003c\u003e();","lastModifiedDate":"2023-09-06"},{"lineNumber":12,"author":{"gitId":"peiran18"},"content":"    }","lastModifiedDate":"2023-09-06"},{"lineNumber":13,"author":{"gitId":"peiran18"},"content":"","lastModifiedDate":"2023-09-06"},{"lineNumber":14,"author":{"gitId":"peiran18"},"content":"    public TaskList(ArrayList\u003cTask\u003e tasks) {","lastModifiedDate":"2023-09-06"},{"lineNumber":15,"author":{"gitId":"peiran18"},"content":"        this.tasks \u003d tasks;","lastModifiedDate":"2023-09-06"},{"lineNumber":16,"author":{"gitId":"peiran18"},"content":"    }","lastModifiedDate":"2023-09-06"},{"lineNumber":17,"author":{"gitId":"peiran18"},"content":"","lastModifiedDate":"2023-09-06"},{"lineNumber":18,"author":{"gitId":"peiran18"},"content":"    public void mark(String input, Storage storage) throws IOException {","lastModifiedDate":"2023-09-06"},{"lineNumber":19,"author":{"gitId":"peiran18"},"content":"        int index \u003d Integer.parseInt(input.substring(5)) - 1;","lastModifiedDate":"2023-09-06"},{"lineNumber":20,"author":{"gitId":"peiran18"},"content":"        tasks.get(index).setStatus(true);","lastModifiedDate":"2023-09-06"},{"lineNumber":21,"author":{"gitId":"peiran18"},"content":"        System.out.println(\"Slayyy such efficiency we love it!\\n\"","lastModifiedDate":"2023-09-06"},{"lineNumber":22,"author":{"gitId":"peiran18"},"content":"                + \"Let\u0027s take this off the list!\\n\"","lastModifiedDate":"2023-09-06"},{"lineNumber":23,"author":{"gitId":"peiran18"},"content":"                + tasks.get(index).toString());","lastModifiedDate":"2023-09-06"},{"lineNumber":24,"author":{"gitId":"peiran18"},"content":"        storage.saveTask(tasks);","lastModifiedDate":"2023-09-06"},{"lineNumber":25,"author":{"gitId":"peiran18"},"content":"    }","lastModifiedDate":"2023-09-06"},{"lineNumber":26,"author":{"gitId":"peiran18"},"content":"","lastModifiedDate":"2023-09-06"},{"lineNumber":27,"author":{"gitId":"peiran18"},"content":"    public void unmark(String input, Storage storage) throws IOException {","lastModifiedDate":"2023-09-06"},{"lineNumber":28,"author":{"gitId":"peiran18"},"content":"        int index \u003d Integer.parseInt(input.substring(7)) - 1;","lastModifiedDate":"2023-09-06"},{"lineNumber":29,"author":{"gitId":"peiran18"},"content":"        tasks.get(index).setStatus(false);","lastModifiedDate":"2023-09-06"},{"lineNumber":30,"author":{"gitId":"peiran18"},"content":"        System.out.println(\"Ohmah... not you lying to me??\\n\"","lastModifiedDate":"2023-09-06"},{"lineNumber":31,"author":{"gitId":"peiran18"},"content":"                + \"This is the last time I\u0027m adding it back for you!\\n\"","lastModifiedDate":"2023-09-06"},{"lineNumber":32,"author":{"gitId":"peiran18"},"content":"                + tasks.get(index).toString());","lastModifiedDate":"2023-09-06"},{"lineNumber":33,"author":{"gitId":"peiran18"},"content":"        storage.saveTask(tasks);","lastModifiedDate":"2023-09-06"},{"lineNumber":34,"author":{"gitId":"peiran18"},"content":"    }","lastModifiedDate":"2023-09-06"},{"lineNumber":35,"author":{"gitId":"peiran18"},"content":"","lastModifiedDate":"2023-09-06"},{"lineNumber":36,"author":{"gitId":"peiran18"},"content":"    public void delete(String input, Storage storage) throws IOException {","lastModifiedDate":"2023-09-06"},{"lineNumber":37,"author":{"gitId":"peiran18"},"content":"        int index \u003d Integer.parseInt(input.substring(7)) - 1;","lastModifiedDate":"2023-09-06"},{"lineNumber":38,"author":{"gitId":"peiran18"},"content":"        System.out.println(\"NAUR NOT THE DITCHING?!\\n\" + \"It\u0027s a no do for\\n\"","lastModifiedDate":"2023-09-06"},{"lineNumber":39,"author":{"gitId":"peiran18"},"content":"                + tasks.get(index).toString() + \"\\n\" + \"Now there\u0027s only \" + (tasks.size() - 1)","lastModifiedDate":"2023-09-06"},{"lineNumber":40,"author":{"gitId":"peiran18"},"content":"                + \" tasks left sistar pls do them.\");","lastModifiedDate":"2023-09-06"},{"lineNumber":41,"author":{"gitId":"peiran18"},"content":"        tasks.remove(index);","lastModifiedDate":"2023-09-06"},{"lineNumber":42,"author":{"gitId":"peiran18"},"content":"        storage.saveTask(tasks);","lastModifiedDate":"2023-09-06"},{"lineNumber":43,"author":{"gitId":"peiran18"},"content":"    }","lastModifiedDate":"2023-09-06"},{"lineNumber":44,"author":{"gitId":"peiran18"},"content":"","lastModifiedDate":"2023-09-06"},{"lineNumber":45,"author":{"gitId":"peiran18"},"content":"    public void list() {","lastModifiedDate":"2023-09-06"},{"lineNumber":46,"author":{"gitId":"peiran18"},"content":"        int count \u003d 0;","lastModifiedDate":"2023-09-06"},{"lineNumber":47,"author":{"gitId":"peiran18"},"content":"        System.out.println(\"Ok look all you want but they literally won\u0027t do themselves?\");","lastModifiedDate":"2023-09-06"},{"lineNumber":48,"author":{"gitId":"peiran18"},"content":"","lastModifiedDate":"2023-09-06"},{"lineNumber":49,"author":{"gitId":"peiran18"},"content":"        for (Task t : tasks) {","lastModifiedDate":"2023-09-06"},{"lineNumber":50,"author":{"gitId":"peiran18"},"content":"            if (t \u003d\u003d null) break;","lastModifiedDate":"2023-09-06"},{"lineNumber":51,"author":{"gitId":"peiran18"},"content":"            count++;","lastModifiedDate":"2023-09-06"},{"lineNumber":52,"author":{"gitId":"peiran18"},"content":"            System.out.println(String.valueOf(count) + \".\" +","lastModifiedDate":"2023-09-06"},{"lineNumber":53,"author":{"gitId":"peiran18"},"content":"                    t.toString());","lastModifiedDate":"2023-09-06"},{"lineNumber":54,"author":{"gitId":"peiran18"},"content":"        }","lastModifiedDate":"2023-09-06"},{"lineNumber":55,"author":{"gitId":"peiran18"},"content":"    }","lastModifiedDate":"2023-09-06"},{"lineNumber":56,"author":{"gitId":"peiran18"},"content":"","lastModifiedDate":"2023-09-06"},{"lineNumber":57,"author":{"gitId":"peiran18"},"content":"    public void add(String input, Storage storage) throws IOException {","lastModifiedDate":"2023-09-06"},{"lineNumber":58,"author":{"gitId":"peiran18"},"content":"        Task task \u003d Task.parse(input);","lastModifiedDate":"2023-09-06"},{"lineNumber":59,"author":{"gitId":"peiran18"},"content":"","lastModifiedDate":"2023-09-06"},{"lineNumber":60,"author":{"gitId":"peiran18"},"content":"        if (task \u003d\u003d null) {","lastModifiedDate":"2023-09-06"},{"lineNumber":61,"author":{"gitId":"peiran18"},"content":"            new PotatoException(\"☹ OOPS!!! I\u0027m sorry, but I don\u0027t know what that means :-(\");","lastModifiedDate":"2023-09-06"},{"lineNumber":62,"author":{"gitId":"peiran18"},"content":"","lastModifiedDate":"2023-09-06"},{"lineNumber":63,"author":{"gitId":"peiran18"},"content":"        } else {","lastModifiedDate":"2023-09-06"},{"lineNumber":64,"author":{"gitId":"peiran18"},"content":"            tasks.add(task);","lastModifiedDate":"2023-09-06"},{"lineNumber":65,"author":{"gitId":"peiran18"},"content":"            storage.saveTask(tasks);","lastModifiedDate":"2023-09-06"},{"lineNumber":66,"author":{"gitId":"peiran18"},"content":"            int size \u003d tasks.size();","lastModifiedDate":"2023-09-06"},{"lineNumber":67,"author":{"gitId":"peiran18"},"content":"            System.out.println(\"Let\u0027s add this to the never ending pile...\\n\"","lastModifiedDate":"2023-09-06"},{"lineNumber":68,"author":{"gitId":"peiran18"},"content":"                    + tasks.get(size - 1).toString() + \"\\n\"","lastModifiedDate":"2023-09-06"},{"lineNumber":69,"author":{"gitId":"peiran18"},"content":"                    + \"Now you have \" + size + \" tasks in the list.\");","lastModifiedDate":"2023-09-06"},{"lineNumber":70,"author":{"gitId":"peiran18"},"content":"        }","lastModifiedDate":"2023-09-06"},{"lineNumber":71,"author":{"gitId":"peiran18"},"content":"    }","lastModifiedDate":"2023-09-06"},{"lineNumber":72,"author":{"gitId":"peiran18"},"content":"","lastModifiedDate":"2023-09-06"},{"lineNumber":73,"author":{"gitId":"peiran18"},"content":"}","lastModifiedDate":"2023-09-06"}],"authorContributionMap":{"peiran18":73}},{"path":"src/main/java/potato/Ui.java","fileType":"java","lines":[{"lineNumber":1,"author":{"gitId":"peiran18"},"content":"package potato;","lastModifiedDate":"2023-09-07"},{"lineNumber":2,"author":{"gitId":"peiran18"},"content":"","lastModifiedDate":"2023-09-07"},{"lineNumber":3,"author":{"gitId":"peiran18"},"content":"import java.util.Scanner;","lastModifiedDate":"2023-09-06"},{"lineNumber":4,"author":{"gitId":"peiran18"},"content":"","lastModifiedDate":"2023-09-06"},{"lineNumber":5,"author":{"gitId":"peiran18"},"content":"public class Ui {","lastModifiedDate":"2023-09-06"},{"lineNumber":6,"author":{"gitId":"peiran18"},"content":"    Scanner scanner;","lastModifiedDate":"2023-09-06"},{"lineNumber":7,"author":{"gitId":"peiran18"},"content":"    public Ui() {","lastModifiedDate":"2023-09-06"},{"lineNumber":8,"author":{"gitId":"peiran18"},"content":"        scanner \u003d new Scanner(System.in);","lastModifiedDate":"2023-09-06"},{"lineNumber":9,"author":{"gitId":"peiran18"},"content":"    }","lastModifiedDate":"2023-09-06"},{"lineNumber":10,"author":{"gitId":"peiran18"},"content":"","lastModifiedDate":"2023-09-06"},{"lineNumber":11,"author":{"gitId":"peiran18"},"content":"    public void showWelcome() {","lastModifiedDate":"2023-09-06"},{"lineNumber":12,"author":{"gitId":"peiran18"},"content":"        System.out.println(\"Hey GURL I\u0027m Potato\\n\" + \"How can I help ya?\");","lastModifiedDate":"2023-09-06"},{"lineNumber":13,"author":{"gitId":"peiran18"},"content":"    }","lastModifiedDate":"2023-09-06"},{"lineNumber":14,"author":{"gitId":"peiran18"},"content":"","lastModifiedDate":"2023-09-06"},{"lineNumber":15,"author":{"gitId":"peiran18"},"content":"    public void showGoodbye() {","lastModifiedDate":"2023-09-06"},{"lineNumber":16,"author":{"gitId":"peiran18"},"content":"        System.out.println(\"You\u0027re cancelled. Leave.\");","lastModifiedDate":"2023-09-06"},{"lineNumber":17,"author":{"gitId":"peiran18"},"content":"    }","lastModifiedDate":"2023-09-06"},{"lineNumber":18,"author":{"gitId":"peiran18"},"content":"","lastModifiedDate":"2023-09-06"},{"lineNumber":19,"author":{"gitId":"peiran18"},"content":"    public void showLine() {","lastModifiedDate":"2023-09-06"},{"lineNumber":20,"author":{"gitId":"peiran18"},"content":"        System.out.println(\"-----------------------------------------\");","lastModifiedDate":"2023-09-06"},{"lineNumber":21,"author":{"gitId":"peiran18"},"content":"    }","lastModifiedDate":"2023-09-06"},{"lineNumber":22,"author":{"gitId":"peiran18"},"content":"","lastModifiedDate":"2023-09-06"},{"lineNumber":23,"author":{"gitId":"peiran18"},"content":"    public void showLoadingError() {","lastModifiedDate":"2023-09-06"},{"lineNumber":24,"author":{"gitId":"peiran18"},"content":"        System.out.println(\"Oops there\u0027s nothing to load! Let\u0027s start a new list!\");","lastModifiedDate":"2023-09-06"},{"lineNumber":25,"author":{"gitId":"peiran18"},"content":"    }","lastModifiedDate":"2023-09-06"},{"lineNumber":26,"author":{"gitId":"peiran18"},"content":"","lastModifiedDate":"2023-09-06"},{"lineNumber":27,"author":{"gitId":"peiran18"},"content":"    public void showError(String message) {","lastModifiedDate":"2023-09-06"},{"lineNumber":28,"author":{"gitId":"peiran18"},"content":"        System.out.println(message);","lastModifiedDate":"2023-09-06"},{"lineNumber":29,"author":{"gitId":"peiran18"},"content":"    }","lastModifiedDate":"2023-09-06"},{"lineNumber":30,"author":{"gitId":"peiran18"},"content":"","lastModifiedDate":"2023-09-06"},{"lineNumber":31,"author":{"gitId":"peiran18"},"content":"    public String readCommand() {","lastModifiedDate":"2023-09-06"},{"lineNumber":32,"author":{"gitId":"peiran18"},"content":"        return scanner.nextLine();","lastModifiedDate":"2023-09-06"},{"lineNumber":33,"author":{"gitId":"peiran18"},"content":"    }","lastModifiedDate":"2023-09-06"},{"lineNumber":34,"author":{"gitId":"peiran18"},"content":"}","lastModifiedDate":"2023-09-06"}],"authorContributionMap":{"peiran18":34}},{"path":"src/main/java/potato/command/AddCommand.java","fileType":"java","lines":[{"lineNumber":1,"author":{"gitId":"peiran18"},"content":"package potato.command;","lastModifiedDate":"2023-09-07"},{"lineNumber":2,"author":{"gitId":"peiran18"},"content":"","lastModifiedDate":"2023-09-07"},{"lineNumber":3,"author":{"gitId":"peiran18"},"content":"import potato.*;","lastModifiedDate":"2023-09-07"},{"lineNumber":4,"author":{"gitId":"peiran18"},"content":"import java.io.IOException;","lastModifiedDate":"2023-09-06"},{"lineNumber":5,"author":{"gitId":"peiran18"},"content":"","lastModifiedDate":"2023-09-06"},{"lineNumber":6,"author":{"gitId":"peiran18"},"content":"public class AddCommand extends Command{","lastModifiedDate":"2023-09-06"},{"lineNumber":7,"author":{"gitId":"peiran18"},"content":"    public AddCommand(String input) {","lastModifiedDate":"2023-09-06"},{"lineNumber":8,"author":{"gitId":"peiran18"},"content":"        super.isExit \u003d false;","lastModifiedDate":"2023-09-06"},{"lineNumber":9,"author":{"gitId":"peiran18"},"content":"        super.input \u003d input;","lastModifiedDate":"2023-09-06"},{"lineNumber":10,"author":{"gitId":"peiran18"},"content":"    }","lastModifiedDate":"2023-09-06"},{"lineNumber":11,"author":{"gitId":"peiran18"},"content":"","lastModifiedDate":"2023-09-06"},{"lineNumber":12,"author":{"gitId":"peiran18"},"content":"    @Override","lastModifiedDate":"2023-09-06"},{"lineNumber":13,"author":{"gitId":"peiran18"},"content":"    public void execute(TaskList tasks, Ui ui, Storage storage) throws IOException {","lastModifiedDate":"2023-09-06"},{"lineNumber":14,"author":{"gitId":"peiran18"},"content":"        tasks.add(input, storage);","lastModifiedDate":"2023-09-06"},{"lineNumber":15,"author":{"gitId":"peiran18"},"content":"    }","lastModifiedDate":"2023-09-06"},{"lineNumber":16,"author":{"gitId":"peiran18"},"content":"}","lastModifiedDate":"2023-09-06"}],"authorContributionMap":{"peiran18":16}},{"path":"src/main/java/potato/command/Command.java","fileType":"java","lines":[{"lineNumber":1,"author":{"gitId":"peiran18"},"content":"package potato.command;","lastModifiedDate":"2023-09-07"},{"lineNumber":2,"author":{"gitId":"peiran18"},"content":"","lastModifiedDate":"2023-09-07"},{"lineNumber":3,"author":{"gitId":"peiran18"},"content":"import potato.*;","lastModifiedDate":"2023-09-07"},{"lineNumber":4,"author":{"gitId":"peiran18"},"content":"import java.io.IOException;","lastModifiedDate":"2023-09-06"},{"lineNumber":5,"author":{"gitId":"peiran18"},"content":"","lastModifiedDate":"2023-09-06"},{"lineNumber":6,"author":{"gitId":"peiran18"},"content":"public abstract class Command {","lastModifiedDate":"2023-09-06"},{"lineNumber":7,"author":{"gitId":"peiran18"},"content":"    boolean isExit;","lastModifiedDate":"2023-09-06"},{"lineNumber":8,"author":{"gitId":"peiran18"},"content":"    String input;","lastModifiedDate":"2023-09-06"},{"lineNumber":9,"author":{"gitId":"peiran18"},"content":"","lastModifiedDate":"2023-09-06"},{"lineNumber":10,"author":{"gitId":"peiran18"},"content":"    public boolean isExit() {","lastModifiedDate":"2023-09-06"},{"lineNumber":11,"author":{"gitId":"peiran18"},"content":"        return isExit;","lastModifiedDate":"2023-09-06"},{"lineNumber":12,"author":{"gitId":"peiran18"},"content":"    }","lastModifiedDate":"2023-09-06"},{"lineNumber":13,"author":{"gitId":"peiran18"},"content":"    public abstract void execute(TaskList tasks, Ui ui, Storage storage) throws IOException;","lastModifiedDate":"2023-09-06"},{"lineNumber":14,"author":{"gitId":"peiran18"},"content":"}","lastModifiedDate":"2023-09-06"}],"authorContributionMap":{"peiran18":14}},{"path":"src/main/java/potato/command/DeleteCommand.java","fileType":"java","lines":[{"lineNumber":1,"author":{"gitId":"peiran18"},"content":"package potato.command;","lastModifiedDate":"2023-09-07"},{"lineNumber":2,"author":{"gitId":"peiran18"},"content":"","lastModifiedDate":"2023-09-07"},{"lineNumber":3,"author":{"gitId":"peiran18"},"content":"import potato.*;","lastModifiedDate":"2023-09-07"},{"lineNumber":4,"author":{"gitId":"peiran18"},"content":"import java.io.IOException;","lastModifiedDate":"2023-09-06"},{"lineNumber":5,"author":{"gitId":"peiran18"},"content":"","lastModifiedDate":"2023-09-06"},{"lineNumber":6,"author":{"gitId":"peiran18"},"content":"public class DeleteCommand extends Command{","lastModifiedDate":"2023-09-06"},{"lineNumber":7,"author":{"gitId":"peiran18"},"content":"    public DeleteCommand(String input) {","lastModifiedDate":"2023-09-06"},{"lineNumber":8,"author":{"gitId":"peiran18"},"content":"        super.isExit \u003d false;","lastModifiedDate":"2023-09-06"},{"lineNumber":9,"author":{"gitId":"peiran18"},"content":"        super.input \u003d input;","lastModifiedDate":"2023-09-06"},{"lineNumber":10,"author":{"gitId":"peiran18"},"content":"    }","lastModifiedDate":"2023-09-06"},{"lineNumber":11,"author":{"gitId":"peiran18"},"content":"","lastModifiedDate":"2023-09-06"},{"lineNumber":12,"author":{"gitId":"peiran18"},"content":"    @Override","lastModifiedDate":"2023-09-06"},{"lineNumber":13,"author":{"gitId":"peiran18"},"content":"    public void execute(TaskList tasks, Ui ui, Storage storage) throws IOException {","lastModifiedDate":"2023-09-06"},{"lineNumber":14,"author":{"gitId":"peiran18"},"content":"        tasks.delete(input, storage);","lastModifiedDate":"2023-09-06"},{"lineNumber":15,"author":{"gitId":"peiran18"},"content":"    }","lastModifiedDate":"2023-09-06"},{"lineNumber":16,"author":{"gitId":"peiran18"},"content":"}","lastModifiedDate":"2023-09-06"}],"authorContributionMap":{"peiran18":16}},{"path":"src/main/java/potato/command/ExitCommand.java","fileType":"java","lines":[{"lineNumber":1,"author":{"gitId":"peiran18"},"content":"package potato.command;","lastModifiedDate":"2023-09-07"},{"lineNumber":2,"author":{"gitId":"peiran18"},"content":"","lastModifiedDate":"2023-09-07"},{"lineNumber":3,"author":{"gitId":"peiran18"},"content":"import potato.*;","lastModifiedDate":"2023-09-07"},{"lineNumber":4,"author":{"gitId":"peiran18"},"content":"","lastModifiedDate":"2023-09-07"},{"lineNumber":5,"author":{"gitId":"peiran18"},"content":"public class ExitCommand extends Command{","lastModifiedDate":"2023-09-06"},{"lineNumber":6,"author":{"gitId":"peiran18"},"content":"    public ExitCommand(String input) {","lastModifiedDate":"2023-09-06"},{"lineNumber":7,"author":{"gitId":"peiran18"},"content":"        super.isExit \u003d true;","lastModifiedDate":"2023-09-06"},{"lineNumber":8,"author":{"gitId":"peiran18"},"content":"        super.input \u003d input;","lastModifiedDate":"2023-09-06"},{"lineNumber":9,"author":{"gitId":"peiran18"},"content":"    }","lastModifiedDate":"2023-09-06"},{"lineNumber":10,"author":{"gitId":"peiran18"},"content":"","lastModifiedDate":"2023-09-06"},{"lineNumber":11,"author":{"gitId":"peiran18"},"content":"    @Override","lastModifiedDate":"2023-09-06"},{"lineNumber":12,"author":{"gitId":"peiran18"},"content":"    public void execute(TaskList tasks, Ui ui, Storage storage) {","lastModifiedDate":"2023-09-06"},{"lineNumber":13,"author":{"gitId":"peiran18"},"content":"        ui.showGoodbye();","lastModifiedDate":"2023-09-06"},{"lineNumber":14,"author":{"gitId":"peiran18"},"content":"    }","lastModifiedDate":"2023-09-06"},{"lineNumber":15,"author":{"gitId":"peiran18"},"content":"}","lastModifiedDate":"2023-09-06"}],"authorContributionMap":{"peiran18":15}},{"path":"src/main/java/potato/command/ListCommand.java","fileType":"java","lines":[{"lineNumber":1,"author":{"gitId":"peiran18"},"content":"package potato.command;","lastModifiedDate":"2023-09-07"},{"lineNumber":2,"author":{"gitId":"peiran18"},"content":"","lastModifiedDate":"2023-09-07"},{"lineNumber":3,"author":{"gitId":"peiran18"},"content":"import potato.*;","lastModifiedDate":"2023-09-07"},{"lineNumber":4,"author":{"gitId":"peiran18"},"content":"","lastModifiedDate":"2023-09-07"},{"lineNumber":5,"author":{"gitId":"peiran18"},"content":"public class ListCommand extends Command{","lastModifiedDate":"2023-09-06"},{"lineNumber":6,"author":{"gitId":"peiran18"},"content":"    public ListCommand() {","lastModifiedDate":"2023-09-06"},{"lineNumber":7,"author":{"gitId":"peiran18"},"content":"        super.isExit \u003d false;","lastModifiedDate":"2023-09-06"},{"lineNumber":8,"author":{"gitId":"peiran18"},"content":"    }","lastModifiedDate":"2023-09-06"},{"lineNumber":9,"author":{"gitId":"peiran18"},"content":"","lastModifiedDate":"2023-09-06"},{"lineNumber":10,"author":{"gitId":"peiran18"},"content":"    @Override","lastModifiedDate":"2023-09-06"},{"lineNumber":11,"author":{"gitId":"peiran18"},"content":"    public void execute(TaskList tasks, Ui ui, Storage storage) {","lastModifiedDate":"2023-09-06"},{"lineNumber":12,"author":{"gitId":"peiran18"},"content":"        tasks.list();","lastModifiedDate":"2023-09-06"},{"lineNumber":13,"author":{"gitId":"peiran18"},"content":"    }","lastModifiedDate":"2023-09-06"},{"lineNumber":14,"author":{"gitId":"peiran18"},"content":"}","lastModifiedDate":"2023-09-06"}],"authorContributionMap":{"peiran18":14}},{"path":"src/main/java/potato/command/MarkCommand.java","fileType":"java","lines":[{"lineNumber":1,"author":{"gitId":"peiran18"},"content":"package potato.command;","lastModifiedDate":"2023-09-07"},{"lineNumber":2,"author":{"gitId":"peiran18"},"content":"","lastModifiedDate":"2023-09-07"},{"lineNumber":3,"author":{"gitId":"peiran18"},"content":"import potato.*;","lastModifiedDate":"2023-09-07"},{"lineNumber":4,"author":{"gitId":"peiran18"},"content":"import java.io.IOException;","lastModifiedDate":"2023-09-06"},{"lineNumber":5,"author":{"gitId":"peiran18"},"content":"","lastModifiedDate":"2023-09-06"},{"lineNumber":6,"author":{"gitId":"peiran18"},"content":"public class MarkCommand extends Command{","lastModifiedDate":"2023-09-06"},{"lineNumber":7,"author":{"gitId":"peiran18"},"content":"    public MarkCommand(String input) {","lastModifiedDate":"2023-09-06"},{"lineNumber":8,"author":{"gitId":"peiran18"},"content":"        super.isExit \u003d false;","lastModifiedDate":"2023-09-06"},{"lineNumber":9,"author":{"gitId":"peiran18"},"content":"        super.input \u003d input;","lastModifiedDate":"2023-09-06"},{"lineNumber":10,"author":{"gitId":"peiran18"},"content":"    }","lastModifiedDate":"2023-09-06"},{"lineNumber":11,"author":{"gitId":"peiran18"},"content":"","lastModifiedDate":"2023-09-06"},{"lineNumber":12,"author":{"gitId":"peiran18"},"content":"    @Override","lastModifiedDate":"2023-09-06"},{"lineNumber":13,"author":{"gitId":"peiran18"},"content":"    public void execute(TaskList tasks, Ui ui, Storage storage) throws IOException {","lastModifiedDate":"2023-09-06"},{"lineNumber":14,"author":{"gitId":"peiran18"},"content":"        tasks.mark(input, storage);","lastModifiedDate":"2023-09-06"},{"lineNumber":15,"author":{"gitId":"peiran18"},"content":"    }","lastModifiedDate":"2023-09-06"},{"lineNumber":16,"author":{"gitId":"peiran18"},"content":"}","lastModifiedDate":"2023-09-06"}],"authorContributionMap":{"peiran18":16}},{"path":"src/main/java/potato/command/UnmarkCommand.java","fileType":"java","lines":[{"lineNumber":1,"author":{"gitId":"peiran18"},"content":"package potato.command;","lastModifiedDate":"2023-09-07"},{"lineNumber":2,"author":{"gitId":"peiran18"},"content":"","lastModifiedDate":"2023-09-07"},{"lineNumber":3,"author":{"gitId":"peiran18"},"content":"import potato.*;","lastModifiedDate":"2023-09-07"},{"lineNumber":4,"author":{"gitId":"peiran18"},"content":"import java.io.IOException;","lastModifiedDate":"2023-09-06"},{"lineNumber":5,"author":{"gitId":"peiran18"},"content":"","lastModifiedDate":"2023-09-06"},{"lineNumber":6,"author":{"gitId":"peiran18"},"content":"public class UnmarkCommand extends Command{","lastModifiedDate":"2023-09-06"},{"lineNumber":7,"author":{"gitId":"peiran18"},"content":"    public UnmarkCommand(String input) {","lastModifiedDate":"2023-09-06"},{"lineNumber":8,"author":{"gitId":"peiran18"},"content":"        super.isExit \u003d false;","lastModifiedDate":"2023-09-06"},{"lineNumber":9,"author":{"gitId":"peiran18"},"content":"        super.input \u003d input;","lastModifiedDate":"2023-09-06"},{"lineNumber":10,"author":{"gitId":"peiran18"},"content":"    }","lastModifiedDate":"2023-09-06"},{"lineNumber":11,"author":{"gitId":"peiran18"},"content":"","lastModifiedDate":"2023-09-06"},{"lineNumber":12,"author":{"gitId":"peiran18"},"content":"    @Override","lastModifiedDate":"2023-09-06"},{"lineNumber":13,"author":{"gitId":"peiran18"},"content":"    public void execute(TaskList tasks, Ui ui, Storage storage) throws IOException {","lastModifiedDate":"2023-09-06"},{"lineNumber":14,"author":{"gitId":"peiran18"},"content":"        tasks.unmark(input, storage);","lastModifiedDate":"2023-09-06"},{"lineNumber":15,"author":{"gitId":"peiran18"},"content":"    }","lastModifiedDate":"2023-09-06"},{"lineNumber":16,"author":{"gitId":"peiran18"},"content":"}","lastModifiedDate":"2023-09-06"}],"authorContributionMap":{"peiran18":16}},{"path":"src/main/java/potato/task/Deadline.java","fileType":"java","lines":[{"lineNumber":1,"author":{"gitId":"peiran18"},"content":"package potato.task;","lastModifiedDate":"2023-09-07"},{"lineNumber":2,"author":{"gitId":"peiran18"},"content":"","lastModifiedDate":"2023-09-07"},{"lineNumber":3,"author":{"gitId":"peiran18"},"content":"import potato.*;","lastModifiedDate":"2023-09-07"},{"lineNumber":4,"author":{"gitId":"peiran18"},"content":"","lastModifiedDate":"2023-09-04"},{"lineNumber":5,"author":{"gitId":"peiran18"},"content":"public class Deadline extends Task {","lastModifiedDate":"2023-08-24"},{"lineNumber":6,"author":{"gitId":"peiran18"},"content":"    private static String LINE \u003d \"-----------------------------------------\\n\";","lastModifiedDate":"2023-09-04"},{"lineNumber":7,"author":{"gitId":"peiran18"},"content":"    protected DateTime deadline;","lastModifiedDate":"2023-09-04"},{"lineNumber":8,"author":{"gitId":"peiran18"},"content":"","lastModifiedDate":"2023-09-04"},{"lineNumber":9,"author":{"gitId":"peiran18"},"content":"    protected String by;","lastModifiedDate":"2023-09-07"},{"lineNumber":10,"author":{"gitId":"peiran18"},"content":"","lastModifiedDate":"2023-09-07"},{"lineNumber":11,"author":{"gitId":"peiran18"},"content":"    public Deadline(String description, String by, boolean isDone) {","lastModifiedDate":"2023-09-06"},{"lineNumber":12,"author":{"gitId":"peiran18"},"content":"        super(description, isDone);","lastModifiedDate":"2023-09-06"},{"lineNumber":13,"author":{"gitId":"peiran18"},"content":"        this.deadline \u003d new DateTime(by);","lastModifiedDate":"2023-09-04"},{"lineNumber":14,"author":{"gitId":"peiran18"},"content":"        this.by \u003d by;","lastModifiedDate":"2023-09-07"},{"lineNumber":15,"author":{"gitId":"peiran18"},"content":"    }","lastModifiedDate":"2023-08-24"},{"lineNumber":16,"author":{"gitId":"peiran18"},"content":"","lastModifiedDate":"2023-09-04"},{"lineNumber":17,"author":{"gitId":"peiran18"},"content":"    public static Deadline deadlineParse(String input) {","lastModifiedDate":"2023-09-04"},{"lineNumber":18,"author":{"gitId":"peiran18"},"content":"        int indexBy \u003d input.indexOf(\"/by\");","lastModifiedDate":"2023-09-04"},{"lineNumber":19,"author":{"gitId":"peiran18"},"content":"        if (input.length() \u003c 1) {","lastModifiedDate":"2023-09-04"},{"lineNumber":20,"author":{"gitId":"peiran18"},"content":"            new PotatoException(LINE + \"Bruh you wanna do air or something?\\n\" + LINE);","lastModifiedDate":"2023-09-04"},{"lineNumber":21,"author":{"gitId":"peiran18"},"content":"            return null;","lastModifiedDate":"2023-09-04"},{"lineNumber":22,"author":{"gitId":"peiran18"},"content":"        } else {","lastModifiedDate":"2023-09-04"},{"lineNumber":23,"author":{"gitId":"peiran18"},"content":"            return new Deadline(input.substring(0, indexBy - 1),","lastModifiedDate":"2023-09-07"},{"lineNumber":24,"author":{"gitId":"peiran18"},"content":"                    input.substring(indexBy + 4), false);","lastModifiedDate":"2023-09-06"},{"lineNumber":25,"author":{"gitId":"peiran18"},"content":"        }","lastModifiedDate":"2023-09-04"},{"lineNumber":26,"author":{"gitId":"peiran18"},"content":"    }","lastModifiedDate":"2023-09-04"},{"lineNumber":27,"author":{"gitId":"peiran18"},"content":"","lastModifiedDate":"2023-09-04"},{"lineNumber":28,"author":{"gitId":"peiran18"},"content":"    public static Deadline deadlineSavedParse(String[] input) {","lastModifiedDate":"2023-09-06"},{"lineNumber":29,"author":{"gitId":"peiran18"},"content":"        // date given as 19 Sep 2023, cannot be parsed by deadline constructor","lastModifiedDate":"2023-09-06"},{"lineNumber":30,"author":{"gitId":"peiran18"},"content":"        return new Deadline(input[2], input[3], input[1].equals(\"1\"));","lastModifiedDate":"2023-09-06"},{"lineNumber":31,"author":{"gitId":"peiran18"},"content":"    }","lastModifiedDate":"2023-09-04"},{"lineNumber":32,"author":{"gitId":"peiran18"},"content":"","lastModifiedDate":"2023-09-06"},{"lineNumber":33,"author":{"gitId":"peiran18"},"content":"    @Override","lastModifiedDate":"2023-09-06"},{"lineNumber":34,"author":{"gitId":"peiran18"},"content":"    public String toSave() {","lastModifiedDate":"2023-09-06"},{"lineNumber":35,"author":{"gitId":"peiran18"},"content":"        return \"D | \" + (isDone ? \"1\" : \"0\") + \" | \" + description + \" | \" + by;","lastModifiedDate":"2023-09-07"},{"lineNumber":36,"author":{"gitId":"peiran18"},"content":"    }","lastModifiedDate":"2023-09-04"},{"lineNumber":37,"author":{"gitId":"peiran18"},"content":"","lastModifiedDate":"2023-09-04"},{"lineNumber":38,"author":{"gitId":"peiran18"},"content":"    @Override","lastModifiedDate":"2023-08-24"},{"lineNumber":39,"author":{"gitId":"peiran18"},"content":"    public String toString() {","lastModifiedDate":"2023-08-24"},{"lineNumber":40,"author":{"gitId":"peiran18"},"content":"        return \"[D]\" + super.toString() + \" (by: \" + deadline.getDate() + \")\";","lastModifiedDate":"2023-09-04"},{"lineNumber":41,"author":{"gitId":"peiran18"},"content":"    }","lastModifiedDate":"2023-08-24"},{"lineNumber":42,"author":{"gitId":"peiran18"},"content":"}","lastModifiedDate":"2023-08-24"}],"authorContributionMap":{"peiran18":42}},{"path":"src/main/java/potato/task/Event.java","fileType":"java","lines":[{"lineNumber":1,"author":{"gitId":"peiran18"},"content":"package potato.task;","lastModifiedDate":"2023-09-07"},{"lineNumber":2,"author":{"gitId":"peiran18"},"content":"","lastModifiedDate":"2023-09-07"},{"lineNumber":3,"author":{"gitId":"peiran18"},"content":"import potato.*;","lastModifiedDate":"2023-09-07"},{"lineNumber":4,"author":{"gitId":"peiran18"},"content":"public class Event extends Task {","lastModifiedDate":"2023-08-24"},{"lineNumber":5,"author":{"gitId":"peiran18"},"content":"    private static String LINE \u003d \"-----------------------------------------\\n\";","lastModifiedDate":"2023-09-04"},{"lineNumber":6,"author":{"gitId":"peiran18"},"content":"    protected DateTime start;","lastModifiedDate":"2023-09-04"},{"lineNumber":7,"author":{"gitId":"peiran18"},"content":"    protected DateTime end;","lastModifiedDate":"2023-09-04"},{"lineNumber":8,"author":{"gitId":"peiran18"},"content":"    protected String from;","lastModifiedDate":"2023-09-07"},{"lineNumber":9,"author":{"gitId":"peiran18"},"content":"    protected String to;","lastModifiedDate":"2023-09-07"},{"lineNumber":10,"author":{"gitId":"peiran18"},"content":"","lastModifiedDate":"2023-09-04"},{"lineNumber":11,"author":{"gitId":"peiran18"},"content":"    public Event(String description, String from, String to, boolean isDone) {","lastModifiedDate":"2023-09-06"},{"lineNumber":12,"author":{"gitId":"peiran18"},"content":"        super(description, isDone);","lastModifiedDate":"2023-09-06"},{"lineNumber":13,"author":{"gitId":"peiran18"},"content":"        start \u003d new DateTime(from);","lastModifiedDate":"2023-09-04"},{"lineNumber":14,"author":{"gitId":"peiran18"},"content":"        end \u003d new DateTime(to);","lastModifiedDate":"2023-09-04"},{"lineNumber":15,"author":{"gitId":"peiran18"},"content":"        this.from \u003d from;","lastModifiedDate":"2023-09-07"},{"lineNumber":16,"author":{"gitId":"peiran18"},"content":"        this.to \u003d to;","lastModifiedDate":"2023-09-07"},{"lineNumber":17,"author":{"gitId":"peiran18"},"content":"    }","lastModifiedDate":"2023-08-24"},{"lineNumber":18,"author":{"gitId":"peiran18"},"content":"","lastModifiedDate":"2023-09-04"},{"lineNumber":19,"author":{"gitId":"peiran18"},"content":"    public static Event eventParse(String input) {","lastModifiedDate":"2023-09-04"},{"lineNumber":20,"author":{"gitId":"peiran18"},"content":"        int indexFrom \u003d input.indexOf(\"/from\");","lastModifiedDate":"2023-09-04"},{"lineNumber":21,"author":{"gitId":"peiran18"},"content":"        int indexTo \u003d input.indexOf(\"/to\");","lastModifiedDate":"2023-09-04"},{"lineNumber":22,"author":{"gitId":"peiran18"},"content":"        if (input.length() \u003c 1) {","lastModifiedDate":"2023-09-04"},{"lineNumber":23,"author":{"gitId":"peiran18"},"content":"            new PotatoException(LINE + \"Bruh you wanna do air or something?\\n\" + LINE);","lastModifiedDate":"2023-09-04"},{"lineNumber":24,"author":{"gitId":"peiran18"},"content":"            return null;","lastModifiedDate":"2023-09-04"},{"lineNumber":25,"author":{"gitId":"peiran18"},"content":"        } else {","lastModifiedDate":"2023-09-04"},{"lineNumber":26,"author":{"gitId":"peiran18"},"content":"            return new Event(input.substring(0, indexFrom - 1),","lastModifiedDate":"2023-09-07"},{"lineNumber":27,"author":{"gitId":"peiran18"},"content":"                    input.substring(indexFrom + 6, indexTo - 1),","lastModifiedDate":"2023-09-07"},{"lineNumber":28,"author":{"gitId":"peiran18"},"content":"                    input.substring(indexTo + 4), false);","lastModifiedDate":"2023-09-06"},{"lineNumber":29,"author":{"gitId":"peiran18"},"content":"        }","lastModifiedDate":"2023-09-04"},{"lineNumber":30,"author":{"gitId":"peiran18"},"content":"    }","lastModifiedDate":"2023-09-04"},{"lineNumber":31,"author":{"gitId":"peiran18"},"content":"","lastModifiedDate":"2023-09-04"},{"lineNumber":32,"author":{"gitId":"peiran18"},"content":"    public static Event eventSavedParse(String[] input) {","lastModifiedDate":"2023-09-06"},{"lineNumber":33,"author":{"gitId":"peiran18"},"content":"        return new Event(input[2], input[3], input[4], input[1].equals(\"1\"));","lastModifiedDate":"2023-09-06"},{"lineNumber":34,"author":{"gitId":"peiran18"},"content":"    }","lastModifiedDate":"2023-09-04"},{"lineNumber":35,"author":{"gitId":"peiran18"},"content":"","lastModifiedDate":"2023-09-06"},{"lineNumber":36,"author":{"gitId":"peiran18"},"content":"    @Override","lastModifiedDate":"2023-09-06"},{"lineNumber":37,"author":{"gitId":"peiran18"},"content":"    public String toSave() {","lastModifiedDate":"2023-09-06"},{"lineNumber":38,"author":{"gitId":"peiran18"},"content":"        return \"E | \" + (isDone ? \"1\" : \"0\") + \" | \" + description + \" | \" + from + \" | \" + to;","lastModifiedDate":"2023-09-07"},{"lineNumber":39,"author":{"gitId":"peiran18"},"content":"    }","lastModifiedDate":"2023-09-04"},{"lineNumber":40,"author":{"gitId":"peiran18"},"content":"","lastModifiedDate":"2023-09-04"},{"lineNumber":41,"author":{"gitId":"peiran18"},"content":"    @Override","lastModifiedDate":"2023-08-24"},{"lineNumber":42,"author":{"gitId":"peiran18"},"content":"    public String toString() {","lastModifiedDate":"2023-08-24"},{"lineNumber":43,"author":{"gitId":"peiran18"},"content":"        return \"[E]\" + super.toString() + \" (from: \" + start.getDate() + \" to: \" + end.getDate() + \")\";","lastModifiedDate":"2023-09-04"},{"lineNumber":44,"author":{"gitId":"peiran18"},"content":"    }","lastModifiedDate":"2023-08-24"},{"lineNumber":45,"author":{"gitId":"peiran18"},"content":"}","lastModifiedDate":"2023-08-24"}],"authorContributionMap":{"peiran18":45}},{"path":"src/main/java/potato/task/Task.java","fileType":"java","lines":[{"lineNumber":1,"author":{"gitId":"peiran18"},"content":"package potato.task;","lastModifiedDate":"2023-09-07"},{"lineNumber":2,"author":{"gitId":"peiran18"},"content":"","lastModifiedDate":"2023-09-07"},{"lineNumber":3,"author":{"gitId":"peiran18"},"content":"public class Task {","lastModifiedDate":"2023-08-24"},{"lineNumber":4,"author":{"gitId":"peiran18"},"content":"    protected String description;","lastModifiedDate":"2023-08-24"},{"lineNumber":5,"author":{"gitId":"peiran18"},"content":"    protected boolean isDone;","lastModifiedDate":"2023-08-24"},{"lineNumber":6,"author":{"gitId":"peiran18"},"content":"    private static String LINE \u003d \"-----------------------------------------\\n\";","lastModifiedDate":"2023-09-04"},{"lineNumber":7,"author":{"gitId":"peiran18"},"content":"","lastModifiedDate":"2023-08-24"},{"lineNumber":8,"author":{"gitId":"peiran18"},"content":"    public Task(String description, boolean isDone) {","lastModifiedDate":"2023-09-06"},{"lineNumber":9,"author":{"gitId":"peiran18"},"content":"        this.description \u003d description;","lastModifiedDate":"2023-08-24"},{"lineNumber":10,"author":{"gitId":"peiran18"},"content":"        this.isDone \u003d isDone;","lastModifiedDate":"2023-09-06"},{"lineNumber":11,"author":{"gitId":"peiran18"},"content":"    }","lastModifiedDate":"2023-08-24"},{"lineNumber":12,"author":{"gitId":"peiran18"},"content":"","lastModifiedDate":"2023-09-04"},{"lineNumber":13,"author":{"gitId":"peiran18"},"content":"    public static Task parse(String input) {","lastModifiedDate":"2023-09-04"},{"lineNumber":14,"author":{"gitId":"peiran18"},"content":"        if (input.startsWith(\"todo \")) {","lastModifiedDate":"2023-09-04"},{"lineNumber":15,"author":{"gitId":"peiran18"},"content":"            return Todo.todoParse(input.substring(5), \"0\");","lastModifiedDate":"2023-09-06"},{"lineNumber":16,"author":{"gitId":"peiran18"},"content":"","lastModifiedDate":"2023-09-04"},{"lineNumber":17,"author":{"gitId":"peiran18"},"content":"        } else if (input.startsWith(\"deadline \")) {","lastModifiedDate":"2023-09-04"},{"lineNumber":18,"author":{"gitId":"peiran18"},"content":"            // empty deadline","lastModifiedDate":"2023-09-04"},{"lineNumber":19,"author":{"gitId":"peiran18"},"content":"            // no by","lastModifiedDate":"2023-09-04"},{"lineNumber":20,"author":{"gitId":"peiran18"},"content":"            return Deadline.deadlineParse(input.substring(9));","lastModifiedDate":"2023-09-04"},{"lineNumber":21,"author":{"gitId":"peiran18"},"content":"","lastModifiedDate":"2023-09-04"},{"lineNumber":22,"author":{"gitId":"peiran18"},"content":"        } else if (input.startsWith(\"event \")) {","lastModifiedDate":"2023-09-04"},{"lineNumber":23,"author":{"gitId":"peiran18"},"content":"            // empty event","lastModifiedDate":"2023-09-04"},{"lineNumber":24,"author":{"gitId":"peiran18"},"content":"            // no from","lastModifiedDate":"2023-09-04"},{"lineNumber":25,"author":{"gitId":"peiran18"},"content":"            // no to","lastModifiedDate":"2023-09-04"},{"lineNumber":26,"author":{"gitId":"peiran18"},"content":"            return Event.eventParse(input.substring(6));","lastModifiedDate":"2023-09-04"},{"lineNumber":27,"author":{"gitId":"peiran18"},"content":"        } else {","lastModifiedDate":"2023-09-04"},{"lineNumber":28,"author":{"gitId":"peiran18"},"content":"            return null;","lastModifiedDate":"2023-09-04"},{"lineNumber":29,"author":{"gitId":"peiran18"},"content":"        }","lastModifiedDate":"2023-09-04"},{"lineNumber":30,"author":{"gitId":"peiran18"},"content":"    }","lastModifiedDate":"2023-09-04"},{"lineNumber":31,"author":{"gitId":"peiran18"},"content":"","lastModifiedDate":"2023-09-04"},{"lineNumber":32,"author":{"gitId":"peiran18"},"content":"    public static Task savedParse(String input) {","lastModifiedDate":"2023-09-04"},{"lineNumber":33,"author":{"gitId":"peiran18"},"content":"        String[] parts \u003d input.split(\" \\\\| \");","lastModifiedDate":"2023-09-06"},{"lineNumber":34,"author":{"gitId":"peiran18"},"content":"        System.out.println(parts[0]);","lastModifiedDate":"2023-09-06"},{"lineNumber":35,"author":{"gitId":"peiran18"},"content":"        System.out.println(parts[1]);","lastModifiedDate":"2023-09-06"},{"lineNumber":36,"author":{"gitId":"peiran18"},"content":"        System.out.println(parts[2]);","lastModifiedDate":"2023-09-06"},{"lineNumber":37,"author":{"gitId":"peiran18"},"content":"","lastModifiedDate":"2023-09-04"},{"lineNumber":38,"author":{"gitId":"peiran18"},"content":"        switch (parts[0]) {","lastModifiedDate":"2023-09-06"},{"lineNumber":39,"author":{"gitId":"peiran18"},"content":"            case \"T\":","lastModifiedDate":"2023-09-06"},{"lineNumber":40,"author":{"gitId":"peiran18"},"content":"                System.out.println(\"its todo\");","lastModifiedDate":"2023-09-06"},{"lineNumber":41,"author":{"gitId":"peiran18"},"content":"                return Todo.todoParse(parts[2], parts[1]);","lastModifiedDate":"2023-09-06"},{"lineNumber":42,"author":{"gitId":"peiran18"},"content":"            case \"D\":","lastModifiedDate":"2023-09-06"},{"lineNumber":43,"author":{"gitId":"peiran18"},"content":"                // empty deadline","lastModifiedDate":"2023-09-04"},{"lineNumber":44,"author":{"gitId":"peiran18"},"content":"                // no by","lastModifiedDate":"2023-09-04"},{"lineNumber":45,"author":{"gitId":"peiran18"},"content":"                return Deadline.deadlineSavedParse(parts);","lastModifiedDate":"2023-09-06"},{"lineNumber":46,"author":{"gitId":"peiran18"},"content":"            case \"E\":","lastModifiedDate":"2023-09-06"},{"lineNumber":47,"author":{"gitId":"peiran18"},"content":"                // empty event","lastModifiedDate":"2023-09-04"},{"lineNumber":48,"author":{"gitId":"peiran18"},"content":"                // no from","lastModifiedDate":"2023-09-04"},{"lineNumber":49,"author":{"gitId":"peiran18"},"content":"                // no to","lastModifiedDate":"2023-09-04"},{"lineNumber":50,"author":{"gitId":"peiran18"},"content":"                return Event.eventSavedParse(parts);","lastModifiedDate":"2023-09-06"},{"lineNumber":51,"author":{"gitId":"peiran18"},"content":"            default:","lastModifiedDate":"2023-09-06"},{"lineNumber":52,"author":{"gitId":"peiran18"},"content":"                return null;","lastModifiedDate":"2023-09-04"},{"lineNumber":53,"author":{"gitId":"peiran18"},"content":"        }","lastModifiedDate":"2023-09-04"},{"lineNumber":54,"author":{"gitId":"peiran18"},"content":"    }","lastModifiedDate":"2023-09-04"},{"lineNumber":55,"author":{"gitId":"peiran18"},"content":"","lastModifiedDate":"2023-09-06"},{"lineNumber":56,"author":{"gitId":"peiran18"},"content":"    public String getStatus() {","lastModifiedDate":"2023-08-24"},{"lineNumber":57,"author":{"gitId":"peiran18"},"content":"        return (isDone ? \"X\" : \" \");","lastModifiedDate":"2023-08-24"},{"lineNumber":58,"author":{"gitId":"peiran18"},"content":"    }","lastModifiedDate":"2023-08-24"},{"lineNumber":59,"author":{"gitId":"peiran18"},"content":"","lastModifiedDate":"2023-09-06"},{"lineNumber":60,"author":{"gitId":"peiran18"},"content":"    public void setStatus(boolean bool) {","lastModifiedDate":"2023-08-24"},{"lineNumber":61,"author":{"gitId":"peiran18"},"content":"        isDone \u003d bool;","lastModifiedDate":"2023-08-24"},{"lineNumber":62,"author":{"gitId":"peiran18"},"content":"    }","lastModifiedDate":"2023-08-24"},{"lineNumber":63,"author":{"gitId":"peiran18"},"content":"","lastModifiedDate":"2023-09-06"},{"lineNumber":64,"author":{"gitId":"peiran18"},"content":"    public String toSave() {","lastModifiedDate":"2023-09-06"},{"lineNumber":65,"author":{"gitId":"peiran18"},"content":"        return \"\";","lastModifiedDate":"2023-09-06"},{"lineNumber":66,"author":{"gitId":"peiran18"},"content":"    }","lastModifiedDate":"2023-09-06"},{"lineNumber":67,"author":{"gitId":"peiran18"},"content":"","lastModifiedDate":"2023-09-06"},{"lineNumber":68,"author":{"gitId":"peiran18"},"content":"    public String toString() {","lastModifiedDate":"2023-08-24"},{"lineNumber":69,"author":{"gitId":"peiran18"},"content":"        return \"[\" + getStatus() + \"] \" + description;","lastModifiedDate":"2023-08-24"},{"lineNumber":70,"author":{"gitId":"peiran18"},"content":"    }","lastModifiedDate":"2023-08-24"},{"lineNumber":71,"author":{"gitId":"peiran18"},"content":"}","lastModifiedDate":"2023-08-24"}],"authorContributionMap":{"peiran18":71}},{"path":"src/main/java/potato/task/Todo.java","fileType":"java","lines":[{"lineNumber":1,"author":{"gitId":"peiran18"},"content":"package potato.task;","lastModifiedDate":"2023-09-07"},{"lineNumber":2,"author":{"gitId":"peiran18"},"content":"","lastModifiedDate":"2023-09-07"},{"lineNumber":3,"author":{"gitId":"peiran18"},"content":"import potato.*;","lastModifiedDate":"2023-09-07"},{"lineNumber":4,"author":{"gitId":"peiran18"},"content":"","lastModifiedDate":"2023-09-04"},{"lineNumber":5,"author":{"gitId":"peiran18"},"content":"public class Todo extends Task {","lastModifiedDate":"2023-08-24"},{"lineNumber":6,"author":{"gitId":"peiran18"},"content":"    private static String LINE \u003d \"-----------------------------------------\\n\";","lastModifiedDate":"2023-09-04"},{"lineNumber":7,"author":{"gitId":"peiran18"},"content":"    public Todo(String description, boolean isDone) {","lastModifiedDate":"2023-09-06"},{"lineNumber":8,"author":{"gitId":"peiran18"},"content":"        super(description, isDone);","lastModifiedDate":"2023-09-06"},{"lineNumber":9,"author":{"gitId":"peiran18"},"content":"    }","lastModifiedDate":"2023-08-24"},{"lineNumber":10,"author":{"gitId":"peiran18"},"content":"","lastModifiedDate":"2023-09-04"},{"lineNumber":11,"author":{"gitId":"peiran18"},"content":"    public static Todo todoParse(String input, String mark) {","lastModifiedDate":"2023-09-06"},{"lineNumber":12,"author":{"gitId":"peiran18"},"content":"        if (input.length() \u003c 1) {","lastModifiedDate":"2023-09-04"},{"lineNumber":13,"author":{"gitId":"peiran18"},"content":"            new PotatoException(LINE + \"Bruh you wanna do air or something?\\n\" + LINE);","lastModifiedDate":"2023-09-04"},{"lineNumber":14,"author":{"gitId":"peiran18"},"content":"            return null;","lastModifiedDate":"2023-09-04"},{"lineNumber":15,"author":{"gitId":"peiran18"},"content":"        } else {","lastModifiedDate":"2023-09-04"},{"lineNumber":16,"author":{"gitId":"peiran18"},"content":"            return new Todo(input, (mark.equals(\"1\")));","lastModifiedDate":"2023-09-06"},{"lineNumber":17,"author":{"gitId":"peiran18"},"content":"        }","lastModifiedDate":"2023-09-04"},{"lineNumber":18,"author":{"gitId":"peiran18"},"content":"    }","lastModifiedDate":"2023-09-04"},{"lineNumber":19,"author":{"gitId":"peiran18"},"content":"","lastModifiedDate":"2023-09-04"},{"lineNumber":20,"author":{"gitId":"peiran18"},"content":"    @Override","lastModifiedDate":"2023-09-06"},{"lineNumber":21,"author":{"gitId":"peiran18"},"content":"    public String toSave() {","lastModifiedDate":"2023-09-06"},{"lineNumber":22,"author":{"gitId":"peiran18"},"content":"        return \"T | \" + (isDone ? \"1\" : \"0\") + \" | \" + description;","lastModifiedDate":"2023-09-06"},{"lineNumber":23,"author":{"gitId":"peiran18"},"content":"    }","lastModifiedDate":"2023-09-06"},{"lineNumber":24,"author":{"gitId":"peiran18"},"content":"","lastModifiedDate":"2023-09-06"},{"lineNumber":25,"author":{"gitId":"peiran18"},"content":"    @Override","lastModifiedDate":"2023-08-24"},{"lineNumber":26,"author":{"gitId":"peiran18"},"content":"    public String toString() {","lastModifiedDate":"2023-08-24"},{"lineNumber":27,"author":{"gitId":"peiran18"},"content":"        return \"[T]\" + super.toString();","lastModifiedDate":"2023-08-24"},{"lineNumber":28,"author":{"gitId":"peiran18"},"content":"    }","lastModifiedDate":"2023-08-24"},{"lineNumber":29,"author":{"gitId":"peiran18"},"content":"}","lastModifiedDate":"2023-08-24"}],"authorContributionMap":{"peiran18":29}},{"path":"text-ui-test/input.txt","fileType":"txt","lines":[{"lineNumber":1,"author":{"gitId":"peiran18"},"content":"todo a","lastModifiedDate":"2023-08-24"},{"lineNumber":2,"author":{"gitId":"peiran18"},"content":"deadline b /by tmr","lastModifiedDate":"2023-08-24"},{"lineNumber":3,"author":{"gitId":"peiran18"},"content":"event c /from 2pm /to 3pm","lastModifiedDate":"2023-08-24"},{"lineNumber":4,"author":{"gitId":"peiran18"},"content":"mark 1","lastModifiedDate":"2023-08-24"},{"lineNumber":5,"author":{"gitId":"peiran18"},"content":"delete 2","lastModifiedDate":"2023-08-24"},{"lineNumber":6,"author":{"gitId":"peiran18"},"content":"bye","lastModifiedDate":"2023-08-24"}],"authorContributionMap":{"peiran18":6}},{"path":"text-ui-test/runtest.sh","fileType":"sh","lines":[{"lineNumber":1,"author":{"gitId":"-"},"content":"#!/usr/bin/env bash","lastModifiedDate":"2020-05-25"},{"lineNumber":2,"author":{"gitId":"-"},"content":"","lastModifiedDate":"2020-05-25"},{"lineNumber":3,"author":{"gitId":"-"},"content":"# create bin directory if it doesn\u0027t exist","lastModifiedDate":"2020-05-25"},{"lineNumber":4,"author":{"gitId":"-"},"content":"if [ ! -d \"../bin\" ]","lastModifiedDate":"2020-05-25"},{"lineNumber":5,"author":{"gitId":"-"},"content":"then","lastModifiedDate":"2020-05-25"},{"lineNumber":6,"author":{"gitId":"-"},"content":"    mkdir ../bin","lastModifiedDate":"2020-05-25"},{"lineNumber":7,"author":{"gitId":"-"},"content":"fi","lastModifiedDate":"2020-05-25"},{"lineNumber":8,"author":{"gitId":"-"},"content":"","lastModifiedDate":"2020-05-25"},{"lineNumber":9,"author":{"gitId":"-"},"content":"# delete output from previous run","lastModifiedDate":"2020-05-25"},{"lineNumber":10,"author":{"gitId":"-"},"content":"if [ -e \"./ACTUAL.TXT\" ]","lastModifiedDate":"2020-05-25"},{"lineNumber":11,"author":{"gitId":"-"},"content":"then","lastModifiedDate":"2020-05-25"},{"lineNumber":12,"author":{"gitId":"-"},"content":"    rm ACTUAL.TXT","lastModifiedDate":"2020-05-25"},{"lineNumber":13,"author":{"gitId":"-"},"content":"fi","lastModifiedDate":"2020-05-25"},{"lineNumber":14,"author":{"gitId":"-"},"content":"","lastModifiedDate":"2020-05-25"},{"lineNumber":15,"author":{"gitId":"-"},"content":"# compile the code into the bin folder, terminates if error occurred","lastModifiedDate":"2020-05-25"},{"lineNumber":16,"author":{"gitId":"-"},"content":"if ! javac -cp ../src/main/java -Xlint:none -d ../bin ../src/main/java/*.java","lastModifiedDate":"2020-08-25"},{"lineNumber":17,"author":{"gitId":"-"},"content":"then","lastModifiedDate":"2020-05-25"},{"lineNumber":18,"author":{"gitId":"-"},"content":"    echo \"********** BUILD FAILURE **********\"","lastModifiedDate":"2020-05-25"},{"lineNumber":19,"author":{"gitId":"-"},"content":"    exit 1","lastModifiedDate":"2020-05-25"},{"lineNumber":20,"author":{"gitId":"-"},"content":"fi","lastModifiedDate":"2020-05-25"},{"lineNumber":21,"author":{"gitId":"-"},"content":"","lastModifiedDate":"2020-05-25"},{"lineNumber":22,"author":{"gitId":"-"},"content":"# run the program, feed commands from input.txt file and redirect the output to the ACTUAL.TXT","lastModifiedDate":"2020-05-25"},{"lineNumber":23,"author":{"gitId":"peiran18"},"content":"java -classpath ../bin Potato \u003c input.txt \u003e ACTUAL.TXT","lastModifiedDate":"2023-08-24"},{"lineNumber":24,"author":{"gitId":"-"},"content":"","lastModifiedDate":"2020-05-25"},{"lineNumber":25,"author":{"gitId":"peiran18"},"content":"## convert to UNIX format","lastModifiedDate":"2023-08-24"},{"lineNumber":26,"author":{"gitId":"peiran18"},"content":"#cp EXPECTED.TXT EXPECTED-UNIX.TXT","lastModifiedDate":"2023-08-24"},{"lineNumber":27,"author":{"gitId":"peiran18"},"content":"#dos2unix ACTUAL.TXT EXPECTED-UNIX.TXT","lastModifiedDate":"2023-08-24"},{"lineNumber":28,"author":{"gitId":"-"},"content":"","lastModifiedDate":"2020-05-25"},{"lineNumber":29,"author":{"gitId":"-"},"content":"# compare the output to the expected output","lastModifiedDate":"2020-05-25"},{"lineNumber":30,"author":{"gitId":"peiran18"},"content":"#diff ACTUAL.TXT EXPECTED-UNIX.TXT","lastModifiedDate":"2023-08-24"},{"lineNumber":31,"author":{"gitId":"peiran18"},"content":"diff ACTUAL.TXT EXPECTED.TXT","lastModifiedDate":"2023-08-24"},{"lineNumber":32,"author":{"gitId":"-"},"content":"if [ $? -eq 0 ]","lastModifiedDate":"2020-05-25"},{"lineNumber":33,"author":{"gitId":"-"},"content":"then","lastModifiedDate":"2020-05-25"},{"lineNumber":34,"author":{"gitId":"-"},"content":"    echo \"Test result: PASSED\"","lastModifiedDate":"2020-05-25"},{"lineNumber":35,"author":{"gitId":"-"},"content":"    exit 0","lastModifiedDate":"2020-05-25"},{"lineNumber":36,"author":{"gitId":"-"},"content":"else","lastModifiedDate":"2020-05-25"},{"lineNumber":37,"author":{"gitId":"-"},"content":"    echo \"Test result: FAILED\"","lastModifiedDate":"2020-05-25"},{"lineNumber":38,"author":{"gitId":"-"},"content":"    exit 1","lastModifiedDate":"2020-05-25"},{"lineNumber":39,"author":{"gitId":"-"},"content":"fi","lastModifiedDate":"2020-05-25"}],"authorContributionMap":{"peiran18":6,"-":33}}]
