{"authorDailyContributionsMap":{"peiran18":[{"date":"2023-08-23","commitResults":[{"hash":"d75443037ba6b6d24f141cc861a7bc283d650dee","isMergeCommit":false,"messageTitle":"Potato greets user and exits","messageBody":"","tags":["Level-0"],"fileTypesAndContributionMap":{"java":{"insertions":6,"deletions":10}}},{"hash":"38d903e1ad7c608628f3e98f7f2afb9b0651d121","isMergeCommit":false,"messageTitle":"Echoes user commands until bye, added horizontal lines","messageBody":"","tags":["Level-1"],"fileTypesAndContributionMap":{"java":{"insertions":20,"deletions":2}}}]},{"date":"2023-08-24","commitResults":[{"hash":"fb38a1abbd68d4601a79b4565f273d731ebeb596","isMergeCommit":false,"messageTitle":"Store and display user input","messageBody":"","tags":["Level-2"],"fileTypesAndContributionMap":{"java":{"insertions":15,"deletions":2}}},{"hash":"e3abb513b76a5073396187146564310f04c34466","isMergeCommit":false,"messageTitle":"Added Task class, able to mark task as done","messageBody":"","tags":["Level-3"],"fileTypesAndContributionMap":{"java":{"insertions":45,"deletions":6}}},{"hash":"8e0d72160e10cb1afdf71e23981149d340409f9b","isMergeCommit":false,"messageTitle":"track todo, deadline, event","messageBody":"","tags":["Level-4"],"fileTypesAndContributionMap":{"java":{"insertions":53,"deletions":14}}},{"hash":"e366cc53a3dd035c2d1b1f0e59d3a8f9bb93fb5e","isMergeCommit":false,"messageTitle":"identify todo, deadline, event using keywords","messageBody":"","fileTypesAndContributionMap":{"java":{"insertions":7,"deletions":7}}},{"hash":"878168be5437ebe10ce4ed39494c1d09df7fc754","isMergeCommit":false,"messageTitle":"minimal exceptions handled","messageBody":"","tags":["Level-5"],"fileTypesAndContributionMap":{"java":{"insertions":51,"deletions":10}}},{"hash":"c3b1c4895317c7f41dd6e44427d49c8af533a467","isMergeCommit":false,"messageTitle":"minor fixes","messageBody":"","fileTypesAndContributionMap":{"java":{"insertions":20,"deletions":11}}},{"hash":"dc10a69c681b18e6e0906448cf8e7bad24c57e70","isMergeCommit":false,"messageTitle":"delete tasks","messageBody":"","tags":["Level-6"],"fileTypesAndContributionMap":{"java":{"insertions":7,"deletions":3}}},{"hash":"f10974ba907f3c84018cff60553d786f9503d8f6","isMergeCommit":false,"messageTitle":"testing","messageBody":"","tags":["A-TextUiTesting"],"fileTypesAndContributionMap":{"txt":{"insertions":6,"deletions":0},"sh":{"insertions":6,"deletions":5}}},{"hash":"1b2eea96ddf2fa776b3c69b899621a07af69578f","isMergeCommit":false,"messageTitle":"all bugs fixed","messageBody":"","fileTypesAndContributionMap":{"java":{"insertions":1,"deletions":0}}}]},{"date":"2023-09-04","commitResults":[{"hash":"b1006cf0a82513d23cc84ee87b99f5807e4f46f5","isMergeCommit":false,"messageTitle":"Add saving feature","messageBody":"","fileTypesAndContributionMap":{"java":{"insertions":250,"deletions":90}}},{"hash":"85f0faaf54e8d9f387510228b4507d32a6541d77","isMergeCommit":false,"messageTitle":"Teach the chatbot how to understand dates and times","messageBody":"","fileTypesAndContributionMap":{"java":{"insertions":28,"deletions":8}}},{"hash":"3be4563b50baa4c0424f16c41093738c10b78051","isMergeCommit":true,"messageTitle":"Merge branch \u0027branch-Level-8\u0027","messageBody":"# Conflicts:\n#\tsrc/main/java/Deadline.java\n#\tsrc/main/java/Event.java\n#\tsrc/main/java/Task.java\n","fileTypesAndContributionMap":{}},{"hash":"667cac354c5e48fb2e525cddd1a0324068a81297","isMergeCommit":false,"messageTitle":"Merge all previous branches","messageBody":"","fileTypesAndContributionMap":{"java":{"insertions":2,"deletions":15}}},{"hash":"a6e466533a7e4d3b7819e13b2853155f2ac760c8","isMergeCommit":false,"messageTitle":"Add data saving and loading","messageBody":"","tags":["Level-7"],"fileTypesAndContributionMap":{"java":{"insertions":256,"deletions":98}}},{"hash":"c0c3c6e7442fb49571c7b2493cb1c83c238ee344","isMergeCommit":true,"messageTitle":"Merge branch \u0027branch-Level-7\u0027","messageBody":"","fileTypesAndContributionMap":{}},{"hash":"ce288c41ee82ed760a4ea8bd53b00dd5021f329b","isMergeCommit":false,"messageTitle":"Add date identification feature","messageBody":"","tags":["Level-8"],"fileTypesAndContributionMap":{"java":{"insertions":15,"deletions":0}}},{"hash":"1d84a424b5ba6436e215844f15daccef8a456df5","isMergeCommit":true,"messageTitle":"Merge branch \u0027branch-Level-8\u0027","messageBody":"","fileTypesAndContributionMap":{}}]},{"date":"2023-09-06","commitResults":[{"hash":"faf1bd72844dbf8dcbb71cab0331ab1156f2ad40","isMergeCommit":false,"messageTitle":"Add OOP","messageBody":"","tags":["A-MoreOOP"],"fileTypesAndContributionMap":{"java":{"insertions":30,"deletions":30}}},{"hash":"dfbfee2e9cebabda83b941978ff2c5a12ddc99e7","isMergeCommit":true,"messageTitle":"Merge branch \u0027branch-MoreOOP\u0027","messageBody":"","fileTypesAndContributionMap":{}},{"hash":"e5e7d7073971d9dae59971bd038e431150786d11","isMergeCommit":false,"messageTitle":"Add gradle","messageBody":"","tags":["A-Gradle"],"fileTypesAndContributionMap":{"java":{"insertions":6,"deletions":1}}},{"hash":"e0a73f553ea08a8290828b7523de25ad04767525","isMergeCommit":false,"messageTitle":"Add JUnit","messageBody":"","tags":["A-JUnit"],"fileTypesAndContributionMap":{"java":{"insertions":60,"deletions":0}}},{"hash":"5ac40a85c35278c1e1c1f695f63105ea53e382e3","isMergeCommit":false,"messageTitle":"Create Jar File","messageBody":"","tags":["A-JAR"],"fileTypesAndContributionMap":{"java":{"insertions":67,"deletions":125}}},{"hash":"fdfe96a3af2151220a4a1e5cc23f482444659652","isMergeCommit":false,"messageTitle":"Fix bugs","messageBody":"","fileTypesAndContributionMap":{"java":{"insertions":70,"deletions":0}}},{"hash":"48dfb610fa7a1bc466dce5a757712a4029f0138c","isMergeCommit":false,"messageTitle":"Add Javadocs","messageBody":"","tags":["A-JavaDoc"],"fileTypesAndContributionMap":{"java":{"insertions":13,"deletions":0}}},{"hash":"5dcc4c910d53da84ad55c3f6ef59230e880e0683","isMergeCommit":false,"messageTitle":"Make changes according to coding standard","messageBody":"","tags":["A-CodingStandard"],"fileTypesAndContributionMap":{"java":{"insertions":1,"deletions":2}}},{"hash":"482d896324b7420c6ca992d70483084e56694542","isMergeCommit":false,"messageTitle":"Add find feature","messageBody":"","tags":["Level-9"],"fileTypesAndContributionMap":{"java":{"insertions":22,"deletions":0}}},{"hash":"3edc3b172c2dab8ff03d5520de7b3178a2b5f560","isMergeCommit":true,"messageTitle":"Merge branch \u0027branch-A-JavaDoc\u0027","messageBody":"","fileTypesAndContributionMap":{}},{"hash":"e717fe25de429d727b8ebb04dcb742fda95d7f89","isMergeCommit":true,"messageTitle":"Merge branch \u0027branch-A-CodingStandard\u0027","messageBody":"","fileTypesAndContributionMap":{}},{"hash":"15ddbf0419996719bc61899bc2f18c5fbd3aa1eb","isMergeCommit":true,"messageTitle":"Merge branch \u0027Level-9\u0027","messageBody":"","fileTypesAndContributionMap":{}},{"hash":"77cd6796dc4eca3539c1e86c1973e2e0ca441941","isMergeCommit":false,"messageTitle":"Fix minor bugs","messageBody":"","fileTypesAndContributionMap":{"java":{"insertions":32,"deletions":0}}},{"hash":"fc30f9ee9cedd10466c74edd38a76666091206a4","isMergeCommit":true,"messageTitle":"Merge branch \u0027master\u0027 of https://github.com/peiran18/ip","messageBody":"# Conflicts:\n#\tsrc/main/java/DateTime.java\n#\tsrc/main/java/Deadline.java\n#\tsrc/main/java/Event.java\n#\tsrc/main/java/Potato.java\n#\tsrc/main/java/Storage.java\n#\tsrc/main/java/Task.java\n#\tsrc/main/java/Todo.java\n","fileTypesAndContributionMap":{}}]},{"date":"2023-09-07","commitResults":[{"hash":"878b99ae1fa12e428462d64fed59eb45f5dbf409","isMergeCommit":false,"messageTitle":"Make improvements based on peer review","messageBody":"","fileTypesAndContributionMap":{"java":{"insertions":14,"deletions":245}}},{"hash":"6a5ac27f124a5a31fccefd7a05f0ac5e2be7a523","isMergeCommit":false,"messageTitle":"Add package refinements","messageBody":"","tags":["A-Packages"],"fileTypesAndContributionMap":{"java":{"insertions":52,"deletions":2}}},{"hash":"c2e1875acec467de28b1dd3ef71411ac01e84c60","isMergeCommit":true,"messageTitle":"Merge commit \u0027ed6d4d25bd4e34461919ffe785a6f10f4c087552\u0027","messageBody":"","fileTypesAndContributionMap":{}}]},{"date":"2023-09-08","commitResults":[{"hash":"c6a31884df5cd6e5747bf08ed0f72ce88fd5e1cc","isMergeCommit":false,"messageTitle":"Fix bugs and gradle","messageBody":"","fileTypesAndContributionMap":{"gradle":{"insertions":1,"deletions":1}}}]},{"date":"2023-09-10","commitResults":[{"hash":"35fa0ff5f7b979c75ff9e2a72e0143c1966c3a36","isMergeCommit":false,"messageTitle":"Add more tests","messageBody":"","fileTypesAndContributionMap":{"gradle":{"insertions":1,"deletions":1},"java":{"insertions":36,"deletions":3}}},{"hash":"e0519d69f5d5ce72ec0d9979d91b5fc8e797eac4","isMergeCommit":false,"messageTitle":"Add base case for find feature","messageBody":"","fileTypesAndContributionMap":{"java":{"insertions":43,"deletions":3}}},{"hash":"dff63031ae6a271911234711abdf2f112f2bb940","isMergeCommit":false,"messageTitle":"Add checkstyle files and fix code according to coding standards","messageBody":"","fileTypesAndContributionMap":{"gradle":{"insertions":5,"deletions":0},"java":{"insertions":52,"deletions":45}}},{"hash":"c16fafc92ae72cddbfce9ff7e21c090f5c6af5bd","isMergeCommit":true,"messageTitle":"Merge branch \u0027branch-A-checkstyle\u0027","messageBody":"","fileTypesAndContributionMap":{}}]},{"date":"2023-09-14","commitResults":[{"hash":"a2a4617193b001a28b1f5d251e66bfaa22cd1d02","isMergeCommit":false,"messageTitle":"Implement functional GUI","messageBody":"","fileTypesAndContributionMap":{"gradle":{"insertions":6,"deletions":0},"java":{"insertions":172,"deletions":4}}}]},{"date":"2023-09-15","commitResults":[{"hash":"44e0866e66c3826369f4ba55a6cd347b92c95e16","isMergeCommit":false,"messageTitle":"Fix GUI bugs","messageBody":"","fileTypesAndContributionMap":{"java":{"insertions":58,"deletions":45}}}]},{"date":"2023-09-17","commitResults":[{"hash":"055946d2f4a9e4684be70393c0c56f59306915aa","isMergeCommit":false,"messageTitle":"Implement GUI using FXML","messageBody":"","fileTypesAndContributionMap":{"fxml":{"insertions":35,"deletions":0},"java":{"insertions":142,"deletions":144}}},{"hash":"1fe0df559a72542e3724d5982baaceab8d4d79a8","isMergeCommit":true,"messageTitle":"Merge branch \u0027branch-Level-10\u0027","messageBody":"","tags":["Level-10"],"fileTypesAndContributionMap":{}}]},{"date":"2023-09-18","commitResults":[{"hash":"3794342e7b5da70b3eafce72b60f1fa7e7f0efe6","isMergeCommit":false,"messageTitle":"Find command: make matching case-insensitive","messageBody":"Find command is case-sensitive.\n\nA case-insensitive find is more user-friendly because users cannot be\nexpected to remember the exact case of the keywords.\n\nLet\u0027s update the search algorithm to use case-insensitive matching.\n","tags":["A-FullCommitMessage"],"fileTypesAndContributionMap":{"java":{"insertions":43,"deletions":31}}}]}]},"authorFileTypeContributionMap":{"peiran18":{"java":816,"md":0,"fxml":35,"sh":6,"bat":0,"gradle":13,"txt":6}},"authorContributionVariance":{"peiran18":28788.5},"authorDisplayNameMap":{"peiran18":"CS2103T-W12-3 CHEN..IRAN"}}
